{
    "extension": "266",
    "privilege": "call,all",
    "timestamp": "2025-06-23T00:01:47",
    "type": "monitor_initialized"
}

{
    "call_type": "",
    "caller_id_name": "266-SUP13",
    "caller_id_num": "266",
    "channel": "SIP/266-00009d4d",
    "connected_line_name": "<unknown>",
    "connected_line_num": "<unknown>",
    "direction": "",
    "end_time": "",
    "extension_number": "266",
    "has_ringing": false,
    "linkedid": "1750654626.752344",
    "other_extension_number": "",
    "start_time": "2025-06-23T08:26:13",
    "status": "initiated",
    "timestamp": "2025-06-23T08:26:13",
    "type": "call_started",
    "uniqueid": "1750654626.752347"
}

{
    "channel": "SIP/266-00009d4d",
    "privilege": "call,all",
    "timestamp": "2025-06-23T08:26:13",
    "type": "call_ringing",
    "uniqueid": "1750654626.752347"
}

{
    "channel": "SIP/266-00009d4d",
    "privilege": "call,all",
    "timestamp": "2025-06-23T08:26:15",
    "type": "call_answered",
    "uniqueid": "1750654626.752347"
}

{
    "call_type": "internal",
    "caller_id_name": "266-SUP13",
    "caller_id_num": "266",
    "cause": "16",
    "cause_description": "",
    "cause_txt": "",
    "channel": "SIP/266-00009d4d",
    "connected_line_name": "<unknown>",
    "connected_line_num": "<unknown>",
    "direction": "in",
    "end_time": "2025-06-23T08:32:19",
    "extension_number": "266",
    "has_ringing": true,
    "linkedid": "1750654626.752344",
    "other_extension_number": "271",
    "raw_event": {
        "AccountCode": "",
        "CallerIDName": "266-SUP13",
        "CallerIDNum": "266",
        "Cause": "16",
        "Cause-txt": "Normal Clearing",
        "Channel": "SIP/266-00009d4d",
        "ChannelState": "6",
        "ChannelStateDesc": "Up",
        "ConnectedLineName": "271-SUP14",
        "ConnectedLineNum": "271",
        "Context": "from-internal",
        "Event": "Hangup",
        "Exten": "",
        "Language": "pr2",
        "Linkedid": "1750654626.752344",
        "Priority": "1",
        "Privilege": "call,all",
        "Uniqueid": "1750654626.752347"
    },
    "start_time": "2025-06-23T08:26:15",
    "status": "answered",
    "timestamp": "2025-06-23T08:32:19",
    "type": "call_ended",
    "uniqueid": "1750654626.752347"
}

{
    "call_duration": 363,
    "call_type": "internal",
    "caller_id_name": "266-SUP13",
    "caller_id_num": "266",
    "cause": "16",
    "cause_description": "",
    "cause_txt": "",
    "channel": "SIP/266-00009d4d",
    "connected_line_name": "<unknown>",
    "connected_line_num": "<unknown>",
    "direction": "in",
    "end_time": "2025-06-23T08:32:19",
    "extension_number": "266",
    "has_ringing": true,
    "linkedid": "1750654626.752344",
    "other_extension_number": "271",
    "raw_event": {
        "AccountCode": "",
        "CallerIDName": "266-SUP13",
        "CallerIDNum": "266",
        "Cause": "16",
        "Cause-txt": "Normal Clearing",
        "Channel": "SIP/266-00009d4d",
        "ChannelState": "6",
        "ChannelStateDesc": "Up",
        "ConnectedLineName": "271-SUP14",
        "ConnectedLineNum": "271",
        "Context": "from-internal",
        "Event": "Hangup",
        "Exten": "",
        "Language": "pr2",
        "Linkedid": "1750654626.752344",
        "Priority": "1",
        "Privilege": "call,all",
        "Uniqueid": "1750654626.752347"
    },
    "start_time": "2025-06-23T08:26:15",
    "status": "answered",
    "timestamp": "2025-06-23T08:32:19",
    "type": "call_summary",
    "uniqueid": "1750654626.752347"
}

{
    "call_type": "",
    "caller_id_name": "266-SUP13",
    "caller_id_num": "266",
    "channel": "SIP/266-00009f7a",
    "connected_line_name": "<unknown>",
    "connected_line_num": "<unknown>",
    "direction": "",
    "end_time": "",
    "extension_number": "266",
    "has_ringing": false,
    "linkedid": "1750659125.758647",
    "other_extension_number": "",
    "start_time": "2025-06-23T09:41:12",
    "status": "initiated",
    "timestamp": "2025-06-23T09:41:12",
    "type": "call_started",
    "uniqueid": "1750659125.758647"
}

{
    "channel": "SIP/266-00009f7a",
    "privilege": "call,all",
    "timestamp": "2025-06-23T09:41:15",
    "type": "call_answered",
    "uniqueid": "1750659125.758647"
}

{
    "call_type": "internal",
    "caller_id_name": "266-SUP13",
    "caller_id_num": "266",
    "cause": "16",
    "cause_description": "",
    "cause_txt": "",
    "channel": "SIP/266-00009f7a",
    "connected_line_name": "<unknown>",
    "connected_line_num": "<unknown>",
    "direction": "out",
    "end_time": "2025-06-23T09:43:26",
    "extension_number": "266",
    "has_ringing": false,
    "linkedid": "1750659125.758647",
    "other_extension_number": "365",
    "raw_event": {
        "AccountCode": "",
        "CallerIDName": "266-SUP13",
        "CallerIDNum": "266",
        "Cause": "16",
        "Cause-txt": "Normal Clearing",
        "Channel": "SIP/266-00009f7a",
        "ChannelState": "6",
        "ChannelStateDesc": "Up",
        "ConnectedLineName": "365-TE6",
        "ConnectedLineNum": "365",
        "Context": "from-internal",
        "Event": "Hangup",
        "Exten": "h",
        "Language": "pr2",
        "Linkedid": "1750659125.758647",
        "Priority": "1",
        "Privilege": "call,all",
        "Uniqueid": "1750659125.758647"
    },
    "start_time": "2025-06-23T09:41:15",
    "status": "answered",
    "timestamp": "2025-06-23T09:43:26",
    "type": "call_ended",
    "uniqueid": "1750659125.758647"
}

{
    "call_duration": 130,
    "call_type": "internal",
    "caller_id_name": "266-SUP13",
    "caller_id_num": "266",
    "cause": "16",
    "cause_description": "",
    "cause_txt": "",
    "channel": "SIP/266-00009f7a",
    "connected_line_name": "<unknown>",
    "connected_line_num": "<unknown>",
    "direction": "out",
    "end_time": "2025-06-23T09:43:26",
    "extension_number": "266",
    "has_ringing": false,
    "linkedid": "1750659125.758647",
    "other_extension_number": "365",
    "raw_event": {
        "AccountCode": "",
        "CallerIDName": "266-SUP13",
        "CallerIDNum": "266",
        "Cause": "16",
        "Cause-txt": "Normal Clearing",
        "Channel": "SIP/266-00009f7a",
        "ChannelState": "6",
        "ChannelStateDesc": "Up",
        "ConnectedLineName": "365-TE6",
        "ConnectedLineNum": "365",
        "Context": "from-internal",
        "Event": "Hangup",
        "Exten": "h",
        "Language": "pr2",
        "Linkedid": "1750659125.758647",
        "Priority": "1",
        "Privilege": "call,all",
        "Uniqueid": "1750659125.758647"
    },
    "start_time": "2025-06-23T09:41:15",
    "status": "answered",
    "timestamp": "2025-06-23T09:43:26",
    "type": "call_summary",
    "uniqueid": "1750659125.758647"
}

{
    "call_type": "",
    "caller_id_name": "266-SUP13",
    "caller_id_num": "266",
    "channel": "SIP/266-0000a151",
    "connected_line_name": "<unknown>",
    "connected_line_num": "<unknown>",
    "direction": "",
    "end_time": "",
    "extension_number": "266",
    "has_ringing": false,
    "linkedid": "1750662795.763996",
    "other_extension_number": "",
    "start_time": "2025-06-23T10:42:22",
    "status": "initiated",
    "timestamp": "2025-06-23T10:42:22",
    "type": "call_started",
    "uniqueid": "1750662795.763996"
}

{
    "channel": "SIP/266-0000a151",
    "privilege": "call,all",
    "timestamp": "2025-06-23T10:42:26",
    "type": "call_answered",
    "uniqueid": "1750662795.763996"
}

{
    "call_type": "internal",
    "caller_id_name": "266-SUP13",
    "caller_id_num": "266",
    "cause": "16",
    "cause_description": "",
    "cause_txt": "",
    "channel": "SIP/266-0000a151",
    "connected_line_name": "<unknown>",
    "connected_line_num": "<unknown>",
    "direction": "out",
    "end_time": "2025-06-23T10:42:43",
    "extension_number": "266",
    "has_ringing": false,
    "linkedid": "1750662795.763996",
    "other_extension_number": "512",
    "raw_event": {
        "AccountCode": "",
        "CallerIDName": "266-SUP13",
        "CallerIDNum": "266",
        "Cause": "16",
        "Cause-txt": "Normal Clearing",
        "Channel": "SIP/266-0000a151",
        "ChannelState": "6",
        "ChannelStateDesc": "Up",
        "ConnectedLineName": "512-ICT3",
        "ConnectedLineNum": "512",
        "Context": "from-internal",
        "Event": "Hangup",
        "Exten": "h",
        "Language": "pr2",
        "Linkedid": "1750662795.763996",
        "Priority": "1",
        "Privilege": "call,all",
        "Uniqueid": "1750662795.763996"
    },
    "start_time": "2025-06-23T10:42:26",
    "status": "answered",
    "timestamp": "2025-06-23T10:42:43",
    "type": "call_ended",
    "uniqueid": "1750662795.763996"
}

{
    "call_duration": 16,
    "call_type": "internal",
    "caller_id_name": "266-SUP13",
    "caller_id_num": "266",
    "cause": "16",
    "cause_description": "",
    "cause_txt": "",
    "channel": "SIP/266-0000a151",
    "connected_line_name": "<unknown>",
    "connected_line_num": "<unknown>",
    "direction": "out",
    "end_time": "2025-06-23T10:42:43",
    "extension_number": "266",
    "has_ringing": false,
    "linkedid": "1750662795.763996",
    "other_extension_number": "512",
    "raw_event": {
        "AccountCode": "",
        "CallerIDName": "266-SUP13",
        "CallerIDNum": "266",
        "Cause": "16",
        "Cause-txt": "Normal Clearing",
        "Channel": "SIP/266-0000a151",
        "ChannelState": "6",
        "ChannelStateDesc": "Up",
        "ConnectedLineName": "512-ICT3",
        "ConnectedLineNum": "512",
        "Context": "from-internal",
        "Event": "Hangup",
        "Exten": "h",
        "Language": "pr2",
        "Linkedid": "1750662795.763996",
        "Priority": "1",
        "Privilege": "call,all",
        "Uniqueid": "1750662795.763996"
    },
    "start_time": "2025-06-23T10:42:26",
    "status": "answered",
    "timestamp": "2025-06-23T10:42:43",
    "type": "call_summary",
    "uniqueid": "1750662795.763996"
}

{
    "extension": "266",
    "privilege": "call,all",
    "timestamp": "2025-06-23T20:53:45",
    "type": "monitor_initialized"
}

{
    "call_type": "",
    "caller_id_name": "266-SUP13",
    "caller_id_num": "266",
    "channel": "SIP/266-0000ab24",
    "connected_line_name": "<unknown>",
    "connected_line_num": "<unknown>",
    "direction": "",
    "end_time": "",
    "extension_number": "266",
    "has_ringing": false,
    "linkedid": "1750740320.802143",
    "other_extension_number": "",
    "start_time": "2025-06-24T08:14:27",
    "status": "initiated",
    "timestamp": "2025-06-24T08:14:27",
    "type": "call_started",
    "uniqueid": "1750740320.802143"
}

{
    "channel": "SIP/266-0000ab24",
    "privilege": "call,all",
    "timestamp": "2025-06-24T08:14:36",
    "type": "call_answered",
    "uniqueid": "1750740320.802143"
}

{
    "call_type": "internal",
    "caller_id_name": "266-SUP13",
    "caller_id_num": "266",
    "cause": "16",
    "cause_description": "",
    "cause_txt": "",
    "channel": "SIP/266-0000ab24",
    "connected_line_name": "<unknown>",
    "connected_line_num": "<unknown>",
    "direction": "out",
    "end_time": "2025-06-24T08:16:14",
    "extension_number": "266",
    "has_ringing": false,
    "linkedid": "1750740320.802143",
    "other_extension_number": "271",
    "raw_event": {
        "AccountCode": "",
        "CallerIDName": "266-SUP13",
        "CallerIDNum": "266",
        "Cause": "16",
        "Cause-txt": "Normal Clearing",
        "Channel": "SIP/266-0000ab24",
        "ChannelState": "6",
        "ChannelStateDesc": "Up",
        "ConnectedLineName": "271-SUP14",
        "ConnectedLineNum": "271",
        "Context": "from-internal",
        "Event": "Hangup",
        "Exten": "h",
        "Language": "pr2",
        "Linkedid": "1750740320.802143",
        "Priority": "1",
        "Privilege": "call,all",
        "Uniqueid": "1750740320.802143"
    },
    "start_time": "2025-06-24T08:14:36",
    "status": "answered",
    "timestamp": "2025-06-24T08:16:14",
    "type": "call_ended",
    "uniqueid": "1750740320.802143"
}

{
    "call_duration": 98,
    "call_type": "internal",
    "caller_id_name": "266-SUP13",
    "caller_id_num": "266",
    "cause": "16",
    "cause_description": "",
    "cause_txt": "",
    "channel": "SIP/266-0000ab24",
    "connected_line_name": "<unknown>",
    "connected_line_num": "<unknown>",
    "direction": "out",
    "end_time": "2025-06-24T08:16:14",
    "extension_number": "266",
    "has_ringing": false,
    "linkedid": "1750740320.802143",
    "other_extension_number": "271",
    "raw_event": {
        "AccountCode": "",
        "CallerIDName": "266-SUP13",
        "CallerIDNum": "266",
        "Cause": "16",
        "Cause-txt": "Normal Clearing",
        "Channel": "SIP/266-0000ab24",
        "ChannelState": "6",
        "ChannelStateDesc": "Up",
        "ConnectedLineName": "271-SUP14",
        "ConnectedLineNum": "271",
        "Context": "from-internal",
        "Event": "Hangup",
        "Exten": "h",
        "Language": "pr2",
        "Linkedid": "1750740320.802143",
        "Priority": "1",
        "Privilege": "call,all",
        "Uniqueid": "1750740320.802143"
    },
    "start_time": "2025-06-24T08:14:36",
    "status": "answered",
    "timestamp": "2025-06-24T08:16:14",
    "type": "call_summary",
    "uniqueid": "1750740320.802143"
}

{
    "call_type": "",
    "caller_id_name": "266-SUP13",
    "caller_id_num": "266",
    "channel": "SIP/266-0000aeb8",
    "connected_line_name": "<unknown>",
    "connected_line_num": "<unknown>",
    "direction": "",
    "end_time": "",
    "extension_number": "266",
    "has_ringing": false,
    "linkedid": "1750748111.812306",
    "other_extension_number": "",
    "start_time": "2025-06-24T10:24:18",
    "status": "initiated",
    "timestamp": "2025-06-24T10:24:18",
    "type": "call_started",
    "uniqueid": "1750748111.812306"
}

{
    "channel": "SIP/266-0000aeb8",
    "privilege": "call,all",
    "timestamp": "2025-06-24T10:24:25",
    "type": "call_answered",
    "uniqueid": "1750748111.812306"
}

{
    "call_type": "external",
    "caller_id_name": "266-SUP13",
    "caller_id_num": "266",
    "cause": "16",
    "cause_description": "",
    "cause_txt": "",
    "channel": "SIP/266-0000aeb8",
    "connected_line_name": "<unknown>",
    "connected_line_num": "<unknown>",
    "direction": "out",
    "end_time": "2025-06-24T10:25:56",
    "extension_number": "266",
    "has_ringing": false,
    "linkedid": "1750748111.812306",
    "other_extension_number": "09111139747",
    "raw_event": {
        "AccountCode": "",
        "CallerIDName": "<unknown>",
        "CallerIDNum": "36944000",
        "Cause": "16",
        "Cause-txt": "Normal Clearing",
        "Channel": "SIP/266-0000aeb8",
        "ChannelState": "6",
        "ChannelStateDesc": "Up",
        "ConnectedLineName": "CID:36944000",
        "ConnectedLineNum": "09111139747",
        "Context": "from-internal",
        "Event": "Hangup",
        "Exten": "h",
        "Language": "pr2",
        "Linkedid": "1750748111.812306",
        "Priority": "1",
        "Privilege": "call,all",
        "Uniqueid": "1750748111.812306"
    },
    "start_time": "2025-06-24T10:24:25",
    "status": "answered",
    "timestamp": "2025-06-24T10:25:56",
    "type": "call_ended",
    "uniqueid": "1750748111.812306"
}

{
    "call_duration": 91,
    "call_type": "external",
    "caller_id_name": "266-SUP13",
    "caller_id_num": "266",
    "cause": "16",
    "cause_description": "",
    "cause_txt": "",
    "channel": "SIP/266-0000aeb8",
    "connected_line_name": "<unknown>",
    "connected_line_num": "<unknown>",
    "direction": "out",
    "end_time": "2025-06-24T10:25:56",
    "extension_number": "266",
    "has_ringing": false,
    "linkedid": "1750748111.812306",
    "other_extension_number": "09111139747",
    "raw_event": {
        "AccountCode": "",
        "CallerIDName": "<unknown>",
        "CallerIDNum": "36944000",
        "Cause": "16",
        "Cause-txt": "Normal Clearing",
        "Channel": "SIP/266-0000aeb8",
        "ChannelState": "6",
        "ChannelStateDesc": "Up",
        "ConnectedLineName": "CID:36944000",
        "ConnectedLineNum": "09111139747",
        "Context": "from-internal",
        "Event": "Hangup",
        "Exten": "h",
        "Language": "pr2",
        "Linkedid": "1750748111.812306",
        "Priority": "1",
        "Privilege": "call,all",
        "Uniqueid": "1750748111.812306"
    },
    "start_time": "2025-06-24T10:24:25",
    "status": "answered",
    "timestamp": "2025-06-24T10:25:56",
    "type": "call_summary",
    "uniqueid": "1750748111.812306"
}

{
    "call_type": "",
    "caller_id_name": "266-SUP13",
    "caller_id_num": "266",
    "channel": "SIP/266-0000af2e",
    "connected_line_name": "<unknown>",
    "connected_line_num": "<unknown>",
    "direction": "",
    "end_time": "",
    "extension_number": "266",
    "has_ringing": false,
    "linkedid": "1750748876.813560",
    "other_extension_number": "",
    "start_time": "2025-06-24T10:37:03",
    "status": "initiated",
    "timestamp": "2025-06-24T10:37:03",
    "type": "call_started",
    "uniqueid": "1750748876.813560"
}

{
    "channel": "SIP/266-0000af2e",
    "privilege": "call,all",
    "timestamp": "2025-06-24T10:37:10",
    "type": "call_answered",
    "uniqueid": "1750748876.813560"
}

{
    "call_type": "external",
    "caller_id_name": "266-SUP13",
    "caller_id_num": "266",
    "cause": "16",
    "cause_description": "",
    "cause_txt": "",
    "channel": "SIP/266-0000af2e",
    "connected_line_name": "<unknown>",
    "connected_line_num": "<unknown>",
    "direction": "out",
    "end_time": "2025-06-24T10:38:43",
    "extension_number": "266",
    "has_ringing": false,
    "linkedid": "1750748876.813560",
    "other_extension_number": "09111139747",
    "raw_event": {
        "AccountCode": "",
        "CallerIDName": "<unknown>",
        "CallerIDNum": "36944000",
        "Cause": "16",
        "Cause-txt": "Normal Clearing",
        "Channel": "SIP/266-0000af2e",
        "ChannelState": "6",
        "ChannelStateDesc": "Up",
        "ConnectedLineName": "CID:36944000",
        "ConnectedLineNum": "09111139747",
        "Context": "from-internal",
        "Event": "Hangup",
        "Exten": "h",
        "Language": "pr2",
        "Linkedid": "1750748876.813560",
        "Priority": "1",
        "Privilege": "call,all",
        "Uniqueid": "1750748876.813560"
    },
    "start_time": "2025-06-24T10:37:10",
    "status": "answered",
    "timestamp": "2025-06-24T10:38:43",
    "type": "call_ended",
    "uniqueid": "1750748876.813560"
}

{
    "call_duration": 93,
    "call_type": "external",
    "caller_id_name": "266-SUP13",
    "caller_id_num": "266",
    "cause": "16",
    "cause_description": "",
    "cause_txt": "",
    "channel": "SIP/266-0000af2e",
    "connected_line_name": "<unknown>",
    "connected_line_num": "<unknown>",
    "direction": "out",
    "end_time": "2025-06-24T10:38:43",
    "extension_number": "266",
    "has_ringing": false,
    "linkedid": "1750748876.813560",
    "other_extension_number": "09111139747",
    "raw_event": {
        "AccountCode": "",
        "CallerIDName": "<unknown>",
        "CallerIDNum": "36944000",
        "Cause": "16",
        "Cause-txt": "Normal Clearing",
        "Channel": "SIP/266-0000af2e",
        "ChannelState": "6",
        "ChannelStateDesc": "Up",
        "ConnectedLineName": "CID:36944000",
        "ConnectedLineNum": "09111139747",
        "Context": "from-internal",
        "Event": "Hangup",
        "Exten": "h",
        "Language": "pr2",
        "Linkedid": "1750748876.813560",
        "Priority": "1",
        "Privilege": "call,all",
        "Uniqueid": "1750748876.813560"
    },
    "start_time": "2025-06-24T10:37:10",
    "status": "answered",
    "timestamp": "2025-06-24T10:38:43",
    "type": "call_summary",
    "uniqueid": "1750748876.813560"
}

{
    "extension": "266",
    "privilege": "call,all",
    "timestamp": "2025-06-24T17:01:41",
    "type": "monitor_initialized"
}

{
    "call_type": "",
    "caller_id_name": "266-SUP13",
    "caller_id_num": "266",
    "channel": "SIP/266-00000961",
    "connected_line_name": "<unknown>",
    "connected_line_num": "<unknown>",
    "direction": "",
    "end_time": "",
    "extension_number": "266",
    "has_ringing": false,
    "linkedid": "1750829172.36130",
    "other_extension_number": "",
    "start_time": "2025-06-25T08:55:19",
    "status": "initiated",
    "timestamp": "2025-06-25T08:55:19",
    "type": "call_started",
    "uniqueid": "1750829172.36133"
}

{
    "channel": "SIP/266-00000961",
    "privilege": "call,all",
    "timestamp": "2025-06-25T08:55:19",
    "type": "call_ringing",
    "uniqueid": "1750829172.36133"
}

{
    "channel": "SIP/266-00000961",
    "privilege": "call,all",
    "timestamp": "2025-06-25T08:55:21",
    "type": "call_answered",
    "uniqueid": "1750829172.36133"
}

{
    "call_type": "internal",
    "caller_id_name": "266-SUP13",
    "caller_id_num": "266",
    "cause": "16",
    "cause_description": "",
    "cause_txt": "",
    "channel": "SIP/266-00000961",
    "connected_line_name": "<unknown>",
    "connected_line_num": "<unknown>",
    "direction": "in",
    "end_time": "2025-06-25T08:55:44",
    "extension_number": "266",
    "has_ringing": true,
    "linkedid": "1750829172.36130",
    "other_extension_number": "271",
    "raw_event": {
        "AccountCode": "",
        "CallerIDName": "266-SUP13",
        "CallerIDNum": "266",
        "Cause": "16",
        "Cause-txt": "Normal Clearing",
        "Channel": "SIP/266-00000961",
        "ChannelState": "6",
        "ChannelStateDesc": "Up",
        "ConnectedLineName": "271-SUP14",
        "ConnectedLineNum": "271",
        "Context": "from-internal",
        "Event": "Hangup",
        "Exten": "",
        "Language": "pr2",
        "Linkedid": "1750829172.36130",
        "Priority": "1",
        "Privilege": "call,all",
        "Uniqueid": "1750829172.36133"
    },
    "start_time": "2025-06-25T08:55:21",
    "status": "answered",
    "timestamp": "2025-06-25T08:55:44",
    "type": "call_ended",
    "uniqueid": "1750829172.36133"
}

{
    "call_duration": 23,
    "call_type": "internal",
    "caller_id_name": "266-SUP13",
    "caller_id_num": "266",
    "cause": "16",
    "cause_description": "",
    "cause_txt": "",
    "channel": "SIP/266-00000961",
    "connected_line_name": "<unknown>",
    "connected_line_num": "<unknown>",
    "direction": "in",
    "end_time": "2025-06-25T08:55:44",
    "extension_number": "266",
    "has_ringing": true,
    "linkedid": "1750829172.36130",
    "other_extension_number": "271",
    "raw_event": {
        "AccountCode": "",
        "CallerIDName": "266-SUP13",
        "CallerIDNum": "266",
        "Cause": "16",
        "Cause-txt": "Normal Clearing",
        "Channel": "SIP/266-00000961",
        "ChannelState": "6",
        "ChannelStateDesc": "Up",
        "ConnectedLineName": "271-SUP14",
        "ConnectedLineNum": "271",
        "Context": "from-internal",
        "Event": "Hangup",
        "Exten": "",
        "Language": "pr2",
        "Linkedid": "1750829172.36130",
        "Priority": "1",
        "Privilege": "call,all",
        "Uniqueid": "1750829172.36133"
    },
    "start_time": "2025-06-25T08:55:21",
    "status": "answered",
    "timestamp": "2025-06-25T08:55:44",
    "type": "call_summary",
    "uniqueid": "1750829172.36133"
}

{
    "call_type": "",
    "caller_id_name": "266-SUP13",
    "caller_id_num": "266",
    "channel": "SIP/266-00000ae7",
    "connected_line_name": "<unknown>",
    "connected_line_num": "<unknown>",
    "direction": "",
    "end_time": "",
    "extension_number": "266",
    "has_ringing": false,
    "linkedid": "1750832258.40491",
    "other_extension_number": "",
    "start_time": "2025-06-25T09:46:46",
    "status": "initiated",
    "timestamp": "2025-06-25T09:46:46",
    "type": "call_started",
    "uniqueid": "1750832258.40494"
}

{
    "channel": "SIP/266-00000ae7",
    "privilege": "call,all",
    "timestamp": "2025-06-25T09:46:46",
    "type": "call_ringing",
    "uniqueid": "1750832258.40494"
}

{
    "call_type": "internal",
    "caller_id_name": "266-SUP13",
    "caller_id_num": "266",
    "cause": "16",
    "cause_description": "",
    "cause_txt": "",
    "channel": "SIP/266-00000ae7",
    "connected_line_name": "<unknown>",
    "connected_line_num": "<unknown>",
    "direction": "in",
    "end_time": "2025-06-25T09:46:55",
    "extension_number": "266",
    "has_ringing": true,
    "linkedid": "1750832258.40491",
    "other_extension_number": "271",
    "raw_event": {
        "AccountCode": "",
        "CallerIDName": "266-SUP13",
        "CallerIDNum": "266",
        "Cause": "16",
        "Cause-txt": "Normal Clearing",
        "Channel": "SIP/266-00000ae7",
        "ChannelState": "5",
        "ChannelStateDesc": "Ringing",
        "ConnectedLineName": "271-SUP14",
        "ConnectedLineNum": "271",
        "Context": "from-internal",
        "Event": "Hangup",
        "Exten": "266",
        "Language": "pr2",
        "Linkedid": "1750832258.40491",
        "Priority": "1",
        "Privilege": "call,all",
        "Uniqueid": "1750832258.40494"
    },
    "start_time": "2025-06-25T09:46:46",
    "status": "ringing",
    "timestamp": "2025-06-25T09:46:55",
    "type": "call_ended",
    "uniqueid": "1750832258.40494"
}

{
    "call_duration": 9,
    "call_type": "internal",
    "caller_id_name": "266-SUP13",
    "caller_id_num": "266",
    "cause": "16",
    "cause_description": "",
    "cause_txt": "",
    "channel": "SIP/266-00000ae7",
    "connected_line_name": "<unknown>",
    "connected_line_num": "<unknown>",
    "direction": "in",
    "end_time": "2025-06-25T09:46:55",
    "extension_number": "266",
    "has_ringing": true,
    "linkedid": "1750832258.40491",
    "other_extension_number": "271",
    "raw_event": {
        "AccountCode": "",
        "CallerIDName": "266-SUP13",
        "CallerIDNum": "266",
        "Cause": "16",
        "Cause-txt": "Normal Clearing",
        "Channel": "SIP/266-00000ae7",
        "ChannelState": "5",
        "ChannelStateDesc": "Ringing",
        "ConnectedLineName": "271-SUP14",
        "ConnectedLineNum": "271",
        "Context": "from-internal",
        "Event": "Hangup",
        "Exten": "266",
        "Language": "pr2",
        "Linkedid": "1750832258.40491",
        "Priority": "1",
        "Privilege": "call,all",
        "Uniqueid": "1750832258.40494"
    },
    "start_time": "2025-06-25T09:46:46",
    "status": "ringing",
    "timestamp": "2025-06-25T09:46:55",
    "type": "call_summary",
    "uniqueid": "1750832258.40494"
}

{
    "call_type": "",
    "caller_id_name": "266-SUP13",
    "caller_id_num": "266",
    "channel": "SIP/266-00000b49",
    "connected_line_name": "<unknown>",
    "connected_line_num": "<unknown>",
    "direction": "",
    "end_time": "",
    "extension_number": "266",
    "has_ringing": false,
    "linkedid": "1750833275.41631",
    "other_extension_number": "",
    "start_time": "2025-06-25T10:03:42",
    "status": "initiated",
    "timestamp": "2025-06-25T10:03:42",
    "type": "call_started",
    "uniqueid": "1750833275.41631"
}

{
    "channel": "SIP/266-00000b49",
    "privilege": "call,all",
    "timestamp": "2025-06-25T10:03:48",
    "type": "call_answered",
    "uniqueid": "1750833275.41631"
}

{
    "call_type": "internal",
    "caller_id_name": "266-SUP13",
    "caller_id_num": "266",
    "cause": "16",
    "cause_description": "",
    "cause_txt": "",
    "channel": "SIP/266-00000b49",
    "connected_line_name": "<unknown>",
    "connected_line_num": "<unknown>",
    "direction": "out",
    "end_time": "2025-06-25T10:08:34",
    "extension_number": "266",
    "has_ringing": false,
    "linkedid": "1750833275.41631",
    "other_extension_number": "525",
    "raw_event": {
        "AccountCode": "",
        "CallerIDName": "266-SUP13",
        "CallerIDNum": "266",
        "Cause": "16",
        "Cause-txt": "Normal Clearing",
        "Channel": "SIP/266-00000b49",
        "ChannelState": "6",
        "ChannelStateDesc": "Up",
        "ConnectedLineName": "525-SM5",
        "ConnectedLineNum": "525",
        "Context": "from-internal",
        "Event": "Hangup",
        "Exten": "h",
        "Language": "pr2",
        "Linkedid": "1750833275.41631",
        "Priority": "1",
        "Privilege": "call,all",
        "Uniqueid": "1750833275.41631"
    },
    "start_time": "2025-06-25T10:03:48",
    "status": "answered",
    "timestamp": "2025-06-25T10:08:34",
    "type": "call_ended",
    "uniqueid": "1750833275.41631"
}

{
    "call_duration": 286,
    "call_type": "internal",
    "caller_id_name": "266-SUP13",
    "caller_id_num": "266",
    "cause": "16",
    "cause_description": "",
    "cause_txt": "",
    "channel": "SIP/266-00000b49",
    "connected_line_name": "<unknown>",
    "connected_line_num": "<unknown>",
    "direction": "out",
    "end_time": "2025-06-25T10:08:34",
    "extension_number": "266",
    "has_ringing": false,
    "linkedid": "1750833275.41631",
    "other_extension_number": "525",
    "raw_event": {
        "AccountCode": "",
        "CallerIDName": "266-SUP13",
        "CallerIDNum": "266",
        "Cause": "16",
        "Cause-txt": "Normal Clearing",
        "Channel": "SIP/266-00000b49",
        "ChannelState": "6",
        "ChannelStateDesc": "Up",
        "ConnectedLineName": "525-SM5",
        "ConnectedLineNum": "525",
        "Context": "from-internal",
        "Event": "Hangup",
        "Exten": "h",
        "Language": "pr2",
        "Linkedid": "1750833275.41631",
        "Priority": "1",
        "Privilege": "call,all",
        "Uniqueid": "1750833275.41631"
    },
    "start_time": "2025-06-25T10:03:48",
    "status": "answered",
    "timestamp": "2025-06-25T10:08:34",
    "type": "call_summary",
    "uniqueid": "1750833275.41631"
}

{
    "call_type": "",
    "caller_id_name": "266-SUP13",
    "caller_id_num": "266",
    "channel": "SIP/266-00000b92",
    "connected_line_name": "<unknown>",
    "connected_line_num": "<unknown>",
    "direction": "",
    "end_time": "",
    "extension_number": "266",
    "has_ringing": false,
    "linkedid": "1750833785.42405",
    "other_extension_number": "",
    "start_time": "2025-06-25T10:12:13",
    "status": "initiated",
    "timestamp": "2025-06-25T10:12:13",
    "type": "call_started",
    "uniqueid": "1750833786.42408"
}

{
    "channel": "SIP/266-00000b92",
    "privilege": "call,all",
    "timestamp": "2025-06-25T10:12:13",
    "type": "call_ringing",
    "uniqueid": "1750833786.42408"
}

{
    "channel": "SIP/266-00000b92",
    "privilege": "call,all",
    "timestamp": "2025-06-25T10:12:15",
    "type": "call_answered",
    "uniqueid": "1750833786.42408"
}

{
    "call_type": "internal",
    "caller_id_name": "266-SUP13",
    "caller_id_num": "266",
    "cause": "16",
    "cause_description": "",
    "cause_txt": "",
    "channel": "SIP/266-00000b92",
    "connected_line_name": "<unknown>",
    "connected_line_num": "<unknown>",
    "direction": "in",
    "end_time": "2025-06-25T10:14:58",
    "extension_number": "266",
    "has_ringing": true,
    "linkedid": "1750833785.42405",
    "other_extension_number": "525",
    "raw_event": {
        "AccountCode": "",
        "CallerIDName": "266-SUP13",
        "CallerIDNum": "266",
        "Cause": "16",
        "Cause-txt": "Normal Clearing",
        "Channel": "SIP/266-00000b92",
        "ChannelState": "6",
        "ChannelStateDesc": "Up",
        "ConnectedLineName": "525-SM5",
        "ConnectedLineNum": "525",
        "Context": "from-internal",
        "Event": "Hangup",
        "Exten": "",
        "Language": "pr2",
        "Linkedid": "1750833785.42405",
        "Priority": "1",
        "Privilege": "call,all",
        "Uniqueid": "1750833786.42408"
    },
    "start_time": "2025-06-25T10:12:15",
    "status": "answered",
    "timestamp": "2025-06-25T10:14:58",
    "type": "call_ended",
    "uniqueid": "1750833786.42408"
}

{
    "call_duration": 163,
    "call_type": "internal",
    "caller_id_name": "266-SUP13",
    "caller_id_num": "266",
    "cause": "16",
    "cause_description": "",
    "cause_txt": "",
    "channel": "SIP/266-00000b92",
    "connected_line_name": "<unknown>",
    "connected_line_num": "<unknown>",
    "direction": "in",
    "end_time": "2025-06-25T10:14:58",
    "extension_number": "266",
    "has_ringing": true,
    "linkedid": "1750833785.42405",
    "other_extension_number": "525",
    "raw_event": {
        "AccountCode": "",
        "CallerIDName": "266-SUP13",
        "CallerIDNum": "266",
        "Cause": "16",
        "Cause-txt": "Normal Clearing",
        "Channel": "SIP/266-00000b92",
        "ChannelState": "6",
        "ChannelStateDesc": "Up",
        "ConnectedLineName": "525-SM5",
        "ConnectedLineNum": "525",
        "Context": "from-internal",
        "Event": "Hangup",
        "Exten": "",
        "Language": "pr2",
        "Linkedid": "1750833785.42405",
        "Priority": "1",
        "Privilege": "call,all",
        "Uniqueid": "1750833786.42408"
    },
    "start_time": "2025-06-25T10:12:15",
    "status": "answered",
    "timestamp": "2025-06-25T10:14:58",
    "type": "call_summary",
    "uniqueid": "1750833786.42408"
}

{
    "extension": "266",
    "privilege": "call,all",
    "timestamp": "2025-06-25T13:23:16",
    "type": "monitor_initialized"
}

{
    "extension": "266",
    "privilege": "call,all",
    "timestamp": "2025-06-25T14:01:10",
    "type": "monitor_initialized"
}

{
    "extension": "266",
    "privilege": "call,all",
    "timestamp": "2025-06-25T14:07:32",
    "type": "monitor_initialized"
}

{
    "extension": "266",
    "privilege": "call,all",
    "timestamp": "2025-06-25T15:05:15",
    "type": "monitor_initialized"
}

{
    "extension": "266",
    "privilege": "call,all",
    "timestamp": "2025-06-25T15:10:57",
    "type": "monitor_initialized"
}

{
    "extension": "266",
    "privilege": "call,all",
    "timestamp": "2025-06-25T15:20:47",
    "type": "monitor_initialized"
}

{
    "call_type": "",
    "caller_id_name": "266-SUP13",
    "caller_id_num": "266",
    "channel": "SIP/266-0000153a",
    "connected_line_name": "<unknown>",
    "connected_line_num": "<unknown>",
    "direction": "",
    "end_time": "",
    "extension_number": "266",
    "has_ringing": false,
    "linkedid": "1750857123.73485",
    "other_extension_number": "",
    "start_time": "2025-06-25T16:41:09",
    "status": "initiated",
    "timestamp": "2025-06-25T16:41:09",
    "type": "call_started",
    "uniqueid": "1750857123.73485"
}

{
    "channel": "SIP/266-0000153a",
    "privilege": "call,all",
    "timestamp": "2025-06-25T16:41:12",
    "type": "call_answered",
    "uniqueid": "1750857123.73485"
}

{
    "call_type": "internal",
    "caller_id_name": "266-SUP13",
    "caller_id_num": "266",
    "cause": "16",
    "cause_description": "",
    "cause_txt": "",
    "channel": "SIP/266-0000153a",
    "connected_line_name": "<unknown>",
    "connected_line_num": "<unknown>",
    "direction": "out",
    "end_time": "2025-06-25T16:43:11",
    "extension_number": "266",
    "has_ringing": false,
    "linkedid": "1750857123.73485",
    "other_extension_number": "365",
    "raw_event": {
        "AccountCode": "",
        "CallerIDName": "266-SUP13",
        "CallerIDNum": "266",
        "Cause": "16",
        "Cause-txt": "Normal Clearing",
        "Channel": "SIP/266-0000153a",
        "ChannelState": "6",
        "ChannelStateDesc": "Up",
        "ConnectedLineName": "365-TE6",
        "ConnectedLineNum": "365",
        "Context": "from-internal",
        "Event": "Hangup",
        "Exten": "h",
        "Language": "pr2",
        "Linkedid": "1750857123.73485",
        "Priority": "1",
        "Privilege": "call,all",
        "Uniqueid": "1750857123.73485"
    },
    "start_time": "2025-06-25T16:41:12",
    "status": "answered",
    "timestamp": "2025-06-25T16:43:11",
    "type": "call_ended",
    "uniqueid": "1750857123.73485"
}

{
    "call_duration": 118,
    "call_type": "internal",
    "caller_id_name": "266-SUP13",
    "caller_id_num": "266",
    "cause": "16",
    "cause_description": "",
    "cause_txt": "",
    "channel": "SIP/266-0000153a",
    "connected_line_name": "<unknown>",
    "connected_line_num": "<unknown>",
    "direction": "out",
    "end_time": "2025-06-25T16:43:11",
    "extension_number": "266",
    "has_ringing": false,
    "linkedid": "1750857123.73485",
    "other_extension_number": "365",
    "raw_event": {
        "AccountCode": "",
        "CallerIDName": "266-SUP13",
        "CallerIDNum": "266",
        "Cause": "16",
        "Cause-txt": "Normal Clearing",
        "Channel": "SIP/266-0000153a",
        "ChannelState": "6",
        "ChannelStateDesc": "Up",
        "ConnectedLineName": "365-TE6",
        "ConnectedLineNum": "365",
        "Context": "from-internal",
        "Event": "Hangup",
        "Exten": "h",
        "Language": "pr2",
        "Linkedid": "1750857123.73485",
        "Priority": "1",
        "Privilege": "call,all",
        "Uniqueid": "1750857123.73485"
    },
    "start_time": "2025-06-25T16:41:12",
    "status": "answered",
    "timestamp": "2025-06-25T16:43:11",
    "type": "call_summary",
    "uniqueid": "1750857123.73485"
}

{
    "extension": "266",
    "privilege": "call,all",
    "timestamp": "2025-06-28T21:26:07",
    "type": "monitor_initialized"
}

{
    "extension": "266",
    "privilege": "call,all",
    "timestamp": "2025-06-28T21:42:04",
    "type": "monitor_initialized"
}

{
    "extension": "266",
    "privilege": "call,all",
    "timestamp": "2025-06-28T21:47:42",
    "type": "monitor_initialized"
}

{
    "extension": "266",
    "privilege": "call,all",
    "timestamp": "2025-06-28T22:16:57",
    "type": "monitor_initialized"
}

{
    "extension": "266",
    "privilege": "call,all",
    "timestamp": "2025-06-28T22:20:12",
    "type": "monitor_initialized"
}

{
    "extension": "266",
    "privilege": "call,all",
    "timestamp": "2025-06-28T22:27:17",
    "type": "monitor_initialized"
}

{
    "extension": "266",
    "privilege": "call,all",
    "timestamp": "2025-06-28T22:31:02",
    "type": "monitor_initialized"
}

{
    "extension": "266",
    "privilege": "call,all",
    "timestamp": "2025-06-28T22:33:17",
    "type": "monitor_initialized"
}

{
    "extension": "266",
    "privilege": "call,all",
    "timestamp": "2025-06-28T22:36:20",
    "type": "monitor_initialized"
}

{
    "extension": "266",
    "privilege": "call,all",
    "timestamp": "2025-06-28T22:38:31",
    "type": "monitor_initialized"
}

{
    "extension": "266",
    "privilege": "call,all",
    "timestamp": "2025-06-28T22:42:00",
    "type": "monitor_initialized"
}

{
    "extension": "266",
    "privilege": "call,all",
    "timestamp": "2025-06-28T22:44:01",
    "type": "monitor_initialized"
}

{
    "extension": "266",
    "privilege": "call,all",
    "timestamp": "2025-06-28T22:46:26",
    "type": "monitor_initialized"
}

{
    "call_type": "",
    "caller_id_name": "266-SUP13",
    "caller_id_num": "266",
    "channel": "SIP/266-00002b18",
    "connected_line_name": "<unknown>",
    "connected_line_num": "<unknown>",
    "direction": "",
    "end_time": "",
    "extension_number": "266",
    "has_ringing": false,
    "linkedid": "1751179167.189658",
    "other_extension_number": "",
    "start_time": "2025-06-29T10:08:43",
    "status": "initiated",
    "timestamp": "2025-06-29T10:08:43",
    "type": "call_started",
    "uniqueid": "1751179176.189672"
}

{
    "channel": "SIP/266-00002b18",
    "privilege": "call,all",
    "timestamp": "2025-06-29T10:08:43",
    "type": "call_ringing",
    "uniqueid": "1751179176.189672"
}

{
    "call_type": "external",
    "caller_id_name": "266-SUP13",
    "caller_id_num": "266",
    "cause": "16",
    "cause_description": "",
    "cause_txt": "",
    "channel": "SIP/266-00002b18",
    "connected_line_name": "<unknown>",
    "connected_line_num": "<unknown>",
    "direction": "in",
    "end_time": "2025-06-29T10:09:38",
    "extension_number": "266",
    "has_ringing": true,
    "linkedid": "1751179167.189658",
    "other_extension_number": "9120287824",
    "raw_event": {
        "AccountCode": "",
        "CallerIDName": "266-SUP13",
        "CallerIDNum": "266",
        "Cause": "16",
        "Cause-txt": "Normal Clearing",
        "Channel": "SIP/266-00002b18",
        "ChannelState": "5",
        "ChannelStateDesc": "Ringing",
        "ConnectedLineName": "9120287824",
        "ConnectedLineNum": "9120287824",
        "Context": "from-internal",
        "Event": "Hangup",
        "Exten": "266",
        "Language": "pr2",
        "Linkedid": "1751179167.189658",
        "Priority": "1",
        "Privilege": "call,all",
        "Uniqueid": "1751179176.189672"
    },
    "start_time": "2025-06-29T10:08:43",
    "status": "ringing",
    "timestamp": "2025-06-29T10:09:38",
    "type": "call_ended",
    "uniqueid": "1751179176.189672"
}

{
    "call_duration": 55,
    "call_type": "external",
    "caller_id_name": "266-SUP13",
    "caller_id_num": "266",
    "cause": "16",
    "cause_description": "",
    "cause_txt": "",
    "channel": "SIP/266-00002b18",
    "connected_line_name": "<unknown>",
    "connected_line_num": "<unknown>",
    "direction": "in",
    "end_time": "2025-06-29T10:09:38",
    "extension_number": "266",
    "has_ringing": true,
    "linkedid": "1751179167.189658",
    "other_extension_number": "9120287824",
    "raw_event": {
        "AccountCode": "",
        "CallerIDName": "266-SUP13",
        "CallerIDNum": "266",
        "Cause": "16",
        "Cause-txt": "Normal Clearing",
        "Channel": "SIP/266-00002b18",
        "ChannelState": "5",
        "ChannelStateDesc": "Ringing",
        "ConnectedLineName": "9120287824",
        "ConnectedLineNum": "9120287824",
        "Context": "from-internal",
        "Event": "Hangup",
        "Exten": "266",
        "Language": "pr2",
        "Linkedid": "1751179167.189658",
        "Priority": "1",
        "Privilege": "call,all",
        "Uniqueid": "1751179176.189672"
    },
    "start_time": "2025-06-29T10:08:43",
    "status": "ringing",
    "timestamp": "2025-06-29T10:09:38",
    "type": "call_summary",
    "uniqueid": "1751179176.189672"
}

{
    "call_type": "",
    "caller_id_name": "266-SUP13",
    "caller_id_num": "266",
    "channel": "SIP/266-000031c4",
    "connected_line_name": "<unknown>",
    "connected_line_num": "<unknown>",
    "direction": "",
    "end_time": "",
    "extension_number": "266",
    "has_ringing": false,
    "linkedid": "1751194787.211797",
    "other_extension_number": "",
    "start_time": "2025-06-29T14:28:54",
    "status": "initiated",
    "timestamp": "2025-06-29T14:28:54",
    "type": "call_started",
    "uniqueid": "1751194787.211800"
}

{
    "channel": "SIP/266-000031c4",
    "privilege": "call,all",
    "timestamp": "2025-06-29T14:28:54",
    "type": "call_ringing",
    "uniqueid": "1751194787.211800"
}

{
    "channel": "SIP/266-000031c4",
    "privilege": "call,all",
    "timestamp": "2025-06-29T14:28:59",
    "type": "call_answered",
    "uniqueid": "1751194787.211800"
}

{
    "call_type": "internal",
    "caller_id_name": "266-SUP13",
    "caller_id_num": "266",
    "cause": "16",
    "cause_description": "",
    "cause_txt": "",
    "channel": "SIP/266-000031c4",
    "connected_line_name": "<unknown>",
    "connected_line_num": "<unknown>",
    "direction": "in",
    "end_time": "2025-06-29T14:30:48",
    "extension_number": "266",
    "has_ringing": true,
    "linkedid": "1751194787.211797",
    "other_extension_number": "271",
    "raw_event": {
        "AccountCode": "",
        "CallerIDName": "266-SUP13",
        "CallerIDNum": "266",
        "Cause": "16",
        "Cause-txt": "Normal Clearing",
        "Channel": "SIP/266-000031c4",
        "ChannelState": "6",
        "ChannelStateDesc": "Up",
        "ConnectedLineName": "271-SUP14",
        "ConnectedLineNum": "271",
        "Context": "from-internal",
        "Event": "Hangup",
        "Exten": "",
        "Language": "pr2",
        "Linkedid": "1751194787.211797",
        "Priority": "1",
        "Privilege": "call,all",
        "Uniqueid": "1751194787.211800"
    },
    "start_time": "2025-06-29T14:28:59",
    "status": "answered",
    "timestamp": "2025-06-29T14:30:48",
    "type": "call_ended",
    "uniqueid": "1751194787.211800"
}

{
    "call_duration": 109,
    "call_type": "internal",
    "caller_id_name": "266-SUP13",
    "caller_id_num": "266",
    "cause": "16",
    "cause_description": "",
    "cause_txt": "",
    "channel": "SIP/266-000031c4",
    "connected_line_name": "<unknown>",
    "connected_line_num": "<unknown>",
    "direction": "in",
    "end_time": "2025-06-29T14:30:48",
    "extension_number": "266",
    "has_ringing": true,
    "linkedid": "1751194787.211797",
    "other_extension_number": "271",
    "raw_event": {
        "AccountCode": "",
        "CallerIDName": "266-SUP13",
        "CallerIDNum": "266",
        "Cause": "16",
        "Cause-txt": "Normal Clearing",
        "Channel": "SIP/266-000031c4",
        "ChannelState": "6",
        "ChannelStateDesc": "Up",
        "ConnectedLineName": "271-SUP14",
        "ConnectedLineNum": "271",
        "Context": "from-internal",
        "Event": "Hangup",
        "Exten": "",
        "Language": "pr2",
        "Linkedid": "1751194787.211797",
        "Priority": "1",
        "Privilege": "call,all",
        "Uniqueid": "1751194787.211800"
    },
    "start_time": "2025-06-29T14:28:59",
    "status": "answered",
    "timestamp": "2025-06-29T14:30:48",
    "type": "call_summary",
    "uniqueid": "1751194787.211800"
}

{
    "extension": "266",
    "privilege": "call,all",
    "timestamp": "2025-06-30T15:59:25",
    "type": "monitor_initialized"
}

{
    "call_type": "",
    "caller_id_name": "266-SUP13",
    "caller_id_num": "266",
    "channel": "SIP/266-0000035d",
    "connected_line_name": "<unknown>",
    "connected_line_num": "<unknown>",
    "direction": "",
    "end_time": "",
    "extension_number": "266",
    "has_ringing": false,
    "linkedid": "1751288918.9381",
    "other_extension_number": "",
    "start_time": "2025-06-30T16:37:46",
    "status": "initiated",
    "timestamp": "2025-06-30T16:37:46",
    "type": "call_started",
    "uniqueid": "1751288918.9381"
}

{
    "call_type": "external",
    "caller_id_name": "266-SUP13",
    "caller_id_num": "266",
    "cause": "16",
    "cause_description": "",
    "cause_txt": "",
    "channel": "SIP/266-0000035d",
    "connected_line_name": "<unknown>",
    "connected_line_num": "<unknown>",
    "direction": "out",
    "end_time": "2025-06-30T16:37:47",
    "extension_number": "266",
    "has_ringing": false,
    "linkedid": "1751288918.9381",
    "other_extension_number": "09188812681",
    "raw_event": {
        "AccountCode": "",
        "CallerIDName": "<unknown>",
        "CallerIDNum": "36944000",
        "Cause": "16",
        "Cause-txt": "Normal Clearing",
        "Channel": "SIP/266-0000035d",
        "ChannelState": "4",
        "ChannelStateDesc": "Ring",
        "ConnectedLineName": "CID:36944000",
        "ConnectedLineNum": "09188812681",
        "Context": "from-internal",
        "Event": "Hangup",
        "Exten": "h",
        "Language": "pr2",
        "Linkedid": "1751288918.9381",
        "Priority": "1",
        "Privilege": "call,all",
        "Uniqueid": "1751288918.9381"
    },
    "start_time": "2025-06-30T16:37:46",
    "status": "initiated",
    "timestamp": "2025-06-30T16:37:47",
    "type": "call_ended",
    "uniqueid": "1751288918.9381"
}

{
    "call_duration": 1,
    "call_type": "external",
    "caller_id_name": "266-SUP13",
    "caller_id_num": "266",
    "cause": "16",
    "cause_description": "",
    "cause_txt": "",
    "channel": "SIP/266-0000035d",
    "connected_line_name": "<unknown>",
    "connected_line_num": "<unknown>",
    "direction": "out",
    "end_time": "2025-06-30T16:37:47",
    "extension_number": "266",
    "has_ringing": false,
    "linkedid": "1751288918.9381",
    "other_extension_number": "09188812681",
    "raw_event": {
        "AccountCode": "",
        "CallerIDName": "<unknown>",
        "CallerIDNum": "36944000",
        "Cause": "16",
        "Cause-txt": "Normal Clearing",
        "Channel": "SIP/266-0000035d",
        "ChannelState": "4",
        "ChannelStateDesc": "Ring",
        "ConnectedLineName": "CID:36944000",
        "ConnectedLineNum": "09188812681",
        "Context": "from-internal",
        "Event": "Hangup",
        "Exten": "h",
        "Language": "pr2",
        "Linkedid": "1751288918.9381",
        "Priority": "1",
        "Privilege": "call,all",
        "Uniqueid": "1751288918.9381"
    },
    "start_time": "2025-06-30T16:37:46",
    "status": "initiated",
    "timestamp": "2025-06-30T16:37:47",
    "type": "call_summary",
    "uniqueid": "1751288918.9381"
}

{
    "call_type": "",
    "caller_id_name": "266-SUP13",
    "caller_id_num": "266",
    "channel": "SIP/266-00000366",
    "connected_line_name": "<unknown>",
    "connected_line_num": "<unknown>",
    "direction": "",
    "end_time": "",
    "extension_number": "266",
    "has_ringing": false,
    "linkedid": "1751288962.9450",
    "other_extension_number": "",
    "start_time": "2025-06-30T16:38:30",
    "status": "initiated",
    "timestamp": "2025-06-30T16:38:30",
    "type": "call_started",
    "uniqueid": "1751288962.9450"
}

{
    "channel": "SIP/266-00000366",
    "privilege": "call,all",
    "timestamp": "2025-06-30T16:38:57",
    "type": "call_answered",
    "uniqueid": "1751288962.9450"
}

{
    "call_type": "external",
    "caller_id_name": "266-SUP13",
    "caller_id_num": "266",
    "cause": "16",
    "cause_description": "",
    "cause_txt": "",
    "channel": "SIP/266-00000366",
    "connected_line_name": "<unknown>",
    "connected_line_num": "<unknown>",
    "direction": "out",
    "end_time": "2025-06-30T16:40:57",
    "extension_number": "266",
    "has_ringing": false,
    "linkedid": "1751288962.9450",
    "other_extension_number": "09188812681",
    "raw_event": {
        "AccountCode": "",
        "CallerIDName": "<unknown>",
        "CallerIDNum": "36944000",
        "Cause": "16",
        "Cause-txt": "Normal Clearing",
        "Channel": "SIP/266-00000366",
        "ChannelState": "6",
        "ChannelStateDesc": "Up",
        "ConnectedLineName": "CID:36944000",
        "ConnectedLineNum": "09188812681",
        "Context": "from-internal",
        "Event": "Hangup",
        "Exten": "h",
        "Language": "pr2",
        "Linkedid": "1751288962.9450",
        "Priority": "1",
        "Privilege": "call,all",
        "Uniqueid": "1751288962.9450"
    },
    "start_time": "2025-06-30T16:38:57",
    "status": "answered",
    "timestamp": "2025-06-30T16:40:57",
    "type": "call_ended",
    "uniqueid": "1751288962.9450"
}

{
    "call_duration": 119,
    "call_type": "external",
    "caller_id_name": "266-SUP13",
    "caller_id_num": "266",
    "cause": "16",
    "cause_description": "",
    "cause_txt": "",
    "channel": "SIP/266-00000366",
    "connected_line_name": "<unknown>",
    "connected_line_num": "<unknown>",
    "direction": "out",
    "end_time": "2025-06-30T16:40:57",
    "extension_number": "266",
    "has_ringing": false,
    "linkedid": "1751288962.9450",
    "other_extension_number": "09188812681",
    "raw_event": {
        "AccountCode": "",
        "CallerIDName": "<unknown>",
        "CallerIDNum": "36944000",
        "Cause": "16",
        "Cause-txt": "Normal Clearing",
        "Channel": "SIP/266-00000366",
        "ChannelState": "6",
        "ChannelStateDesc": "Up",
        "ConnectedLineName": "CID:36944000",
        "ConnectedLineNum": "09188812681",
        "Context": "from-internal",
        "Event": "Hangup",
        "Exten": "h",
        "Language": "pr2",
        "Linkedid": "1751288962.9450",
        "Priority": "1",
        "Privilege": "call,all",
        "Uniqueid": "1751288962.9450"
    },
    "start_time": "2025-06-30T16:38:57",
    "status": "answered",
    "timestamp": "2025-06-30T16:40:57",
    "type": "call_summary",
    "uniqueid": "1751288962.9450"
}

{
    "call_type": "",
    "caller_id_name": "266-SUP13",
    "caller_id_num": "266",
    "channel": "SIP/266-000003d1",
    "connected_line_name": "<unknown>",
    "connected_line_num": "<unknown>",
    "direction": "",
    "end_time": "",
    "extension_number": "266",
    "has_ringing": false,
    "linkedid": "1751289928.10583",
    "other_extension_number": "",
    "start_time": "2025-06-30T16:54:35",
    "status": "initiated",
    "timestamp": "2025-06-30T16:54:35",
    "type": "call_started",
    "uniqueid": "1751289928.10583"
}

{
    "channel": "SIP/266-000003d1",
    "privilege": "call,all",
    "timestamp": "2025-06-30T16:54:44",
    "type": "call_answered",
    "uniqueid": "1751289928.10583"
}

{
    "call_type": "internal",
    "caller_id_name": "266-SUP13",
    "caller_id_num": "266",
    "cause": "16",
    "cause_description": "",
    "cause_txt": "",
    "channel": "SIP/266-000003d1",
    "connected_line_name": "<unknown>",
    "connected_line_num": "<unknown>",
    "direction": "out",
    "end_time": "2025-06-30T16:55:29",
    "extension_number": "266",
    "has_ringing": false,
    "linkedid": "1751289928.10583",
    "other_extension_number": "160",
    "raw_event": {
        "AccountCode": "",
        "CallerIDName": "266-SUP13",
        "CallerIDNum": "266",
        "Cause": "16",
        "Cause-txt": "Normal Clearing",
        "Channel": "SIP/266-000003d1",
        "ChannelState": "6",
        "ChannelStateDesc": "Up",
        "ConnectedLineName": "160-SAL11",
        "ConnectedLineNum": "160",
        "Context": "from-internal",
        "Event": "Hangup",
        "Exten": "h",
        "Language": "pr2",
        "Linkedid": "1751289928.10583",
        "Priority": "1",
        "Privilege": "call,all",
        "Uniqueid": "1751289928.10583"
    },
    "start_time": "2025-06-30T16:54:44",
    "status": "answered",
    "timestamp": "2025-06-30T16:55:29",
    "type": "call_ended",
    "uniqueid": "1751289928.10583"
}

{
    "call_duration": 45,
    "call_type": "internal",
    "caller_id_name": "266-SUP13",
    "caller_id_num": "266",
    "cause": "16",
    "cause_description": "",
    "cause_txt": "",
    "channel": "SIP/266-000003d1",
    "connected_line_name": "<unknown>",
    "connected_line_num": "<unknown>",
    "direction": "out",
    "end_time": "2025-06-30T16:55:29",
    "extension_number": "266",
    "has_ringing": false,
    "linkedid": "1751289928.10583",
    "other_extension_number": "160",
    "raw_event": {
        "AccountCode": "",
        "CallerIDName": "266-SUP13",
        "CallerIDNum": "266",
        "Cause": "16",
        "Cause-txt": "Normal Clearing",
        "Channel": "SIP/266-000003d1",
        "ChannelState": "6",
        "ChannelStateDesc": "Up",
        "ConnectedLineName": "160-SAL11",
        "ConnectedLineNum": "160",
        "Context": "from-internal",
        "Event": "Hangup",
        "Exten": "h",
        "Language": "pr2",
        "Linkedid": "1751289928.10583",
        "Priority": "1",
        "Privilege": "call,all",
        "Uniqueid": "1751289928.10583"
    },
    "start_time": "2025-06-30T16:54:44",
    "status": "answered",
    "timestamp": "2025-06-30T16:55:29",
    "type": "call_summary",
    "uniqueid": "1751289928.10583"
}

{
    "call_type": "",
    "caller_id_name": "266-SUP13",
    "caller_id_num": "266",
    "channel": "SIP/266-000003e5",
    "connected_line_name": "<unknown>",
    "connected_line_num": "<unknown>",
    "direction": "",
    "end_time": "",
    "extension_number": "266",
    "has_ringing": false,
    "linkedid": "1751290079.10832",
    "other_extension_number": "",
    "start_time": "2025-06-30T16:57:07",
    "status": "initiated",
    "timestamp": "2025-06-30T16:57:07",
    "type": "call_started",
    "uniqueid": "1751290079.10835"
}

{
    "channel": "SIP/266-000003e5",
    "privilege": "call,all",
    "timestamp": "2025-06-30T16:57:07",
    "type": "call_ringing",
    "uniqueid": "1751290079.10835"
}

{
    "call_type": "internal",
    "caller_id_name": "266-SUP13",
    "caller_id_num": "266",
    "cause": "16",
    "cause_description": "",
    "cause_txt": "",
    "channel": "SIP/266-000003e5",
    "connected_line_name": "<unknown>",
    "connected_line_num": "<unknown>",
    "direction": "in",
    "end_time": "2025-06-30T16:57:20",
    "extension_number": "266",
    "has_ringing": true,
    "linkedid": "1751290079.10832",
    "other_extension_number": "271",
    "raw_event": {
        "AccountCode": "",
        "CallerIDName": "266-SUP13",
        "CallerIDNum": "266",
        "Cause": "16",
        "Cause-txt": "Normal Clearing",
        "Channel": "SIP/266-000003e5",
        "ChannelState": "5",
        "ChannelStateDesc": "Ringing",
        "ConnectedLineName": "271-SUP14",
        "ConnectedLineNum": "271",
        "Context": "from-internal",
        "Event": "Hangup",
        "Exten": "266",
        "Language": "pr2",
        "Linkedid": "1751290079.10832",
        "Priority": "1",
        "Privilege": "call,all",
        "Uniqueid": "1751290079.10835"
    },
    "start_time": "2025-06-30T16:57:07",
    "status": "ringing",
    "timestamp": "2025-06-30T16:57:20",
    "type": "call_ended",
    "uniqueid": "1751290079.10835"
}

{
    "call_duration": 12,
    "call_type": "internal",
    "caller_id_name": "266-SUP13",
    "caller_id_num": "266",
    "cause": "16",
    "cause_description": "",
    "cause_txt": "",
    "channel": "SIP/266-000003e5",
    "connected_line_name": "<unknown>",
    "connected_line_num": "<unknown>",
    "direction": "in",
    "end_time": "2025-06-30T16:57:20",
    "extension_number": "266",
    "has_ringing": true,
    "linkedid": "1751290079.10832",
    "other_extension_number": "271",
    "raw_event": {
        "AccountCode": "",
        "CallerIDName": "266-SUP13",
        "CallerIDNum": "266",
        "Cause": "16",
        "Cause-txt": "Normal Clearing",
        "Channel": "SIP/266-000003e5",
        "ChannelState": "5",
        "ChannelStateDesc": "Ringing",
        "ConnectedLineName": "271-SUP14",
        "ConnectedLineNum": "271",
        "Context": "from-internal",
        "Event": "Hangup",
        "Exten": "266",
        "Language": "pr2",
        "Linkedid": "1751290079.10832",
        "Priority": "1",
        "Privilege": "call,all",
        "Uniqueid": "1751290079.10835"
    },
    "start_time": "2025-06-30T16:57:07",
    "status": "ringing",
    "timestamp": "2025-06-30T16:57:20",
    "type": "call_summary",
    "uniqueid": "1751290079.10835"
}

{
    "call_type": "",
    "caller_id_name": "266-SUP13",
    "caller_id_num": "266",
    "channel": "SIP/266-000003f8",
    "connected_line_name": "<unknown>",
    "connected_line_num": "<unknown>",
    "direction": "",
    "end_time": "",
    "extension_number": "266",
    "has_ringing": false,
    "linkedid": "1751290282.11035",
    "other_extension_number": "",
    "start_time": "2025-06-30T17:00:30",
    "status": "initiated",
    "timestamp": "2025-06-30T17:00:30",
    "type": "call_started",
    "uniqueid": "1751290282.11038"
}

{
    "channel": "SIP/266-000003f8",
    "privilege": "call,all",
    "timestamp": "2025-06-30T17:00:30",
    "type": "call_ringing",
    "uniqueid": "1751290282.11038"
}

{
    "channel": "SIP/266-000003f8",
    "privilege": "call,all",
    "timestamp": "2025-06-30T17:00:32",
    "type": "call_answered",
    "uniqueid": "1751290282.11038"
}

{
    "call_type": "internal",
    "caller_id_name": "266-SUP13",
    "caller_id_num": "266",
    "cause": "16",
    "cause_description": "",
    "cause_txt": "",
    "channel": "SIP/266-000003f8",
    "connected_line_name": "<unknown>",
    "connected_line_num": "<unknown>",
    "direction": "in",
    "end_time": "2025-06-30T17:00:50",
    "extension_number": "266",
    "has_ringing": true,
    "linkedid": "1751290282.11035",
    "other_extension_number": "271",
    "raw_event": {
        "AccountCode": "",
        "CallerIDName": "266-SUP13",
        "CallerIDNum": "266",
        "Cause": "16",
        "Cause-txt": "Normal Clearing",
        "Channel": "SIP/266-000003f8",
        "ChannelState": "6",
        "ChannelStateDesc": "Up",
        "ConnectedLineName": "271-SUP14",
        "ConnectedLineNum": "271",
        "Context": "from-internal",
        "Event": "Hangup",
        "Exten": "",
        "Language": "pr2",
        "Linkedid": "1751290282.11035",
        "Priority": "1",
        "Privilege": "call,all",
        "Uniqueid": "1751290282.11038"
    },
    "start_time": "2025-06-30T17:00:32",
    "status": "answered",
    "timestamp": "2025-06-30T17:00:50",
    "type": "call_ended",
    "uniqueid": "1751290282.11038"
}

{
    "call_duration": 17,
    "call_type": "internal",
    "caller_id_name": "266-SUP13",
    "caller_id_num": "266",
    "cause": "16",
    "cause_description": "",
    "cause_txt": "",
    "channel": "SIP/266-000003f8",
    "connected_line_name": "<unknown>",
    "connected_line_num": "<unknown>",
    "direction": "in",
    "end_time": "2025-06-30T17:00:50",
    "extension_number": "266",
    "has_ringing": true,
    "linkedid": "1751290282.11035",
    "other_extension_number": "271",
    "raw_event": {
        "AccountCode": "",
        "CallerIDName": "266-SUP13",
        "CallerIDNum": "266",
        "Cause": "16",
        "Cause-txt": "Normal Clearing",
        "Channel": "SIP/266-000003f8",
        "ChannelState": "6",
        "ChannelStateDesc": "Up",
        "ConnectedLineName": "271-SUP14",
        "ConnectedLineNum": "271",
        "Context": "from-internal",
        "Event": "Hangup",
        "Exten": "",
        "Language": "pr2",
        "Linkedid": "1751290282.11035",
        "Priority": "1",
        "Privilege": "call,all",
        "Uniqueid": "1751290282.11038"
    },
    "start_time": "2025-06-30T17:00:32",
    "status": "answered",
    "timestamp": "2025-06-30T17:00:50",
    "type": "call_summary",
    "uniqueid": "1751290282.11038"
}

{
    "extension": "266",
    "privilege": "call,all",
    "timestamp": "2025-06-30T20:41:40",
    "type": "monitor_initialized"
}

{
    "call_type": "",
    "caller_id_name": "266-SUP13",
    "caller_id_num": "266",
    "channel": "SIP/266-00000579",
    "connected_line_name": "<unknown>",
    "connected_line_num": "<unknown>",
    "direction": "",
    "end_time": "",
    "extension_number": "266",
    "has_ringing": false,
    "linkedid": "1751346681.24697",
    "other_extension_number": "",
    "start_time": "2025-07-01T08:40:28",
    "status": "initiated",
    "timestamp": "2025-07-01T08:40:28",
    "type": "call_started",
    "uniqueid": "1751346681.24697"
}

{
    "channel": "SIP/266-00000579",
    "privilege": "call,all",
    "timestamp": "2025-07-01T08:40:29",
    "type": "call_answered",
    "uniqueid": "1751346681.24697"
}

{
    "call_type": "external",
    "caller_id_name": "266-SUP13",
    "caller_id_num": "266",
    "cause": "0",
    "cause_description": "",
    "cause_txt": "",
    "channel": "SIP/266-00000579",
    "connected_line_name": "<unknown>",
    "connected_line_num": "<unknown>",
    "direction": "out",
    "end_time": "2025-07-01T08:40:35",
    "extension_number": "266",
    "has_ringing": false,
    "linkedid": "1751346681.24697",
    "other_extension_number": "<unknown>",
    "raw_event": {
        "AccountCode": "",
        "CallerIDName": "266-SUP13",
        "CallerIDNum": "266",
        "Cause": "0",
        "Cause-txt": "Unknown",
        "Channel": "SIP/266-00000579",
        "ChannelState": "6",
        "ChannelStateDesc": "Up",
        "ConnectedLineName": "<unknown>",
        "ConnectedLineNum": "<unknown>",
        "Context": "app-announcement-2",
        "Event": "Hangup",
        "Exten": "s",
        "Language": "pr2",
        "Linkedid": "1751346681.24697",
        "Priority": "5",
        "Privilege": "call,all",
        "Uniqueid": "1751346681.24697"
    },
    "start_time": "2025-07-01T08:40:29",
    "status": "answered",
    "timestamp": "2025-07-01T08:40:35",
    "type": "call_ended",
    "uniqueid": "1751346681.24697"
}

{
    "call_duration": 6,
    "call_type": "external",
    "caller_id_name": "266-SUP13",
    "caller_id_num": "266",
    "cause": "0",
    "cause_description": "",
    "cause_txt": "",
    "channel": "SIP/266-00000579",
    "connected_line_name": "<unknown>",
    "connected_line_num": "<unknown>",
    "direction": "out",
    "end_time": "2025-07-01T08:40:35",
    "extension_number": "266",
    "has_ringing": false,
    "linkedid": "1751346681.24697",
    "other_extension_number": "<unknown>",
    "raw_event": {
        "AccountCode": "",
        "CallerIDName": "266-SUP13",
        "CallerIDNum": "266",
        "Cause": "0",
        "Cause-txt": "Unknown",
        "Channel": "SIP/266-00000579",
        "ChannelState": "6",
        "ChannelStateDesc": "Up",
        "ConnectedLineName": "<unknown>",
        "ConnectedLineNum": "<unknown>",
        "Context": "app-announcement-2",
        "Event": "Hangup",
        "Exten": "s",
        "Language": "pr2",
        "Linkedid": "1751346681.24697",
        "Priority": "5",
        "Privilege": "call,all",
        "Uniqueid": "1751346681.24697"
    },
    "start_time": "2025-07-01T08:40:29",
    "status": "answered",
    "timestamp": "2025-07-01T08:40:35",
    "type": "call_summary",
    "uniqueid": "1751346681.24697"
}

{
    "call_type": "",
    "caller_id_name": "266-SUP13",
    "caller_id_num": "266",
    "channel": "SIP/266-000005b0",
    "connected_line_name": "<unknown>",
    "connected_line_num": "<unknown>",
    "direction": "",
    "end_time": "",
    "extension_number": "266",
    "has_ringing": false,
    "linkedid": "1751347166.25386",
    "other_extension_number": "",
    "start_time": "2025-07-01T08:48:33",
    "status": "initiated",
    "timestamp": "2025-07-01T08:48:33",
    "type": "call_started",
    "uniqueid": "1751347166.25386"
}

{
    "channel": "SIP/266-000005b0",
    "privilege": "call,all",
    "timestamp": "2025-07-01T08:48:33",
    "type": "call_answered",
    "uniqueid": "1751347166.25386"
}

{
    "call_type": "external",
    "caller_id_name": "266-SUP13",
    "caller_id_num": "266",
    "cause": "0",
    "cause_description": "",
    "cause_txt": "",
    "channel": "SIP/266-000005b0",
    "connected_line_name": "<unknown>",
    "connected_line_num": "<unknown>",
    "direction": "out",
    "end_time": "2025-07-01T08:48:39",
    "extension_number": "266",
    "has_ringing": false,
    "linkedid": "1751347166.25386",
    "other_extension_number": "<unknown>",
    "raw_event": {
        "AccountCode": "",
        "CallerIDName": "266-SUP13",
        "CallerIDNum": "266",
        "Cause": "0",
        "Cause-txt": "Unknown",
        "Channel": "SIP/266-000005b0",
        "ChannelState": "6",
        "ChannelStateDesc": "Up",
        "ConnectedLineName": "<unknown>",
        "ConnectedLineNum": "<unknown>",
        "Context": "app-announcement-2",
        "Event": "Hangup",
        "Exten": "s",
        "Language": "pr2",
        "Linkedid": "1751347166.25386",
        "Priority": "5",
        "Privilege": "call,all",
        "Uniqueid": "1751347166.25386"
    },
    "start_time": "2025-07-01T08:48:33",
    "status": "answered",
    "timestamp": "2025-07-01T08:48:39",
    "type": "call_ended",
    "uniqueid": "1751347166.25386"
}

{
    "call_duration": 5,
    "call_type": "external",
    "caller_id_name": "266-SUP13",
    "caller_id_num": "266",
    "cause": "0",
    "cause_description": "",
    "cause_txt": "",
    "channel": "SIP/266-000005b0",
    "connected_line_name": "<unknown>",
    "connected_line_num": "<unknown>",
    "direction": "out",
    "end_time": "2025-07-01T08:48:39",
    "extension_number": "266",
    "has_ringing": false,
    "linkedid": "1751347166.25386",
    "other_extension_number": "<unknown>",
    "raw_event": {
        "AccountCode": "",
        "CallerIDName": "266-SUP13",
        "CallerIDNum": "266",
        "Cause": "0",
        "Cause-txt": "Unknown",
        "Channel": "SIP/266-000005b0",
        "ChannelState": "6",
        "ChannelStateDesc": "Up",
        "ConnectedLineName": "<unknown>",
        "ConnectedLineNum": "<unknown>",
        "Context": "app-announcement-2",
        "Event": "Hangup",
        "Exten": "s",
        "Language": "pr2",
        "Linkedid": "1751347166.25386",
        "Priority": "5",
        "Privilege": "call,all",
        "Uniqueid": "1751347166.25386"
    },
    "start_time": "2025-07-01T08:48:33",
    "status": "answered",
    "timestamp": "2025-07-01T08:48:39",
    "type": "call_summary",
    "uniqueid": "1751347166.25386"
}

{
    "call_type": "",
    "caller_id_name": "266-SUP13",
    "caller_id_num": "266",
    "channel": "SIP/266-000006a2",
    "connected_line_name": "<unknown>",
    "connected_line_num": "<unknown>",
    "direction": "",
    "end_time": "",
    "extension_number": "266",
    "has_ringing": false,
    "linkedid": "1751348793.28038",
    "other_extension_number": "",
    "start_time": "2025-07-01T09:15:41",
    "status": "initiated",
    "timestamp": "2025-07-01T09:15:41",
    "type": "call_started",
    "uniqueid": "1751348793.28038"
}

{
    "call_type": "external",
    "caller_id_name": "266-SUP13",
    "caller_id_num": "266",
    "cause": "17",
    "cause_description": "",
    "cause_txt": "",
    "channel": "SIP/266-000006a2",
    "connected_line_name": "<unknown>",
    "connected_line_num": "<unknown>",
    "direction": "out",
    "end_time": "2025-07-01T09:16:30",
    "extension_number": "266",
    "has_ringing": false,
    "linkedid": "1751348793.28038",
    "other_extension_number": "09128343273",
    "raw_event": {
        "AccountCode": "",
        "CallerIDName": "<unknown>",
        "CallerIDNum": "36944000",
        "Cause": "17",
        "Cause-txt": "User busy",
        "Channel": "SIP/266-000006a2",
        "ChannelState": "7",
        "ChannelStateDesc": "Busy",
        "ConnectedLineName": "CID:36944000",
        "ConnectedLineNum": "09128343273",
        "Context": "from-internal",
        "Event": "Hangup",
        "Exten": "h",
        "Language": "pr2",
        "Linkedid": "1751348793.28038",
        "Priority": "1",
        "Privilege": "call,all",
        "Uniqueid": "1751348793.28038"
    },
    "start_time": "2025-07-01T09:15:41",
    "status": "initiated",
    "timestamp": "2025-07-01T09:16:30",
    "type": "call_ended",
    "uniqueid": "1751348793.28038"
}

{
    "call_duration": 49,
    "call_type": "external",
    "caller_id_name": "266-SUP13",
    "caller_id_num": "266",
    "cause": "17",
    "cause_description": "",
    "cause_txt": "",
    "channel": "SIP/266-000006a2",
    "connected_line_name": "<unknown>",
    "connected_line_num": "<unknown>",
    "direction": "out",
    "end_time": "2025-07-01T09:16:30",
    "extension_number": "266",
    "has_ringing": false,
    "linkedid": "1751348793.28038",
    "other_extension_number": "09128343273",
    "raw_event": {
        "AccountCode": "",
        "CallerIDName": "<unknown>",
        "CallerIDNum": "36944000",
        "Cause": "17",
        "Cause-txt": "User busy",
        "Channel": "SIP/266-000006a2",
        "ChannelState": "7",
        "ChannelStateDesc": "Busy",
        "ConnectedLineName": "CID:36944000",
        "ConnectedLineNum": "09128343273",
        "Context": "from-internal",
        "Event": "Hangup",
        "Exten": "h",
        "Language": "pr2",
        "Linkedid": "1751348793.28038",
        "Priority": "1",
        "Privilege": "call,all",
        "Uniqueid": "1751348793.28038"
    },
    "start_time": "2025-07-01T09:15:41",
    "status": "initiated",
    "timestamp": "2025-07-01T09:16:30",
    "type": "call_summary",
    "uniqueid": "1751348793.28038"
}

{
    "call_type": "",
    "caller_id_name": "266-SUP13",
    "caller_id_num": "266",
    "channel": "SIP/266-000006c1",
    "connected_line_name": "<unknown>",
    "connected_line_num": "<unknown>",
    "direction": "",
    "end_time": "",
    "extension_number": "266",
    "has_ringing": false,
    "linkedid": "1751349066.28325",
    "other_extension_number": "",
    "start_time": "2025-07-01T09:20:14",
    "status": "initiated",
    "timestamp": "2025-07-01T09:20:14",
    "type": "call_started",
    "uniqueid": "1751349066.28325"
}

{
    "call_type": "external",
    "caller_id_name": "266-SUP13",
    "caller_id_num": "266",
    "cause": "17",
    "cause_description": "",
    "cause_txt": "",
    "channel": "SIP/266-000006c1",
    "connected_line_name": "<unknown>",
    "connected_line_num": "<unknown>",
    "direction": "out",
    "end_time": "2025-07-01T09:21:00",
    "extension_number": "266",
    "has_ringing": false,
    "linkedid": "1751349066.28325",
    "other_extension_number": "09166694623",
    "raw_event": {
        "AccountCode": "",
        "CallerIDName": "<unknown>",
        "CallerIDNum": "36944000",
        "Cause": "17",
        "Cause-txt": "User busy",
        "Channel": "SIP/266-000006c1",
        "ChannelState": "7",
        "ChannelStateDesc": "Busy",
        "ConnectedLineName": "CID:36944000",
        "ConnectedLineNum": "09166694623",
        "Context": "from-internal",
        "Event": "Hangup",
        "Exten": "h",
        "Language": "pr2",
        "Linkedid": "1751349066.28325",
        "Priority": "1",
        "Privilege": "call,all",
        "Uniqueid": "1751349066.28325"
    },
    "start_time": "2025-07-01T09:20:14",
    "status": "initiated",
    "timestamp": "2025-07-01T09:21:00",
    "type": "call_ended",
    "uniqueid": "1751349066.28325"
}

{
    "call_duration": 46,
    "call_type": "external",
    "caller_id_name": "266-SUP13",
    "caller_id_num": "266",
    "cause": "17",
    "cause_description": "",
    "cause_txt": "",
    "channel": "SIP/266-000006c1",
    "connected_line_name": "<unknown>",
    "connected_line_num": "<unknown>",
    "direction": "out",
    "end_time": "2025-07-01T09:21:00",
    "extension_number": "266",
    "has_ringing": false,
    "linkedid": "1751349066.28325",
    "other_extension_number": "09166694623",
    "raw_event": {
        "AccountCode": "",
        "CallerIDName": "<unknown>",
        "CallerIDNum": "36944000",
        "Cause": "17",
        "Cause-txt": "User busy",
        "Channel": "SIP/266-000006c1",
        "ChannelState": "7",
        "ChannelStateDesc": "Busy",
        "ConnectedLineName": "CID:36944000",
        "ConnectedLineNum": "09166694623",
        "Context": "from-internal",
        "Event": "Hangup",
        "Exten": "h",
        "Language": "pr2",
        "Linkedid": "1751349066.28325",
        "Priority": "1",
        "Privilege": "call,all",
        "Uniqueid": "1751349066.28325"
    },
    "start_time": "2025-07-01T09:20:14",
    "status": "initiated",
    "timestamp": "2025-07-01T09:21:00",
    "type": "call_summary",
    "uniqueid": "1751349066.28325"
}

{
    "call_type": "",
    "caller_id_name": "266-SUP13",
    "caller_id_num": "266",
    "channel": "SIP/266-0000083f",
    "connected_line_name": "<unknown>",
    "connected_line_num": "<unknown>",
    "direction": "",
    "end_time": "",
    "extension_number": "266",
    "has_ringing": false,
    "linkedid": "1751352803.35543",
    "other_extension_number": "",
    "start_time": "2025-07-01T10:22:31",
    "status": "initiated",
    "timestamp": "2025-07-01T10:22:31",
    "type": "call_started",
    "uniqueid": "1751352803.35543"
}

{
    "call_type": "external",
    "caller_id_name": "266-SUP13",
    "caller_id_num": "266",
    "cause": "17",
    "cause_description": "",
    "cause_txt": "",
    "channel": "SIP/266-0000083f",
    "connected_line_name": "<unknown>",
    "connected_line_num": "<unknown>",
    "direction": "out",
    "end_time": "2025-07-01T10:23:20",
    "extension_number": "266",
    "has_ringing": false,
    "linkedid": "1751352803.35543",
    "other_extension_number": "09128343273",
    "raw_event": {
        "AccountCode": "",
        "CallerIDName": "<unknown>",
        "CallerIDNum": "36944000",
        "Cause": "17",
        "Cause-txt": "User busy",
        "Channel": "SIP/266-0000083f",
        "ChannelState": "7",
        "ChannelStateDesc": "Busy",
        "ConnectedLineName": "CID:36944000",
        "ConnectedLineNum": "09128343273",
        "Context": "from-internal",
        "Event": "Hangup",
        "Exten": "h",
        "Language": "pr2",
        "Linkedid": "1751352803.35543",
        "Priority": "1",
        "Privilege": "call,all",
        "Uniqueid": "1751352803.35543"
    },
    "start_time": "2025-07-01T10:22:31",
    "status": "initiated",
    "timestamp": "2025-07-01T10:23:20",
    "type": "call_ended",
    "uniqueid": "1751352803.35543"
}

{
    "call_duration": 49,
    "call_type": "external",
    "caller_id_name": "266-SUP13",
    "caller_id_num": "266",
    "cause": "17",
    "cause_description": "",
    "cause_txt": "",
    "channel": "SIP/266-0000083f",
    "connected_line_name": "<unknown>",
    "connected_line_num": "<unknown>",
    "direction": "out",
    "end_time": "2025-07-01T10:23:20",
    "extension_number": "266",
    "has_ringing": false,
    "linkedid": "1751352803.35543",
    "other_extension_number": "09128343273",
    "raw_event": {
        "AccountCode": "",
        "CallerIDName": "<unknown>",
        "CallerIDNum": "36944000",
        "Cause": "17",
        "Cause-txt": "User busy",
        "Channel": "SIP/266-0000083f",
        "ChannelState": "7",
        "ChannelStateDesc": "Busy",
        "ConnectedLineName": "CID:36944000",
        "ConnectedLineNum": "09128343273",
        "Context": "from-internal",
        "Event": "Hangup",
        "Exten": "h",
        "Language": "pr2",
        "Linkedid": "1751352803.35543",
        "Priority": "1",
        "Privilege": "call,all",
        "Uniqueid": "1751352803.35543"
    },
    "start_time": "2025-07-01T10:22:31",
    "status": "initiated",
    "timestamp": "2025-07-01T10:23:20",
    "type": "call_summary",
    "uniqueid": "1751352803.35543"
}

{
    "call_type": "",
    "caller_id_name": "266-SUP13",
    "caller_id_num": "266",
    "channel": "SIP/266-00000852",
    "connected_line_name": "<unknown>",
    "connected_line_num": "<unknown>",
    "direction": "",
    "end_time": "",
    "extension_number": "266",
    "has_ringing": false,
    "linkedid": "1751353072.35783",
    "other_extension_number": "",
    "start_time": "2025-07-01T10:27:00",
    "status": "initiated",
    "timestamp": "2025-07-01T10:27:00",
    "type": "call_started",
    "uniqueid": "1751353072.35783"
}

{
    "call_type": "external",
    "caller_id_name": "266-SUP13",
    "caller_id_num": "266",
    "cause": "16",
    "cause_description": "",
    "cause_txt": "",
    "channel": "SIP/266-00000852",
    "connected_line_name": "<unknown>",
    "connected_line_num": "<unknown>",
    "direction": "out",
    "end_time": "2025-07-01T10:27:05",
    "extension_number": "266",
    "has_ringing": false,
    "linkedid": "1751353072.35783",
    "other_extension_number": "09128343273",
    "raw_event": {
        "AccountCode": "",
        "CallerIDName": "<unknown>",
        "CallerIDNum": "36944000",
        "Cause": "16",
        "Cause-txt": "Normal Clearing",
        "Channel": "SIP/266-00000852",
        "ChannelState": "4",
        "ChannelStateDesc": "Ring",
        "ConnectedLineName": "CID:36944000",
        "ConnectedLineNum": "09128343273",
        "Context": "from-internal",
        "Event": "Hangup",
        "Exten": "h",
        "Language": "pr2",
        "Linkedid": "1751353072.35783",
        "Priority": "1",
        "Privilege": "call,all",
        "Uniqueid": "1751353072.35783"
    },
    "start_time": "2025-07-01T10:27:00",
    "status": "initiated",
    "timestamp": "2025-07-01T10:27:05",
    "type": "call_ended",
    "uniqueid": "1751353072.35783"
}

{
    "call_duration": 5,
    "call_type": "external",
    "caller_id_name": "266-SUP13",
    "caller_id_num": "266",
    "cause": "16",
    "cause_description": "",
    "cause_txt": "",
    "channel": "SIP/266-00000852",
    "connected_line_name": "<unknown>",
    "connected_line_num": "<unknown>",
    "direction": "out",
    "end_time": "2025-07-01T10:27:05",
    "extension_number": "266",
    "has_ringing": false,
    "linkedid": "1751353072.35783",
    "other_extension_number": "09128343273",
    "raw_event": {
        "AccountCode": "",
        "CallerIDName": "<unknown>",
        "CallerIDNum": "36944000",
        "Cause": "16",
        "Cause-txt": "Normal Clearing",
        "Channel": "SIP/266-00000852",
        "ChannelState": "4",
        "ChannelStateDesc": "Ring",
        "ConnectedLineName": "CID:36944000",
        "ConnectedLineNum": "09128343273",
        "Context": "from-internal",
        "Event": "Hangup",
        "Exten": "h",
        "Language": "pr2",
        "Linkedid": "1751353072.35783",
        "Priority": "1",
        "Privilege": "call,all",
        "Uniqueid": "1751353072.35783"
    },
    "start_time": "2025-07-01T10:27:00",
    "status": "initiated",
    "timestamp": "2025-07-01T10:27:05",
    "type": "call_summary",
    "uniqueid": "1751353072.35783"
}

{
    "call_type": "",
    "caller_id_name": "266-SUP13",
    "caller_id_num": "266",
    "channel": "SIP/266-00000855",
    "connected_line_name": "<unknown>",
    "connected_line_num": "<unknown>",
    "direction": "",
    "end_time": "",
    "extension_number": "266",
    "has_ringing": false,
    "linkedid": "1751353099.35815",
    "other_extension_number": "",
    "start_time": "2025-07-01T10:27:26",
    "status": "initiated",
    "timestamp": "2025-07-01T10:27:26",
    "type": "call_started",
    "uniqueid": "1751353099.35815"
}

{
    "channel": "SIP/266-00000855",
    "privilege": "call,all",
    "timestamp": "2025-07-01T10:27:37",
    "type": "call_answered",
    "uniqueid": "1751353099.35815"
}

{
    "call_type": "external",
    "caller_id_name": "266-SUP13",
    "caller_id_num": "266",
    "cause": "16",
    "cause_description": "",
    "cause_txt": "",
    "channel": "SIP/266-00000855",
    "connected_line_name": "<unknown>",
    "connected_line_num": "<unknown>",
    "direction": "out",
    "end_time": "2025-07-01T10:32:43",
    "extension_number": "266",
    "has_ringing": false,
    "linkedid": "1751353099.35815",
    "other_extension_number": "09128343273",
    "raw_event": {
        "AccountCode": "",
        "CallerIDName": "<unknown>",
        "CallerIDNum": "36944000",
        "Cause": "16",
        "Cause-txt": "Normal Clearing",
        "Channel": "SIP/266-00000855",
        "ChannelState": "6",
        "ChannelStateDesc": "Up",
        "ConnectedLineName": "CID:36944000",
        "ConnectedLineNum": "09128343273",
        "Context": "from-internal",
        "Event": "Hangup",
        "Exten": "h",
        "Language": "pr2",
        "Linkedid": "1751353099.35815",
        "Priority": "1",
        "Privilege": "call,all",
        "Uniqueid": "1751353099.35815"
    },
    "start_time": "2025-07-01T10:27:37",
    "status": "answered",
    "timestamp": "2025-07-01T10:32:43",
    "type": "call_ended",
    "uniqueid": "1751353099.35815"
}

{
    "call_duration": 306,
    "call_type": "external",
    "caller_id_name": "266-SUP13",
    "caller_id_num": "266",
    "cause": "16",
    "cause_description": "",
    "cause_txt": "",
    "channel": "SIP/266-00000855",
    "connected_line_name": "<unknown>",
    "connected_line_num": "<unknown>",
    "direction": "out",
    "end_time": "2025-07-01T10:32:43",
    "extension_number": "266",
    "has_ringing": false,
    "linkedid": "1751353099.35815",
    "other_extension_number": "09128343273",
    "raw_event": {
        "AccountCode": "",
        "CallerIDName": "<unknown>",
        "CallerIDNum": "36944000",
        "Cause": "16",
        "Cause-txt": "Normal Clearing",
        "Channel": "SIP/266-00000855",
        "ChannelState": "6",
        "ChannelStateDesc": "Up",
        "ConnectedLineName": "CID:36944000",
        "ConnectedLineNum": "09128343273",
        "Context": "from-internal",
        "Event": "Hangup",
        "Exten": "h",
        "Language": "pr2",
        "Linkedid": "1751353099.35815",
        "Priority": "1",
        "Privilege": "call,all",
        "Uniqueid": "1751353099.35815"
    },
    "start_time": "2025-07-01T10:27:37",
    "status": "answered",
    "timestamp": "2025-07-01T10:32:43",
    "type": "call_summary",
    "uniqueid": "1751353099.35815"
}

{
    "call_type": "",
    "caller_id_name": "266-SUP13",
    "caller_id_num": "266",
    "channel": "SIP/266-000008aa",
    "connected_line_name": "<unknown>",
    "connected_line_num": "<unknown>",
    "direction": "",
    "end_time": "",
    "extension_number": "266",
    "has_ringing": false,
    "linkedid": "1751353622.36746",
    "other_extension_number": "",
    "start_time": "2025-07-01T10:36:10",
    "status": "initiated",
    "timestamp": "2025-07-01T10:36:10",
    "type": "call_started",
    "uniqueid": "1751353623.36749"
}

{
    "channel": "SIP/266-000008aa",
    "privilege": "call,all",
    "timestamp": "2025-07-01T10:36:10",
    "type": "call_ringing",
    "uniqueid": "1751353623.36749"
}

{
    "call_type": "internal",
    "caller_id_name": "266-SUP13",
    "caller_id_num": "266",
    "cause": "16",
    "cause_description": "",
    "cause_txt": "",
    "channel": "SIP/266-000008aa",
    "connected_line_name": "<unknown>",
    "connected_line_num": "<unknown>",
    "direction": "in",
    "end_time": "2025-07-01T10:36:20",
    "extension_number": "266",
    "has_ringing": true,
    "linkedid": "1751353622.36746",
    "other_extension_number": "513",
    "raw_event": {
        "AccountCode": "",
        "CallerIDName": "266-SUP13",
        "CallerIDNum": "266",
        "Cause": "16",
        "Cause-txt": "Normal Clearing",
        "Channel": "SIP/266-000008aa",
        "ChannelState": "5",
        "ChannelStateDesc": "Ringing",
        "ConnectedLineName": "513-ICT4",
        "ConnectedLineNum": "513",
        "Context": "from-internal",
        "Event": "Hangup",
        "Exten": "266",
        "Language": "pr2",
        "Linkedid": "1751353622.36746",
        "Priority": "1",
        "Privilege": "call,all",
        "Uniqueid": "1751353623.36749"
    },
    "start_time": "2025-07-01T10:36:10",
    "status": "ringing",
    "timestamp": "2025-07-01T10:36:20",
    "type": "call_ended",
    "uniqueid": "1751353623.36749"
}

{
    "call_duration": 9,
    "call_type": "internal",
    "caller_id_name": "266-SUP13",
    "caller_id_num": "266",
    "cause": "16",
    "cause_description": "",
    "cause_txt": "",
    "channel": "SIP/266-000008aa",
    "connected_line_name": "<unknown>",
    "connected_line_num": "<unknown>",
    "direction": "in",
    "end_time": "2025-07-01T10:36:20",
    "extension_number": "266",
    "has_ringing": true,
    "linkedid": "1751353622.36746",
    "other_extension_number": "513",
    "raw_event": {
        "AccountCode": "",
        "CallerIDName": "266-SUP13",
        "CallerIDNum": "266",
        "Cause": "16",
        "Cause-txt": "Normal Clearing",
        "Channel": "SIP/266-000008aa",
        "ChannelState": "5",
        "ChannelStateDesc": "Ringing",
        "ConnectedLineName": "513-ICT4",
        "ConnectedLineNum": "513",
        "Context": "from-internal",
        "Event": "Hangup",
        "Exten": "266",
        "Language": "pr2",
        "Linkedid": "1751353622.36746",
        "Priority": "1",
        "Privilege": "call,all",
        "Uniqueid": "1751353623.36749"
    },
    "start_time": "2025-07-01T10:36:10",
    "status": "ringing",
    "timestamp": "2025-07-01T10:36:20",
    "type": "call_summary",
    "uniqueid": "1751353623.36749"
}

{
    "call_type": "",
    "caller_id_name": "266-SUP13",
    "caller_id_num": "266",
    "channel": "SIP/266-000008c4",
    "connected_line_name": "<unknown>",
    "connected_line_num": "<unknown>",
    "direction": "",
    "end_time": "",
    "extension_number": "266",
    "has_ringing": false,
    "linkedid": "1751353692.37005",
    "other_extension_number": "",
    "start_time": "2025-07-01T10:37:20",
    "status": "initiated",
    "timestamp": "2025-07-01T10:37:20",
    "type": "call_started",
    "uniqueid": "1751353692.37005"
}

{
    "channel": "SIP/266-000008c4",
    "privilege": "call,all",
    "timestamp": "2025-07-01T10:37:27",
    "type": "call_answered",
    "uniqueid": "1751353692.37005"
}

{
    "call_type": "internal",
    "caller_id_name": "266-SUP13",
    "caller_id_num": "266",
    "cause": "16",
    "cause_description": "",
    "cause_txt": "",
    "channel": "SIP/266-000008c4",
    "connected_line_name": "<unknown>",
    "connected_line_num": "<unknown>",
    "direction": "out",
    "end_time": "2025-07-01T10:38:45",
    "extension_number": "266",
    "has_ringing": false,
    "linkedid": "1751353692.37005",
    "other_extension_number": "513",
    "raw_event": {
        "AccountCode": "",
        "CallerIDName": "266-SUP13",
        "CallerIDNum": "266",
        "Cause": "16",
        "Cause-txt": "Normal Clearing",
        "Channel": "SIP/266-000008c4",
        "ChannelState": "6",
        "ChannelStateDesc": "Up",
        "ConnectedLineName": "513-ICT4",
        "ConnectedLineNum": "513",
        "Context": "ext-local",
        "Event": "Hangup",
        "Exten": "h",
        "Language": "pr2",
        "Linkedid": "1751353692.37005",
        "Priority": "1",
        "Privilege": "call,all",
        "Uniqueid": "1751353692.37005"
    },
    "start_time": "2025-07-01T10:37:27",
    "status": "answered",
    "timestamp": "2025-07-01T10:38:45",
    "type": "call_ended",
    "uniqueid": "1751353692.37005"
}

{
    "call_duration": 77,
    "call_type": "internal",
    "caller_id_name": "266-SUP13",
    "caller_id_num": "266",
    "cause": "16",
    "cause_description": "",
    "cause_txt": "",
    "channel": "SIP/266-000008c4",
    "connected_line_name": "<unknown>",
    "connected_line_num": "<unknown>",
    "direction": "out",
    "end_time": "2025-07-01T10:38:45",
    "extension_number": "266",
    "has_ringing": false,
    "linkedid": "1751353692.37005",
    "other_extension_number": "513",
    "raw_event": {
        "AccountCode": "",
        "CallerIDName": "266-SUP13",
        "CallerIDNum": "266",
        "Cause": "16",
        "Cause-txt": "Normal Clearing",
        "Channel": "SIP/266-000008c4",
        "ChannelState": "6",
        "ChannelStateDesc": "Up",
        "ConnectedLineName": "513-ICT4",
        "ConnectedLineNum": "513",
        "Context": "ext-local",
        "Event": "Hangup",
        "Exten": "h",
        "Language": "pr2",
        "Linkedid": "1751353692.37005",
        "Priority": "1",
        "Privilege": "call,all",
        "Uniqueid": "1751353692.37005"
    },
    "start_time": "2025-07-01T10:37:27",
    "status": "answered",
    "timestamp": "2025-07-01T10:38:45",
    "type": "call_summary",
    "uniqueid": "1751353692.37005"
}

{
    "call_type": "",
    "caller_id_name": "266-SUP13",
    "caller_id_num": "266",
    "channel": "SIP/266-00000aef",
    "connected_line_name": "<unknown>",
    "connected_line_num": "<unknown>",
    "direction": "",
    "end_time": "",
    "extension_number": "266",
    "has_ringing": false,
    "linkedid": "1751357801.43260",
    "other_extension_number": "",
    "start_time": "2025-07-01T11:45:49",
    "status": "initiated",
    "timestamp": "2025-07-01T11:45:49",
    "type": "call_started",
    "uniqueid": "1751357801.43260"
}

{
    "channel": "SIP/266-00000aef",
    "privilege": "call,all",
    "timestamp": "2025-07-01T11:46:09",
    "type": "call_answered",
    "uniqueid": "1751357801.43260"
}

{
    "call_type": "internal",
    "caller_id_name": "266-SUP13",
    "caller_id_num": "266",
    "cause": "0",
    "cause_description": "",
    "cause_txt": "",
    "channel": "SIP/266-00000aef",
    "connected_line_name": "<unknown>",
    "connected_line_num": "<unknown>",
    "direction": "out",
    "end_time": "2025-07-01T11:46:17",
    "extension_number": "266",
    "has_ringing": false,
    "linkedid": "1751357801.43260",
    "other_extension_number": "522",
    "raw_event": {
        "AccountCode": "",
        "CallerIDName": "266-SUP13",
        "CallerIDNum": "266",
        "Cause": "0",
        "Cause-txt": "Unknown",
        "Channel": "SIP/266-00000aef",
        "ChannelState": "6",
        "ChannelStateDesc": "Up",
        "ConnectedLineName": "522-SM2",
        "ConnectedLineNum": "522",
        "Context": "app-announcement-4",
        "Event": "Hangup",
        "Exten": "s",
        "Language": "pr2",
        "Linkedid": "1751357801.43260",
        "Priority": "5",
        "Privilege": "call,all",
        "Uniqueid": "1751357801.43260"
    },
    "start_time": "2025-07-01T11:46:09",
    "status": "answered",
    "timestamp": "2025-07-01T11:46:17",
    "type": "call_ended",
    "uniqueid": "1751357801.43260"
}

{
    "call_duration": 8,
    "call_type": "internal",
    "caller_id_name": "266-SUP13",
    "caller_id_num": "266",
    "cause": "0",
    "cause_description": "",
    "cause_txt": "",
    "channel": "SIP/266-00000aef",
    "connected_line_name": "<unknown>",
    "connected_line_num": "<unknown>",
    "direction": "out",
    "end_time": "2025-07-01T11:46:17",
    "extension_number": "266",
    "has_ringing": false,
    "linkedid": "1751357801.43260",
    "other_extension_number": "522",
    "raw_event": {
        "AccountCode": "",
        "CallerIDName": "266-SUP13",
        "CallerIDNum": "266",
        "Cause": "0",
        "Cause-txt": "Unknown",
        "Channel": "SIP/266-00000aef",
        "ChannelState": "6",
        "ChannelStateDesc": "Up",
        "ConnectedLineName": "522-SM2",
        "ConnectedLineNum": "522",
        "Context": "app-announcement-4",
        "Event": "Hangup",
        "Exten": "s",
        "Language": "pr2",
        "Linkedid": "1751357801.43260",
        "Priority": "5",
        "Privilege": "call,all",
        "Uniqueid": "1751357801.43260"
    },
    "start_time": "2025-07-01T11:46:09",
    "status": "answered",
    "timestamp": "2025-07-01T11:46:17",
    "type": "call_summary",
    "uniqueid": "1751357801.43260"
}

{
    "call_type": "",
    "caller_id_name": "266-SUP13",
    "caller_id_num": "266",
    "channel": "SIP/266-00000af7",
    "connected_line_name": "<unknown>",
    "connected_line_num": "<unknown>",
    "direction": "",
    "end_time": "",
    "extension_number": "266",
    "has_ringing": false,
    "linkedid": "1751357845.43326",
    "other_extension_number": "",
    "start_time": "2025-07-01T11:46:33",
    "status": "initiated",
    "timestamp": "2025-07-01T11:46:33",
    "type": "call_started",
    "uniqueid": "1751357845.43326"
}

{
    "call_type": "internal",
    "caller_id_name": "266-SUP13",
    "caller_id_num": "266",
    "cause": "20",
    "cause_description": "",
    "cause_txt": "",
    "channel": "SIP/266-00000af7",
    "connected_line_name": "<unknown>",
    "connected_line_num": "<unknown>",
    "direction": "out",
    "end_time": "2025-07-01T11:46:33",
    "extension_number": "266",
    "has_ringing": false,
    "linkedid": "1751357845.43326",
    "other_extension_number": "0913",
    "raw_event": {
        "AccountCode": "",
        "CallerIDName": "<unknown>",
        "CallerIDNum": "266",
        "Cause": "20",
        "Cause-txt": "Subscriber absent",
        "Channel": "SIP/266-00000af7",
        "ChannelState": "4",
        "ChannelStateDesc": "Ring",
        "ConnectedLineName": "CID:36944000",
        "ConnectedLineNum": "0913",
        "Context": "from-internal",
        "Event": "Hangup",
        "Exten": "h",
        "Language": "pr2",
        "Linkedid": "1751357845.43326",
        "Priority": "1",
        "Privilege": "call,all",
        "Uniqueid": "1751357845.43326"
    },
    "start_time": "2025-07-01T11:46:33",
    "status": "initiated",
    "timestamp": "2025-07-01T11:46:33",
    "type": "call_ended",
    "uniqueid": "1751357845.43326"
}

{
    "call_duration": 0,
    "call_type": "internal",
    "caller_id_name": "266-SUP13",
    "caller_id_num": "266",
    "cause": "20",
    "cause_description": "",
    "cause_txt": "",
    "channel": "SIP/266-00000af7",
    "connected_line_name": "<unknown>",
    "connected_line_num": "<unknown>",
    "direction": "out",
    "end_time": "2025-07-01T11:46:33",
    "extension_number": "266",
    "has_ringing": false,
    "linkedid": "1751357845.43326",
    "other_extension_number": "0913",
    "raw_event": {
        "AccountCode": "",
        "CallerIDName": "<unknown>",
        "CallerIDNum": "266",
        "Cause": "20",
        "Cause-txt": "Subscriber absent",
        "Channel": "SIP/266-00000af7",
        "ChannelState": "4",
        "ChannelStateDesc": "Ring",
        "ConnectedLineName": "CID:36944000",
        "ConnectedLineNum": "0913",
        "Context": "from-internal",
        "Event": "Hangup",
        "Exten": "h",
        "Language": "pr2",
        "Linkedid": "1751357845.43326",
        "Priority": "1",
        "Privilege": "call,all",
        "Uniqueid": "1751357845.43326"
    },
    "start_time": "2025-07-01T11:46:33",
    "status": "initiated",
    "timestamp": "2025-07-01T11:46:33",
    "type": "call_summary",
    "uniqueid": "1751357845.43326"
}

{
    "call_type": "",
    "caller_id_name": "266-SUP13",
    "caller_id_num": "266",
    "channel": "SIP/266-00000b33",
    "connected_line_name": "<unknown>",
    "connected_line_num": "<unknown>",
    "direction": "",
    "end_time": "",
    "extension_number": "266",
    "has_ringing": false,
    "linkedid": "1751358114.43888",
    "other_extension_number": "",
    "start_time": "2025-07-01T11:51:02",
    "status": "initiated",
    "timestamp": "2025-07-01T11:51:02",
    "type": "call_started",
    "uniqueid": "1751358114.43888"
}

{
    "call_type": "external",
    "caller_id_name": "266-SUP13",
    "caller_id_num": "266",
    "cause": "34",
    "cause_description": "",
    "cause_txt": "",
    "channel": "SIP/266-00000b33",
    "connected_line_name": "<unknown>",
    "connected_line_num": "<unknown>",
    "direction": "out",
    "end_time": "2025-07-01T11:51:07",
    "extension_number": "266",
    "has_ringing": false,
    "linkedid": "1751358114.43888",
    "other_extension_number": "09176857182",
    "raw_event": {
        "AccountCode": "",
        "CallerIDName": "<unknown>",
        "CallerIDNum": "266",
        "Cause": "34",
        "Cause-txt": "Circuit/channel congestion",
        "Channel": "SIP/266-00000b33",
        "ChannelState": "7",
        "ChannelStateDesc": "Busy",
        "ConnectedLineName": "CID:36944000",
        "ConnectedLineNum": "09176857182",
        "Context": "from-internal",
        "Event": "Hangup",
        "Exten": "h",
        "Language": "pr2",
        "Linkedid": "1751358114.43888",
        "Priority": "1",
        "Privilege": "call,all",
        "Uniqueid": "1751358114.43888"
    },
    "start_time": "2025-07-01T11:51:02",
    "status": "initiated",
    "timestamp": "2025-07-01T11:51:07",
    "type": "call_ended",
    "uniqueid": "1751358114.43888"
}

{
    "call_duration": 5,
    "call_type": "external",
    "caller_id_name": "266-SUP13",
    "caller_id_num": "266",
    "cause": "34",
    "cause_description": "",
    "cause_txt": "",
    "channel": "SIP/266-00000b33",
    "connected_line_name": "<unknown>",
    "connected_line_num": "<unknown>",
    "direction": "out",
    "end_time": "2025-07-01T11:51:07",
    "extension_number": "266",
    "has_ringing": false,
    "linkedid": "1751358114.43888",
    "other_extension_number": "09176857182",
    "raw_event": {
        "AccountCode": "",
        "CallerIDName": "<unknown>",
        "CallerIDNum": "266",
        "Cause": "34",
        "Cause-txt": "Circuit/channel congestion",
        "Channel": "SIP/266-00000b33",
        "ChannelState": "7",
        "ChannelStateDesc": "Busy",
        "ConnectedLineName": "CID:36944000",
        "ConnectedLineNum": "09176857182",
        "Context": "from-internal",
        "Event": "Hangup",
        "Exten": "h",
        "Language": "pr2",
        "Linkedid": "1751358114.43888",
        "Priority": "1",
        "Privilege": "call,all",
        "Uniqueid": "1751358114.43888"
    },
    "start_time": "2025-07-01T11:51:02",
    "status": "initiated",
    "timestamp": "2025-07-01T11:51:07",
    "type": "call_summary",
    "uniqueid": "1751358114.43888"
}

{
    "call_type": "",
    "caller_id_name": "266-SUP13",
    "caller_id_num": "266",
    "channel": "SIP/266-00000b38",
    "connected_line_name": "<unknown>",
    "connected_line_num": "<unknown>",
    "direction": "",
    "end_time": "",
    "extension_number": "266",
    "has_ringing": false,
    "linkedid": "1751358135.43946",
    "other_extension_number": "",
    "start_time": "2025-07-01T11:51:22",
    "status": "initiated",
    "timestamp": "2025-07-01T11:51:22",
    "type": "call_started",
    "uniqueid": "1751358135.43946"
}

{
    "call_type": "external",
    "caller_id_name": "266-SUP13",
    "caller_id_num": "266",
    "cause": "16",
    "cause_description": "",
    "cause_txt": "",
    "channel": "SIP/266-00000b38",
    "connected_line_name": "<unknown>",
    "connected_line_num": "<unknown>",
    "direction": "out",
    "end_time": "2025-07-01T11:51:30",
    "extension_number": "266",
    "has_ringing": false,
    "linkedid": "1751358135.43946",
    "other_extension_number": "09017687182",
    "raw_event": {
        "AccountCode": "",
        "CallerIDName": "<unknown>",
        "CallerIDNum": "3195015571",
        "Cause": "16",
        "Cause-txt": "Normal Clearing",
        "Channel": "SIP/266-00000b38",
        "ChannelState": "4",
        "ChannelStateDesc": "Ring",
        "ConnectedLineName": "CID:3195015571",
        "ConnectedLineNum": "09017687182",
        "Context": "from-internal",
        "Event": "Hangup",
        "Exten": "h",
        "Language": "pr2",
        "Linkedid": "1751358135.43946",
        "Priority": "1",
        "Privilege": "call,all",
        "Uniqueid": "1751358135.43946"
    },
    "start_time": "2025-07-01T11:51:22",
    "status": "initiated",
    "timestamp": "2025-07-01T11:51:30",
    "type": "call_ended",
    "uniqueid": "1751358135.43946"
}

{
    "call_duration": 7,
    "call_type": "external",
    "caller_id_name": "266-SUP13",
    "caller_id_num": "266",
    "cause": "16",
    "cause_description": "",
    "cause_txt": "",
    "channel": "SIP/266-00000b38",
    "connected_line_name": "<unknown>",
    "connected_line_num": "<unknown>",
    "direction": "out",
    "end_time": "2025-07-01T11:51:30",
    "extension_number": "266",
    "has_ringing": false,
    "linkedid": "1751358135.43946",
    "other_extension_number": "09017687182",
    "raw_event": {
        "AccountCode": "",
        "CallerIDName": "<unknown>",
        "CallerIDNum": "3195015571",
        "Cause": "16",
        "Cause-txt": "Normal Clearing",
        "Channel": "SIP/266-00000b38",
        "ChannelState": "4",
        "ChannelStateDesc": "Ring",
        "ConnectedLineName": "CID:3195015571",
        "ConnectedLineNum": "09017687182",
        "Context": "from-internal",
        "Event": "Hangup",
        "Exten": "h",
        "Language": "pr2",
        "Linkedid": "1751358135.43946",
        "Priority": "1",
        "Privilege": "call,all",
        "Uniqueid": "1751358135.43946"
    },
    "start_time": "2025-07-01T11:51:22",
    "status": "initiated",
    "timestamp": "2025-07-01T11:51:30",
    "type": "call_summary",
    "uniqueid": "1751358135.43946"
}

{
    "call_type": "",
    "caller_id_name": "266-SUP13",
    "caller_id_num": "266",
    "channel": "SIP/266-00000b3a",
    "connected_line_name": "<unknown>",
    "connected_line_num": "<unknown>",
    "direction": "",
    "end_time": "",
    "extension_number": "266",
    "has_ringing": false,
    "linkedid": "1751358156.43971",
    "other_extension_number": "",
    "start_time": "2025-07-01T11:51:44",
    "status": "initiated",
    "timestamp": "2025-07-01T11:51:44",
    "type": "call_started",
    "uniqueid": "1751358156.43971"
}

{
    "call_type": "external",
    "caller_id_name": "266-SUP13",
    "caller_id_num": "266",
    "cause": "16",
    "cause_description": "",
    "cause_txt": "",
    "channel": "SIP/266-00000b3a",
    "connected_line_name": "<unknown>",
    "connected_line_num": "<unknown>",
    "direction": "out",
    "end_time": "2025-07-01T11:52:29",
    "extension_number": "266",
    "has_ringing": false,
    "linkedid": "1751358156.43971",
    "other_extension_number": "09176857182",
    "raw_event": {
        "AccountCode": "",
        "CallerIDName": "<unknown>",
        "CallerIDNum": "3195015571",
        "Cause": "16",
        "Cause-txt": "Normal Clearing",
        "Channel": "SIP/266-00000b3a",
        "ChannelState": "4",
        "ChannelStateDesc": "Ring",
        "ConnectedLineName": "CID:3195015571",
        "ConnectedLineNum": "09176857182",
        "Context": "from-internal",
        "Event": "Hangup",
        "Exten": "h",
        "Language": "pr2",
        "Linkedid": "1751358156.43971",
        "Priority": "1",
        "Privilege": "call,all",
        "Uniqueid": "1751358156.43971"
    },
    "start_time": "2025-07-01T11:51:44",
    "status": "initiated",
    "timestamp": "2025-07-01T11:52:29",
    "type": "call_ended",
    "uniqueid": "1751358156.43971"
}

{
    "call_duration": 44,
    "call_type": "external",
    "caller_id_name": "266-SUP13",
    "caller_id_num": "266",
    "cause": "16",
    "cause_description": "",
    "cause_txt": "",
    "channel": "SIP/266-00000b3a",
    "connected_line_name": "<unknown>",
    "connected_line_num": "<unknown>",
    "direction": "out",
    "end_time": "2025-07-01T11:52:29",
    "extension_number": "266",
    "has_ringing": false,
    "linkedid": "1751358156.43971",
    "other_extension_number": "09176857182",
    "raw_event": {
        "AccountCode": "",
        "CallerIDName": "<unknown>",
        "CallerIDNum": "3195015571",
        "Cause": "16",
        "Cause-txt": "Normal Clearing",
        "Channel": "SIP/266-00000b3a",
        "ChannelState": "4",
        "ChannelStateDesc": "Ring",
        "ConnectedLineName": "CID:3195015571",
        "ConnectedLineNum": "09176857182",
        "Context": "from-internal",
        "Event": "Hangup",
        "Exten": "h",
        "Language": "pr2",
        "Linkedid": "1751358156.43971",
        "Priority": "1",
        "Privilege": "call,all",
        "Uniqueid": "1751358156.43971"
    },
    "start_time": "2025-07-01T11:51:44",
    "status": "initiated",
    "timestamp": "2025-07-01T11:52:29",
    "type": "call_summary",
    "uniqueid": "1751358156.43971"
}

{
    "call_type": "",
    "caller_id_name": "266-SUP13",
    "caller_id_num": "266",
    "channel": "SIP/266-00000b77",
    "connected_line_name": "<unknown>",
    "connected_line_num": "<unknown>",
    "direction": "",
    "end_time": "",
    "extension_number": "266",
    "has_ringing": false,
    "linkedid": "1751358696.44690",
    "other_extension_number": "",
    "start_time": "2025-07-01T12:00:43",
    "status": "initiated",
    "timestamp": "2025-07-01T12:00:43",
    "type": "call_started",
    "uniqueid": "1751358696.44690"
}

{
    "call_type": "external",
    "caller_id_name": "266-SUP13",
    "caller_id_num": "266",
    "cause": "20",
    "cause_description": "",
    "cause_txt": "",
    "channel": "SIP/266-00000b77",
    "connected_line_name": "<unknown>",
    "connected_line_num": "<unknown>",
    "direction": "out",
    "end_time": "2025-07-01T12:00:45",
    "extension_number": "266",
    "has_ringing": false,
    "linkedid": "1751358696.44690",
    "other_extension_number": "09131705915",
    "raw_event": {
        "AccountCode": "",
        "CallerIDName": "<unknown>",
        "CallerIDNum": "266",
        "Cause": "20",
        "Cause-txt": "Subscriber absent",
        "Channel": "SIP/266-00000b77",
        "ChannelState": "4",
        "ChannelStateDesc": "Ring",
        "ConnectedLineName": "CID:36944000",
        "ConnectedLineNum": "09131705915",
        "Context": "from-internal",
        "Event": "Hangup",
        "Exten": "h",
        "Language": "pr2",
        "Linkedid": "1751358696.44690",
        "Priority": "1",
        "Privilege": "call,all",
        "Uniqueid": "1751358696.44690"
    },
    "start_time": "2025-07-01T12:00:43",
    "status": "initiated",
    "timestamp": "2025-07-01T12:00:45",
    "type": "call_ended",
    "uniqueid": "1751358696.44690"
}

{
    "call_duration": 2,
    "call_type": "external",
    "caller_id_name": "266-SUP13",
    "caller_id_num": "266",
    "cause": "20",
    "cause_description": "",
    "cause_txt": "",
    "channel": "SIP/266-00000b77",
    "connected_line_name": "<unknown>",
    "connected_line_num": "<unknown>",
    "direction": "out",
    "end_time": "2025-07-01T12:00:45",
    "extension_number": "266",
    "has_ringing": false,
    "linkedid": "1751358696.44690",
    "other_extension_number": "09131705915",
    "raw_event": {
        "AccountCode": "",
        "CallerIDName": "<unknown>",
        "CallerIDNum": "266",
        "Cause": "20",
        "Cause-txt": "Subscriber absent",
        "Channel": "SIP/266-00000b77",
        "ChannelState": "4",
        "ChannelStateDesc": "Ring",
        "ConnectedLineName": "CID:36944000",
        "ConnectedLineNum": "09131705915",
        "Context": "from-internal",
        "Event": "Hangup",
        "Exten": "h",
        "Language": "pr2",
        "Linkedid": "1751358696.44690",
        "Priority": "1",
        "Privilege": "call,all",
        "Uniqueid": "1751358696.44690"
    },
    "start_time": "2025-07-01T12:00:43",
    "status": "initiated",
    "timestamp": "2025-07-01T12:00:45",
    "type": "call_summary",
    "uniqueid": "1751358696.44690"
}

{
    "call_type": "",
    "caller_id_name": "266-SUP13",
    "caller_id_num": "266",
    "channel": "SIP/266-00000b79",
    "connected_line_name": "<unknown>",
    "connected_line_num": "<unknown>",
    "direction": "",
    "end_time": "",
    "extension_number": "266",
    "has_ringing": false,
    "linkedid": "1751358709.44704",
    "other_extension_number": "",
    "start_time": "2025-07-01T12:00:56",
    "status": "initiated",
    "timestamp": "2025-07-01T12:00:56",
    "type": "call_started",
    "uniqueid": "1751358709.44704"
}

{
    "channel": "SIP/266-00000b79",
    "privilege": "call,all",
    "timestamp": "2025-07-01T12:01:30",
    "type": "call_answered",
    "uniqueid": "1751358709.44704"
}

{
    "call_type": "external",
    "caller_id_name": "266-SUP13",
    "caller_id_num": "266",
    "cause": "16",
    "cause_description": "",
    "cause_txt": "",
    "channel": "SIP/266-00000b79",
    "connected_line_name": "<unknown>",
    "connected_line_num": "<unknown>",
    "direction": "out",
    "end_time": "2025-07-01T12:05:08",
    "extension_number": "266",
    "has_ringing": false,
    "linkedid": "1751358709.44704",
    "other_extension_number": "09131705915",
    "raw_event": {
        "AccountCode": "",
        "CallerIDName": "<unknown>",
        "CallerIDNum": "3195015572",
        "Cause": "16",
        "Cause-txt": "Normal Clearing",
        "Channel": "SIP/266-00000b79",
        "ChannelState": "6",
        "ChannelStateDesc": "Up",
        "ConnectedLineName": "CID:3195015572",
        "ConnectedLineNum": "09131705915",
        "Context": "from-internal",
        "Event": "Hangup",
        "Exten": "h",
        "Language": "pr2",
        "Linkedid": "1751358709.44704",
        "Priority": "1",
        "Privilege": "call,all",
        "Uniqueid": "1751358709.44704"
    },
    "start_time": "2025-07-01T12:01:30",
    "status": "answered",
    "timestamp": "2025-07-01T12:05:08",
    "type": "call_ended",
    "uniqueid": "1751358709.44704"
}

{
    "call_duration": 217,
    "call_type": "external",
    "caller_id_name": "266-SUP13",
    "caller_id_num": "266",
    "cause": "16",
    "cause_description": "",
    "cause_txt": "",
    "channel": "SIP/266-00000b79",
    "connected_line_name": "<unknown>",
    "connected_line_num": "<unknown>",
    "direction": "out",
    "end_time": "2025-07-01T12:05:08",
    "extension_number": "266",
    "has_ringing": false,
    "linkedid": "1751358709.44704",
    "other_extension_number": "09131705915",
    "raw_event": {
        "AccountCode": "",
        "CallerIDName": "<unknown>",
        "CallerIDNum": "3195015572",
        "Cause": "16",
        "Cause-txt": "Normal Clearing",
        "Channel": "SIP/266-00000b79",
        "ChannelState": "6",
        "ChannelStateDesc": "Up",
        "ConnectedLineName": "CID:3195015572",
        "ConnectedLineNum": "09131705915",
        "Context": "from-internal",
        "Event": "Hangup",
        "Exten": "h",
        "Language": "pr2",
        "Linkedid": "1751358709.44704",
        "Priority": "1",
        "Privilege": "call,all",
        "Uniqueid": "1751358709.44704"
    },
    "start_time": "2025-07-01T12:01:30",
    "status": "answered",
    "timestamp": "2025-07-01T12:05:08",
    "type": "call_summary",
    "uniqueid": "1751358709.44704"
}

{
    "call_type": "",
    "caller_id_name": "266-SUP13",
    "caller_id_num": "266",
    "channel": "SIP/266-00000c04",
    "connected_line_name": "<unknown>",
    "connected_line_num": "<unknown>",
    "direction": "",
    "end_time": "",
    "extension_number": "266",
    "has_ringing": false,
    "linkedid": "1751359754.46230",
    "other_extension_number": "",
    "start_time": "2025-07-01T12:18:22",
    "status": "initiated",
    "timestamp": "2025-07-01T12:18:22",
    "type": "call_started",
    "uniqueid": "1751359754.46233"
}

{
    "channel": "SIP/266-00000c04",
    "privilege": "call,all",
    "timestamp": "2025-07-01T12:18:22",
    "type": "call_ringing",
    "uniqueid": "1751359754.46233"
}

{
    "channel": "SIP/266-00000c04",
    "privilege": "call,all",
    "timestamp": "2025-07-01T12:18:31",
    "type": "call_answered",
    "uniqueid": "1751359754.46233"
}

{
    "call_type": "internal",
    "caller_id_name": "266-SUP13",
    "caller_id_num": "266",
    "cause": "16",
    "cause_description": "",
    "cause_txt": "",
    "channel": "SIP/266-00000c04",
    "connected_line_name": "<unknown>",
    "connected_line_num": "<unknown>",
    "direction": "in",
    "end_time": "2025-07-01T12:19:31",
    "extension_number": "266",
    "has_ringing": true,
    "linkedid": "1751359754.46230",
    "other_extension_number": "256",
    "raw_event": {
        "AccountCode": "",
        "CallerIDName": "266-SUP13",
        "CallerIDNum": "266",
        "Cause": "16",
        "Cause-txt": "Normal Clearing",
        "Channel": "SIP/266-00000c04",
        "ChannelState": "6",
        "ChannelStateDesc": "Up",
        "ConnectedLineName": "256-SUP6",
        "ConnectedLineNum": "256",
        "Context": "from-internal",
        "Event": "Hangup",
        "Exten": "",
        "Language": "pr2",
        "Linkedid": "1751359754.46230",
        "Priority": "1",
        "Privilege": "call,all",
        "Uniqueid": "1751359754.46233"
    },
    "start_time": "2025-07-01T12:18:31",
    "status": "answered",
    "timestamp": "2025-07-01T12:19:31",
    "type": "call_ended",
    "uniqueid": "1751359754.46233"
}

{
    "call_duration": 60,
    "call_type": "internal",
    "caller_id_name": "266-SUP13",
    "caller_id_num": "266",
    "cause": "16",
    "cause_description": "",
    "cause_txt": "",
    "channel": "SIP/266-00000c04",
    "connected_line_name": "<unknown>",
    "connected_line_num": "<unknown>",
    "direction": "in",
    "end_time": "2025-07-01T12:19:31",
    "extension_number": "266",
    "has_ringing": true,
    "linkedid": "1751359754.46230",
    "other_extension_number": "256",
    "raw_event": {
        "AccountCode": "",
        "CallerIDName": "266-SUP13",
        "CallerIDNum": "266",
        "Cause": "16",
        "Cause-txt": "Normal Clearing",
        "Channel": "SIP/266-00000c04",
        "ChannelState": "6",
        "ChannelStateDesc": "Up",
        "ConnectedLineName": "256-SUP6",
        "ConnectedLineNum": "256",
        "Context": "from-internal",
        "Event": "Hangup",
        "Exten": "",
        "Language": "pr2",
        "Linkedid": "1751359754.46230",
        "Priority": "1",
        "Privilege": "call,all",
        "Uniqueid": "1751359754.46233"
    },
    "start_time": "2025-07-01T12:18:31",
    "status": "answered",
    "timestamp": "2025-07-01T12:19:31",
    "type": "call_summary",
    "uniqueid": "1751359754.46233"
}

{
    "call_type": "",
    "caller_id_name": "266-SUP13",
    "caller_id_num": "266",
    "channel": "SIP/266-00000c5e",
    "connected_line_name": "<unknown>",
    "connected_line_num": "<unknown>",
    "direction": "",
    "end_time": "",
    "extension_number": "266",
    "has_ringing": false,
    "linkedid": "1751360568.47345",
    "other_extension_number": "",
    "start_time": "2025-07-01T12:31:56",
    "status": "initiated",
    "timestamp": "2025-07-01T12:31:56",
    "type": "call_started",
    "uniqueid": "1751360568.47345"
}

{
    "call_type": "external",
    "caller_id_name": "266-SUP13",
    "caller_id_num": "266",
    "cause": "20",
    "cause_description": "",
    "cause_txt": "",
    "channel": "SIP/266-00000c5e",
    "connected_line_name": "<unknown>",
    "connected_line_num": "<unknown>",
    "direction": "out",
    "end_time": "2025-07-01T12:31:58",
    "extension_number": "266",
    "has_ringing": false,
    "linkedid": "1751360568.47345",
    "other_extension_number": "09128343273",
    "raw_event": {
        "AccountCode": "",
        "CallerIDName": "<unknown>",
        "CallerIDNum": "266",
        "Cause": "20",
        "Cause-txt": "Subscriber absent",
        "Channel": "SIP/266-00000c5e",
        "ChannelState": "4",
        "ChannelStateDesc": "Ring",
        "ConnectedLineName": "CID:36944000",
        "ConnectedLineNum": "09128343273",
        "Context": "from-internal",
        "Event": "Hangup",
        "Exten": "h",
        "Language": "pr2",
        "Linkedid": "1751360568.47345",
        "Priority": "1",
        "Privilege": "call,all",
        "Uniqueid": "1751360568.47345"
    },
    "start_time": "2025-07-01T12:31:56",
    "status": "initiated",
    "timestamp": "2025-07-01T12:31:58",
    "type": "call_ended",
    "uniqueid": "1751360568.47345"
}

{
    "call_duration": 1,
    "call_type": "external",
    "caller_id_name": "266-SUP13",
    "caller_id_num": "266",
    "cause": "20",
    "cause_description": "",
    "cause_txt": "",
    "channel": "SIP/266-00000c5e",
    "connected_line_name": "<unknown>",
    "connected_line_num": "<unknown>",
    "direction": "out",
    "end_time": "2025-07-01T12:31:58",
    "extension_number": "266",
    "has_ringing": false,
    "linkedid": "1751360568.47345",
    "other_extension_number": "09128343273",
    "raw_event": {
        "AccountCode": "",
        "CallerIDName": "<unknown>",
        "CallerIDNum": "266",
        "Cause": "20",
        "Cause-txt": "Subscriber absent",
        "Channel": "SIP/266-00000c5e",
        "ChannelState": "4",
        "ChannelStateDesc": "Ring",
        "ConnectedLineName": "CID:36944000",
        "ConnectedLineNum": "09128343273",
        "Context": "from-internal",
        "Event": "Hangup",
        "Exten": "h",
        "Language": "pr2",
        "Linkedid": "1751360568.47345",
        "Priority": "1",
        "Privilege": "call,all",
        "Uniqueid": "1751360568.47345"
    },
    "start_time": "2025-07-01T12:31:56",
    "status": "initiated",
    "timestamp": "2025-07-01T12:31:58",
    "type": "call_summary",
    "uniqueid": "1751360568.47345"
}

{
    "call_type": "",
    "caller_id_name": "266-SUP13",
    "caller_id_num": "266",
    "channel": "SIP/266-00000c65",
    "connected_line_name": "<unknown>",
    "connected_line_num": "<unknown>",
    "direction": "",
    "end_time": "",
    "extension_number": "266",
    "has_ringing": false,
    "linkedid": "1751360584.47413",
    "other_extension_number": "",
    "start_time": "2025-07-01T12:32:11",
    "status": "initiated",
    "timestamp": "2025-07-01T12:32:11",
    "type": "call_started",
    "uniqueid": "1751360584.47413"
}

{
    "channel": "SIP/266-00000c65",
    "privilege": "call,all",
    "timestamp": "2025-07-01T12:32:22",
    "type": "call_answered",
    "uniqueid": "1751360584.47413"
}

{
    "call_type": "external",
    "caller_id_name": "266-SUP13",
    "caller_id_num": "266",
    "cause": "16",
    "cause_description": "",
    "cause_txt": "",
    "channel": "SIP/266-00000c65",
    "connected_line_name": "<unknown>",
    "connected_line_num": "<unknown>",
    "direction": "out",
    "end_time": "2025-07-01T12:33:25",
    "extension_number": "266",
    "has_ringing": false,
    "linkedid": "1751360584.47413",
    "other_extension_number": "09128343273",
    "raw_event": {
        "AccountCode": "",
        "CallerIDName": "<unknown>",
        "CallerIDNum": "3195015571",
        "Cause": "16",
        "Cause-txt": "Normal Clearing",
        "Channel": "SIP/266-00000c65",
        "ChannelState": "6",
        "ChannelStateDesc": "Up",
        "ConnectedLineName": "CID:3195015571",
        "ConnectedLineNum": "09128343273",
        "Context": "from-internal",
        "Event": "Hangup",
        "Exten": "h",
        "Language": "pr2",
        "Linkedid": "1751360584.47413",
        "Priority": "1",
        "Privilege": "call,all",
        "Uniqueid": "1751360584.47413"
    },
    "start_time": "2025-07-01T12:32:22",
    "status": "answered",
    "timestamp": "2025-07-01T12:33:25",
    "type": "call_ended",
    "uniqueid": "1751360584.47413"
}

{
    "call_duration": 63,
    "call_type": "external",
    "caller_id_name": "266-SUP13",
    "caller_id_num": "266",
    "cause": "16",
    "cause_description": "",
    "cause_txt": "",
    "channel": "SIP/266-00000c65",
    "connected_line_name": "<unknown>",
    "connected_line_num": "<unknown>",
    "direction": "out",
    "end_time": "2025-07-01T12:33:25",
    "extension_number": "266",
    "has_ringing": false,
    "linkedid": "1751360584.47413",
    "other_extension_number": "09128343273",
    "raw_event": {
        "AccountCode": "",
        "CallerIDName": "<unknown>",
        "CallerIDNum": "3195015571",
        "Cause": "16",
        "Cause-txt": "Normal Clearing",
        "Channel": "SIP/266-00000c65",
        "ChannelState": "6",
        "ChannelStateDesc": "Up",
        "ConnectedLineName": "CID:3195015571",
        "ConnectedLineNum": "09128343273",
        "Context": "from-internal",
        "Event": "Hangup",
        "Exten": "h",
        "Language": "pr2",
        "Linkedid": "1751360584.47413",
        "Priority": "1",
        "Privilege": "call,all",
        "Uniqueid": "1751360584.47413"
    },
    "start_time": "2025-07-01T12:32:22",
    "status": "answered",
    "timestamp": "2025-07-01T12:33:25",
    "type": "call_summary",
    "uniqueid": "1751360584.47413"
}

{
    "call_type": "",
    "caller_id_name": "266-SUP13",
    "caller_id_num": "266",
    "channel": "SIP/266-00000c99",
    "connected_line_name": "<unknown>",
    "connected_line_num": "<unknown>",
    "direction": "",
    "end_time": "",
    "extension_number": "266",
    "has_ringing": false,
    "linkedid": "1751361050.48095",
    "other_extension_number": "",
    "start_time": "2025-07-01T12:39:57",
    "status": "initiated",
    "timestamp": "2025-07-01T12:39:57",
    "type": "call_started",
    "uniqueid": "1751361050.48095"
}

{
    "channel": "SIP/266-00000c99",
    "privilege": "call,all",
    "timestamp": "2025-07-01T12:40:17",
    "type": "call_answered",
    "uniqueid": "1751361050.48095"
}

{
    "call_type": "internal",
    "caller_id_name": "266-SUP13",
    "caller_id_num": "266",
    "cause": "0",
    "cause_description": "",
    "cause_txt": "",
    "channel": "SIP/266-00000c99",
    "connected_line_name": "<unknown>",
    "connected_line_num": "<unknown>",
    "direction": "out",
    "end_time": "2025-07-01T12:40:21",
    "extension_number": "266",
    "has_ringing": false,
    "linkedid": "1751361050.48095",
    "other_extension_number": "522",
    "raw_event": {
        "AccountCode": "",
        "CallerIDName": "266-SUP13",
        "CallerIDNum": "266",
        "Cause": "0",
        "Cause-txt": "Unknown",
        "Channel": "SIP/266-00000c99",
        "ChannelState": "6",
        "ChannelStateDesc": "Up",
        "ConnectedLineName": "522-SM2",
        "ConnectedLineNum": "522",
        "Context": "app-announcement-4",
        "Event": "Hangup",
        "Exten": "s",
        "Language": "pr2",
        "Linkedid": "1751361050.48095",
        "Priority": "5",
        "Privilege": "call,all",
        "Uniqueid": "1751361050.48095"
    },
    "start_time": "2025-07-01T12:40:17",
    "status": "answered",
    "timestamp": "2025-07-01T12:40:21",
    "type": "call_ended",
    "uniqueid": "1751361050.48095"
}

{
    "call_duration": 4,
    "call_type": "internal",
    "caller_id_name": "266-SUP13",
    "caller_id_num": "266",
    "cause": "0",
    "cause_description": "",
    "cause_txt": "",
    "channel": "SIP/266-00000c99",
    "connected_line_name": "<unknown>",
    "connected_line_num": "<unknown>",
    "direction": "out",
    "end_time": "2025-07-01T12:40:21",
    "extension_number": "266",
    "has_ringing": false,
    "linkedid": "1751361050.48095",
    "other_extension_number": "522",
    "raw_event": {
        "AccountCode": "",
        "CallerIDName": "266-SUP13",
        "CallerIDNum": "266",
        "Cause": "0",
        "Cause-txt": "Unknown",
        "Channel": "SIP/266-00000c99",
        "ChannelState": "6",
        "ChannelStateDesc": "Up",
        "ConnectedLineName": "522-SM2",
        "ConnectedLineNum": "522",
        "Context": "app-announcement-4",
        "Event": "Hangup",
        "Exten": "s",
        "Language": "pr2",
        "Linkedid": "1751361050.48095",
        "Priority": "5",
        "Privilege": "call,all",
        "Uniqueid": "1751361050.48095"
    },
    "start_time": "2025-07-01T12:40:17",
    "status": "answered",
    "timestamp": "2025-07-01T12:40:21",
    "type": "call_summary",
    "uniqueid": "1751361050.48095"
}

{
    "extension": "266",
    "privilege": "call,all",
    "timestamp": "2025-07-01T12:49:38",
    "type": "monitor_initialized"
}

{
    "call_type": "",
    "caller_id_name": "266-SUP13",
    "caller_id_num": "266",
    "channel": "SIP/266-00000e9e",
    "connected_line_name": "<unknown>",
    "connected_line_num": "<unknown>",
    "direction": "",
    "end_time": "",
    "extension_number": "266",
    "has_ringing": false,
    "linkedid": "1751366198.54405",
    "other_extension_number": "",
    "start_time": "2025-07-01T14:05:45",
    "status": "initiated",
    "timestamp": "2025-07-01T14:05:45",
    "type": "call_started",
    "uniqueid": "1751366198.54405"
}

{
    "channel": "SIP/266-00000e9e",
    "privilege": "call,all",
    "timestamp": "2025-07-01T14:06:06",
    "type": "call_answered",
    "uniqueid": "1751366198.54405"
}

{
    "call_type": "external",
    "caller_id_name": "<unknown>",
    "caller_id_num": "36944000",
    "cause": "16",
    "cause_description": "",
    "cause_txt": "",
    "channel": "SIP/266-00000e9e",
    "connected_line_name": "CID:36944000",
    "connected_line_num": "09111571935",
    "direction": "out",
    "end_time": "2025-07-01T14:06:28",
    "extension_number": "266",
    "has_ringing": false,
    "linkedid": "1751366198.54405",
    "other_extension_number": "09111571935",
    "raw_event": {
        "AccountCode": "",
        "CallerIDName": "<unknown>",
        "CallerIDNum": "36944000",
        "Cause": "16",
        "Cause-txt": "Normal Clearing",
        "Channel": "SIP/266-00000e9e",
        "ChannelState": "6",
        "ChannelStateDesc": "Up",
        "ConnectedLineName": "CID:36944000",
        "ConnectedLineNum": "09111571935",
        "Context": "from-internal",
        "Event": "Hangup",
        "Exten": "h",
        "Language": "pr2",
        "Linkedid": "1751366198.54405",
        "Priority": "1",
        "Privilege": "call,all",
        "Uniqueid": "1751366198.54405"
    },
    "start_time": "2025-07-01T14:06:06",
    "status": "answered",
    "timestamp": "2025-07-01T14:06:28",
    "type": "call_ended",
    "uniqueid": "1751366198.54405"
}

{
    "call_duration": 21,
    "call_type": "external",
    "caller_id_name": "<unknown>",
    "caller_id_num": "36944000",
    "cause": "16",
    "cause_description": "",
    "cause_txt": "",
    "channel": "SIP/266-00000e9e",
    "connected_line_name": "CID:36944000",
    "connected_line_num": "09111571935",
    "direction": "out",
    "end_time": "2025-07-01T14:06:28",
    "extension_number": "266",
    "has_ringing": false,
    "linkedid": "1751366198.54405",
    "other_extension_number": "09111571935",
    "raw_event": {
        "AccountCode": "",
        "CallerIDName": "<unknown>",
        "CallerIDNum": "36944000",
        "Cause": "16",
        "Cause-txt": "Normal Clearing",
        "Channel": "SIP/266-00000e9e",
        "ChannelState": "6",
        "ChannelStateDesc": "Up",
        "ConnectedLineName": "CID:36944000",
        "ConnectedLineNum": "09111571935",
        "Context": "from-internal",
        "Event": "Hangup",
        "Exten": "h",
        "Language": "pr2",
        "Linkedid": "1751366198.54405",
        "Priority": "1",
        "Privilege": "call,all",
        "Uniqueid": "1751366198.54405"
    },
    "start_time": "2025-07-01T14:06:06",
    "status": "answered",
    "timestamp": "2025-07-01T14:06:28",
    "type": "call_summary",
    "uniqueid": "1751366198.54405"
}

{
    "call_type": "",
    "caller_id_name": "266-SUP13",
    "caller_id_num": "266",
    "channel": "SIP/266-00000ea2",
    "connected_line_name": "<unknown>",
    "connected_line_num": "<unknown>",
    "direction": "",
    "end_time": "",
    "extension_number": "266",
    "has_ringing": false,
    "linkedid": "1751366245.54492",
    "other_extension_number": "",
    "start_time": "2025-07-01T14:06:32",
    "status": "initiated",
    "timestamp": "2025-07-01T14:06:32",
    "type": "call_started",
    "uniqueid": "1751366245.54492"
}

{
    "channel": "SIP/266-00000ea2",
    "privilege": "call,all",
    "timestamp": "2025-07-01T14:06:45",
    "type": "call_answered",
    "uniqueid": "1751366245.54492"
}

{
    "call_type": "external",
    "caller_id_name": "<unknown>",
    "caller_id_num": "36944000",
    "cause": "16",
    "cause_description": "",
    "cause_txt": "",
    "channel": "SIP/266-00000ea2",
    "connected_line_name": "CID:36944000",
    "connected_line_num": "09111571935",
    "direction": "out",
    "end_time": "2025-07-01T14:07:12",
    "extension_number": "266",
    "has_ringing": false,
    "linkedid": "1751366245.54492",
    "other_extension_number": "09111571935",
    "raw_event": {
        "AccountCode": "",
        "CallerIDName": "<unknown>",
        "CallerIDNum": "36944000",
        "Cause": "16",
        "Cause-txt": "Normal Clearing",
        "Channel": "SIP/266-00000ea2",
        "ChannelState": "6",
        "ChannelStateDesc": "Up",
        "ConnectedLineName": "CID:36944000",
        "ConnectedLineNum": "09111571935",
        "Context": "from-internal",
        "Event": "Hangup",
        "Exten": "h",
        "Language": "pr2",
        "Linkedid": "1751366245.54492",
        "Priority": "1",
        "Privilege": "call,all",
        "Uniqueid": "1751366245.54492"
    },
    "start_time": "2025-07-01T14:06:45",
    "status": "answered",
    "timestamp": "2025-07-01T14:07:12",
    "type": "call_ended",
    "uniqueid": "1751366245.54492"
}

{
    "call_duration": 27,
    "call_type": "external",
    "caller_id_name": "<unknown>",
    "caller_id_num": "36944000",
    "cause": "16",
    "cause_description": "",
    "cause_txt": "",
    "channel": "SIP/266-00000ea2",
    "connected_line_name": "CID:36944000",
    "connected_line_num": "09111571935",
    "direction": "out",
    "end_time": "2025-07-01T14:07:12",
    "extension_number": "266",
    "has_ringing": false,
    "linkedid": "1751366245.54492",
    "other_extension_number": "09111571935",
    "raw_event": {
        "AccountCode": "",
        "CallerIDName": "<unknown>",
        "CallerIDNum": "36944000",
        "Cause": "16",
        "Cause-txt": "Normal Clearing",
        "Channel": "SIP/266-00000ea2",
        "ChannelState": "6",
        "ChannelStateDesc": "Up",
        "ConnectedLineName": "CID:36944000",
        "ConnectedLineNum": "09111571935",
        "Context": "from-internal",
        "Event": "Hangup",
        "Exten": "h",
        "Language": "pr2",
        "Linkedid": "1751366245.54492",
        "Priority": "1",
        "Privilege": "call,all",
        "Uniqueid": "1751366245.54492"
    },
    "start_time": "2025-07-01T14:06:45",
    "status": "answered",
    "timestamp": "2025-07-01T14:07:12",
    "type": "call_summary",
    "uniqueid": "1751366245.54492"
}

{
    "call_type": "",
    "caller_id_name": "266-SUP13",
    "caller_id_num": "266",
    "channel": "SIP/266-0000002e",
    "connected_line_name": "<unknown>",
    "connected_line_num": "<unknown>",
    "direction": "",
    "end_time": "",
    "extension_number": "266",
    "has_ringing": false,
    "linkedid": "1751367085.516",
    "other_extension_number": "",
    "start_time": "2025-07-01T14:20:32",
    "status": "initiated",
    "timestamp": "2025-07-01T14:20:32",
    "type": "call_started",
    "uniqueid": "1751367085.516"
}

{
    "channel": "SIP/266-0000002e",
    "privilege": "call,all",
    "timestamp": "2025-07-01T14:20:43",
    "type": "call_answered",
    "uniqueid": "1751367085.516"
}

{
    "call_type": "external",
    "caller_id_name": "<unknown>",
    "caller_id_num": "36944000",
    "cause": "16",
    "cause_description": "",
    "cause_txt": "",
    "channel": "SIP/266-0000002e",
    "connected_line_name": "CID:36944000",
    "connected_line_num": "09177900875",
    "direction": "out",
    "end_time": "2025-07-01T14:21:21",
    "extension_number": "266",
    "has_ringing": false,
    "linkedid": "1751367085.516",
    "other_extension_number": "09177900875",
    "raw_event": {
        "AccountCode": "",
        "CallerIDName": "<unknown>",
        "CallerIDNum": "36944000",
        "Cause": "16",
        "Cause-txt": "Normal Clearing",
        "Channel": "SIP/266-0000002e",
        "ChannelState": "6",
        "ChannelStateDesc": "Up",
        "ConnectedLineName": "CID:36944000",
        "ConnectedLineNum": "09177900875",
        "Context": "from-internal",
        "Event": "Hangup",
        "Exten": "h",
        "Language": "pr2",
        "Linkedid": "1751367085.516",
        "Priority": "1",
        "Privilege": "call,all",
        "Uniqueid": "1751367085.516"
    },
    "start_time": "2025-07-01T14:20:43",
    "status": "answered",
    "timestamp": "2025-07-01T14:21:21",
    "type": "call_ended",
    "uniqueid": "1751367085.516"
}

{
    "call_duration": 37,
    "call_type": "external",
    "caller_id_name": "<unknown>",
    "caller_id_num": "36944000",
    "cause": "16",
    "cause_description": "",
    "cause_txt": "",
    "channel": "SIP/266-0000002e",
    "connected_line_name": "CID:36944000",
    "connected_line_num": "09177900875",
    "direction": "out",
    "end_time": "2025-07-01T14:21:21",
    "extension_number": "266",
    "has_ringing": false,
    "linkedid": "1751367085.516",
    "other_extension_number": "09177900875",
    "raw_event": {
        "AccountCode": "",
        "CallerIDName": "<unknown>",
        "CallerIDNum": "36944000",
        "Cause": "16",
        "Cause-txt": "Normal Clearing",
        "Channel": "SIP/266-0000002e",
        "ChannelState": "6",
        "ChannelStateDesc": "Up",
        "ConnectedLineName": "CID:36944000",
        "ConnectedLineNum": "09177900875",
        "Context": "from-internal",
        "Event": "Hangup",
        "Exten": "h",
        "Language": "pr2",
        "Linkedid": "1751367085.516",
        "Priority": "1",
        "Privilege": "call,all",
        "Uniqueid": "1751367085.516"
    },
    "start_time": "2025-07-01T14:20:43",
    "status": "answered",
    "timestamp": "2025-07-01T14:21:21",
    "type": "call_summary",
    "uniqueid": "1751367085.516"
}

{
    "call_type": "",
    "caller_id_name": "266-SUP13",
    "caller_id_num": "266",
    "channel": "SIP/266-00000047",
    "connected_line_name": "<unknown>",
    "connected_line_num": "<unknown>",
    "direction": "",
    "end_time": "",
    "extension_number": "266",
    "has_ringing": false,
    "linkedid": "1751367435.795",
    "other_extension_number": "",
    "start_time": "2025-07-01T14:26:22",
    "status": "initiated",
    "timestamp": "2025-07-01T14:26:22",
    "type": "call_started",
    "uniqueid": "1751367435.795"
}

{
    "channel": "SIP/266-00000047",
    "privilege": "call,all",
    "timestamp": "2025-07-01T14:26:29",
    "type": "call_answered",
    "uniqueid": "1751367435.795"
}

{
    "call_type": "external",
    "caller_id_name": "<unknown>",
    "caller_id_num": "36944000",
    "cause": "16",
    "cause_description": "",
    "cause_txt": "",
    "channel": "SIP/266-00000047",
    "connected_line_name": "CID:36944000",
    "connected_line_num": "09188594841",
    "direction": "out",
    "end_time": "2025-07-01T14:27:06",
    "extension_number": "266",
    "has_ringing": false,
    "linkedid": "1751367435.795",
    "other_extension_number": "09188594841",
    "raw_event": {
        "AccountCode": "",
        "CallerIDName": "<unknown>",
        "CallerIDNum": "36944000",
        "Cause": "16",
        "Cause-txt": "Normal Clearing",
        "Channel": "SIP/266-00000047",
        "ChannelState": "6",
        "ChannelStateDesc": "Up",
        "ConnectedLineName": "CID:36944000",
        "ConnectedLineNum": "09188594841",
        "Context": "from-internal",
        "Event": "Hangup",
        "Exten": "h",
        "Language": "pr2",
        "Linkedid": "1751367435.795",
        "Priority": "1",
        "Privilege": "call,all",
        "Uniqueid": "1751367435.795"
    },
    "start_time": "2025-07-01T14:26:29",
    "status": "answered",
    "timestamp": "2025-07-01T14:27:06",
    "type": "call_ended",
    "uniqueid": "1751367435.795"
}

{
    "call_duration": 36,
    "call_type": "external",
    "caller_id_name": "<unknown>",
    "caller_id_num": "36944000",
    "cause": "16",
    "cause_description": "",
    "cause_txt": "",
    "channel": "SIP/266-00000047",
    "connected_line_name": "CID:36944000",
    "connected_line_num": "09188594841",
    "direction": "out",
    "end_time": "2025-07-01T14:27:06",
    "extension_number": "266",
    "has_ringing": false,
    "linkedid": "1751367435.795",
    "other_extension_number": "09188594841",
    "raw_event": {
        "AccountCode": "",
        "CallerIDName": "<unknown>",
        "CallerIDNum": "36944000",
        "Cause": "16",
        "Cause-txt": "Normal Clearing",
        "Channel": "SIP/266-00000047",
        "ChannelState": "6",
        "ChannelStateDesc": "Up",
        "ConnectedLineName": "CID:36944000",
        "ConnectedLineNum": "09188594841",
        "Context": "from-internal",
        "Event": "Hangup",
        "Exten": "h",
        "Language": "pr2",
        "Linkedid": "1751367435.795",
        "Priority": "1",
        "Privilege": "call,all",
        "Uniqueid": "1751367435.795"
    },
    "start_time": "2025-07-01T14:26:29",
    "status": "answered",
    "timestamp": "2025-07-01T14:27:06",
    "type": "call_summary",
    "uniqueid": "1751367435.795"
}

{
    "call_type": "",
    "caller_id_name": "266-SUP13",
    "caller_id_num": "266",
    "channel": "SIP/266-00000057",
    "connected_line_name": "<unknown>",
    "connected_line_num": "<unknown>",
    "direction": "",
    "end_time": "",
    "extension_number": "266",
    "has_ringing": false,
    "linkedid": "1751367557.950",
    "other_extension_number": "",
    "start_time": "2025-07-01T14:28:24",
    "status": "initiated",
    "timestamp": "2025-07-01T14:28:24",
    "type": "call_started",
    "uniqueid": "1751367557.950"
}

{
    "call_type": "external",
    "caller_id_name": "<unknown>",
    "caller_id_num": "36944000",
    "cause": "16",
    "cause_description": "",
    "cause_txt": "",
    "channel": "SIP/266-00000057",
    "connected_line_name": "CID:36944000",
    "connected_line_num": "09144431715",
    "direction": "out",
    "end_time": "2025-07-01T14:29:05",
    "extension_number": "266",
    "has_ringing": false,
    "linkedid": "1751367557.950",
    "other_extension_number": "09144431715",
    "raw_event": {
        "AccountCode": "",
        "CallerIDName": "<unknown>",
        "CallerIDNum": "36944000",
        "Cause": "16",
        "Cause-txt": "Normal Clearing",
        "Channel": "SIP/266-00000057",
        "ChannelState": "4",
        "ChannelStateDesc": "Ring",
        "ConnectedLineName": "CID:36944000",
        "ConnectedLineNum": "09144431715",
        "Context": "from-internal",
        "Event": "Hangup",
        "Exten": "h",
        "Language": "pr2",
        "Linkedid": "1751367557.950",
        "Priority": "1",
        "Privilege": "call,all",
        "Uniqueid": "1751367557.950"
    },
    "start_time": "2025-07-01T14:28:24",
    "status": "initiated",
    "timestamp": "2025-07-01T14:29:05",
    "type": "call_ended",
    "uniqueid": "1751367557.950"
}

{
    "call_duration": 40,
    "call_type": "external",
    "caller_id_name": "<unknown>",
    "caller_id_num": "36944000",
    "cause": "16",
    "cause_description": "",
    "cause_txt": "",
    "channel": "SIP/266-00000057",
    "connected_line_name": "CID:36944000",
    "connected_line_num": "09144431715",
    "direction": "out",
    "end_time": "2025-07-01T14:29:05",
    "extension_number": "266",
    "has_ringing": false,
    "linkedid": "1751367557.950",
    "other_extension_number": "09144431715",
    "raw_event": {
        "AccountCode": "",
        "CallerIDName": "<unknown>",
        "CallerIDNum": "36944000",
        "Cause": "16",
        "Cause-txt": "Normal Clearing",
        "Channel": "SIP/266-00000057",
        "ChannelState": "4",
        "ChannelStateDesc": "Ring",
        "ConnectedLineName": "CID:36944000",
        "ConnectedLineNum": "09144431715",
        "Context": "from-internal",
        "Event": "Hangup",
        "Exten": "h",
        "Language": "pr2",
        "Linkedid": "1751367557.950",
        "Priority": "1",
        "Privilege": "call,all",
        "Uniqueid": "1751367557.950"
    },
    "start_time": "2025-07-01T14:28:24",
    "status": "initiated",
    "timestamp": "2025-07-01T14:29:05",
    "type": "call_summary",
    "uniqueid": "1751367557.950"
}

{
    "call_type": "",
    "caller_id_name": "266-SUP13",
    "caller_id_num": "266",
    "channel": "SIP/266-0000007d",
    "connected_line_name": "<unknown>",
    "connected_line_num": "<unknown>",
    "direction": "",
    "end_time": "",
    "extension_number": "266",
    "has_ringing": false,
    "linkedid": "1751367719.1241",
    "other_extension_number": "",
    "start_time": "2025-07-01T14:31:07",
    "status": "initiated",
    "timestamp": "2025-07-01T14:31:07",
    "type": "call_started",
    "uniqueid": "1751367719.1241"
}

{
    "channel": "SIP/266-0000007d",
    "privilege": "call,all",
    "timestamp": "2025-07-01T14:31:21",
    "type": "call_answered",
    "uniqueid": "1751367719.1241"
}

{
    "call_type": "external",
    "caller_id_name": "<unknown>",
    "caller_id_num": "36944000",
    "cause": "16",
    "cause_description": "",
    "cause_txt": "",
    "channel": "SIP/266-0000007d",
    "connected_line_name": "CID:36944000",
    "connected_line_num": "09176857182",
    "direction": "out",
    "end_time": "2025-07-01T14:33:52",
    "extension_number": "266",
    "has_ringing": false,
    "linkedid": "1751367719.1241",
    "other_extension_number": "09176857182",
    "raw_event": {
        "AccountCode": "",
        "CallerIDName": "<unknown>",
        "CallerIDNum": "36944000",
        "Cause": "16",
        "Cause-txt": "Normal Clearing",
        "Channel": "SIP/266-0000007d",
        "ChannelState": "6",
        "ChannelStateDesc": "Up",
        "ConnectedLineName": "CID:36944000",
        "ConnectedLineNum": "09176857182",
        "Context": "from-internal",
        "Event": "Hangup",
        "Exten": "h",
        "Language": "pr2",
        "Linkedid": "1751367719.1241",
        "Priority": "1",
        "Privilege": "call,all",
        "Uniqueid": "1751367719.1241"
    },
    "start_time": "2025-07-01T14:31:21",
    "status": "answered",
    "timestamp": "2025-07-01T14:33:52",
    "type": "call_ended",
    "uniqueid": "1751367719.1241"
}

{
    "call_duration": 150,
    "call_type": "external",
    "caller_id_name": "<unknown>",
    "caller_id_num": "36944000",
    "cause": "16",
    "cause_description": "",
    "cause_txt": "",
    "channel": "SIP/266-0000007d",
    "connected_line_name": "CID:36944000",
    "connected_line_num": "09176857182",
    "direction": "out",
    "end_time": "2025-07-01T14:33:52",
    "extension_number": "266",
    "has_ringing": false,
    "linkedid": "1751367719.1241",
    "other_extension_number": "09176857182",
    "raw_event": {
        "AccountCode": "",
        "CallerIDName": "<unknown>",
        "CallerIDNum": "36944000",
        "Cause": "16",
        "Cause-txt": "Normal Clearing",
        "Channel": "SIP/266-0000007d",
        "ChannelState": "6",
        "ChannelStateDesc": "Up",
        "ConnectedLineName": "CID:36944000",
        "ConnectedLineNum": "09176857182",
        "Context": "from-internal",
        "Event": "Hangup",
        "Exten": "h",
        "Language": "pr2",
        "Linkedid": "1751367719.1241",
        "Priority": "1",
        "Privilege": "call,all",
        "Uniqueid": "1751367719.1241"
    },
    "start_time": "2025-07-01T14:31:21",
    "status": "answered",
    "timestamp": "2025-07-01T14:33:52",
    "type": "call_summary",
    "uniqueid": "1751367719.1241"
}

{
    "call_type": "",
    "caller_id_name": "266-SUP13",
    "caller_id_num": "266",
    "channel": "SIP/266-000000bf",
    "connected_line_name": "<unknown>",
    "connected_line_num": "<unknown>",
    "direction": "",
    "end_time": "",
    "extension_number": "266",
    "has_ringing": false,
    "linkedid": "1751368086.1790",
    "other_extension_number": "",
    "start_time": "2025-07-01T14:38:21",
    "status": "initiated",
    "timestamp": "2025-07-01T14:38:21",
    "type": "call_started",
    "uniqueid": "1751368153.1934"
}

{
    "channel": "SIP/266-000000bf",
    "privilege": "call,all",
    "timestamp": "2025-07-01T14:38:21",
    "type": "call_ringing",
    "uniqueid": "1751368153.1934"
}

{
    "channel": "SIP/266-000000bf",
    "privilege": "call,all",
    "timestamp": "2025-07-01T14:38:22",
    "type": "call_answered",
    "uniqueid": "1751368153.1934"
}

{
    "call_type": "external",
    "caller_id_name": "266-SUP13",
    "caller_id_num": "266",
    "cause": "16",
    "cause_description": "",
    "cause_txt": "",
    "channel": "SIP/266-000000bf",
    "connected_line_name": "9176857182",
    "connected_line_num": "9176857182",
    "direction": "in",
    "end_time": "2025-07-01T14:41:31",
    "extension_number": "266",
    "has_ringing": true,
    "linkedid": "1751368086.1790",
    "other_extension_number": "9176857182",
    "raw_event": {
        "AccountCode": "",
        "CallerIDName": "266-SUP13",
        "CallerIDNum": "266",
        "Cause": "16",
        "Cause-txt": "Normal Clearing",
        "Channel": "SIP/266-000000bf",
        "ChannelState": "6",
        "ChannelStateDesc": "Up",
        "ConnectedLineName": "9176857182",
        "ConnectedLineNum": "9176857182",
        "Context": "macro-dial-one",
        "Event": "Hangup",
        "Exten": "s",
        "Language": "pr2",
        "Linkedid": "1751368086.1790",
        "Priority": "1",
        "Privilege": "call,all",
        "Uniqueid": "1751368153.1934"
    },
    "start_time": "2025-07-01T14:38:22",
    "status": "answered",
    "timestamp": "2025-07-01T14:41:31",
    "type": "call_ended",
    "uniqueid": "1751368153.1934"
}

{
    "call_duration": 189,
    "call_type": "external",
    "caller_id_name": "266-SUP13",
    "caller_id_num": "266",
    "cause": "16",
    "cause_description": "",
    "cause_txt": "",
    "channel": "SIP/266-000000bf",
    "connected_line_name": "9176857182",
    "connected_line_num": "9176857182",
    "direction": "in",
    "end_time": "2025-07-01T14:41:31",
    "extension_number": "266",
    "has_ringing": true,
    "linkedid": "1751368086.1790",
    "other_extension_number": "9176857182",
    "raw_event": {
        "AccountCode": "",
        "CallerIDName": "266-SUP13",
        "CallerIDNum": "266",
        "Cause": "16",
        "Cause-txt": "Normal Clearing",
        "Channel": "SIP/266-000000bf",
        "ChannelState": "6",
        "ChannelStateDesc": "Up",
        "ConnectedLineName": "9176857182",
        "ConnectedLineNum": "9176857182",
        "Context": "macro-dial-one",
        "Event": "Hangup",
        "Exten": "s",
        "Language": "pr2",
        "Linkedid": "1751368086.1790",
        "Priority": "1",
        "Privilege": "call,all",
        "Uniqueid": "1751368153.1934"
    },
    "start_time": "2025-07-01T14:38:22",
    "status": "answered",
    "timestamp": "2025-07-01T14:41:31",
    "type": "call_summary",
    "uniqueid": "1751368153.1934"
}

{
    "call_type": "",
    "caller_id_name": "266-SUP13",
    "caller_id_num": "266",
    "channel": "SIP/266-000000ea",
    "connected_line_name": "<unknown>",
    "connected_line_num": "<unknown>",
    "direction": "",
    "end_time": "",
    "extension_number": "266",
    "has_ringing": false,
    "linkedid": "1751368394.2419",
    "other_extension_number": "",
    "start_time": "2025-07-01T14:42:21",
    "status": "initiated",
    "timestamp": "2025-07-01T14:42:21",
    "type": "call_started",
    "uniqueid": "1751368394.2419"
}

{
    "channel": "SIP/266-000000ea",
    "privilege": "call,all",
    "timestamp": "2025-07-01T14:42:54",
    "type": "call_answered",
    "uniqueid": "1751368394.2419"
}

{
    "call_type": "external",
    "caller_id_name": "<unknown>",
    "caller_id_num": "36944000",
    "cause": "16",
    "cause_description": "",
    "cause_txt": "",
    "channel": "SIP/266-000000ea",
    "connected_line_name": "CID:36944000",
    "connected_line_num": "09186519564",
    "direction": "out",
    "end_time": "2025-07-01T14:45:11",
    "extension_number": "266",
    "has_ringing": false,
    "linkedid": "1751368394.2419",
    "other_extension_number": "09186519564",
    "raw_event": {
        "AccountCode": "",
        "CallerIDName": "<unknown>",
        "CallerIDNum": "36944000",
        "Cause": "16",
        "Cause-txt": "Normal Clearing",
        "Channel": "SIP/266-000000ea",
        "ChannelState": "6",
        "ChannelStateDesc": "Up",
        "ConnectedLineName": "CID:36944000",
        "ConnectedLineNum": "09186519564",
        "Context": "from-internal",
        "Event": "Hangup",
        "Exten": "h",
        "Language": "pr2",
        "Linkedid": "1751368394.2419",
        "Priority": "1",
        "Privilege": "call,all",
        "Uniqueid": "1751368394.2419"
    },
    "start_time": "2025-07-01T14:42:54",
    "status": "answered",
    "timestamp": "2025-07-01T14:45:11",
    "type": "call_ended",
    "uniqueid": "1751368394.2419"
}

{
    "call_duration": 136,
    "call_type": "external",
    "caller_id_name": "<unknown>",
    "caller_id_num": "36944000",
    "cause": "16",
    "cause_description": "",
    "cause_txt": "",
    "channel": "SIP/266-000000ea",
    "connected_line_name": "CID:36944000",
    "connected_line_num": "09186519564",
    "direction": "out",
    "end_time": "2025-07-01T14:45:11",
    "extension_number": "266",
    "has_ringing": false,
    "linkedid": "1751368394.2419",
    "other_extension_number": "09186519564",
    "raw_event": {
        "AccountCode": "",
        "CallerIDName": "<unknown>",
        "CallerIDNum": "36944000",
        "Cause": "16",
        "Cause-txt": "Normal Clearing",
        "Channel": "SIP/266-000000ea",
        "ChannelState": "6",
        "ChannelStateDesc": "Up",
        "ConnectedLineName": "CID:36944000",
        "ConnectedLineNum": "09186519564",
        "Context": "from-internal",
        "Event": "Hangup",
        "Exten": "h",
        "Language": "pr2",
        "Linkedid": "1751368394.2419",
        "Priority": "1",
        "Privilege": "call,all",
        "Uniqueid": "1751368394.2419"
    },
    "start_time": "2025-07-01T14:42:54",
    "status": "answered",
    "timestamp": "2025-07-01T14:45:11",
    "type": "call_summary",
    "uniqueid": "1751368394.2419"
}

{
    "extension": "266",
    "privilege": "call,all",
    "timestamp": "2025-07-01T17:25:31",
    "type": "monitor_initialized"
}

{
    "extension": "266",
    "privilege": "call,all",
    "timestamp": "2025-07-01T22:10:29",
    "type": "monitor_initialized"
}

{
    "extension": "266",
    "privilege": "call,all",
    "timestamp": "2025-07-01T22:10:49",
    "type": "monitor_initialized"
}

{
    "extension": "266",
    "privilege": "call,all",
    "timestamp": "2025-07-01T22:12:24",
    "type": "monitor_initialized"
}

{
    "extension": "266",
    "privilege": "call,all",
    "timestamp": "2025-07-01T22:13:46",
    "type": "monitor_initialized"
}

{
    "extension": "266",
    "privilege": "call,all",
    "timestamp": "2025-07-01T22:21:57",
    "type": "monitor_initialized"
}

{
    "extension": "266",
    "privilege": "call,all",
    "timestamp": "2025-07-01T22:24:21",
    "type": "monitor_initialized"
}

{
    "extension": "266",
    "privilege": "call,all",
    "timestamp": "2025-07-01T22:27:39",
    "type": "monitor_initialized"
}

{
    "extension": "266",
    "privilege": "call,all",
    "timestamp": "2025-07-01T22:30:42",
    "type": "monitor_initialized"
}

{
    "extension": "266",
    "privilege": "call,all",
    "timestamp": "2025-07-01T22:32:49",
    "type": "monitor_initialized"
}

{
    "extension": "266",
    "privilege": "call,all",
    "timestamp": "2025-07-01T23:15:48",
    "type": "monitor_initialized"
}

{
    "extension": "266",
    "privilege": "call,all",
    "timestamp": "2025-07-02T01:19:48",
    "type": "monitor_initialized"
}

{
    "extension": "266",
    "privilege": "call,all",
    "timestamp": "2025-07-02T01:38:59",
    "type": "monitor_initialized"
}

{
    "extension": "266",
    "privilege": "call,all",
    "timestamp": "2025-07-02T01:46:06",
    "type": "monitor_initialized"
}

{
    "extension": "266",
    "privilege": "call,all",
    "timestamp": "2025-07-02T03:52:41",
    "type": "monitor_initialized"
}

{
    "extension": "266",
    "privilege": "call,all",
    "timestamp": "2025-07-07T12:25:08",
    "type": "monitor_initialized"
}

{
    "call_type": "",
    "caller_id_name": "266-SUP13",
    "caller_id_num": "266",
    "channel": "SIP/266-00000b72",
    "connected_line_name": "<unknown>",
    "connected_line_num": "<unknown>",
    "direction": "",
    "end_time": "",
    "extension_number": "266",
    "has_ringing": false,
    "linkedid": "1751878744.107342",
    "other_extension_number": "",
    "start_time": "2025-07-07T12:28:12",
    "status": "initiated",
    "timestamp": "2025-07-07T12:28:12",
    "type": "call_started",
    "uniqueid": "1751878744.107342"
}

{
    "call_type": "external",
    "caller_id_name": "<unknown>",
    "caller_id_num": "36944000",
    "cause": "16",
    "cause_description": "",
    "cause_txt": "",
    "channel": "SIP/266-00000b72",
    "connected_line_name": "CID:36944000",
    "connected_line_num": "09120762421",
    "direction": "out",
    "end_time": "2025-07-07T12:28:37",
    "extension_number": "266",
    "has_ringing": false,
    "linkedid": "1751878744.107342",
    "other_extension_number": "09120762421",
    "raw_event": {
        "AccountCode": "",
        "CallerIDName": "<unknown>",
        "CallerIDNum": "36944000",
        "Cause": "16",
        "Cause-txt": "Normal Clearing",
        "Channel": "SIP/266-00000b72",
        "ChannelState": "4",
        "ChannelStateDesc": "Ring",
        "ConnectedLineName": "CID:36944000",
        "ConnectedLineNum": "09120762421",
        "Context": "from-internal",
        "Event": "Hangup",
        "Exten": "h",
        "Language": "pr2",
        "Linkedid": "1751878744.107342",
        "Priority": "1",
        "Privilege": "call,all",
        "Uniqueid": "1751878744.107342"
    },
    "start_time": "2025-07-07T12:28:12",
    "status": "initiated",
    "timestamp": "2025-07-07T12:28:37",
    "type": "call_ended",
    "uniqueid": "1751878744.107342"
}

{
    "call_duration": 25,
    "call_type": "external",
    "caller_id_name": "<unknown>",
    "caller_id_num": "36944000",
    "cause": "16",
    "cause_description": "",
    "cause_txt": "",
    "channel": "SIP/266-00000b72",
    "connected_line_name": "CID:36944000",
    "connected_line_num": "09120762421",
    "direction": "out",
    "end_time": "2025-07-07T12:28:37",
    "extension_number": "266",
    "has_ringing": false,
    "linkedid": "1751878744.107342",
    "other_extension_number": "09120762421",
    "raw_event": {
        "AccountCode": "",
        "CallerIDName": "<unknown>",
        "CallerIDNum": "36944000",
        "Cause": "16",
        "Cause-txt": "Normal Clearing",
        "Channel": "SIP/266-00000b72",
        "ChannelState": "4",
        "ChannelStateDesc": "Ring",
        "ConnectedLineName": "CID:36944000",
        "ConnectedLineNum": "09120762421",
        "Context": "from-internal",
        "Event": "Hangup",
        "Exten": "h",
        "Language": "pr2",
        "Linkedid": "1751878744.107342",
        "Priority": "1",
        "Privilege": "call,all",
        "Uniqueid": "1751878744.107342"
    },
    "start_time": "2025-07-07T12:28:12",
    "status": "initiated",
    "timestamp": "2025-07-07T12:28:37",
    "type": "call_summary",
    "uniqueid": "1751878744.107342"
}

{
    "call_type": "",
    "caller_id_name": "266-SUP13",
    "caller_id_num": "266",
    "channel": "SIP/266-00000b77",
    "connected_line_name": "<unknown>",
    "connected_line_num": "<unknown>",
    "direction": "",
    "end_time": "",
    "extension_number": "266",
    "has_ringing": false,
    "linkedid": "1751878772.107376",
    "other_extension_number": "",
    "start_time": "2025-07-07T12:28:40",
    "status": "initiated",
    "timestamp": "2025-07-07T12:28:40",
    "type": "call_started",
    "uniqueid": "1751878772.107376"
}

{
    "call_type": "external",
    "caller_id_name": "<unknown>",
    "caller_id_num": "36944000",
    "cause": "16",
    "cause_description": "",
    "cause_txt": "",
    "channel": "SIP/266-00000b77",
    "connected_line_name": "CID:36944000",
    "connected_line_num": "09120762421",
    "direction": "out",
    "end_time": "2025-07-07T12:28:57",
    "extension_number": "266",
    "has_ringing": false,
    "linkedid": "1751878772.107376",
    "other_extension_number": "09120762421",
    "raw_event": {
        "AccountCode": "",
        "CallerIDName": "<unknown>",
        "CallerIDNum": "36944000",
        "Cause": "16",
        "Cause-txt": "Normal Clearing",
        "Channel": "SIP/266-00000b77",
        "ChannelState": "4",
        "ChannelStateDesc": "Ring",
        "ConnectedLineName": "CID:36944000",
        "ConnectedLineNum": "09120762421",
        "Context": "from-internal",
        "Event": "Hangup",
        "Exten": "h",
        "Language": "pr2",
        "Linkedid": "1751878772.107376",
        "Priority": "1",
        "Privilege": "call,all",
        "Uniqueid": "1751878772.107376"
    },
    "start_time": "2025-07-07T12:28:40",
    "status": "initiated",
    "timestamp": "2025-07-07T12:28:57",
    "type": "call_ended",
    "uniqueid": "1751878772.107376"
}

{
    "call_duration": 17,
    "call_type": "external",
    "caller_id_name": "<unknown>",
    "caller_id_num": "36944000",
    "cause": "16",
    "cause_description": "",
    "cause_txt": "",
    "channel": "SIP/266-00000b77",
    "connected_line_name": "CID:36944000",
    "connected_line_num": "09120762421",
    "direction": "out",
    "end_time": "2025-07-07T12:28:57",
    "extension_number": "266",
    "has_ringing": false,
    "linkedid": "1751878772.107376",
    "other_extension_number": "09120762421",
    "raw_event": {
        "AccountCode": "",
        "CallerIDName": "<unknown>",
        "CallerIDNum": "36944000",
        "Cause": "16",
        "Cause-txt": "Normal Clearing",
        "Channel": "SIP/266-00000b77",
        "ChannelState": "4",
        "ChannelStateDesc": "Ring",
        "ConnectedLineName": "CID:36944000",
        "ConnectedLineNum": "09120762421",
        "Context": "from-internal",
        "Event": "Hangup",
        "Exten": "h",
        "Language": "pr2",
        "Linkedid": "1751878772.107376",
        "Priority": "1",
        "Privilege": "call,all",
        "Uniqueid": "1751878772.107376"
    },
    "start_time": "2025-07-07T12:28:40",
    "status": "initiated",
    "timestamp": "2025-07-07T12:28:57",
    "type": "call_summary",
    "uniqueid": "1751878772.107376"
}

{
    "call_type": "",
    "caller_id_name": "266-SUP13",
    "caller_id_num": "266",
    "channel": "SIP/266-00000b8b",
    "connected_line_name": "<unknown>",
    "connected_line_num": "<unknown>",
    "direction": "",
    "end_time": "",
    "extension_number": "266",
    "has_ringing": false,
    "linkedid": "1751878925.107571",
    "other_extension_number": "",
    "start_time": "2025-07-07T12:31:12",
    "status": "initiated",
    "timestamp": "2025-07-07T12:31:12",
    "type": "call_started",
    "uniqueid": "1751878925.107571"
}

{
    "call_type": "external",
    "caller_id_name": "<unknown>",
    "caller_id_num": "36944000",
    "cause": "16",
    "cause_description": "",
    "cause_txt": "",
    "channel": "SIP/266-00000b8b",
    "connected_line_name": "CID:36944000",
    "connected_line_num": "09120762421",
    "direction": "out",
    "end_time": "2025-07-07T12:31:29",
    "extension_number": "266",
    "has_ringing": false,
    "linkedid": "1751878925.107571",
    "other_extension_number": "09120762421",
    "raw_event": {
        "AccountCode": "",
        "CallerIDName": "<unknown>",
        "CallerIDNum": "36944000",
        "Cause": "16",
        "Cause-txt": "Normal Clearing",
        "Channel": "SIP/266-00000b8b",
        "ChannelState": "4",
        "ChannelStateDesc": "Ring",
        "ConnectedLineName": "CID:36944000",
        "ConnectedLineNum": "09120762421",
        "Context": "from-internal",
        "Event": "Hangup",
        "Exten": "h",
        "Language": "pr2",
        "Linkedid": "1751878925.107571",
        "Priority": "1",
        "Privilege": "call,all",
        "Uniqueid": "1751878925.107571"
    },
    "start_time": "2025-07-07T12:31:12",
    "status": "initiated",
    "timestamp": "2025-07-07T12:31:29",
    "type": "call_ended",
    "uniqueid": "1751878925.107571"
}

{
    "call_duration": 16,
    "call_type": "external",
    "caller_id_name": "<unknown>",
    "caller_id_num": "36944000",
    "cause": "16",
    "cause_description": "",
    "cause_txt": "",
    "channel": "SIP/266-00000b8b",
    "connected_line_name": "CID:36944000",
    "connected_line_num": "09120762421",
    "direction": "out",
    "end_time": "2025-07-07T12:31:29",
    "extension_number": "266",
    "has_ringing": false,
    "linkedid": "1751878925.107571",
    "other_extension_number": "09120762421",
    "raw_event": {
        "AccountCode": "",
        "CallerIDName": "<unknown>",
        "CallerIDNum": "36944000",
        "Cause": "16",
        "Cause-txt": "Normal Clearing",
        "Channel": "SIP/266-00000b8b",
        "ChannelState": "4",
        "ChannelStateDesc": "Ring",
        "ConnectedLineName": "CID:36944000",
        "ConnectedLineNum": "09120762421",
        "Context": "from-internal",
        "Event": "Hangup",
        "Exten": "h",
        "Language": "pr2",
        "Linkedid": "1751878925.107571",
        "Priority": "1",
        "Privilege": "call,all",
        "Uniqueid": "1751878925.107571"
    },
    "start_time": "2025-07-07T12:31:12",
    "status": "initiated",
    "timestamp": "2025-07-07T12:31:29",
    "type": "call_summary",
    "uniqueid": "1751878925.107571"
}

{
    "call_type": "",
    "caller_id_name": "266-SUP13",
    "caller_id_num": "266",
    "channel": "SIP/266-00000bb2",
    "connected_line_name": "<unknown>",
    "connected_line_num": "<unknown>",
    "direction": "",
    "end_time": "",
    "extension_number": "266",
    "has_ringing": false,
    "linkedid": "1751879269.108069",
    "other_extension_number": "",
    "start_time": "2025-07-07T12:36:57",
    "status": "initiated",
    "timestamp": "2025-07-07T12:36:57",
    "type": "call_started",
    "uniqueid": "1751879269.108072"
}

{
    "channel": "SIP/266-00000bb2",
    "privilege": "call,all",
    "timestamp": "2025-07-07T12:36:57",
    "type": "call_ringing",
    "uniqueid": "1751879269.108072"
}

{
    "call_type": "internal",
    "caller_id_name": "266-SUP13",
    "caller_id_num": "266",
    "cause": "16",
    "cause_description": "",
    "cause_txt": "",
    "channel": "SIP/266-00000bb2",
    "connected_line_name": "512-ICT3",
    "connected_line_num": "512",
    "direction": "in",
    "end_time": "2025-07-07T12:37:10",
    "extension_number": "266",
    "has_ringing": true,
    "linkedid": "1751879269.108069",
    "other_extension_number": "512",
    "raw_event": {
        "AccountCode": "",
        "CallerIDName": "266-SUP13",
        "CallerIDNum": "266",
        "Cause": "16",
        "Cause-txt": "Normal Clearing",
        "Channel": "SIP/266-00000bb2",
        "ChannelState": "5",
        "ChannelStateDesc": "Ringing",
        "ConnectedLineName": "512-ICT3",
        "ConnectedLineNum": "512",
        "Context": "from-internal",
        "Event": "Hangup",
        "Exten": "266",
        "Language": "pr2",
        "Linkedid": "1751879269.108069",
        "Priority": "1",
        "Privilege": "call,all",
        "Uniqueid": "1751879269.108072"
    },
    "start_time": "2025-07-07T12:36:57",
    "status": "ringing",
    "timestamp": "2025-07-07T12:37:10",
    "type": "call_ended",
    "uniqueid": "1751879269.108072"
}

{
    "call_duration": 13,
    "call_type": "internal",
    "caller_id_name": "266-SUP13",
    "caller_id_num": "266",
    "cause": "16",
    "cause_description": "",
    "cause_txt": "",
    "channel": "SIP/266-00000bb2",
    "connected_line_name": "512-ICT3",
    "connected_line_num": "512",
    "direction": "in",
    "end_time": "2025-07-07T12:37:10",
    "extension_number": "266",
    "has_ringing": true,
    "linkedid": "1751879269.108069",
    "other_extension_number": "512",
    "raw_event": {
        "AccountCode": "",
        "CallerIDName": "266-SUP13",
        "CallerIDNum": "266",
        "Cause": "16",
        "Cause-txt": "Normal Clearing",
        "Channel": "SIP/266-00000bb2",
        "ChannelState": "5",
        "ChannelStateDesc": "Ringing",
        "ConnectedLineName": "512-ICT3",
        "ConnectedLineNum": "512",
        "Context": "from-internal",
        "Event": "Hangup",
        "Exten": "266",
        "Language": "pr2",
        "Linkedid": "1751879269.108069",
        "Priority": "1",
        "Privilege": "call,all",
        "Uniqueid": "1751879269.108072"
    },
    "start_time": "2025-07-07T12:36:57",
    "status": "ringing",
    "timestamp": "2025-07-07T12:37:10",
    "type": "call_summary",
    "uniqueid": "1751879269.108072"
}

{
    "call_type": "",
    "caller_id_name": "266-SUP13",
    "caller_id_num": "266",
    "channel": "SIP/266-00000c32",
    "connected_line_name": "<unknown>",
    "connected_line_num": "<unknown>",
    "direction": "",
    "end_time": "",
    "extension_number": "266",
    "has_ringing": false,
    "linkedid": "1751880189.109386",
    "other_extension_number": "",
    "start_time": "2025-07-07T12:52:16",
    "status": "initiated",
    "timestamp": "2025-07-07T12:52:16",
    "type": "call_started",
    "uniqueid": "1751880189.109386"
}

{
    "channel": "SIP/266-00000c32",
    "privilege": "call,all",
    "timestamp": "2025-07-07T12:52:21",
    "type": "call_answered",
    "uniqueid": "1751880189.109386"
}

{
    "call_type": "internal",
    "caller_id_name": "266-SUP13",
    "caller_id_num": "266",
    "cause": "16",
    "cause_description": "",
    "cause_txt": "",
    "channel": "SIP/266-00000c32",
    "connected_line_name": "512-ICT3",
    "connected_line_num": "512",
    "direction": "out",
    "end_time": "2025-07-07T12:53:08",
    "extension_number": "266",
    "has_ringing": false,
    "linkedid": "1751880189.109386",
    "other_extension_number": "512",
    "raw_event": {
        "AccountCode": "",
        "CallerIDName": "266-SUP13",
        "CallerIDNum": "266",
        "Cause": "16",
        "Cause-txt": "Normal Clearing",
        "Channel": "SIP/266-00000c32",
        "ChannelState": "6",
        "ChannelStateDesc": "Up",
        "ConnectedLineName": "512-ICT3",
        "ConnectedLineNum": "512",
        "Context": "from-internal",
        "Event": "Hangup",
        "Exten": "h",
        "Language": "pr2",
        "Linkedid": "1751880189.109386",
        "Priority": "1",
        "Privilege": "call,all",
        "Uniqueid": "1751880189.109386"
    },
    "start_time": "2025-07-07T12:52:21",
    "status": "answered",
    "timestamp": "2025-07-07T12:53:08",
    "type": "call_ended",
    "uniqueid": "1751880189.109386"
}

{
    "call_duration": 46,
    "call_type": "internal",
    "caller_id_name": "266-SUP13",
    "caller_id_num": "266",
    "cause": "16",
    "cause_description": "",
    "cause_txt": "",
    "channel": "SIP/266-00000c32",
    "connected_line_name": "512-ICT3",
    "connected_line_num": "512",
    "direction": "out",
    "end_time": "2025-07-07T12:53:08",
    "extension_number": "266",
    "has_ringing": false,
    "linkedid": "1751880189.109386",
    "other_extension_number": "512",
    "raw_event": {
        "AccountCode": "",
        "CallerIDName": "266-SUP13",
        "CallerIDNum": "266",
        "Cause": "16",
        "Cause-txt": "Normal Clearing",
        "Channel": "SIP/266-00000c32",
        "ChannelState": "6",
        "ChannelStateDesc": "Up",
        "ConnectedLineName": "512-ICT3",
        "ConnectedLineNum": "512",
        "Context": "from-internal",
        "Event": "Hangup",
        "Exten": "h",
        "Language": "pr2",
        "Linkedid": "1751880189.109386",
        "Priority": "1",
        "Privilege": "call,all",
        "Uniqueid": "1751880189.109386"
    },
    "start_time": "2025-07-07T12:52:21",
    "status": "answered",
    "timestamp": "2025-07-07T12:53:08",
    "type": "call_summary",
    "uniqueid": "1751880189.109386"
}

{
    "extension": "266",
    "privilege": "call,all",
    "timestamp": "2025-07-07T12:56:52",
    "type": "monitor_initialized"
}

{
    "extension": "266",
    "privilege": "call,all",
    "timestamp": "2025-07-07T12:59:37",
    "type": "monitor_initialized"
}

{
    "extension": "266",
    "privilege": "call,all",
    "timestamp": "2025-07-07T13:02:21",
    "type": "monitor_initialized"
}

{
    "extension": "266",
    "privilege": "call,all",
    "timestamp": "2025-07-07T13:29:36",
    "type": "monitor_initialized"
}

{
    "extension": "266",
    "privilege": "call,all",
    "timestamp": "2025-07-07T13:32:57",
    "type": "monitor_initialized"
}

{
    "extension": "266",
    "privilege": "call,all",
    "timestamp": "2025-07-07T13:36:38",
    "type": "monitor_initialized"
}

{
    "extension": "266",
    "privilege": "call,all",
    "timestamp": "2025-07-07T13:42:06",
    "type": "monitor_initialized"
}

{
    "extension": "266",
    "privilege": "call,all",
    "timestamp": "2025-07-07T13:54:51",
    "type": "monitor_initialized"
}

{
    "call_type": "",
    "caller_id_name": "266-SUP13",
    "caller_id_num": "266",
    "channel": "SIP/266-00000dab",
    "connected_line_name": "<unknown>",
    "connected_line_num": "<unknown>",
    "direction": "",
    "end_time": "",
    "extension_number": "266",
    "has_ringing": false,
    "linkedid": "1751883987.114251",
    "other_extension_number": "",
    "start_time": "2025-07-07T13:55:34",
    "status": "initiated",
    "timestamp": "2025-07-07T13:55:34",
    "type": "call_started",
    "uniqueid": "1751883987.114251"
}

{
    "channel": "SIP/266-00000dab",
    "privilege": "call,all",
    "timestamp": "2025-07-07T13:55:45",
    "type": "call_answered",
    "uniqueid": "1751883987.114251"
}

{
    "call_type": "external",
    "caller_id_name": "<unknown>",
    "caller_id_num": "36944000",
    "cause": "16",
    "cause_description": "",
    "cause_txt": "",
    "channel": "SIP/266-00000dab",
    "connected_line_name": "CID:36944000",
    "connected_line_num": "09143241602",
    "direction": "out",
    "end_time": "2025-07-07T13:57:16",
    "extension_number": "266",
    "has_ringing": false,
    "linkedid": "1751883987.114251",
    "other_extension_number": "09143241602",
    "raw_event": {
        "AccountCode": "",
        "CallerIDName": "<unknown>",
        "CallerIDNum": "36944000",
        "Cause": "16",
        "Cause-txt": "Normal Clearing",
        "Channel": "SIP/266-00000dab",
        "ChannelState": "6",
        "ChannelStateDesc": "Up",
        "ConnectedLineName": "CID:36944000",
        "ConnectedLineNum": "09143241602",
        "Context": "from-internal",
        "Event": "Hangup",
        "Exten": "h",
        "Language": "pr2",
        "Linkedid": "1751883987.114251",
        "Priority": "1",
        "Privilege": "call,all",
        "Uniqueid": "1751883987.114251"
    },
    "start_time": "2025-07-07T13:55:45",
    "status": "answered",
    "timestamp": "2025-07-07T13:57:16",
    "type": "call_ended",
    "uniqueid": "1751883987.114251"
}

{
    "call_duration": 90,
    "call_type": "external",
    "caller_id_name": "<unknown>",
    "caller_id_num": "36944000",
    "cause": "16",
    "cause_description": "",
    "cause_txt": "",
    "channel": "SIP/266-00000dab",
    "connected_line_name": "CID:36944000",
    "connected_line_num": "09143241602",
    "direction": "out",
    "end_time": "2025-07-07T13:57:16",
    "extension_number": "266",
    "has_ringing": false,
    "linkedid": "1751883987.114251",
    "other_extension_number": "09143241602",
    "raw_event": {
        "AccountCode": "",
        "CallerIDName": "<unknown>",
        "CallerIDNum": "36944000",
        "Cause": "16",
        "Cause-txt": "Normal Clearing",
        "Channel": "SIP/266-00000dab",
        "ChannelState": "6",
        "ChannelStateDesc": "Up",
        "ConnectedLineName": "CID:36944000",
        "ConnectedLineNum": "09143241602",
        "Context": "from-internal",
        "Event": "Hangup",
        "Exten": "h",
        "Language": "pr2",
        "Linkedid": "1751883987.114251",
        "Priority": "1",
        "Privilege": "call,all",
        "Uniqueid": "1751883987.114251"
    },
    "start_time": "2025-07-07T13:55:45",
    "status": "answered",
    "timestamp": "2025-07-07T13:57:16",
    "type": "call_summary",
    "uniqueid": "1751883987.114251"
}

{
    "extension": "266",
    "privilege": "call,all",
    "timestamp": "2025-07-07T14:17:02",
    "type": "monitor_initialized"
}

{
    "call_type": "",
    "caller_id_name": "266-SUP13",
    "caller_id_num": "266",
    "channel": "SIP/266-00000e4d",
    "connected_line_name": "<unknown>",
    "connected_line_num": "<unknown>",
    "direction": "",
    "end_time": "",
    "extension_number": "266",
    "has_ringing": false,
    "linkedid": "1751885628.116190",
    "other_extension_number": "",
    "start_time": "2025-07-07T14:22:55",
    "status": "initiated",
    "timestamp": "2025-07-07T14:22:55",
    "type": "call_started",
    "uniqueid": "1751885628.116190"
}

{
    "channel": "SIP/266-00000e4d",
    "privilege": "call,all",
    "timestamp": "2025-07-07T14:23:06",
    "type": "call_answered",
    "uniqueid": "1751885628.116190"
}

{
    "extension": "266",
    "privilege": "call,all",
    "timestamp": "2025-07-07T14:23:57",
    "type": "monitor_initialized"
}

{
    "extension": "266",
    "privilege": "call,all",
    "timestamp": "2025-07-07T14:32:48",
    "type": "monitor_initialized"
}

{
    "extension": "266",
    "privilege": "call,all",
    "timestamp": "2025-07-07T14:36:31",
    "type": "monitor_initialized"
}

{
    "call_type": "",
    "caller_id_name": "266-SUP13",
    "caller_id_num": "266",
    "channel": "SIP/266-00000ec2",
    "connected_line_name": "<unknown>",
    "connected_line_num": "<unknown>",
    "direction": "",
    "end_time": "",
    "extension_number": "266",
    "has_ringing": false,
    "linkedid": "1751886462.119433",
    "other_extension_number": "",
    "start_time": "2025-07-07T14:36:50",
    "status": "initiated",
    "timestamp": "2025-07-07T14:36:50",
    "type": "call_started",
    "uniqueid": "1751886462.119433"
}

{
    "channel": "SIP/266-00000ec2",
    "privilege": "call,all",
    "timestamp": "2025-07-07T14:37:00",
    "type": "call_answered",
    "uniqueid": "1751886462.119433"
}

{
    "call_type": "external",
    "caller_id_name": "<unknown>",
    "caller_id_num": "36944000",
    "cause": "16",
    "cause_description": "",
    "cause_txt": "",
    "channel": "SIP/266-00000ec2",
    "connected_line_name": "CID:36944000",
    "connected_line_num": "09183106300",
    "direction": "out",
    "end_time": "2025-07-07T14:37:35",
    "extension_number": "266",
    "has_ringing": false,
    "linkedid": "1751886462.119433",
    "other_extension_number": "09183106300",
    "raw_event": {
        "AccountCode": "",
        "CallerIDName": "<unknown>",
        "CallerIDNum": "36944000",
        "Cause": "16",
        "Cause-txt": "Normal Clearing",
        "Channel": "SIP/266-00000ec2",
        "ChannelState": "6",
        "ChannelStateDesc": "Up",
        "ConnectedLineName": "CID:36944000",
        "ConnectedLineNum": "09183106300",
        "Context": "from-internal",
        "Event": "Hangup",
        "Exten": "h",
        "Language": "pr2",
        "Linkedid": "1751886462.119433",
        "Priority": "1",
        "Privilege": "call,all",
        "Uniqueid": "1751886462.119433"
    },
    "start_time": "2025-07-07T14:37:00",
    "status": "answered",
    "timestamp": "2025-07-07T14:37:35",
    "type": "call_ended",
    "uniqueid": "1751886462.119433"
}

{
    "call_duration": 35,
    "call_type": "external",
    "caller_id_name": "<unknown>",
    "caller_id_num": "36944000",
    "cause": "16",
    "cause_description": "",
    "cause_txt": "",
    "channel": "SIP/266-00000ec2",
    "connected_line_name": "CID:36944000",
    "connected_line_num": "09183106300",
    "direction": "out",
    "end_time": "2025-07-07T14:37:35",
    "extension_number": "266",
    "has_ringing": false,
    "linkedid": "1751886462.119433",
    "other_extension_number": "09183106300",
    "raw_event": {
        "AccountCode": "",
        "CallerIDName": "<unknown>",
        "CallerIDNum": "36944000",
        "Cause": "16",
        "Cause-txt": "Normal Clearing",
        "Channel": "SIP/266-00000ec2",
        "ChannelState": "6",
        "ChannelStateDesc": "Up",
        "ConnectedLineName": "CID:36944000",
        "ConnectedLineNum": "09183106300",
        "Context": "from-internal",
        "Event": "Hangup",
        "Exten": "h",
        "Language": "pr2",
        "Linkedid": "1751886462.119433",
        "Priority": "1",
        "Privilege": "call,all",
        "Uniqueid": "1751886462.119433"
    },
    "start_time": "2025-07-07T14:37:00",
    "status": "answered",
    "timestamp": "2025-07-07T14:37:35",
    "type": "call_summary",
    "uniqueid": "1751886462.119433"
}

{
    "extension": "266",
    "privilege": "call,all",
    "timestamp": "2025-07-07T14:38:43",
    "type": "monitor_initialized"
}

{
    "call_type": "",
    "caller_id_name": "266-SUP13",
    "caller_id_num": "266",
    "channel": "SIP/266-00000ef3",
    "connected_line_name": "<unknown>",
    "connected_line_num": "<unknown>",
    "direction": "",
    "end_time": "",
    "extension_number": "266",
    "has_ringing": false,
    "linkedid": "1751886737.119912",
    "other_extension_number": "",
    "start_time": "2025-07-07T14:41:24",
    "status": "initiated",
    "timestamp": "2025-07-07T14:41:24",
    "type": "call_started",
    "uniqueid": "1751886737.119912"
}

{
    "call_type": "external",
    "caller_id_name": "<unknown>",
    "caller_id_num": "36944000",
    "cause": "17",
    "cause_description": "",
    "cause_txt": "",
    "channel": "SIP/266-00000ef3",
    "connected_line_name": "CID:36944000",
    "connected_line_num": "09162996693",
    "direction": "out",
    "end_time": "2025-07-07T14:41:38",
    "extension_number": "266",
    "has_ringing": false,
    "linkedid": "1751886737.119912",
    "other_extension_number": "09162996693",
    "raw_event": {
        "AccountCode": "",
        "CallerIDName": "<unknown>",
        "CallerIDNum": "36944000",
        "Cause": "17",
        "Cause-txt": "User busy",
        "Channel": "SIP/266-00000ef3",
        "ChannelState": "7",
        "ChannelStateDesc": "Busy",
        "ConnectedLineName": "CID:36944000",
        "ConnectedLineNum": "09162996693",
        "Context": "from-internal",
        "Event": "Hangup",
        "Exten": "h",
        "Language": "pr2",
        "Linkedid": "1751886737.119912",
        "Priority": "1",
        "Privilege": "call,all",
        "Uniqueid": "1751886737.119912"
    },
    "start_time": "2025-07-07T14:41:24",
    "status": "initiated",
    "timestamp": "2025-07-07T14:41:38",
    "type": "call_ended",
    "uniqueid": "1751886737.119912"
}

{
    "call_duration": 14,
    "call_type": "external",
    "caller_id_name": "<unknown>",
    "caller_id_num": "36944000",
    "cause": "17",
    "cause_description": "",
    "cause_txt": "",
    "channel": "SIP/266-00000ef3",
    "connected_line_name": "CID:36944000",
    "connected_line_num": "09162996693",
    "direction": "out",
    "end_time": "2025-07-07T14:41:38",
    "extension_number": "266",
    "has_ringing": false,
    "linkedid": "1751886737.119912",
    "other_extension_number": "09162996693",
    "raw_event": {
        "AccountCode": "",
        "CallerIDName": "<unknown>",
        "CallerIDNum": "36944000",
        "Cause": "17",
        "Cause-txt": "User busy",
        "Channel": "SIP/266-00000ef3",
        "ChannelState": "7",
        "ChannelStateDesc": "Busy",
        "ConnectedLineName": "CID:36944000",
        "ConnectedLineNum": "09162996693",
        "Context": "from-internal",
        "Event": "Hangup",
        "Exten": "h",
        "Language": "pr2",
        "Linkedid": "1751886737.119912",
        "Priority": "1",
        "Privilege": "call,all",
        "Uniqueid": "1751886737.119912"
    },
    "start_time": "2025-07-07T14:41:24",
    "status": "initiated",
    "timestamp": "2025-07-07T14:41:38",
    "type": "call_summary",
    "uniqueid": "1751886737.119912"
}

{
    "call_type": "",
    "caller_id_name": "266-SUP13",
    "caller_id_num": "266",
    "channel": "SIP/266-00000efc",
    "connected_line_name": "<unknown>",
    "connected_line_num": "<unknown>",
    "direction": "",
    "end_time": "",
    "extension_number": "266",
    "has_ringing": false,
    "linkedid": "1751886768.119976",
    "other_extension_number": "",
    "start_time": "2025-07-07T14:41:55",
    "status": "initiated",
    "timestamp": "2025-07-07T14:41:55",
    "type": "call_started",
    "uniqueid": "1751886768.119976"
}

{
    "channel": "SIP/266-00000efc",
    "privilege": "call,all",
    "timestamp": "2025-07-07T14:42:04",
    "type": "call_answered",
    "uniqueid": "1751886768.119976"
}

{
    "call_type": "external",
    "caller_id_name": "<unknown>",
    "caller_id_num": "36944000",
    "cause": "16",
    "cause_description": "",
    "cause_txt": "",
    "channel": "SIP/266-00000efc",
    "connected_line_name": "CID:36944000",
    "connected_line_num": "09162996693",
    "direction": "out",
    "end_time": "2025-07-07T14:42:37",
    "extension_number": "266",
    "has_ringing": false,
    "linkedid": "1751886768.119976",
    "other_extension_number": "09162996693",
    "raw_event": {
        "AccountCode": "",
        "CallerIDName": "<unknown>",
        "CallerIDNum": "36944000",
        "Cause": "16",
        "Cause-txt": "Normal Clearing",
        "Channel": "SIP/266-00000efc",
        "ChannelState": "6",
        "ChannelStateDesc": "Up",
        "ConnectedLineName": "CID:36944000",
        "ConnectedLineNum": "09162996693",
        "Context": "from-internal",
        "Event": "Hangup",
        "Exten": "h",
        "Language": "pr2",
        "Linkedid": "1751886768.119976",
        "Priority": "1",
        "Privilege": "call,all",
        "Uniqueid": "1751886768.119976"
    },
    "start_time": "2025-07-07T14:42:04",
    "status": "answered",
    "timestamp": "2025-07-07T14:42:37",
    "type": "call_ended",
    "uniqueid": "1751886768.119976"
}

{
    "call_duration": 33,
    "call_type": "external",
    "caller_id_name": "<unknown>",
    "caller_id_num": "36944000",
    "cause": "16",
    "cause_description": "",
    "cause_txt": "",
    "channel": "SIP/266-00000efc",
    "connected_line_name": "CID:36944000",
    "connected_line_num": "09162996693",
    "direction": "out",
    "end_time": "2025-07-07T14:42:37",
    "extension_number": "266",
    "has_ringing": false,
    "linkedid": "1751886768.119976",
    "other_extension_number": "09162996693",
    "raw_event": {
        "AccountCode": "",
        "CallerIDName": "<unknown>",
        "CallerIDNum": "36944000",
        "Cause": "16",
        "Cause-txt": "Normal Clearing",
        "Channel": "SIP/266-00000efc",
        "ChannelState": "6",
        "ChannelStateDesc": "Up",
        "ConnectedLineName": "CID:36944000",
        "ConnectedLineNum": "09162996693",
        "Context": "from-internal",
        "Event": "Hangup",
        "Exten": "h",
        "Language": "pr2",
        "Linkedid": "1751886768.119976",
        "Priority": "1",
        "Privilege": "call,all",
        "Uniqueid": "1751886768.119976"
    },
    "start_time": "2025-07-07T14:42:04",
    "status": "answered",
    "timestamp": "2025-07-07T14:42:37",
    "type": "call_summary",
    "uniqueid": "1751886768.119976"
}

{
    "call_type": "",
    "caller_id_name": "266-SUP13",
    "caller_id_num": "266",
    "channel": "SIP/266-00000f27",
    "connected_line_name": "<unknown>",
    "connected_line_num": "<unknown>",
    "direction": "",
    "end_time": "",
    "extension_number": "266",
    "has_ringing": false,
    "linkedid": "1751887158.120452",
    "other_extension_number": "",
    "start_time": "2025-07-07T14:48:26",
    "status": "initiated",
    "timestamp": "2025-07-07T14:48:26",
    "type": "call_started",
    "uniqueid": "1751887158.120452"
}

{
    "call_type": "external",
    "caller_id_name": "<unknown>",
    "caller_id_num": "36944000",
    "cause": "17",
    "cause_description": "",
    "cause_txt": "",
    "channel": "SIP/266-00000f27",
    "connected_line_name": "CID:36944000",
    "connected_line_num": "09166694623",
    "direction": "out",
    "end_time": "2025-07-07T14:49:12",
    "extension_number": "266",
    "has_ringing": false,
    "linkedid": "1751887158.120452",
    "other_extension_number": "09166694623",
    "raw_event": {
        "AccountCode": "",
        "CallerIDName": "<unknown>",
        "CallerIDNum": "36944000",
        "Cause": "17",
        "Cause-txt": "User busy",
        "Channel": "SIP/266-00000f27",
        "ChannelState": "7",
        "ChannelStateDesc": "Busy",
        "ConnectedLineName": "CID:36944000",
        "ConnectedLineNum": "09166694623",
        "Context": "from-internal",
        "Event": "Hangup",
        "Exten": "h",
        "Language": "pr2",
        "Linkedid": "1751887158.120452",
        "Priority": "1",
        "Privilege": "call,all",
        "Uniqueid": "1751887158.120452"
    },
    "start_time": "2025-07-07T14:48:26",
    "status": "initiated",
    "timestamp": "2025-07-07T14:49:12",
    "type": "call_ended",
    "uniqueid": "1751887158.120452"
}

{
    "call_duration": 46,
    "call_type": "external",
    "caller_id_name": "<unknown>",
    "caller_id_num": "36944000",
    "cause": "17",
    "cause_description": "",
    "cause_txt": "",
    "channel": "SIP/266-00000f27",
    "connected_line_name": "CID:36944000",
    "connected_line_num": "09166694623",
    "direction": "out",
    "end_time": "2025-07-07T14:49:12",
    "extension_number": "266",
    "has_ringing": false,
    "linkedid": "1751887158.120452",
    "other_extension_number": "09166694623",
    "raw_event": {
        "AccountCode": "",
        "CallerIDName": "<unknown>",
        "CallerIDNum": "36944000",
        "Cause": "17",
        "Cause-txt": "User busy",
        "Channel": "SIP/266-00000f27",
        "ChannelState": "7",
        "ChannelStateDesc": "Busy",
        "ConnectedLineName": "CID:36944000",
        "ConnectedLineNum": "09166694623",
        "Context": "from-internal",
        "Event": "Hangup",
        "Exten": "h",
        "Language": "pr2",
        "Linkedid": "1751887158.120452",
        "Priority": "1",
        "Privilege": "call,all",
        "Uniqueid": "1751887158.120452"
    },
    "start_time": "2025-07-07T14:48:26",
    "status": "initiated",
    "timestamp": "2025-07-07T14:49:12",
    "type": "call_summary",
    "uniqueid": "1751887158.120452"
}

{
    "extension": "266",
    "privilege": "call,all",
    "timestamp": "2025-07-07T14:50:12",
    "type": "monitor_initialized"
}

{
    "extension": "266",
    "privilege": "call,all",
    "timestamp": "2025-07-07T14:54:02",
    "type": "monitor_initialized"
}

{
    "call_type": "",
    "caller_id_name": "266-SUP13",
    "caller_id_num": "266",
    "channel": "SIP/266-00000f9b",
    "connected_line_name": "<unknown>",
    "connected_line_num": "<unknown>",
    "direction": "",
    "end_time": "",
    "extension_number": "266",
    "has_ringing": false,
    "linkedid": "1751888025.121806",
    "other_extension_number": "",
    "start_time": "2025-07-07T15:02:52",
    "status": "initiated",
    "timestamp": "2025-07-07T15:02:52",
    "type": "call_started",
    "uniqueid": "1751888025.121806"
}

{
    "call_type": "external",
    "caller_id_name": "<unknown>",
    "caller_id_num": "36944000",
    "cause": "16",
    "cause_description": "",
    "cause_txt": "",
    "channel": "SIP/266-00000f9b",
    "connected_line_name": "CID:36944000",
    "connected_line_num": "09114743405",
    "direction": "out",
    "end_time": "2025-07-07T15:03:20",
    "extension_number": "266",
    "has_ringing": false,
    "linkedid": "1751888025.121806",
    "other_extension_number": "09114743405",
    "raw_event": {
        "AccountCode": "",
        "CallerIDName": "<unknown>",
        "CallerIDNum": "36944000",
        "Cause": "16",
        "Cause-txt": "Normal Clearing",
        "Channel": "SIP/266-00000f9b",
        "ChannelState": "4",
        "ChannelStateDesc": "Ring",
        "ConnectedLineName": "CID:36944000",
        "ConnectedLineNum": "09114743405",
        "Context": "from-internal",
        "Event": "Hangup",
        "Exten": "h",
        "Language": "pr2",
        "Linkedid": "1751888025.121806",
        "Priority": "1",
        "Privilege": "call,all",
        "Uniqueid": "1751888025.121806"
    },
    "start_time": "2025-07-07T15:02:52",
    "status": "initiated",
    "timestamp": "2025-07-07T15:03:20",
    "type": "call_ended",
    "uniqueid": "1751888025.121806"
}

{
    "call_duration": 27,
    "call_type": "external",
    "caller_id_name": "<unknown>",
    "caller_id_num": "36944000",
    "cause": "16",
    "cause_description": "",
    "cause_txt": "",
    "channel": "SIP/266-00000f9b",
    "connected_line_name": "CID:36944000",
    "connected_line_num": "09114743405",
    "direction": "out",
    "end_time": "2025-07-07T15:03:20",
    "extension_number": "266",
    "has_ringing": false,
    "linkedid": "1751888025.121806",
    "other_extension_number": "09114743405",
    "raw_event": {
        "AccountCode": "",
        "CallerIDName": "<unknown>",
        "CallerIDNum": "36944000",
        "Cause": "16",
        "Cause-txt": "Normal Clearing",
        "Channel": "SIP/266-00000f9b",
        "ChannelState": "4",
        "ChannelStateDesc": "Ring",
        "ConnectedLineName": "CID:36944000",
        "ConnectedLineNum": "09114743405",
        "Context": "from-internal",
        "Event": "Hangup",
        "Exten": "h",
        "Language": "pr2",
        "Linkedid": "1751888025.121806",
        "Priority": "1",
        "Privilege": "call,all",
        "Uniqueid": "1751888025.121806"
    },
    "start_time": "2025-07-07T15:02:52",
    "status": "initiated",
    "timestamp": "2025-07-07T15:03:20",
    "type": "call_summary",
    "uniqueid": "1751888025.121806"
}

{
    "call_type": "",
    "caller_id_name": "266-SUP13",
    "caller_id_num": "266",
    "channel": "SIP/266-00000fac",
    "connected_line_name": "<unknown>",
    "connected_line_num": "<unknown>",
    "direction": "",
    "end_time": "",
    "extension_number": "266",
    "has_ringing": false,
    "linkedid": "1751888094.121974",
    "other_extension_number": "",
    "start_time": "2025-07-07T15:04:01",
    "status": "initiated",
    "timestamp": "2025-07-07T15:04:01",
    "type": "call_started",
    "uniqueid": "1751888094.121974"
}

{
    "call_type": "external",
    "caller_id_name": "<unknown>",
    "caller_id_num": "266",
    "cause": "20",
    "cause_description": "",
    "cause_txt": "",
    "channel": "SIP/266-00000fac",
    "connected_line_name": "CID:36944000",
    "connected_line_num": "09114743405",
    "direction": "out",
    "end_time": "2025-07-07T15:04:05",
    "extension_number": "266",
    "has_ringing": false,
    "linkedid": "1751888094.121974",
    "other_extension_number": "09114743405",
    "raw_event": {
        "AccountCode": "",
        "CallerIDName": "<unknown>",
        "CallerIDNum": "266",
        "Cause": "20",
        "Cause-txt": "Subscriber absent",
        "Channel": "SIP/266-00000fac",
        "ChannelState": "4",
        "ChannelStateDesc": "Ring",
        "ConnectedLineName": "CID:36944000",
        "ConnectedLineNum": "09114743405",
        "Context": "from-internal",
        "Event": "Hangup",
        "Exten": "h",
        "Language": "pr2",
        "Linkedid": "1751888094.121974",
        "Priority": "1",
        "Privilege": "call,all",
        "Uniqueid": "1751888094.121974"
    },
    "start_time": "2025-07-07T15:04:01",
    "status": "initiated",
    "timestamp": "2025-07-07T15:04:05",
    "type": "call_ended",
    "uniqueid": "1751888094.121974"
}

{
    "call_duration": 4,
    "call_type": "external",
    "caller_id_name": "<unknown>",
    "caller_id_num": "266",
    "cause": "20",
    "cause_description": "",
    "cause_txt": "",
    "channel": "SIP/266-00000fac",
    "connected_line_name": "CID:36944000",
    "connected_line_num": "09114743405",
    "direction": "out",
    "end_time": "2025-07-07T15:04:05",
    "extension_number": "266",
    "has_ringing": false,
    "linkedid": "1751888094.121974",
    "other_extension_number": "09114743405",
    "raw_event": {
        "AccountCode": "",
        "CallerIDName": "<unknown>",
        "CallerIDNum": "266",
        "Cause": "20",
        "Cause-txt": "Subscriber absent",
        "Channel": "SIP/266-00000fac",
        "ChannelState": "4",
        "ChannelStateDesc": "Ring",
        "ConnectedLineName": "CID:36944000",
        "ConnectedLineNum": "09114743405",
        "Context": "from-internal",
        "Event": "Hangup",
        "Exten": "h",
        "Language": "pr2",
        "Linkedid": "1751888094.121974",
        "Priority": "1",
        "Privilege": "call,all",
        "Uniqueid": "1751888094.121974"
    },
    "start_time": "2025-07-07T15:04:01",
    "status": "initiated",
    "timestamp": "2025-07-07T15:04:05",
    "type": "call_summary",
    "uniqueid": "1751888094.121974"
}

{
    "call_type": "",
    "caller_id_name": "266-SUP13",
    "caller_id_num": "266",
    "channel": "SIP/266-00000fb6",
    "connected_line_name": "<unknown>",
    "connected_line_num": "<unknown>",
    "direction": "",
    "end_time": "",
    "extension_number": "266",
    "has_ringing": false,
    "linkedid": "1751888112.122049",
    "other_extension_number": "",
    "start_time": "2025-07-07T15:04:19",
    "status": "initiated",
    "timestamp": "2025-07-07T15:04:19",
    "type": "call_started",
    "uniqueid": "1751888112.122049"
}

{
    "call_type": "external",
    "caller_id_name": "266-SUP13",
    "caller_id_num": "266",
    "cause": "16",
    "cause_description": "",
    "cause_txt": "",
    "channel": "SIP/266-00000fb6",
    "connected_line_name": "<unknown>",
    "connected_line_num": "<unknown>",
    "direction": "out",
    "end_time": "2025-07-07T15:04:19",
    "extension_number": "266",
    "has_ringing": false,
    "linkedid": "1751888112.122049",
    "other_extension_number": "<unknown>",
    "raw_event": {
        "AccountCode": "",
        "CallerIDName": "266-SUP13",
        "CallerIDNum": "266",
        "Cause": "16",
        "Cause-txt": "Normal Clearing",
        "Channel": "SIP/266-00000fb6",
        "ChannelState": "4",
        "ChannelStateDesc": "Ring",
        "ConnectedLineName": "<unknown>",
        "ConnectedLineNum": "<unknown>",
        "Context": "from-internal",
        "Event": "Hangup",
        "Exten": "h",
        "Language": "pr2",
        "Linkedid": "1751888112.122049",
        "Priority": "1",
        "Privilege": "call,all",
        "Uniqueid": "1751888112.122049"
    },
    "start_time": "2025-07-07T15:04:19",
    "status": "initiated",
    "timestamp": "2025-07-07T15:04:19",
    "type": "call_ended",
    "uniqueid": "1751888112.122049"
}

{
    "call_duration": 0,
    "call_type": "external",
    "caller_id_name": "266-SUP13",
    "caller_id_num": "266",
    "cause": "16",
    "cause_description": "",
    "cause_txt": "",
    "channel": "SIP/266-00000fb6",
    "connected_line_name": "<unknown>",
    "connected_line_num": "<unknown>",
    "direction": "out",
    "end_time": "2025-07-07T15:04:19",
    "extension_number": "266",
    "has_ringing": false,
    "linkedid": "1751888112.122049",
    "other_extension_number": "<unknown>",
    "raw_event": {
        "AccountCode": "",
        "CallerIDName": "266-SUP13",
        "CallerIDNum": "266",
        "Cause": "16",
        "Cause-txt": "Normal Clearing",
        "Channel": "SIP/266-00000fb6",
        "ChannelState": "4",
        "ChannelStateDesc": "Ring",
        "ConnectedLineName": "<unknown>",
        "ConnectedLineNum": "<unknown>",
        "Context": "from-internal",
        "Event": "Hangup",
        "Exten": "h",
        "Language": "pr2",
        "Linkedid": "1751888112.122049",
        "Priority": "1",
        "Privilege": "call,all",
        "Uniqueid": "1751888112.122049"
    },
    "start_time": "2025-07-07T15:04:19",
    "status": "initiated",
    "timestamp": "2025-07-07T15:04:19",
    "type": "call_summary",
    "uniqueid": "1751888112.122049"
}

{
    "extension": "266",
    "privilege": "call,all",
    "timestamp": "2025-07-07T15:10:16",
    "type": "monitor_initialized"
}

{
    "call_type": "",
    "caller_id_name": "266-SUP13",
    "caller_id_num": "266",
    "channel": "SIP/266-00000ff7",
    "connected_line_name": "<unknown>",
    "connected_line_num": "<unknown>",
    "direction": "",
    "end_time": "",
    "extension_number": "266",
    "has_ringing": false,
    "linkedid": "1751888691.122807",
    "other_extension_number": "",
    "start_time": "2025-07-07T15:13:59",
    "status": "initiated",
    "timestamp": "2025-07-07T15:13:59",
    "type": "call_started",
    "uniqueid": "1751888691.122807"
}

{
    "call_type": "external",
    "caller_id_name": "<unknown>",
    "caller_id_num": "36944000",
    "cause": "16",
    "cause_description": "",
    "cause_txt": "",
    "channel": "SIP/266-00000ff7",
    "connected_line_name": "CID:36944000",
    "connected_line_num": "09114743405",
    "direction": "out",
    "end_time": "2025-07-07T15:14:47",
    "extension_number": "266",
    "has_ringing": false,
    "linkedid": "1751888691.122807",
    "other_extension_number": "09114743405",
    "raw_event": {
        "AccountCode": "",
        "CallerIDName": "<unknown>",
        "CallerIDNum": "36944000",
        "Cause": "16",
        "Cause-txt": "Normal Clearing",
        "Channel": "SIP/266-00000ff7",
        "ChannelState": "4",
        "ChannelStateDesc": "Ring",
        "ConnectedLineName": "CID:36944000",
        "ConnectedLineNum": "09114743405",
        "Context": "from-internal",
        "Event": "Hangup",
        "Exten": "h",
        "Language": "pr2",
        "Linkedid": "1751888691.122807",
        "Priority": "1",
        "Privilege": "call,all",
        "Uniqueid": "1751888691.122807"
    },
    "start_time": "2025-07-07T15:13:59",
    "status": "initiated",
    "timestamp": "2025-07-07T15:14:47",
    "type": "call_ended",
    "uniqueid": "1751888691.122807"
}

{
    "call_duration": 48,
    "call_type": "external",
    "caller_id_name": "<unknown>",
    "caller_id_num": "36944000",
    "cause": "16",
    "cause_description": "",
    "cause_txt": "",
    "channel": "SIP/266-00000ff7",
    "connected_line_name": "CID:36944000",
    "connected_line_num": "09114743405",
    "direction": "out",
    "end_time": "2025-07-07T15:14:47",
    "extension_number": "266",
    "has_ringing": false,
    "linkedid": "1751888691.122807",
    "other_extension_number": "09114743405",
    "raw_event": {
        "AccountCode": "",
        "CallerIDName": "<unknown>",
        "CallerIDNum": "36944000",
        "Cause": "16",
        "Cause-txt": "Normal Clearing",
        "Channel": "SIP/266-00000ff7",
        "ChannelState": "4",
        "ChannelStateDesc": "Ring",
        "ConnectedLineName": "CID:36944000",
        "ConnectedLineNum": "09114743405",
        "Context": "from-internal",
        "Event": "Hangup",
        "Exten": "h",
        "Language": "pr2",
        "Linkedid": "1751888691.122807",
        "Priority": "1",
        "Privilege": "call,all",
        "Uniqueid": "1751888691.122807"
    },
    "start_time": "2025-07-07T15:13:59",
    "status": "initiated",
    "timestamp": "2025-07-07T15:14:47",
    "type": "call_summary",
    "uniqueid": "1751888691.122807"
}

{
    "call_type": "",
    "caller_id_name": "266-SUP13",
    "caller_id_num": "266",
    "channel": "SIP/266-00001062",
    "connected_line_name": "<unknown>",
    "connected_line_num": "<unknown>",
    "direction": "",
    "end_time": "",
    "extension_number": "266",
    "has_ringing": false,
    "linkedid": "1751889812.123974",
    "other_extension_number": "",
    "start_time": "2025-07-07T15:32:39",
    "status": "initiated",
    "timestamp": "2025-07-07T15:32:39",
    "type": "call_started",
    "uniqueid": "1751889812.123974"
}

{
    "channel": "SIP/266-00001062",
    "privilege": "call,all",
    "timestamp": "2025-07-07T15:33:13",
    "type": "call_answered",
    "uniqueid": "1751889812.123974"
}

{
    "call_type": "external",
    "caller_id_name": "<unknown>",
    "caller_id_num": "36944000",
    "cause": "16",
    "cause_description": "",
    "cause_txt": "",
    "channel": "SIP/266-00001062",
    "connected_line_name": "CID:36944000",
    "connected_line_num": "09900373876",
    "direction": "out",
    "end_time": "2025-07-07T15:37:00",
    "extension_number": "266",
    "has_ringing": false,
    "linkedid": "1751889812.123974",
    "other_extension_number": "09900373876",
    "raw_event": {
        "AccountCode": "",
        "CallerIDName": "<unknown>",
        "CallerIDNum": "36944000",
        "Cause": "16",
        "Cause-txt": "Normal Clearing",
        "Channel": "SIP/266-00001062",
        "ChannelState": "6",
        "ChannelStateDesc": "Up",
        "ConnectedLineName": "CID:36944000",
        "ConnectedLineNum": "09900373876",
        "Context": "from-internal",
        "Event": "Hangup",
        "Exten": "h",
        "Language": "pr2",
        "Linkedid": "1751889812.123974",
        "Priority": "1",
        "Privilege": "call,all",
        "Uniqueid": "1751889812.123974"
    },
    "start_time": "2025-07-07T15:33:13",
    "status": "answered",
    "timestamp": "2025-07-07T15:37:00",
    "type": "call_ended",
    "uniqueid": "1751889812.123974"
}

{
    "call_duration": 226,
    "call_type": "external",
    "caller_id_name": "<unknown>",
    "caller_id_num": "36944000",
    "cause": "16",
    "cause_description": "",
    "cause_txt": "",
    "channel": "SIP/266-00001062",
    "connected_line_name": "CID:36944000",
    "connected_line_num": "09900373876",
    "direction": "out",
    "end_time": "2025-07-07T15:37:00",
    "extension_number": "266",
    "has_ringing": false,
    "linkedid": "1751889812.123974",
    "other_extension_number": "09900373876",
    "raw_event": {
        "AccountCode": "",
        "CallerIDName": "<unknown>",
        "CallerIDNum": "36944000",
        "Cause": "16",
        "Cause-txt": "Normal Clearing",
        "Channel": "SIP/266-00001062",
        "ChannelState": "6",
        "ChannelStateDesc": "Up",
        "ConnectedLineName": "CID:36944000",
        "ConnectedLineNum": "09900373876",
        "Context": "from-internal",
        "Event": "Hangup",
        "Exten": "h",
        "Language": "pr2",
        "Linkedid": "1751889812.123974",
        "Priority": "1",
        "Privilege": "call,all",
        "Uniqueid": "1751889812.123974"
    },
    "start_time": "2025-07-07T15:33:13",
    "status": "answered",
    "timestamp": "2025-07-07T15:37:00",
    "type": "call_summary",
    "uniqueid": "1751889812.123974"
}

{
    "call_type": "",
    "caller_id_name": "266-SUP13",
    "caller_id_num": "266",
    "channel": "SIP/266-000010a2",
    "connected_line_name": "<unknown>",
    "connected_line_num": "<unknown>",
    "direction": "",
    "end_time": "",
    "extension_number": "266",
    "has_ringing": false,
    "linkedid": "1751890320.124552",
    "other_extension_number": "",
    "start_time": "2025-07-07T15:41:08",
    "status": "initiated",
    "timestamp": "2025-07-07T15:41:08",
    "type": "call_started",
    "uniqueid": "1751890320.124552"
}

{
    "channel": "SIP/266-000010a2",
    "privilege": "call,all",
    "timestamp": "2025-07-07T15:41:19",
    "type": "call_answered",
    "uniqueid": "1751890320.124552"
}

{
    "call_type": "external",
    "caller_id_name": "<unknown>",
    "caller_id_num": "36944000",
    "cause": "16",
    "cause_description": "",
    "cause_txt": "",
    "channel": "SIP/266-000010a2",
    "connected_line_name": "CID:36944000",
    "connected_line_num": "09183106300",
    "direction": "out",
    "end_time": "2025-07-07T15:42:03",
    "extension_number": "266",
    "has_ringing": false,
    "linkedid": "1751890320.124552",
    "other_extension_number": "09183106300",
    "raw_event": {
        "AccountCode": "",
        "CallerIDName": "<unknown>",
        "CallerIDNum": "36944000",
        "Cause": "16",
        "Cause-txt": "Normal Clearing",
        "Channel": "SIP/266-000010a2",
        "ChannelState": "6",
        "ChannelStateDesc": "Up",
        "ConnectedLineName": "CID:36944000",
        "ConnectedLineNum": "09183106300",
        "Context": "from-internal",
        "Event": "Hangup",
        "Exten": "h",
        "Language": "pr2",
        "Linkedid": "1751890320.124552",
        "Priority": "1",
        "Privilege": "call,all",
        "Uniqueid": "1751890320.124552"
    },
    "start_time": "2025-07-07T15:41:19",
    "status": "answered",
    "timestamp": "2025-07-07T15:42:03",
    "type": "call_ended",
    "uniqueid": "1751890320.124552"
}

{
    "call_duration": 44,
    "call_type": "external",
    "caller_id_name": "<unknown>",
    "caller_id_num": "36944000",
    "cause": "16",
    "cause_description": "",
    "cause_txt": "",
    "channel": "SIP/266-000010a2",
    "connected_line_name": "CID:36944000",
    "connected_line_num": "09183106300",
    "direction": "out",
    "end_time": "2025-07-07T15:42:03",
    "extension_number": "266",
    "has_ringing": false,
    "linkedid": "1751890320.124552",
    "other_extension_number": "09183106300",
    "raw_event": {
        "AccountCode": "",
        "CallerIDName": "<unknown>",
        "CallerIDNum": "36944000",
        "Cause": "16",
        "Cause-txt": "Normal Clearing",
        "Channel": "SIP/266-000010a2",
        "ChannelState": "6",
        "ChannelStateDesc": "Up",
        "ConnectedLineName": "CID:36944000",
        "ConnectedLineNum": "09183106300",
        "Context": "from-internal",
        "Event": "Hangup",
        "Exten": "h",
        "Language": "pr2",
        "Linkedid": "1751890320.124552",
        "Priority": "1",
        "Privilege": "call,all",
        "Uniqueid": "1751890320.124552"
    },
    "start_time": "2025-07-07T15:41:19",
    "status": "answered",
    "timestamp": "2025-07-07T15:42:03",
    "type": "call_summary",
    "uniqueid": "1751890320.124552"
}

{
    "call_type": "",
    "caller_id_name": "266-SUP13",
    "caller_id_num": "266",
    "channel": "SIP/266-000010bd",
    "connected_line_name": "<unknown>",
    "connected_line_num": "<unknown>",
    "direction": "",
    "end_time": "",
    "extension_number": "266",
    "has_ringing": false,
    "linkedid": "1751890493.124858",
    "other_extension_number": "",
    "start_time": "2025-07-07T15:44:00",
    "status": "initiated",
    "timestamp": "2025-07-07T15:44:00",
    "type": "call_started",
    "uniqueid": "1751890493.124858"
}

{
    "channel": "SIP/266-000010bd",
    "privilege": "call,all",
    "timestamp": "2025-07-07T15:44:15",
    "type": "call_answered",
    "uniqueid": "1751890493.124858"
}

{
    "call_type": "external",
    "caller_id_name": "<unknown>",
    "caller_id_num": "36944000",
    "cause": "16",
    "cause_description": "",
    "cause_txt": "",
    "channel": "SIP/266-000010bd",
    "connected_line_name": "CID:36944000",
    "connected_line_num": "09141878207",
    "direction": "out",
    "end_time": "2025-07-07T15:47:00",
    "extension_number": "266",
    "has_ringing": false,
    "linkedid": "1751890493.124858",
    "other_extension_number": "09141878207",
    "raw_event": {
        "AccountCode": "",
        "CallerIDName": "<unknown>",
        "CallerIDNum": "36944000",
        "Cause": "16",
        "Cause-txt": "Normal Clearing",
        "Channel": "SIP/266-000010bd",
        "ChannelState": "6",
        "ChannelStateDesc": "Up",
        "ConnectedLineName": "CID:36944000",
        "ConnectedLineNum": "09141878207",
        "Context": "from-internal",
        "Event": "Hangup",
        "Exten": "h",
        "Language": "pr2",
        "Linkedid": "1751890493.124858",
        "Priority": "1",
        "Privilege": "call,all",
        "Uniqueid": "1751890493.124858"
    },
    "start_time": "2025-07-07T15:44:15",
    "status": "answered",
    "timestamp": "2025-07-07T15:47:00",
    "type": "call_ended",
    "uniqueid": "1751890493.124858"
}

{
    "call_duration": 164,
    "call_type": "external",
    "caller_id_name": "<unknown>",
    "caller_id_num": "36944000",
    "cause": "16",
    "cause_description": "",
    "cause_txt": "",
    "channel": "SIP/266-000010bd",
    "connected_line_name": "CID:36944000",
    "connected_line_num": "09141878207",
    "direction": "out",
    "end_time": "2025-07-07T15:47:00",
    "extension_number": "266",
    "has_ringing": false,
    "linkedid": "1751890493.124858",
    "other_extension_number": "09141878207",
    "raw_event": {
        "AccountCode": "",
        "CallerIDName": "<unknown>",
        "CallerIDNum": "36944000",
        "Cause": "16",
        "Cause-txt": "Normal Clearing",
        "Channel": "SIP/266-000010bd",
        "ChannelState": "6",
        "ChannelStateDesc": "Up",
        "ConnectedLineName": "CID:36944000",
        "ConnectedLineNum": "09141878207",
        "Context": "from-internal",
        "Event": "Hangup",
        "Exten": "h",
        "Language": "pr2",
        "Linkedid": "1751890493.124858",
        "Priority": "1",
        "Privilege": "call,all",
        "Uniqueid": "1751890493.124858"
    },
    "start_time": "2025-07-07T15:44:15",
    "status": "answered",
    "timestamp": "2025-07-07T15:47:00",
    "type": "call_summary",
    "uniqueid": "1751890493.124858"
}

{
    "extension": "266",
    "privilege": "call,all",
    "timestamp": "2025-07-09T18:52:09",
    "type": "monitor_initialized"
}

{
    "extension": "266",
    "privilege": "call,all",
    "timestamp": "2025-07-09T18:54:21",
    "type": "monitor_initialized"
}

{
    "extension": "266",
    "privilege": "call,all",
    "timestamp": "2025-07-09T19:03:17",
    "type": "monitor_initialized"
}

{
    "extension": "266",
    "privilege": "call,all",
    "timestamp": "2025-07-20T19:00:01",
    "type": "monitor_initialized"
}

{
    "extension": "266",
    "privilege": "call,all",
    "timestamp": "2025-07-20T19:18:36",
    "type": "monitor_initialized"
}

{
    "extension": "266",
    "privilege": "call,all",
    "timestamp": "2025-07-29T22:39:18",
    "type": "monitor_initialized"
}

{
    "call_type": "",
    "caller_id_name": "266-SUP13",
    "caller_id_num": "266",
    "channel": "SIP/266-0000c9a4",
    "connected_line_name": "<unknown>",
    "connected_line_num": "<unknown>",
    "direction": "",
    "end_time": "",
    "extension_number": "266",
    "has_ringing": false,
    "linkedid": "1753850946.826372",
    "other_extension_number": "",
    "start_time": "2025-07-30T08:18:14",
    "status": "initiated",
    "timestamp": "2025-07-30T08:18:14",
    "type": "call_started",
    "uniqueid": "1753850946.826375"
}

{
    "channel": "SIP/266-0000c9a4",
    "privilege": "call,all",
    "timestamp": "2025-07-30T08:18:14",
    "type": "call_ringing",
    "uniqueid": "1753850946.826375"
}

{
    "channel": "SIP/266-0000c9a4",
    "privilege": "call,all",
    "timestamp": "2025-07-30T08:18:19",
    "type": "call_answered",
    "uniqueid": "1753850946.826375"
}

{
    "call_type": "internal",
    "caller_id_name": "266-SUP13",
    "caller_id_num": "266",
    "cause": "16",
    "cause_description": "",
    "cause_txt": "",
    "channel": "SIP/266-0000c9a4",
    "connected_line_name": "256-SUP6",
    "connected_line_num": "256",
    "direction": "in",
    "end_time": "2025-07-30T08:19:12",
    "extension_number": "266",
    "has_ringing": true,
    "linkedid": "1753850946.826372",
    "other_extension_number": "256",
    "raw_event": {
        "AccountCode": "",
        "CallerIDName": "266-SUP13",
        "CallerIDNum": "266",
        "Cause": "16",
        "Cause-txt": "Normal Clearing",
        "Channel": "SIP/266-0000c9a4",
        "ChannelState": "6",
        "ChannelStateDesc": "Up",
        "ConnectedLineName": "256-SUP6",
        "ConnectedLineNum": "256",
        "Context": "from-internal",
        "Event": "Hangup",
        "Exten": "",
        "Language": "pr2",
        "Linkedid": "1753850946.826372",
        "Priority": "1",
        "Privilege": "call,all",
        "Uniqueid": "1753850946.826375"
    },
    "start_time": "2025-07-30T08:18:19",
    "status": "answered",
    "timestamp": "2025-07-30T08:19:12",
    "type": "call_ended",
    "uniqueid": "1753850946.826375"
}

{
    "call_duration": 52,
    "call_type": "internal",
    "caller_id_name": "266-SUP13",
    "caller_id_num": "266",
    "cause": "16",
    "cause_description": "",
    "cause_txt": "",
    "channel": "SIP/266-0000c9a4",
    "connected_line_name": "256-SUP6",
    "connected_line_num": "256",
    "direction": "in",
    "end_time": "2025-07-30T08:19:12",
    "extension_number": "266",
    "has_ringing": true,
    "linkedid": "1753850946.826372",
    "other_extension_number": "256",
    "raw_event": {
        "AccountCode": "",
        "CallerIDName": "266-SUP13",
        "CallerIDNum": "266",
        "Cause": "16",
        "Cause-txt": "Normal Clearing",
        "Channel": "SIP/266-0000c9a4",
        "ChannelState": "6",
        "ChannelStateDesc": "Up",
        "ConnectedLineName": "256-SUP6",
        "ConnectedLineNum": "256",
        "Context": "from-internal",
        "Event": "Hangup",
        "Exten": "",
        "Language": "pr2",
        "Linkedid": "1753850946.826372",
        "Priority": "1",
        "Privilege": "call,all",
        "Uniqueid": "1753850946.826375"
    },
    "start_time": "2025-07-30T08:18:19",
    "status": "answered",
    "timestamp": "2025-07-30T08:19:12",
    "type": "call_summary",
    "uniqueid": "1753850946.826375"
}

{
    "call_type": "",
    "caller_id_name": "266-SUP13",
    "caller_id_num": "266",
    "channel": "SIP/266-0000c9ac",
    "connected_line_name": "<unknown>",
    "connected_line_num": "<unknown>",
    "direction": "",
    "end_time": "",
    "extension_number": "266",
    "has_ringing": false,
    "linkedid": "1753851059.826492",
    "other_extension_number": "",
    "start_time": "2025-07-30T08:20:06",
    "status": "initiated",
    "timestamp": "2025-07-30T08:20:06",
    "type": "call_started",
    "uniqueid": "1753851059.826492"
}

{
    "call_type": "internal",
    "caller_id_name": "266-SUP13",
    "caller_id_num": "266",
    "cause": "17",
    "cause_description": "",
    "cause_txt": "",
    "channel": "SIP/266-0000c9ac",
    "connected_line_name": "CID:266",
    "connected_line_num": "115",
    "direction": "out",
    "end_time": "2025-07-30T08:20:06",
    "extension_number": "266",
    "has_ringing": false,
    "linkedid": "1753851059.826492",
    "other_extension_number": "115",
    "raw_event": {
        "AccountCode": "",
        "CallerIDName": "266-SUP13",
        "CallerIDNum": "266",
        "Cause": "17",
        "Cause-txt": "User busy",
        "Channel": "SIP/266-0000c9ac",
        "ChannelState": "7",
        "ChannelStateDesc": "Busy",
        "ConnectedLineName": "CID:266",
        "ConnectedLineNum": "115",
        "Context": "from-internal",
        "Event": "Hangup",
        "Exten": "h",
        "Language": "pr2",
        "Linkedid": "1753851059.826492",
        "Priority": "1",
        "Privilege": "call,all",
        "Uniqueid": "1753851059.826492"
    },
    "start_time": "2025-07-30T08:20:06",
    "status": "initiated",
    "timestamp": "2025-07-30T08:20:06",
    "type": "call_ended",
    "uniqueid": "1753851059.826492"
}

{
    "call_duration": 0,
    "call_type": "internal",
    "caller_id_name": "266-SUP13",
    "caller_id_num": "266",
    "cause": "17",
    "cause_description": "",
    "cause_txt": "",
    "channel": "SIP/266-0000c9ac",
    "connected_line_name": "CID:266",
    "connected_line_num": "115",
    "direction": "out",
    "end_time": "2025-07-30T08:20:06",
    "extension_number": "266",
    "has_ringing": false,
    "linkedid": "1753851059.826492",
    "other_extension_number": "115",
    "raw_event": {
        "AccountCode": "",
        "CallerIDName": "266-SUP13",
        "CallerIDNum": "266",
        "Cause": "17",
        "Cause-txt": "User busy",
        "Channel": "SIP/266-0000c9ac",
        "ChannelState": "7",
        "ChannelStateDesc": "Busy",
        "ConnectedLineName": "CID:266",
        "ConnectedLineNum": "115",
        "Context": "from-internal",
        "Event": "Hangup",
        "Exten": "h",
        "Language": "pr2",
        "Linkedid": "1753851059.826492",
        "Priority": "1",
        "Privilege": "call,all",
        "Uniqueid": "1753851059.826492"
    },
    "start_time": "2025-07-30T08:20:06",
    "status": "initiated",
    "timestamp": "2025-07-30T08:20:06",
    "type": "call_summary",
    "uniqueid": "1753851059.826492"
}

{
    "call_type": "",
    "caller_id_name": "266-SUP13",
    "caller_id_num": "266",
    "channel": "SIP/266-0000c9ad",
    "connected_line_name": "<unknown>",
    "connected_line_num": "<unknown>",
    "direction": "",
    "end_time": "",
    "extension_number": "266",
    "has_ringing": false,
    "linkedid": "1753851066.826518",
    "other_extension_number": "",
    "start_time": "2025-07-30T08:20:13",
    "status": "initiated",
    "timestamp": "2025-07-30T08:20:13",
    "type": "call_started",
    "uniqueid": "1753851066.826518"
}

{
    "call_type": "internal",
    "caller_id_name": "266-SUP13",
    "caller_id_num": "266",
    "cause": "17",
    "cause_description": "",
    "cause_txt": "",
    "channel": "SIP/266-0000c9ad",
    "connected_line_name": "CID:266",
    "connected_line_num": "115",
    "direction": "out",
    "end_time": "2025-07-30T08:20:14",
    "extension_number": "266",
    "has_ringing": false,
    "linkedid": "1753851066.826518",
    "other_extension_number": "115",
    "raw_event": {
        "AccountCode": "",
        "CallerIDName": "266-SUP13",
        "CallerIDNum": "266",
        "Cause": "17",
        "Cause-txt": "User busy",
        "Channel": "SIP/266-0000c9ad",
        "ChannelState": "7",
        "ChannelStateDesc": "Busy",
        "ConnectedLineName": "CID:266",
        "ConnectedLineNum": "115",
        "Context": "from-internal",
        "Event": "Hangup",
        "Exten": "h",
        "Language": "pr2",
        "Linkedid": "1753851066.826518",
        "Priority": "1",
        "Privilege": "call,all",
        "Uniqueid": "1753851066.826518"
    },
    "start_time": "2025-07-30T08:20:13",
    "status": "initiated",
    "timestamp": "2025-07-30T08:20:14",
    "type": "call_ended",
    "uniqueid": "1753851066.826518"
}

{
    "call_duration": 0,
    "call_type": "internal",
    "caller_id_name": "266-SUP13",
    "caller_id_num": "266",
    "cause": "17",
    "cause_description": "",
    "cause_txt": "",
    "channel": "SIP/266-0000c9ad",
    "connected_line_name": "CID:266",
    "connected_line_num": "115",
    "direction": "out",
    "end_time": "2025-07-30T08:20:14",
    "extension_number": "266",
    "has_ringing": false,
    "linkedid": "1753851066.826518",
    "other_extension_number": "115",
    "raw_event": {
        "AccountCode": "",
        "CallerIDName": "266-SUP13",
        "CallerIDNum": "266",
        "Cause": "17",
        "Cause-txt": "User busy",
        "Channel": "SIP/266-0000c9ad",
        "ChannelState": "7",
        "ChannelStateDesc": "Busy",
        "ConnectedLineName": "CID:266",
        "ConnectedLineNum": "115",
        "Context": "from-internal",
        "Event": "Hangup",
        "Exten": "h",
        "Language": "pr2",
        "Linkedid": "1753851066.826518",
        "Priority": "1",
        "Privilege": "call,all",
        "Uniqueid": "1753851066.826518"
    },
    "start_time": "2025-07-30T08:20:13",
    "status": "initiated",
    "timestamp": "2025-07-30T08:20:14",
    "type": "call_summary",
    "uniqueid": "1753851066.826518"
}

{
    "call_type": "",
    "caller_id_name": "266-SUP13",
    "caller_id_num": "266",
    "channel": "SIP/266-0000ca78",
    "connected_line_name": "<unknown>",
    "connected_line_num": "<unknown>",
    "direction": "",
    "end_time": "",
    "extension_number": "266",
    "has_ringing": false,
    "linkedid": "1753852658.828721",
    "other_extension_number": "",
    "start_time": "2025-07-30T08:46:45",
    "status": "initiated",
    "timestamp": "2025-07-30T08:46:45",
    "type": "call_started",
    "uniqueid": "1753852658.828721"
}

{
    "call_type": "external",
    "caller_id_name": "<unknown>",
    "caller_id_num": "266",
    "cause": "34",
    "cause_description": "",
    "cause_txt": "",
    "channel": "SIP/266-0000ca78",
    "connected_line_name": "CID:36944000",
    "connected_line_num": "09122547742",
    "direction": "out",
    "end_time": "2025-07-30T08:46:51",
    "extension_number": "266",
    "has_ringing": false,
    "linkedid": "1753852658.828721",
    "other_extension_number": "09122547742",
    "raw_event": {
        "AccountCode": "",
        "CallerIDName": "<unknown>",
        "CallerIDNum": "266",
        "Cause": "34",
        "Cause-txt": "Circuit/channel congestion",
        "Channel": "SIP/266-0000ca78",
        "ChannelState": "7",
        "ChannelStateDesc": "Busy",
        "ConnectedLineName": "CID:36944000",
        "ConnectedLineNum": "09122547742",
        "Context": "from-internal",
        "Event": "Hangup",
        "Exten": "h",
        "Language": "pr2",
        "Linkedid": "1753852658.828721",
        "Priority": "1",
        "Privilege": "call,all",
        "Uniqueid": "1753852658.828721"
    },
    "start_time": "2025-07-30T08:46:45",
    "status": "initiated",
    "timestamp": "2025-07-30T08:46:51",
    "type": "call_ended",
    "uniqueid": "1753852658.828721"
}

{
    "call_duration": 5,
    "call_type": "external",
    "caller_id_name": "<unknown>",
    "caller_id_num": "266",
    "cause": "34",
    "cause_description": "",
    "cause_txt": "",
    "channel": "SIP/266-0000ca78",
    "connected_line_name": "CID:36944000",
    "connected_line_num": "09122547742",
    "direction": "out",
    "end_time": "2025-07-30T08:46:51",
    "extension_number": "266",
    "has_ringing": false,
    "linkedid": "1753852658.828721",
    "other_extension_number": "09122547742",
    "raw_event": {
        "AccountCode": "",
        "CallerIDName": "<unknown>",
        "CallerIDNum": "266",
        "Cause": "34",
        "Cause-txt": "Circuit/channel congestion",
        "Channel": "SIP/266-0000ca78",
        "ChannelState": "7",
        "ChannelStateDesc": "Busy",
        "ConnectedLineName": "CID:36944000",
        "ConnectedLineNum": "09122547742",
        "Context": "from-internal",
        "Event": "Hangup",
        "Exten": "h",
        "Language": "pr2",
        "Linkedid": "1753852658.828721",
        "Priority": "1",
        "Privilege": "call,all",
        "Uniqueid": "1753852658.828721"
    },
    "start_time": "2025-07-30T08:46:45",
    "status": "initiated",
    "timestamp": "2025-07-30T08:46:51",
    "type": "call_summary",
    "uniqueid": "1753852658.828721"
}

{
    "call_type": "",
    "caller_id_name": "266-SUP13",
    "caller_id_num": "266",
    "channel": "SIP/266-0000ca7e",
    "connected_line_name": "<unknown>",
    "connected_line_num": "<unknown>",
    "direction": "",
    "end_time": "",
    "extension_number": "266",
    "has_ringing": false,
    "linkedid": "1753852683.828773",
    "other_extension_number": "",
    "start_time": "2025-07-30T08:47:11",
    "status": "initiated",
    "timestamp": "2025-07-30T08:47:11",
    "type": "call_started",
    "uniqueid": "1753852683.828773"
}

{
    "call_type": "external",
    "caller_id_name": "<unknown>",
    "caller_id_num": "266",
    "cause": "34",
    "cause_description": "",
    "cause_txt": "",
    "channel": "SIP/266-0000ca7e",
    "connected_line_name": "CID:3195019154",
    "connected_line_num": "091222547742",
    "direction": "out",
    "end_time": "2025-07-30T08:47:17",
    "extension_number": "266",
    "has_ringing": false,
    "linkedid": "1753852683.828773",
    "other_extension_number": "091222547742",
    "raw_event": {
        "AccountCode": "",
        "CallerIDName": "<unknown>",
        "CallerIDNum": "266",
        "Cause": "34",
        "Cause-txt": "Circuit/channel congestion",
        "Channel": "SIP/266-0000ca7e",
        "ChannelState": "7",
        "ChannelStateDesc": "Busy",
        "ConnectedLineName": "CID:3195019154",
        "ConnectedLineNum": "091222547742",
        "Context": "from-internal",
        "Event": "Hangup",
        "Exten": "h",
        "Language": "pr2",
        "Linkedid": "1753852683.828773",
        "Priority": "1",
        "Privilege": "call,all",
        "Uniqueid": "1753852683.828773"
    },
    "start_time": "2025-07-30T08:47:11",
    "status": "initiated",
    "timestamp": "2025-07-30T08:47:17",
    "type": "call_ended",
    "uniqueid": "1753852683.828773"
}

{
    "call_duration": 6,
    "call_type": "external",
    "caller_id_name": "<unknown>",
    "caller_id_num": "266",
    "cause": "34",
    "cause_description": "",
    "cause_txt": "",
    "channel": "SIP/266-0000ca7e",
    "connected_line_name": "CID:3195019154",
    "connected_line_num": "091222547742",
    "direction": "out",
    "end_time": "2025-07-30T08:47:17",
    "extension_number": "266",
    "has_ringing": false,
    "linkedid": "1753852683.828773",
    "other_extension_number": "091222547742",
    "raw_event": {
        "AccountCode": "",
        "CallerIDName": "<unknown>",
        "CallerIDNum": "266",
        "Cause": "34",
        "Cause-txt": "Circuit/channel congestion",
        "Channel": "SIP/266-0000ca7e",
        "ChannelState": "7",
        "ChannelStateDesc": "Busy",
        "ConnectedLineName": "CID:3195019154",
        "ConnectedLineNum": "091222547742",
        "Context": "from-internal",
        "Event": "Hangup",
        "Exten": "h",
        "Language": "pr2",
        "Linkedid": "1753852683.828773",
        "Priority": "1",
        "Privilege": "call,all",
        "Uniqueid": "1753852683.828773"
    },
    "start_time": "2025-07-30T08:47:11",
    "status": "initiated",
    "timestamp": "2025-07-30T08:47:17",
    "type": "call_summary",
    "uniqueid": "1753852683.828773"
}

{
    "call_type": "",
    "caller_id_name": "266-SUP13",
    "caller_id_num": "266",
    "channel": "SIP/266-0000ca8a",
    "connected_line_name": "<unknown>",
    "connected_line_num": "<unknown>",
    "direction": "",
    "end_time": "",
    "extension_number": "266",
    "has_ringing": false,
    "linkedid": "1753852700.828851",
    "other_extension_number": "",
    "start_time": "2025-07-30T08:47:27",
    "status": "initiated",
    "timestamp": "2025-07-30T08:47:27",
    "type": "call_started",
    "uniqueid": "1753852700.828851"
}

{
    "channel": "SIP/266-0000ca8a",
    "privilege": "call,all",
    "timestamp": "2025-07-30T08:47:40",
    "type": "call_answered",
    "uniqueid": "1753852700.828851"
}

{
    "call_type": "external",
    "caller_id_name": "<unknown>",
    "caller_id_num": "3195015572",
    "cause": "16",
    "cause_description": "",
    "cause_txt": "",
    "channel": "SIP/266-0000ca8a",
    "connected_line_name": "CID:3195015572",
    "connected_line_num": "09122547742",
    "direction": "out",
    "end_time": "2025-07-30T08:50:22",
    "extension_number": "266",
    "has_ringing": false,
    "linkedid": "1753852700.828851",
    "other_extension_number": "09122547742",
    "raw_event": {
        "AccountCode": "",
        "CallerIDName": "<unknown>",
        "CallerIDNum": "3195015572",
        "Cause": "16",
        "Cause-txt": "Normal Clearing",
        "Channel": "SIP/266-0000ca8a",
        "ChannelState": "6",
        "ChannelStateDesc": "Up",
        "ConnectedLineName": "CID:3195015572",
        "ConnectedLineNum": "09122547742",
        "Context": "from-internal",
        "Event": "Hangup",
        "Exten": "h",
        "Language": "pr2",
        "Linkedid": "1753852700.828851",
        "Priority": "1",
        "Privilege": "call,all",
        "Uniqueid": "1753852700.828851"
    },
    "start_time": "2025-07-30T08:47:40",
    "status": "answered",
    "timestamp": "2025-07-30T08:50:22",
    "type": "call_ended",
    "uniqueid": "1753852700.828851"
}

{
    "call_duration": 161,
    "call_type": "external",
    "caller_id_name": "<unknown>",
    "caller_id_num": "3195015572",
    "cause": "16",
    "cause_description": "",
    "cause_txt": "",
    "channel": "SIP/266-0000ca8a",
    "connected_line_name": "CID:3195015572",
    "connected_line_num": "09122547742",
    "direction": "out",
    "end_time": "2025-07-30T08:50:22",
    "extension_number": "266",
    "has_ringing": false,
    "linkedid": "1753852700.828851",
    "other_extension_number": "09122547742",
    "raw_event": {
        "AccountCode": "",
        "CallerIDName": "<unknown>",
        "CallerIDNum": "3195015572",
        "Cause": "16",
        "Cause-txt": "Normal Clearing",
        "Channel": "SIP/266-0000ca8a",
        "ChannelState": "6",
        "ChannelStateDesc": "Up",
        "ConnectedLineName": "CID:3195015572",
        "ConnectedLineNum": "09122547742",
        "Context": "from-internal",
        "Event": "Hangup",
        "Exten": "h",
        "Language": "pr2",
        "Linkedid": "1753852700.828851",
        "Priority": "1",
        "Privilege": "call,all",
        "Uniqueid": "1753852700.828851"
    },
    "start_time": "2025-07-30T08:47:40",
    "status": "answered",
    "timestamp": "2025-07-30T08:50:22",
    "type": "call_summary",
    "uniqueid": "1753852700.828851"
}

{
    "call_type": "",
    "caller_id_name": "266-SUP13",
    "caller_id_num": "266",
    "channel": "SIP/266-0000cc43",
    "connected_line_name": "<unknown>",
    "connected_line_num": "<unknown>",
    "direction": "",
    "end_time": "",
    "extension_number": "266",
    "has_ringing": false,
    "linkedid": "1753856336.833898",
    "other_extension_number": "",
    "start_time": "2025-07-30T09:48:03",
    "status": "initiated",
    "timestamp": "2025-07-30T09:48:03",
    "type": "call_started",
    "uniqueid": "1753856336.833898"
}

{
    "call_type": "external",
    "caller_id_name": "<unknown>",
    "caller_id_num": "266",
    "cause": "34",
    "cause_description": "",
    "cause_txt": "",
    "channel": "SIP/266-0000cc43",
    "connected_line_name": "CID:36944000",
    "connected_line_num": "09122547742",
    "direction": "out",
    "end_time": "2025-07-30T09:48:09",
    "extension_number": "266",
    "has_ringing": false,
    "linkedid": "1753856336.833898",
    "other_extension_number": "09122547742",
    "raw_event": {
        "AccountCode": "",
        "CallerIDName": "<unknown>",
        "CallerIDNum": "266",
        "Cause": "34",
        "Cause-txt": "Circuit/channel congestion",
        "Channel": "SIP/266-0000cc43",
        "ChannelState": "7",
        "ChannelStateDesc": "Busy",
        "ConnectedLineName": "CID:36944000",
        "ConnectedLineNum": "09122547742",
        "Context": "from-internal",
        "Event": "Hangup",
        "Exten": "h",
        "Language": "pr2",
        "Linkedid": "1753856336.833898",
        "Priority": "1",
        "Privilege": "call,all",
        "Uniqueid": "1753856336.833898"
    },
    "start_time": "2025-07-30T09:48:03",
    "status": "initiated",
    "timestamp": "2025-07-30T09:48:09",
    "type": "call_ended",
    "uniqueid": "1753856336.833898"
}

{
    "call_duration": 5,
    "call_type": "external",
    "caller_id_name": "<unknown>",
    "caller_id_num": "266",
    "cause": "34",
    "cause_description": "",
    "cause_txt": "",
    "channel": "SIP/266-0000cc43",
    "connected_line_name": "CID:36944000",
    "connected_line_num": "09122547742",
    "direction": "out",
    "end_time": "2025-07-30T09:48:09",
    "extension_number": "266",
    "has_ringing": false,
    "linkedid": "1753856336.833898",
    "other_extension_number": "09122547742",
    "raw_event": {
        "AccountCode": "",
        "CallerIDName": "<unknown>",
        "CallerIDNum": "266",
        "Cause": "34",
        "Cause-txt": "Circuit/channel congestion",
        "Channel": "SIP/266-0000cc43",
        "ChannelState": "7",
        "ChannelStateDesc": "Busy",
        "ConnectedLineName": "CID:36944000",
        "ConnectedLineNum": "09122547742",
        "Context": "from-internal",
        "Event": "Hangup",
        "Exten": "h",
        "Language": "pr2",
        "Linkedid": "1753856336.833898",
        "Priority": "1",
        "Privilege": "call,all",
        "Uniqueid": "1753856336.833898"
    },
    "start_time": "2025-07-30T09:48:03",
    "status": "initiated",
    "timestamp": "2025-07-30T09:48:09",
    "type": "call_summary",
    "uniqueid": "1753856336.833898"
}

{
    "call_type": "",
    "caller_id_name": "266-SUP13",
    "caller_id_num": "266",
    "channel": "SIP/266-0000cc4b",
    "connected_line_name": "<unknown>",
    "connected_line_num": "<unknown>",
    "direction": "",
    "end_time": "",
    "extension_number": "266",
    "has_ringing": false,
    "linkedid": "1753856417.834127",
    "other_extension_number": "",
    "start_time": "2025-07-30T09:49:25",
    "status": "initiated",
    "timestamp": "2025-07-30T09:49:25",
    "type": "call_started",
    "uniqueid": "1753856417.834127"
}

{
    "call_type": "external",
    "caller_id_name": "<unknown>",
    "caller_id_num": "266",
    "cause": "34",
    "cause_description": "",
    "cause_txt": "",
    "channel": "SIP/266-0000cc4b",
    "connected_line_name": "CID:36944000",
    "connected_line_num": "09122547742",
    "direction": "out",
    "end_time": "2025-07-30T09:49:30",
    "extension_number": "266",
    "has_ringing": false,
    "linkedid": "1753856417.834127",
    "other_extension_number": "09122547742",
    "raw_event": {
        "AccountCode": "",
        "CallerIDName": "<unknown>",
        "CallerIDNum": "266",
        "Cause": "34",
        "Cause-txt": "Circuit/channel congestion",
        "Channel": "SIP/266-0000cc4b",
        "ChannelState": "7",
        "ChannelStateDesc": "Busy",
        "ConnectedLineName": "CID:36944000",
        "ConnectedLineNum": "09122547742",
        "Context": "from-internal",
        "Event": "Hangup",
        "Exten": "h",
        "Language": "pr2",
        "Linkedid": "1753856417.834127",
        "Priority": "1",
        "Privilege": "call,all",
        "Uniqueid": "1753856417.834127"
    },
    "start_time": "2025-07-30T09:49:25",
    "status": "initiated",
    "timestamp": "2025-07-30T09:49:30",
    "type": "call_ended",
    "uniqueid": "1753856417.834127"
}

{
    "call_duration": 5,
    "call_type": "external",
    "caller_id_name": "<unknown>",
    "caller_id_num": "266",
    "cause": "34",
    "cause_description": "",
    "cause_txt": "",
    "channel": "SIP/266-0000cc4b",
    "connected_line_name": "CID:36944000",
    "connected_line_num": "09122547742",
    "direction": "out",
    "end_time": "2025-07-30T09:49:30",
    "extension_number": "266",
    "has_ringing": false,
    "linkedid": "1753856417.834127",
    "other_extension_number": "09122547742",
    "raw_event": {
        "AccountCode": "",
        "CallerIDName": "<unknown>",
        "CallerIDNum": "266",
        "Cause": "34",
        "Cause-txt": "Circuit/channel congestion",
        "Channel": "SIP/266-0000cc4b",
        "ChannelState": "7",
        "ChannelStateDesc": "Busy",
        "ConnectedLineName": "CID:36944000",
        "ConnectedLineNum": "09122547742",
        "Context": "from-internal",
        "Event": "Hangup",
        "Exten": "h",
        "Language": "pr2",
        "Linkedid": "1753856417.834127",
        "Priority": "1",
        "Privilege": "call,all",
        "Uniqueid": "1753856417.834127"
    },
    "start_time": "2025-07-30T09:49:25",
    "status": "initiated",
    "timestamp": "2025-07-30T09:49:30",
    "type": "call_summary",
    "uniqueid": "1753856417.834127"
}

{
    "call_type": "",
    "caller_id_name": "266-SUP13",
    "caller_id_num": "266",
    "channel": "SIP/266-0000cc53",
    "connected_line_name": "<unknown>",
    "connected_line_num": "<unknown>",
    "direction": "",
    "end_time": "",
    "extension_number": "266",
    "has_ringing": false,
    "linkedid": "1753856462.834221",
    "other_extension_number": "",
    "start_time": "2025-07-30T09:50:10",
    "status": "initiated",
    "timestamp": "2025-07-30T09:50:10",
    "type": "call_started",
    "uniqueid": "1753856462.834221"
}

{
    "channel": "SIP/266-0000cc53",
    "privilege": "call,all",
    "timestamp": "2025-07-30T09:50:19",
    "type": "call_answered",
    "uniqueid": "1753856462.834221"
}

{
    "call_type": "external",
    "caller_id_name": "<unknown>",
    "caller_id_num": "3195015571",
    "cause": "16",
    "cause_description": "",
    "cause_txt": "",
    "channel": "SIP/266-0000cc53",
    "connected_line_name": "CID:3195015571",
    "connected_line_num": "09122547742",
    "direction": "out",
    "end_time": "2025-07-30T09:51:05",
    "extension_number": "266",
    "has_ringing": false,
    "linkedid": "1753856462.834221",
    "other_extension_number": "09122547742",
    "raw_event": {
        "AccountCode": "",
        "CallerIDName": "<unknown>",
        "CallerIDNum": "3195015571",
        "Cause": "16",
        "Cause-txt": "Normal Clearing",
        "Channel": "SIP/266-0000cc53",
        "ChannelState": "6",
        "ChannelStateDesc": "Up",
        "ConnectedLineName": "CID:3195015571",
        "ConnectedLineNum": "09122547742",
        "Context": "from-internal",
        "Event": "Hangup",
        "Exten": "h",
        "Language": "pr2",
        "Linkedid": "1753856462.834221",
        "Priority": "1",
        "Privilege": "call,all",
        "Uniqueid": "1753856462.834221"
    },
    "start_time": "2025-07-30T09:50:19",
    "status": "answered",
    "timestamp": "2025-07-30T09:51:05",
    "type": "call_ended",
    "uniqueid": "1753856462.834221"
}

{
    "call_duration": 46,
    "call_type": "external",
    "caller_id_name": "<unknown>",
    "caller_id_num": "3195015571",
    "cause": "16",
    "cause_description": "",
    "cause_txt": "",
    "channel": "SIP/266-0000cc53",
    "connected_line_name": "CID:3195015571",
    "connected_line_num": "09122547742",
    "direction": "out",
    "end_time": "2025-07-30T09:51:05",
    "extension_number": "266",
    "has_ringing": false,
    "linkedid": "1753856462.834221",
    "other_extension_number": "09122547742",
    "raw_event": {
        "AccountCode": "",
        "CallerIDName": "<unknown>",
        "CallerIDNum": "3195015571",
        "Cause": "16",
        "Cause-txt": "Normal Clearing",
        "Channel": "SIP/266-0000cc53",
        "ChannelState": "6",
        "ChannelStateDesc": "Up",
        "ConnectedLineName": "CID:3195015571",
        "ConnectedLineNum": "09122547742",
        "Context": "from-internal",
        "Event": "Hangup",
        "Exten": "h",
        "Language": "pr2",
        "Linkedid": "1753856462.834221",
        "Priority": "1",
        "Privilege": "call,all",
        "Uniqueid": "1753856462.834221"
    },
    "start_time": "2025-07-30T09:50:19",
    "status": "answered",
    "timestamp": "2025-07-30T09:51:05",
    "type": "call_summary",
    "uniqueid": "1753856462.834221"
}

{
    "call_type": "",
    "caller_id_name": "266-SUP13",
    "caller_id_num": "266",
    "channel": "SIP/266-0000cd71",
    "connected_line_name": "<unknown>",
    "connected_line_num": "<unknown>",
    "direction": "",
    "end_time": "",
    "extension_number": "266",
    "has_ringing": false,
    "linkedid": "1753858684.838364",
    "other_extension_number": "",
    "start_time": "2025-07-30T10:27:11",
    "status": "initiated",
    "timestamp": "2025-07-30T10:27:11",
    "type": "call_started",
    "uniqueid": "1753858684.838364"
}

{
    "call_type": "internal",
    "caller_id_name": "266-SUP13",
    "caller_id_num": "266",
    "cause": "17",
    "cause_description": "",
    "cause_txt": "",
    "channel": "SIP/266-0000cd71",
    "connected_line_name": "CID:266",
    "connected_line_num": "115",
    "direction": "out",
    "end_time": "2025-07-30T10:27:12",
    "extension_number": "266",
    "has_ringing": false,
    "linkedid": "1753858684.838364",
    "other_extension_number": "115",
    "raw_event": {
        "AccountCode": "",
        "CallerIDName": "266-SUP13",
        "CallerIDNum": "266",
        "Cause": "17",
        "Cause-txt": "User busy",
        "Channel": "SIP/266-0000cd71",
        "ChannelState": "7",
        "ChannelStateDesc": "Busy",
        "ConnectedLineName": "CID:266",
        "ConnectedLineNum": "115",
        "Context": "from-internal",
        "Event": "Hangup",
        "Exten": "h",
        "Language": "pr2",
        "Linkedid": "1753858684.838364",
        "Priority": "1",
        "Privilege": "call,all",
        "Uniqueid": "1753858684.838364"
    },
    "start_time": "2025-07-30T10:27:11",
    "status": "initiated",
    "timestamp": "2025-07-30T10:27:12",
    "type": "call_ended",
    "uniqueid": "1753858684.838364"
}

{
    "call_duration": 0,
    "call_type": "internal",
    "caller_id_name": "266-SUP13",
    "caller_id_num": "266",
    "cause": "17",
    "cause_description": "",
    "cause_txt": "",
    "channel": "SIP/266-0000cd71",
    "connected_line_name": "CID:266",
    "connected_line_num": "115",
    "direction": "out",
    "end_time": "2025-07-30T10:27:12",
    "extension_number": "266",
    "has_ringing": false,
    "linkedid": "1753858684.838364",
    "other_extension_number": "115",
    "raw_event": {
        "AccountCode": "",
        "CallerIDName": "266-SUP13",
        "CallerIDNum": "266",
        "Cause": "17",
        "Cause-txt": "User busy",
        "Channel": "SIP/266-0000cd71",
        "ChannelState": "7",
        "ChannelStateDesc": "Busy",
        "ConnectedLineName": "CID:266",
        "ConnectedLineNum": "115",
        "Context": "from-internal",
        "Event": "Hangup",
        "Exten": "h",
        "Language": "pr2",
        "Linkedid": "1753858684.838364",
        "Priority": "1",
        "Privilege": "call,all",
        "Uniqueid": "1753858684.838364"
    },
    "start_time": "2025-07-30T10:27:11",
    "status": "initiated",
    "timestamp": "2025-07-30T10:27:12",
    "type": "call_summary",
    "uniqueid": "1753858684.838364"
}

{
    "call_type": "",
    "caller_id_name": "266-SUP13",
    "caller_id_num": "266",
    "channel": "SIP/266-0000ce48",
    "connected_line_name": "<unknown>",
    "connected_line_num": "<unknown>",
    "direction": "",
    "end_time": "",
    "extension_number": "266",
    "has_ringing": false,
    "linkedid": "1753859938.840777",
    "other_extension_number": "",
    "start_time": "2025-07-30T10:48:05",
    "status": "initiated",
    "timestamp": "2025-07-30T10:48:05",
    "type": "call_started",
    "uniqueid": "1753859938.840777"
}

{
    "call_type": "external",
    "caller_id_name": "<unknown>",
    "caller_id_num": "36944000",
    "cause": "17",
    "cause_description": "",
    "cause_txt": "",
    "channel": "SIP/266-0000ce48",
    "connected_line_name": "CID:36944000",
    "connected_line_num": "09128107362",
    "direction": "out",
    "end_time": "2025-07-30T10:48:54",
    "extension_number": "266",
    "has_ringing": false,
    "linkedid": "1753859938.840777",
    "other_extension_number": "09128107362",
    "raw_event": {
        "AccountCode": "",
        "CallerIDName": "<unknown>",
        "CallerIDNum": "36944000",
        "Cause": "17",
        "Cause-txt": "User busy",
        "Channel": "SIP/266-0000ce48",
        "ChannelState": "7",
        "ChannelStateDesc": "Busy",
        "ConnectedLineName": "CID:36944000",
        "ConnectedLineNum": "09128107362",
        "Context": "from-internal",
        "Event": "Hangup",
        "Exten": "h",
        "Language": "pr2",
        "Linkedid": "1753859938.840777",
        "Priority": "1",
        "Privilege": "call,all",
        "Uniqueid": "1753859938.840777"
    },
    "start_time": "2025-07-30T10:48:05",
    "status": "initiated",
    "timestamp": "2025-07-30T10:48:54",
    "type": "call_ended",
    "uniqueid": "1753859938.840777"
}

{
    "call_duration": 49,
    "call_type": "external",
    "caller_id_name": "<unknown>",
    "caller_id_num": "36944000",
    "cause": "17",
    "cause_description": "",
    "cause_txt": "",
    "channel": "SIP/266-0000ce48",
    "connected_line_name": "CID:36944000",
    "connected_line_num": "09128107362",
    "direction": "out",
    "end_time": "2025-07-30T10:48:54",
    "extension_number": "266",
    "has_ringing": false,
    "linkedid": "1753859938.840777",
    "other_extension_number": "09128107362",
    "raw_event": {
        "AccountCode": "",
        "CallerIDName": "<unknown>",
        "CallerIDNum": "36944000",
        "Cause": "17",
        "Cause-txt": "User busy",
        "Channel": "SIP/266-0000ce48",
        "ChannelState": "7",
        "ChannelStateDesc": "Busy",
        "ConnectedLineName": "CID:36944000",
        "ConnectedLineNum": "09128107362",
        "Context": "from-internal",
        "Event": "Hangup",
        "Exten": "h",
        "Language": "pr2",
        "Linkedid": "1753859938.840777",
        "Priority": "1",
        "Privilege": "call,all",
        "Uniqueid": "1753859938.840777"
    },
    "start_time": "2025-07-30T10:48:05",
    "status": "initiated",
    "timestamp": "2025-07-30T10:48:54",
    "type": "call_summary",
    "uniqueid": "1753859938.840777"
}

{
    "call_type": "",
    "caller_id_name": "266-SUP13",
    "caller_id_num": "266",
    "channel": "SIP/266-0000ce96",
    "connected_line_name": "<unknown>",
    "connected_line_num": "<unknown>",
    "direction": "",
    "end_time": "",
    "extension_number": "266",
    "has_ringing": false,
    "linkedid": "1753860491.841566",
    "other_extension_number": "",
    "start_time": "2025-07-30T10:57:18",
    "status": "initiated",
    "timestamp": "2025-07-30T10:57:18",
    "type": "call_started",
    "uniqueid": "1753860491.841566"
}

{
    "channel": "SIP/266-0000ce96",
    "privilege": "call,all",
    "timestamp": "2025-07-30T10:57:18",
    "type": "call_answered",
    "uniqueid": "1753860491.841566"
}

{
    "call_type": "internal",
    "caller_id_name": "266-SUP13",
    "caller_id_num": "266",
    "cause": "20",
    "cause_description": "",
    "cause_txt": "",
    "channel": "SIP/266-0000ce96",
    "connected_line_name": "251-SUP2",
    "connected_line_num": "251",
    "direction": "out",
    "end_time": "2025-07-30T10:57:27",
    "extension_number": "266",
    "has_ringing": false,
    "linkedid": "1753860491.841566",
    "other_extension_number": "251",
    "raw_event": {
        "AccountCode": "",
        "CallerIDName": "266-SUP13",
        "CallerIDNum": "266",
        "Cause": "20",
        "Cause-txt": "Subscriber absent",
        "Channel": "SIP/266-0000ce96",
        "ChannelState": "6",
        "ChannelStateDesc": "Up",
        "ConnectedLineName": "251-SUP2",
        "ConnectedLineNum": "251",
        "Context": "app-blackhole",
        "Event": "Hangup",
        "Exten": "hangup",
        "Language": "pr2",
        "Linkedid": "1753860491.841566",
        "Priority": "2",
        "Privilege": "call,all",
        "Uniqueid": "1753860491.841566"
    },
    "start_time": "2025-07-30T10:57:18",
    "status": "answered",
    "timestamp": "2025-07-30T10:57:27",
    "type": "call_ended",
    "uniqueid": "1753860491.841566"
}

{
    "call_duration": 8,
    "call_type": "internal",
    "caller_id_name": "266-SUP13",
    "caller_id_num": "266",
    "cause": "20",
    "cause_description": "",
    "cause_txt": "",
    "channel": "SIP/266-0000ce96",
    "connected_line_name": "251-SUP2",
    "connected_line_num": "251",
    "direction": "out",
    "end_time": "2025-07-30T10:57:27",
    "extension_number": "266",
    "has_ringing": false,
    "linkedid": "1753860491.841566",
    "other_extension_number": "251",
    "raw_event": {
        "AccountCode": "",
        "CallerIDName": "266-SUP13",
        "CallerIDNum": "266",
        "Cause": "20",
        "Cause-txt": "Subscriber absent",
        "Channel": "SIP/266-0000ce96",
        "ChannelState": "6",
        "ChannelStateDesc": "Up",
        "ConnectedLineName": "251-SUP2",
        "ConnectedLineNum": "251",
        "Context": "app-blackhole",
        "Event": "Hangup",
        "Exten": "hangup",
        "Language": "pr2",
        "Linkedid": "1753860491.841566",
        "Priority": "2",
        "Privilege": "call,all",
        "Uniqueid": "1753860491.841566"
    },
    "start_time": "2025-07-30T10:57:18",
    "status": "answered",
    "timestamp": "2025-07-30T10:57:27",
    "type": "call_summary",
    "uniqueid": "1753860491.841566"
}

{
    "call_type": "",
    "caller_id_name": "266-SUP13",
    "caller_id_num": "266",
    "channel": "SIP/266-0000ce9c",
    "connected_line_name": "<unknown>",
    "connected_line_num": "<unknown>",
    "direction": "",
    "end_time": "",
    "extension_number": "266",
    "has_ringing": false,
    "linkedid": "1753860515.841644",
    "other_extension_number": "",
    "start_time": "2025-07-30T10:57:42",
    "status": "initiated",
    "timestamp": "2025-07-30T10:57:42",
    "type": "call_started",
    "uniqueid": "1753860515.841644"
}

{
    "channel": "SIP/266-0000ce9c",
    "privilege": "call,all",
    "timestamp": "2025-07-30T10:57:53",
    "type": "call_answered",
    "uniqueid": "1753860515.841644"
}

{
    "call_type": "internal",
    "caller_id_name": "266-SUP13",
    "caller_id_num": "266",
    "cause": "16",
    "cause_description": "",
    "cause_txt": "",
    "channel": "SIP/266-0000ce9c",
    "connected_line_name": "CID:266",
    "connected_line_num": "115",
    "direction": "out",
    "end_time": "2025-07-30T10:59:01",
    "extension_number": "266",
    "has_ringing": false,
    "linkedid": "1753860515.841644",
    "other_extension_number": "115",
    "raw_event": {
        "AccountCode": "",
        "CallerIDName": "266-SUP13",
        "CallerIDNum": "266",
        "Cause": "16",
        "Cause-txt": "Normal Clearing",
        "Channel": "SIP/266-0000ce9c",
        "ChannelState": "6",
        "ChannelStateDesc": "Up",
        "ConnectedLineName": "CID:266",
        "ConnectedLineNum": "115",
        "Context": "from-internal",
        "Event": "Hangup",
        "Exten": "h",
        "Language": "pr2",
        "Linkedid": "1753860515.841644",
        "Priority": "1",
        "Privilege": "call,all",
        "Uniqueid": "1753860515.841644"
    },
    "start_time": "2025-07-30T10:57:53",
    "status": "answered",
    "timestamp": "2025-07-30T10:59:01",
    "type": "call_ended",
    "uniqueid": "1753860515.841644"
}

{
    "call_duration": 67,
    "call_type": "internal",
    "caller_id_name": "266-SUP13",
    "caller_id_num": "266",
    "cause": "16",
    "cause_description": "",
    "cause_txt": "",
    "channel": "SIP/266-0000ce9c",
    "connected_line_name": "CID:266",
    "connected_line_num": "115",
    "direction": "out",
    "end_time": "2025-07-30T10:59:01",
    "extension_number": "266",
    "has_ringing": false,
    "linkedid": "1753860515.841644",
    "other_extension_number": "115",
    "raw_event": {
        "AccountCode": "",
        "CallerIDName": "266-SUP13",
        "CallerIDNum": "266",
        "Cause": "16",
        "Cause-txt": "Normal Clearing",
        "Channel": "SIP/266-0000ce9c",
        "ChannelState": "6",
        "ChannelStateDesc": "Up",
        "ConnectedLineName": "CID:266",
        "ConnectedLineNum": "115",
        "Context": "from-internal",
        "Event": "Hangup",
        "Exten": "h",
        "Language": "pr2",
        "Linkedid": "1753860515.841644",
        "Priority": "1",
        "Privilege": "call,all",
        "Uniqueid": "1753860515.841644"
    },
    "start_time": "2025-07-30T10:57:53",
    "status": "answered",
    "timestamp": "2025-07-30T10:59:01",
    "type": "call_summary",
    "uniqueid": "1753860515.841644"
}

{
    "extension": "266",
    "privilege": "call,all",
    "timestamp": "2025-07-30T11:38:07",
    "type": "monitor_initialized"
}

