{
    "extension": "263",
    "privilege": "call,all",
    "timestamp": "2025-06-23T00:01:47",
    "type": "monitor_initialized"
}

{
    "call_type": "",
    "caller_id_name": "263-SUP10",
    "caller_id_num": "263",
    "channel": "SIP/263-00009d50",
    "connected_line_name": "<unknown>",
    "connected_line_num": "<unknown>",
    "direction": "",
    "end_time": "",
    "extension_number": "263",
    "has_ringing": false,
    "linkedid": "1750654651.752382",
    "other_extension_number": "",
    "start_time": "2025-06-23T08:26:38",
    "status": "initiated",
    "timestamp": "2025-06-23T08:26:38",
    "type": "call_started",
    "uniqueid": "1750654651.752382"
}

{
    "channel": "SIP/263-00009d50",
    "privilege": "call,all",
    "timestamp": "2025-06-23T08:26:48",
    "type": "call_answered",
    "uniqueid": "1750654651.752382"
}

{
    "call_type": "internal",
    "caller_id_name": "263-SUP10",
    "caller_id_num": "263",
    "cause": "16",
    "cause_description": "",
    "cause_txt": "",
    "channel": "SIP/263-00009d50",
    "connected_line_name": "<unknown>",
    "connected_line_num": "<unknown>",
    "direction": "out",
    "end_time": "2025-06-23T08:29:12",
    "extension_number": "263",
    "has_ringing": false,
    "linkedid": "1750654651.752382",
    "other_extension_number": "525",
    "raw_event": {
        "AccountCode": "",
        "CallerIDName": "263-SUP10",
        "CallerIDNum": "263",
        "Cause": "16",
        "Cause-txt": "Normal Clearing",
        "Channel": "SIP/263-00009d50",
        "ChannelState": "6",
        "ChannelStateDesc": "Up",
        "ConnectedLineName": "525-SM5",
        "ConnectedLineNum": "525",
        "Context": "from-internal",
        "Event": "Hangup",
        "Exten": "h",
        "Language": "pr2",
        "Linkedid": "1750654651.752382",
        "Priority": "1",
        "Privilege": "call,all",
        "Uniqueid": "1750654651.752382"
    },
    "start_time": "2025-06-23T08:26:48",
    "status": "answered",
    "timestamp": "2025-06-23T08:29:12",
    "type": "call_ended",
    "uniqueid": "1750654651.752382"
}

{
    "call_duration": 143,
    "call_type": "internal",
    "caller_id_name": "263-SUP10",
    "caller_id_num": "263",
    "cause": "16",
    "cause_description": "",
    "cause_txt": "",
    "channel": "SIP/263-00009d50",
    "connected_line_name": "<unknown>",
    "connected_line_num": "<unknown>",
    "direction": "out",
    "end_time": "2025-06-23T08:29:12",
    "extension_number": "263",
    "has_ringing": false,
    "linkedid": "1750654651.752382",
    "other_extension_number": "525",
    "raw_event": {
        "AccountCode": "",
        "CallerIDName": "263-SUP10",
        "CallerIDNum": "263",
        "Cause": "16",
        "Cause-txt": "Normal Clearing",
        "Channel": "SIP/263-00009d50",
        "ChannelState": "6",
        "ChannelStateDesc": "Up",
        "ConnectedLineName": "525-SM5",
        "ConnectedLineNum": "525",
        "Context": "from-internal",
        "Event": "Hangup",
        "Exten": "h",
        "Language": "pr2",
        "Linkedid": "1750654651.752382",
        "Priority": "1",
        "Privilege": "call,all",
        "Uniqueid": "1750654651.752382"
    },
    "start_time": "2025-06-23T08:26:48",
    "status": "answered",
    "timestamp": "2025-06-23T08:29:12",
    "type": "call_summary",
    "uniqueid": "1750654651.752382"
}

{
    "call_type": "",
    "caller_id_name": "263-SUP10",
    "caller_id_num": "263",
    "channel": "SIP/263-00009db4",
    "connected_line_name": "<unknown>",
    "connected_line_num": "<unknown>",
    "direction": "",
    "end_time": "",
    "extension_number": "263",
    "has_ringing": false,
    "linkedid": "1750655484.753518",
    "other_extension_number": "",
    "start_time": "2025-06-23T08:40:30",
    "status": "initiated",
    "timestamp": "2025-06-23T08:40:30",
    "type": "call_started",
    "uniqueid": "1750655484.753521"
}

{
    "channel": "SIP/263-00009db4",
    "privilege": "call,all",
    "timestamp": "2025-06-23T08:40:31",
    "type": "call_ringing",
    "uniqueid": "1750655484.753521"
}

{
    "channel": "SIP/263-00009db4",
    "privilege": "call,all",
    "timestamp": "2025-06-23T08:40:35",
    "type": "call_answered",
    "uniqueid": "1750655484.753521"
}

{
    "call_type": "internal",
    "caller_id_name": "263-SUP10",
    "caller_id_num": "263",
    "cause": "16",
    "cause_description": "",
    "cause_txt": "",
    "channel": "SIP/263-00009db4",
    "connected_line_name": "<unknown>",
    "connected_line_num": "<unknown>",
    "direction": "in",
    "end_time": "2025-06-23T08:40:53",
    "extension_number": "263",
    "has_ringing": true,
    "linkedid": "1750655484.753518",
    "other_extension_number": "123",
    "raw_event": {
        "AccountCode": "",
        "CallerIDName": "263-SUP10",
        "CallerIDNum": "263",
        "Cause": "16",
        "Cause-txt": "Normal Clearing",
        "Channel": "SIP/263-00009db4",
        "ChannelState": "6",
        "ChannelStateDesc": "Up",
        "ConnectedLineName": "123-SAL11",
        "ConnectedLineNum": "123",
        "Context": "from-internal",
        "Event": "Hangup",
        "Exten": "",
        "Language": "pr2",
        "Linkedid": "1750655484.753518",
        "Priority": "1",
        "Privilege": "call,all",
        "Uniqueid": "1750655484.753521"
    },
    "start_time": "2025-06-23T08:40:35",
    "status": "answered",
    "timestamp": "2025-06-23T08:40:53",
    "type": "call_ended",
    "uniqueid": "1750655484.753521"
}

{
    "call_duration": 17,
    "call_type": "internal",
    "caller_id_name": "263-SUP10",
    "caller_id_num": "263",
    "cause": "16",
    "cause_description": "",
    "cause_txt": "",
    "channel": "SIP/263-00009db4",
    "connected_line_name": "<unknown>",
    "connected_line_num": "<unknown>",
    "direction": "in",
    "end_time": "2025-06-23T08:40:53",
    "extension_number": "263",
    "has_ringing": true,
    "linkedid": "1750655484.753518",
    "other_extension_number": "123",
    "raw_event": {
        "AccountCode": "",
        "CallerIDName": "263-SUP10",
        "CallerIDNum": "263",
        "Cause": "16",
        "Cause-txt": "Normal Clearing",
        "Channel": "SIP/263-00009db4",
        "ChannelState": "6",
        "ChannelStateDesc": "Up",
        "ConnectedLineName": "123-SAL11",
        "ConnectedLineNum": "123",
        "Context": "from-internal",
        "Event": "Hangup",
        "Exten": "",
        "Language": "pr2",
        "Linkedid": "1750655484.753518",
        "Priority": "1",
        "Privilege": "call,all",
        "Uniqueid": "1750655484.753521"
    },
    "start_time": "2025-06-23T08:40:35",
    "status": "answered",
    "timestamp": "2025-06-23T08:40:53",
    "type": "call_summary",
    "uniqueid": "1750655484.753521"
}

{
    "call_type": "",
    "caller_id_name": "263-SUP10",
    "caller_id_num": "263",
    "channel": "SIP/263-00009db9",
    "connected_line_name": "<unknown>",
    "connected_line_num": "<unknown>",
    "direction": "",
    "end_time": "",
    "extension_number": "263",
    "has_ringing": false,
    "linkedid": "1750655444.753472",
    "other_extension_number": "",
    "start_time": "2025-06-23T08:40:57",
    "status": "initiated",
    "timestamp": "2025-06-23T08:40:57",
    "type": "call_started",
    "uniqueid": "1750655510.753568"
}

{
    "channel": "SIP/263-00009db9",
    "privilege": "call,all",
    "timestamp": "2025-06-23T08:40:57",
    "type": "call_ringing",
    "uniqueid": "1750655510.753568"
}

{
    "channel": "SIP/263-00009db9",
    "privilege": "call,all",
    "timestamp": "2025-06-23T08:41:01",
    "type": "call_answered",
    "uniqueid": "1750655510.753568"
}

{
    "call_type": "external",
    "caller_id_name": "263-SUP10",
    "caller_id_num": "263",
    "cause": "16",
    "cause_description": "",
    "cause_txt": "",
    "channel": "SIP/263-00009db9",
    "connected_line_name": "<unknown>",
    "connected_line_num": "<unknown>",
    "direction": "in",
    "end_time": "2025-06-23T08:42:29",
    "extension_number": "263",
    "has_ringing": true,
    "linkedid": "1750655444.753472",
    "other_extension_number": "9178090082",
    "raw_event": {
        "AccountCode": "",
        "CallerIDName": "263-SUP10",
        "CallerIDNum": "263",
        "Cause": "16",
        "Cause-txt": "Normal Clearing",
        "Channel": "SIP/263-00009db9",
        "ChannelState": "6",
        "ChannelStateDesc": "Up",
        "ConnectedLineName": "9178090082",
        "ConnectedLineNum": "9178090082",
        "Context": "macro-dial-one",
        "Event": "Hangup",
        "Exten": "s",
        "Language": "pr2",
        "Linkedid": "1750655444.753472",
        "Priority": "1",
        "Privilege": "call,all",
        "Uniqueid": "1750655510.753568"
    },
    "start_time": "2025-06-23T08:41:01",
    "status": "answered",
    "timestamp": "2025-06-23T08:42:29",
    "type": "call_ended",
    "uniqueid": "1750655510.753568"
}

{
    "call_duration": 87,
    "call_type": "external",
    "caller_id_name": "263-SUP10",
    "caller_id_num": "263",
    "cause": "16",
    "cause_description": "",
    "cause_txt": "",
    "channel": "SIP/263-00009db9",
    "connected_line_name": "<unknown>",
    "connected_line_num": "<unknown>",
    "direction": "in",
    "end_time": "2025-06-23T08:42:29",
    "extension_number": "263",
    "has_ringing": true,
    "linkedid": "1750655444.753472",
    "other_extension_number": "9178090082",
    "raw_event": {
        "AccountCode": "",
        "CallerIDName": "263-SUP10",
        "CallerIDNum": "263",
        "Cause": "16",
        "Cause-txt": "Normal Clearing",
        "Channel": "SIP/263-00009db9",
        "ChannelState": "6",
        "ChannelStateDesc": "Up",
        "ConnectedLineName": "9178090082",
        "ConnectedLineNum": "9178090082",
        "Context": "macro-dial-one",
        "Event": "Hangup",
        "Exten": "s",
        "Language": "pr2",
        "Linkedid": "1750655444.753472",
        "Priority": "1",
        "Privilege": "call,all",
        "Uniqueid": "1750655510.753568"
    },
    "start_time": "2025-06-23T08:41:01",
    "status": "answered",
    "timestamp": "2025-06-23T08:42:29",
    "type": "call_summary",
    "uniqueid": "1750655510.753568"
}

{
    "call_type": "",
    "caller_id_name": "263-SUP10",
    "caller_id_num": "263",
    "channel": "SIP/263-00009dc6",
    "connected_line_name": "<unknown>",
    "connected_line_num": "<unknown>",
    "direction": "",
    "end_time": "",
    "extension_number": "263",
    "has_ringing": false,
    "linkedid": "1750655647.753752",
    "other_extension_number": "",
    "start_time": "2025-06-23T08:43:37",
    "status": "initiated",
    "timestamp": "2025-06-23T08:43:37",
    "type": "call_started",
    "uniqueid": "1750655670.753786"
}

{
    "channel": "SIP/263-00009dc6",
    "privilege": "call,all",
    "timestamp": "2025-06-23T08:43:37",
    "type": "call_ringing",
    "uniqueid": "1750655670.753786"
}

{
    "channel": "SIP/263-00009dc6",
    "privilege": "call,all",
    "timestamp": "2025-06-23T08:43:41",
    "type": "call_answered",
    "uniqueid": "1750655670.753786"
}

{
    "call_type": "internal",
    "caller_id_name": "263-SUP10",
    "caller_id_num": "263",
    "cause": "16",
    "cause_description": "",
    "cause_txt": "",
    "channel": "SIP/263-00009dc6",
    "connected_line_name": "<unknown>",
    "connected_line_num": "<unknown>",
    "direction": "in",
    "end_time": "2025-06-23T08:44:28",
    "extension_number": "263",
    "has_ringing": true,
    "linkedid": "1750655647.753752",
    "other_extension_number": "65250002",
    "raw_event": {
        "AccountCode": "",
        "CallerIDName": "263-SUP10",
        "CallerIDNum": "263",
        "Cause": "16",
        "Cause-txt": "Normal Clearing",
        "Channel": "SIP/263-00009dc6",
        "ChannelState": "6",
        "ChannelStateDesc": "Up",
        "ConnectedLineName": "65250002",
        "ConnectedLineNum": "65250002",
        "Context": "macro-dial-one",
        "Event": "Hangup",
        "Exten": "s",
        "Language": "pr2",
        "Linkedid": "1750655647.753752",
        "Priority": "1",
        "Privilege": "call,all",
        "Uniqueid": "1750655670.753786"
    },
    "start_time": "2025-06-23T08:43:41",
    "status": "answered",
    "timestamp": "2025-06-23T08:44:28",
    "type": "call_ended",
    "uniqueid": "1750655670.753786"
}

{
    "call_duration": 46,
    "call_type": "internal",
    "caller_id_name": "263-SUP10",
    "caller_id_num": "263",
    "cause": "16",
    "cause_description": "",
    "cause_txt": "",
    "channel": "SIP/263-00009dc6",
    "connected_line_name": "<unknown>",
    "connected_line_num": "<unknown>",
    "direction": "in",
    "end_time": "2025-06-23T08:44:28",
    "extension_number": "263",
    "has_ringing": true,
    "linkedid": "1750655647.753752",
    "other_extension_number": "65250002",
    "raw_event": {
        "AccountCode": "",
        "CallerIDName": "263-SUP10",
        "CallerIDNum": "263",
        "Cause": "16",
        "Cause-txt": "Normal Clearing",
        "Channel": "SIP/263-00009dc6",
        "ChannelState": "6",
        "ChannelStateDesc": "Up",
        "ConnectedLineName": "65250002",
        "ConnectedLineNum": "65250002",
        "Context": "macro-dial-one",
        "Event": "Hangup",
        "Exten": "s",
        "Language": "pr2",
        "Linkedid": "1750655647.753752",
        "Priority": "1",
        "Privilege": "call,all",
        "Uniqueid": "1750655670.753786"
    },
    "start_time": "2025-06-23T08:43:41",
    "status": "answered",
    "timestamp": "2025-06-23T08:44:28",
    "type": "call_summary",
    "uniqueid": "1750655670.753786"
}

{
    "call_type": "",
    "caller_id_name": "263-SUP10",
    "caller_id_num": "263",
    "channel": "SIP/263-00009dfa",
    "connected_line_name": "<unknown>",
    "connected_line_num": "<unknown>",
    "direction": "",
    "end_time": "",
    "extension_number": "263",
    "has_ringing": false,
    "linkedid": "1750656088.754353",
    "other_extension_number": "",
    "start_time": "2025-06-23T08:50:34",
    "status": "initiated",
    "timestamp": "2025-06-23T08:50:34",
    "type": "call_started",
    "uniqueid": "1750656088.754353"
}

{
    "channel": "SIP/263-00009dfa",
    "privilege": "call,all",
    "timestamp": "2025-06-23T08:50:39",
    "type": "call_answered",
    "uniqueid": "1750656088.754353"
}

{
    "call_type": "internal",
    "caller_id_name": "263-SUP10",
    "caller_id_num": "263",
    "cause": "16",
    "cause_description": "",
    "cause_txt": "",
    "channel": "SIP/263-00009dfa",
    "connected_line_name": "<unknown>",
    "connected_line_num": "<unknown>",
    "direction": "out",
    "end_time": "2025-06-23T08:52:30",
    "extension_number": "263",
    "has_ringing": false,
    "linkedid": "1750656088.754353",
    "other_extension_number": "555",
    "raw_event": {
        "AccountCode": "",
        "CallerIDName": "263-SUP10",
        "CallerIDNum": "263",
        "Cause": "16",
        "Cause-txt": "Normal Clearing",
        "Channel": "SIP/263-00009dfa",
        "ChannelState": "6",
        "ChannelStateDesc": "Up",
        "ConnectedLineName": "555-TES",
        "ConnectedLineNum": "555",
        "Context": "from-internal",
        "Event": "Hangup",
        "Exten": "h",
        "Language": "pr2",
        "Linkedid": "1750656088.754353",
        "Priority": "1",
        "Privilege": "call,all",
        "Uniqueid": "1750656088.754353"
    },
    "start_time": "2025-06-23T08:50:39",
    "status": "answered",
    "timestamp": "2025-06-23T08:52:30",
    "type": "call_ended",
    "uniqueid": "1750656088.754353"
}

{
    "call_duration": 111,
    "call_type": "internal",
    "caller_id_name": "263-SUP10",
    "caller_id_num": "263",
    "cause": "16",
    "cause_description": "",
    "cause_txt": "",
    "channel": "SIP/263-00009dfa",
    "connected_line_name": "<unknown>",
    "connected_line_num": "<unknown>",
    "direction": "out",
    "end_time": "2025-06-23T08:52:30",
    "extension_number": "263",
    "has_ringing": false,
    "linkedid": "1750656088.754353",
    "other_extension_number": "555",
    "raw_event": {
        "AccountCode": "",
        "CallerIDName": "263-SUP10",
        "CallerIDNum": "263",
        "Cause": "16",
        "Cause-txt": "Normal Clearing",
        "Channel": "SIP/263-00009dfa",
        "ChannelState": "6",
        "ChannelStateDesc": "Up",
        "ConnectedLineName": "555-TES",
        "ConnectedLineNum": "555",
        "Context": "from-internal",
        "Event": "Hangup",
        "Exten": "h",
        "Language": "pr2",
        "Linkedid": "1750656088.754353",
        "Priority": "1",
        "Privilege": "call,all",
        "Uniqueid": "1750656088.754353"
    },
    "start_time": "2025-06-23T08:50:39",
    "status": "answered",
    "timestamp": "2025-06-23T08:52:30",
    "type": "call_summary",
    "uniqueid": "1750656088.754353"
}

{
    "call_type": "",
    "caller_id_name": "263-SUP10",
    "caller_id_num": "263",
    "channel": "SIP/263-00009ea8",
    "connected_line_name": "<unknown>",
    "connected_line_num": "<unknown>",
    "direction": "",
    "end_time": "",
    "extension_number": "263",
    "has_ringing": false,
    "linkedid": "1750657369.756286",
    "other_extension_number": "",
    "start_time": "2025-06-23T09:11:56",
    "status": "initiated",
    "timestamp": "2025-06-23T09:11:56",
    "type": "call_started",
    "uniqueid": "1750657369.756289"
}

{
    "channel": "SIP/263-00009ea8",
    "privilege": "call,all",
    "timestamp": "2025-06-23T09:11:56",
    "type": "call_ringing",
    "uniqueid": "1750657369.756289"
}

{
    "channel": "SIP/263-00009ea8",
    "privilege": "call,all",
    "timestamp": "2025-06-23T09:12:02",
    "type": "call_answered",
    "uniqueid": "1750657369.756289"
}

{
    "call_type": "internal",
    "caller_id_name": "263-SUP10",
    "caller_id_num": "263",
    "cause": "16",
    "cause_description": "",
    "cause_txt": "",
    "channel": "SIP/263-00009ea8",
    "connected_line_name": "<unknown>",
    "connected_line_num": "<unknown>",
    "direction": "in",
    "end_time": "2025-06-23T09:12:40",
    "extension_number": "263",
    "has_ringing": true,
    "linkedid": "1750657369.756286",
    "other_extension_number": "146",
    "raw_event": {
        "AccountCode": "",
        "CallerIDName": "263-SUP10",
        "CallerIDNum": "263",
        "Cause": "16",
        "Cause-txt": "Normal Clearing",
        "Channel": "SIP/263-00009ea8",
        "ChannelState": "6",
        "ChannelStateDesc": "Up",
        "ConnectedLineName": "146-SAL9",
        "ConnectedLineNum": "146",
        "Context": "from-internal",
        "Event": "Hangup",
        "Exten": "",
        "Language": "pr2",
        "Linkedid": "1750657369.756286",
        "Priority": "1",
        "Privilege": "call,all",
        "Uniqueid": "1750657369.756289"
    },
    "start_time": "2025-06-23T09:12:02",
    "status": "answered",
    "timestamp": "2025-06-23T09:12:40",
    "type": "call_ended",
    "uniqueid": "1750657369.756289"
}

{
    "call_duration": 37,
    "call_type": "internal",
    "caller_id_name": "263-SUP10",
    "caller_id_num": "263",
    "cause": "16",
    "cause_description": "",
    "cause_txt": "",
    "channel": "SIP/263-00009ea8",
    "connected_line_name": "<unknown>",
    "connected_line_num": "<unknown>",
    "direction": "in",
    "end_time": "2025-06-23T09:12:40",
    "extension_number": "263",
    "has_ringing": true,
    "linkedid": "1750657369.756286",
    "other_extension_number": "146",
    "raw_event": {
        "AccountCode": "",
        "CallerIDName": "263-SUP10",
        "CallerIDNum": "263",
        "Cause": "16",
        "Cause-txt": "Normal Clearing",
        "Channel": "SIP/263-00009ea8",
        "ChannelState": "6",
        "ChannelStateDesc": "Up",
        "ConnectedLineName": "146-SAL9",
        "ConnectedLineNum": "146",
        "Context": "from-internal",
        "Event": "Hangup",
        "Exten": "",
        "Language": "pr2",
        "Linkedid": "1750657369.756286",
        "Priority": "1",
        "Privilege": "call,all",
        "Uniqueid": "1750657369.756289"
    },
    "start_time": "2025-06-23T09:12:02",
    "status": "answered",
    "timestamp": "2025-06-23T09:12:40",
    "type": "call_summary",
    "uniqueid": "1750657369.756289"
}

{
    "call_type": "",
    "caller_id_name": "263-SUP10",
    "caller_id_num": "263",
    "channel": "SIP/263-00009ecb",
    "connected_line_name": "<unknown>",
    "connected_line_num": "<unknown>",
    "direction": "",
    "end_time": "",
    "extension_number": "263",
    "has_ringing": false,
    "linkedid": "1750657574.756641",
    "other_extension_number": "",
    "start_time": "2025-06-23T09:15:21",
    "status": "initiated",
    "timestamp": "2025-06-23T09:15:21",
    "type": "call_started",
    "uniqueid": "1750657574.756644"
}

{
    "channel": "SIP/263-00009ecb",
    "privilege": "call,all",
    "timestamp": "2025-06-23T09:15:21",
    "type": "call_ringing",
    "uniqueid": "1750657574.756644"
}

{
    "channel": "SIP/263-00009ecb",
    "privilege": "call,all",
    "timestamp": "2025-06-23T09:15:25",
    "type": "call_answered",
    "uniqueid": "1750657574.756644"
}

{
    "call_type": "internal",
    "caller_id_name": "263-SUP10",
    "caller_id_num": "263",
    "cause": "16",
    "cause_description": "",
    "cause_txt": "",
    "channel": "SIP/263-00009ecb",
    "connected_line_name": "<unknown>",
    "connected_line_num": "<unknown>",
    "direction": "in",
    "end_time": "2025-06-23T09:16:26",
    "extension_number": "263",
    "has_ringing": true,
    "linkedid": "1750657574.756641",
    "other_extension_number": "555",
    "raw_event": {
        "AccountCode": "",
        "CallerIDName": "263-SUP10",
        "CallerIDNum": "263",
        "Cause": "16",
        "Cause-txt": "Normal Clearing",
        "Channel": "SIP/263-00009ecb",
        "ChannelState": "6",
        "ChannelStateDesc": "Up",
        "ConnectedLineName": "555-TES",
        "ConnectedLineNum": "555",
        "Context": "from-internal",
        "Event": "Hangup",
        "Exten": "",
        "Language": "pr2",
        "Linkedid": "1750657574.756641",
        "Priority": "1",
        "Privilege": "call,all",
        "Uniqueid": "1750657574.756644"
    },
    "start_time": "2025-06-23T09:15:25",
    "status": "answered",
    "timestamp": "2025-06-23T09:16:26",
    "type": "call_ended",
    "uniqueid": "1750657574.756644"
}

{
    "call_duration": 60,
    "call_type": "internal",
    "caller_id_name": "263-SUP10",
    "caller_id_num": "263",
    "cause": "16",
    "cause_description": "",
    "cause_txt": "",
    "channel": "SIP/263-00009ecb",
    "connected_line_name": "<unknown>",
    "connected_line_num": "<unknown>",
    "direction": "in",
    "end_time": "2025-06-23T09:16:26",
    "extension_number": "263",
    "has_ringing": true,
    "linkedid": "1750657574.756641",
    "other_extension_number": "555",
    "raw_event": {
        "AccountCode": "",
        "CallerIDName": "263-SUP10",
        "CallerIDNum": "263",
        "Cause": "16",
        "Cause-txt": "Normal Clearing",
        "Channel": "SIP/263-00009ecb",
        "ChannelState": "6",
        "ChannelStateDesc": "Up",
        "ConnectedLineName": "555-TES",
        "ConnectedLineNum": "555",
        "Context": "from-internal",
        "Event": "Hangup",
        "Exten": "",
        "Language": "pr2",
        "Linkedid": "1750657574.756641",
        "Priority": "1",
        "Privilege": "call,all",
        "Uniqueid": "1750657574.756644"
    },
    "start_time": "2025-06-23T09:15:25",
    "status": "answered",
    "timestamp": "2025-06-23T09:16:26",
    "type": "call_summary",
    "uniqueid": "1750657574.756644"
}

{
    "call_type": "",
    "caller_id_name": "263-SUP10",
    "caller_id_num": "263",
    "channel": "SIP/263-00009f74",
    "connected_line_name": "<unknown>",
    "connected_line_num": "<unknown>",
    "direction": "",
    "end_time": "",
    "extension_number": "263",
    "has_ringing": false,
    "linkedid": "1750659011.758473",
    "other_extension_number": "",
    "start_time": "2025-06-23T09:40:04",
    "status": "initiated",
    "timestamp": "2025-06-23T09:40:04",
    "type": "call_started",
    "uniqueid": "1750659057.758544"
}

{
    "channel": "SIP/263-00009f74",
    "privilege": "call,all",
    "timestamp": "2025-06-23T09:40:04",
    "type": "call_ringing",
    "uniqueid": "1750659057.758544"
}

{
    "channel": "SIP/263-00009f74",
    "privilege": "call,all",
    "timestamp": "2025-06-23T09:40:09",
    "type": "call_answered",
    "uniqueid": "1750659057.758544"
}

{
    "call_type": "external",
    "caller_id_name": "263-SUP10",
    "caller_id_num": "263",
    "cause": "16",
    "cause_description": "",
    "cause_txt": "",
    "channel": "SIP/263-00009f74",
    "connected_line_name": "<unknown>",
    "connected_line_num": "<unknown>",
    "direction": "in",
    "end_time": "2025-06-23T09:41:16",
    "extension_number": "263",
    "has_ringing": true,
    "linkedid": "1750659011.758473",
    "other_extension_number": "9133669398",
    "raw_event": {
        "AccountCode": "",
        "CallerIDName": "263-SUP10",
        "CallerIDNum": "263",
        "Cause": "16",
        "Cause-txt": "Normal Clearing",
        "Channel": "SIP/263-00009f74",
        "ChannelState": "6",
        "ChannelStateDesc": "Up",
        "ConnectedLineName": "09133669398",
        "ConnectedLineNum": "9133669398",
        "Context": "macro-dial-one",
        "Event": "Hangup",
        "Exten": "s",
        "Language": "pr2",
        "Linkedid": "1750659011.758473",
        "Priority": "1",
        "Privilege": "call,all",
        "Uniqueid": "1750659057.758544"
    },
    "start_time": "2025-06-23T09:40:09",
    "status": "answered",
    "timestamp": "2025-06-23T09:41:16",
    "type": "call_ended",
    "uniqueid": "1750659057.758544"
}

{
    "call_duration": 66,
    "call_type": "external",
    "caller_id_name": "263-SUP10",
    "caller_id_num": "263",
    "cause": "16",
    "cause_description": "",
    "cause_txt": "",
    "channel": "SIP/263-00009f74",
    "connected_line_name": "<unknown>",
    "connected_line_num": "<unknown>",
    "direction": "in",
    "end_time": "2025-06-23T09:41:16",
    "extension_number": "263",
    "has_ringing": true,
    "linkedid": "1750659011.758473",
    "other_extension_number": "9133669398",
    "raw_event": {
        "AccountCode": "",
        "CallerIDName": "263-SUP10",
        "CallerIDNum": "263",
        "Cause": "16",
        "Cause-txt": "Normal Clearing",
        "Channel": "SIP/263-00009f74",
        "ChannelState": "6",
        "ChannelStateDesc": "Up",
        "ConnectedLineName": "09133669398",
        "ConnectedLineNum": "9133669398",
        "Context": "macro-dial-one",
        "Event": "Hangup",
        "Exten": "s",
        "Language": "pr2",
        "Linkedid": "1750659011.758473",
        "Priority": "1",
        "Privilege": "call,all",
        "Uniqueid": "1750659057.758544"
    },
    "start_time": "2025-06-23T09:40:09",
    "status": "answered",
    "timestamp": "2025-06-23T09:41:16",
    "type": "call_summary",
    "uniqueid": "1750659057.758544"
}

{
    "call_type": "",
    "caller_id_name": "263-SUP10",
    "caller_id_num": "263",
    "channel": "SIP/263-00009f7c",
    "connected_line_name": "<unknown>",
    "connected_line_num": "<unknown>",
    "direction": "",
    "end_time": "",
    "extension_number": "263",
    "has_ringing": false,
    "linkedid": "1750659142.758698",
    "other_extension_number": "",
    "start_time": "2025-06-23T09:41:28",
    "status": "initiated",
    "timestamp": "2025-06-23T09:41:28",
    "type": "call_started",
    "uniqueid": "1750659142.758698"
}

{
    "channel": "SIP/263-00009f7c",
    "privilege": "call,all",
    "timestamp": "2025-06-23T09:41:31",
    "type": "call_answered",
    "uniqueid": "1750659142.758698"
}

{
    "call_type": "internal",
    "caller_id_name": "263-SUP10",
    "caller_id_num": "263",
    "cause": "16",
    "cause_description": "",
    "cause_txt": "",
    "channel": "SIP/263-00009f7c",
    "connected_line_name": "<unknown>",
    "connected_line_num": "<unknown>",
    "direction": "out",
    "end_time": "2025-06-23T09:42:59",
    "extension_number": "263",
    "has_ringing": false,
    "linkedid": "1750659142.758698",
    "other_extension_number": "256",
    "raw_event": {
        "AccountCode": "",
        "CallerIDName": "263-SUP10",
        "CallerIDNum": "263",
        "Cause": "16",
        "Cause-txt": "Normal Clearing",
        "Channel": "SIP/263-00009f7c",
        "ChannelState": "6",
        "ChannelStateDesc": "Up",
        "ConnectedLineName": "256-SUP6",
        "ConnectedLineNum": "256",
        "Context": "from-internal",
        "Event": "Hangup",
        "Exten": "h",
        "Language": "pr2",
        "Linkedid": "1750659142.758698",
        "Priority": "1",
        "Privilege": "call,all",
        "Uniqueid": "1750659142.758698"
    },
    "start_time": "2025-06-23T09:41:31",
    "status": "answered",
    "timestamp": "2025-06-23T09:42:59",
    "type": "call_ended",
    "uniqueid": "1750659142.758698"
}

{
    "call_duration": 87,
    "call_type": "internal",
    "caller_id_name": "263-SUP10",
    "caller_id_num": "263",
    "cause": "16",
    "cause_description": "",
    "cause_txt": "",
    "channel": "SIP/263-00009f7c",
    "connected_line_name": "<unknown>",
    "connected_line_num": "<unknown>",
    "direction": "out",
    "end_time": "2025-06-23T09:42:59",
    "extension_number": "263",
    "has_ringing": false,
    "linkedid": "1750659142.758698",
    "other_extension_number": "256",
    "raw_event": {
        "AccountCode": "",
        "CallerIDName": "263-SUP10",
        "CallerIDNum": "263",
        "Cause": "16",
        "Cause-txt": "Normal Clearing",
        "Channel": "SIP/263-00009f7c",
        "ChannelState": "6",
        "ChannelStateDesc": "Up",
        "ConnectedLineName": "256-SUP6",
        "ConnectedLineNum": "256",
        "Context": "from-internal",
        "Event": "Hangup",
        "Exten": "h",
        "Language": "pr2",
        "Linkedid": "1750659142.758698",
        "Priority": "1",
        "Privilege": "call,all",
        "Uniqueid": "1750659142.758698"
    },
    "start_time": "2025-06-23T09:41:31",
    "status": "answered",
    "timestamp": "2025-06-23T09:42:59",
    "type": "call_summary",
    "uniqueid": "1750659142.758698"
}

{
    "call_type": "",
    "caller_id_name": "263-SUP10",
    "caller_id_num": "263",
    "channel": "SIP/263-00009fd8",
    "connected_line_name": "<unknown>",
    "connected_line_num": "<unknown>",
    "direction": "",
    "end_time": "",
    "extension_number": "263",
    "has_ringing": false,
    "linkedid": "1750659817.759754",
    "other_extension_number": "",
    "start_time": "2025-06-23T09:53:20",
    "status": "initiated",
    "timestamp": "2025-06-23T09:53:20",
    "type": "call_started",
    "uniqueid": "1750659853.759821"
}

{
    "channel": "SIP/263-00009fd8",
    "privilege": "call,all",
    "timestamp": "2025-06-23T09:53:20",
    "type": "call_ringing",
    "uniqueid": "1750659853.759821"
}

{
    "channel": "SIP/263-00009fd8",
    "privilege": "call,all",
    "timestamp": "2025-06-23T09:53:23",
    "type": "call_answered",
    "uniqueid": "1750659853.759821"
}

{
    "call_type": "",
    "caller_id_name": "263-SUP10",
    "caller_id_num": "263",
    "channel": "SIP/263-00009fe8",
    "connected_line_name": "<unknown>",
    "connected_line_num": "<unknown>",
    "direction": "",
    "end_time": "",
    "extension_number": "263",
    "has_ringing": false,
    "linkedid": "1750659918.760001",
    "other_extension_number": "",
    "start_time": "2025-06-23T09:54:25",
    "status": "initiated",
    "timestamp": "2025-06-23T09:54:25",
    "type": "call_started",
    "uniqueid": "1750659918.760001"
}

{
    "channel": "SIP/263-00009fe8",
    "privilege": "call,all",
    "timestamp": "2025-06-23T09:54:33",
    "type": "call_answered",
    "uniqueid": "1750659918.760001"
}

{
    "call_type": "internal",
    "caller_id_name": "263-SUP10",
    "caller_id_num": "263",
    "cause": "16",
    "cause_description": "",
    "cause_txt": "",
    "channel": "SIP/263-00009fe8",
    "connected_line_name": "<unknown>",
    "connected_line_num": "<unknown>",
    "direction": "out",
    "end_time": "2025-06-23T09:55:24",
    "extension_number": "263",
    "has_ringing": false,
    "linkedid": "1750659918.760001",
    "other_extension_number": "123",
    "raw_event": {
        "AccountCode": "",
        "CallerIDName": "263-SUP10",
        "CallerIDNum": "263",
        "Cause": "16",
        "Cause-txt": "Normal Clearing",
        "Channel": "SIP/263-00009fe8",
        "ChannelState": "6",
        "ChannelStateDesc": "Up",
        "ConnectedLineName": "123-SAL11",
        "ConnectedLineNum": "123",
        "Context": "from-internal",
        "Event": "Hangup",
        "Exten": "h",
        "Language": "pr2",
        "Linkedid": "1750659918.760001",
        "Priority": "1",
        "Privilege": "call,all",
        "Uniqueid": "1750659918.760001"
    },
    "start_time": "2025-06-23T09:54:33",
    "status": "answered",
    "timestamp": "2025-06-23T09:55:24",
    "type": "call_ended",
    "uniqueid": "1750659918.760001"
}

{
    "call_duration": 51,
    "call_type": "internal",
    "caller_id_name": "263-SUP10",
    "caller_id_num": "263",
    "cause": "16",
    "cause_description": "",
    "cause_txt": "",
    "channel": "SIP/263-00009fe8",
    "connected_line_name": "<unknown>",
    "connected_line_num": "<unknown>",
    "direction": "out",
    "end_time": "2025-06-23T09:55:24",
    "extension_number": "263",
    "has_ringing": false,
    "linkedid": "1750659918.760001",
    "other_extension_number": "123",
    "raw_event": {
        "AccountCode": "",
        "CallerIDName": "263-SUP10",
        "CallerIDNum": "263",
        "Cause": "16",
        "Cause-txt": "Normal Clearing",
        "Channel": "SIP/263-00009fe8",
        "ChannelState": "6",
        "ChannelStateDesc": "Up",
        "ConnectedLineName": "123-SAL11",
        "ConnectedLineNum": "123",
        "Context": "from-internal",
        "Event": "Hangup",
        "Exten": "h",
        "Language": "pr2",
        "Linkedid": "1750659918.760001",
        "Priority": "1",
        "Privilege": "call,all",
        "Uniqueid": "1750659918.760001"
    },
    "start_time": "2025-06-23T09:54:33",
    "status": "answered",
    "timestamp": "2025-06-23T09:55:24",
    "type": "call_summary",
    "uniqueid": "1750659918.760001"
}

{
    "call_type": "external",
    "caller_id_name": "263-SUP10",
    "caller_id_num": "263",
    "cause": "16",
    "cause_description": "",
    "cause_txt": "",
    "channel": "SIP/263-00009fd8",
    "connected_line_name": "<unknown>",
    "connected_line_num": "<unknown>",
    "direction": "in",
    "end_time": "2025-06-23T09:55:27",
    "extension_number": "263",
    "has_ringing": true,
    "linkedid": "1750659817.759754",
    "other_extension_number": "9307749906",
    "raw_event": {
        "AccountCode": "",
        "CallerIDName": "263-SUP10",
        "CallerIDNum": "263",
        "Cause": "16",
        "Cause-txt": "Normal Clearing",
        "Channel": "SIP/263-00009fd8",
        "ChannelState": "6",
        "ChannelStateDesc": "Up",
        "ConnectedLineName": "9307749906",
        "ConnectedLineNum": "9307749906",
        "Context": "macro-dial-one",
        "Event": "Hangup",
        "Exten": "s",
        "Language": "pr2",
        "Linkedid": "1750659817.759754",
        "Priority": "1",
        "Privilege": "call,all",
        "Uniqueid": "1750659853.759821"
    },
    "start_time": "2025-06-23T09:53:23",
    "status": "answered",
    "timestamp": "2025-06-23T09:55:27",
    "type": "call_ended",
    "uniqueid": "1750659853.759821"
}

{
    "call_duration": 124,
    "call_type": "external",
    "caller_id_name": "263-SUP10",
    "caller_id_num": "263",
    "cause": "16",
    "cause_description": "",
    "cause_txt": "",
    "channel": "SIP/263-00009fd8",
    "connected_line_name": "<unknown>",
    "connected_line_num": "<unknown>",
    "direction": "in",
    "end_time": "2025-06-23T09:55:27",
    "extension_number": "263",
    "has_ringing": true,
    "linkedid": "1750659817.759754",
    "other_extension_number": "9307749906",
    "raw_event": {
        "AccountCode": "",
        "CallerIDName": "263-SUP10",
        "CallerIDNum": "263",
        "Cause": "16",
        "Cause-txt": "Normal Clearing",
        "Channel": "SIP/263-00009fd8",
        "ChannelState": "6",
        "ChannelStateDesc": "Up",
        "ConnectedLineName": "9307749906",
        "ConnectedLineNum": "9307749906",
        "Context": "macro-dial-one",
        "Event": "Hangup",
        "Exten": "s",
        "Language": "pr2",
        "Linkedid": "1750659817.759754",
        "Priority": "1",
        "Privilege": "call,all",
        "Uniqueid": "1750659853.759821"
    },
    "start_time": "2025-06-23T09:53:23",
    "status": "answered",
    "timestamp": "2025-06-23T09:55:27",
    "type": "call_summary",
    "uniqueid": "1750659853.759821"
}

{
    "call_type": "",
    "caller_id_name": "263-SUP10",
    "caller_id_num": "263",
    "channel": "SIP/263-0000a162",
    "connected_line_name": "<unknown>",
    "connected_line_num": "<unknown>",
    "direction": "",
    "end_time": "",
    "extension_number": "263",
    "has_ringing": false,
    "linkedid": "1750662935.764167",
    "other_extension_number": "",
    "start_time": "2025-06-23T10:44:42",
    "status": "initiated",
    "timestamp": "2025-06-23T10:44:42",
    "type": "call_started",
    "uniqueid": "1750662935.764167"
}

{
    "channel": "SIP/263-0000a162",
    "privilege": "call,all",
    "timestamp": "2025-06-23T10:44:52",
    "type": "call_answered",
    "uniqueid": "1750662935.764167"
}

{
    "extension": "263",
    "privilege": "call,all",
    "timestamp": "2025-06-23T20:53:45",
    "type": "monitor_initialized"
}

{
    "call_type": "",
    "caller_id_name": "263-SUP10",
    "caller_id_num": "263",
    "channel": "SIP/263-0000abe4",
    "connected_line_name": "<unknown>",
    "connected_line_num": "<unknown>",
    "direction": "",
    "end_time": "",
    "extension_number": "263",
    "has_ringing": false,
    "linkedid": "1750741903.804177",
    "other_extension_number": "",
    "start_time": "2025-06-24T08:40:50",
    "status": "initiated",
    "timestamp": "2025-06-24T08:40:50",
    "type": "call_started",
    "uniqueid": "1750741903.804177"
}

{
    "channel": "SIP/263-0000abe4",
    "privilege": "call,all",
    "timestamp": "2025-06-24T08:41:00",
    "type": "call_answered",
    "uniqueid": "1750741903.804177"
}

{
    "call_type": "internal",
    "caller_id_name": "263-SUP10",
    "caller_id_num": "263",
    "cause": "16",
    "cause_description": "",
    "cause_txt": "",
    "channel": "SIP/263-0000abe4",
    "connected_line_name": "<unknown>",
    "connected_line_num": "<unknown>",
    "direction": "out",
    "end_time": "2025-06-24T08:45:46",
    "extension_number": "263",
    "has_ringing": false,
    "linkedid": "1750741903.804177",
    "other_extension_number": "555",
    "raw_event": {
        "AccountCode": "",
        "CallerIDName": "263-SUP10",
        "CallerIDNum": "263",
        "Cause": "16",
        "Cause-txt": "Normal Clearing",
        "Channel": "SIP/263-0000abe4",
        "ChannelState": "6",
        "ChannelStateDesc": "Up",
        "ConnectedLineName": "555-TES",
        "ConnectedLineNum": "555",
        "Context": "from-internal",
        "Event": "Hangup",
        "Exten": "h",
        "Language": "pr2",
        "Linkedid": "1750741903.804177",
        "Priority": "1",
        "Privilege": "call,all",
        "Uniqueid": "1750741903.804177"
    },
    "start_time": "2025-06-24T08:41:00",
    "status": "answered",
    "timestamp": "2025-06-24T08:45:46",
    "type": "call_ended",
    "uniqueid": "1750741903.804177"
}

{
    "call_duration": 285,
    "call_type": "internal",
    "caller_id_name": "263-SUP10",
    "caller_id_num": "263",
    "cause": "16",
    "cause_description": "",
    "cause_txt": "",
    "channel": "SIP/263-0000abe4",
    "connected_line_name": "<unknown>",
    "connected_line_num": "<unknown>",
    "direction": "out",
    "end_time": "2025-06-24T08:45:46",
    "extension_number": "263",
    "has_ringing": false,
    "linkedid": "1750741903.804177",
    "other_extension_number": "555",
    "raw_event": {
        "AccountCode": "",
        "CallerIDName": "263-SUP10",
        "CallerIDNum": "263",
        "Cause": "16",
        "Cause-txt": "Normal Clearing",
        "Channel": "SIP/263-0000abe4",
        "ChannelState": "6",
        "ChannelStateDesc": "Up",
        "ConnectedLineName": "555-TES",
        "ConnectedLineNum": "555",
        "Context": "from-internal",
        "Event": "Hangup",
        "Exten": "h",
        "Language": "pr2",
        "Linkedid": "1750741903.804177",
        "Priority": "1",
        "Privilege": "call,all",
        "Uniqueid": "1750741903.804177"
    },
    "start_time": "2025-06-24T08:41:00",
    "status": "answered",
    "timestamp": "2025-06-24T08:45:46",
    "type": "call_summary",
    "uniqueid": "1750741903.804177"
}

{
    "call_type": "",
    "caller_id_name": "263-SUP10",
    "caller_id_num": "263",
    "channel": "SIP/263-0000ac02",
    "connected_line_name": "<unknown>",
    "connected_line_num": "<unknown>",
    "direction": "",
    "end_time": "",
    "extension_number": "263",
    "has_ringing": false,
    "linkedid": "1750742131.804476",
    "other_extension_number": "",
    "start_time": "2025-06-24T08:45:50",
    "status": "initiated",
    "timestamp": "2025-06-24T08:45:50",
    "type": "call_started",
    "uniqueid": "1750742131.804476"
}

{
    "channel": "SIP/263-0000ac02",
    "privilege": "call,all",
    "timestamp": "2025-06-24T08:45:50",
    "type": "call_answered",
    "uniqueid": "1750742131.804476"
}

{
    "call_type": "internal",
    "caller_id_name": "263-SUP10",
    "caller_id_num": "263",
    "cause": "16",
    "cause_description": "",
    "cause_txt": "",
    "channel": "SIP/263-0000ac02",
    "connected_line_name": "<unknown>",
    "connected_line_num": "<unknown>",
    "direction": "out",
    "end_time": "2025-06-24T08:45:53",
    "extension_number": "263",
    "has_ringing": false,
    "linkedid": "1750742131.804476",
    "other_extension_number": "270",
    "raw_event": {
        "AccountCode": "",
        "CallerIDName": "263-SUP10",
        "CallerIDNum": "263",
        "Cause": "16",
        "Cause-txt": "Normal Clearing",
        "Channel": "SIP/263-0000ac02",
        "ChannelState": "6",
        "ChannelStateDesc": "Up",
        "ConnectedLineName": "270-SUP13",
        "ConnectedLineNum": "270",
        "Context": "from-internal",
        "Event": "Hangup",
        "Exten": "h",
        "Language": "pr2",
        "Linkedid": "1750742131.804476",
        "Priority": "1",
        "Privilege": "call,all",
        "Uniqueid": "1750742131.804476"
    },
    "start_time": "2025-06-24T08:45:50",
    "status": "answered",
    "timestamp": "2025-06-24T08:45:53",
    "type": "call_ended",
    "uniqueid": "1750742131.804476"
}

{
    "call_duration": 2,
    "call_type": "internal",
    "caller_id_name": "263-SUP10",
    "caller_id_num": "263",
    "cause": "16",
    "cause_description": "",
    "cause_txt": "",
    "channel": "SIP/263-0000ac02",
    "connected_line_name": "<unknown>",
    "connected_line_num": "<unknown>",
    "direction": "out",
    "end_time": "2025-06-24T08:45:53",
    "extension_number": "263",
    "has_ringing": false,
    "linkedid": "1750742131.804476",
    "other_extension_number": "270",
    "raw_event": {
        "AccountCode": "",
        "CallerIDName": "263-SUP10",
        "CallerIDNum": "263",
        "Cause": "16",
        "Cause-txt": "Normal Clearing",
        "Channel": "SIP/263-0000ac02",
        "ChannelState": "6",
        "ChannelStateDesc": "Up",
        "ConnectedLineName": "270-SUP13",
        "ConnectedLineNum": "270",
        "Context": "from-internal",
        "Event": "Hangup",
        "Exten": "h",
        "Language": "pr2",
        "Linkedid": "1750742131.804476",
        "Priority": "1",
        "Privilege": "call,all",
        "Uniqueid": "1750742131.804476"
    },
    "start_time": "2025-06-24T08:45:50",
    "status": "answered",
    "timestamp": "2025-06-24T08:45:53",
    "type": "call_summary",
    "uniqueid": "1750742131.804476"
}

{
    "call_type": "",
    "caller_id_name": "263-SUP10",
    "caller_id_num": "263",
    "channel": "SIP/263-0000ac51",
    "connected_line_name": "<unknown>",
    "connected_line_num": "<unknown>",
    "direction": "",
    "end_time": "",
    "extension_number": "263",
    "has_ringing": false,
    "linkedid": "1750742601.805279",
    "other_extension_number": "",
    "start_time": "2025-06-24T08:52:28",
    "status": "initiated",
    "timestamp": "2025-06-24T08:52:28",
    "type": "call_started",
    "uniqueid": "1750742601.805287"
}

{
    "channel": "SIP/263-0000ac51",
    "privilege": "call,all",
    "timestamp": "2025-06-24T08:52:28",
    "type": "call_ringing",
    "uniqueid": "1750742601.805287"
}

{
    "channel": "SIP/263-0000ac51",
    "privilege": "call,all",
    "timestamp": "2025-06-24T08:52:32",
    "type": "call_answered",
    "uniqueid": "1750742601.805287"
}

{
    "call_type": "internal",
    "caller_id_name": "263-SUP10",
    "caller_id_num": "263",
    "cause": "16",
    "cause_description": "",
    "cause_txt": "",
    "channel": "SIP/263-0000ac51",
    "connected_line_name": "<unknown>",
    "connected_line_num": "<unknown>",
    "direction": "in",
    "end_time": "2025-06-24T08:53:19",
    "extension_number": "263",
    "has_ringing": true,
    "linkedid": "1750742601.805279",
    "other_extension_number": "44142486",
    "raw_event": {
        "AccountCode": "",
        "CallerIDName": "263-SUP10",
        "CallerIDNum": "263",
        "Cause": "16",
        "Cause-txt": "Normal Clearing",
        "Channel": "SIP/263-0000ac51",
        "ChannelState": "6",
        "ChannelStateDesc": "Up",
        "ConnectedLineName": "44142486",
        "ConnectedLineNum": "44142486",
        "Context": "macro-dial-one",
        "Event": "Hangup",
        "Exten": "s",
        "Language": "pr2",
        "Linkedid": "1750742601.805279",
        "Priority": "1",
        "Privilege": "call,all",
        "Uniqueid": "1750742601.805287"
    },
    "start_time": "2025-06-24T08:52:32",
    "status": "answered",
    "timestamp": "2025-06-24T08:53:19",
    "type": "call_ended",
    "uniqueid": "1750742601.805287"
}

{
    "call_duration": 47,
    "call_type": "internal",
    "caller_id_name": "263-SUP10",
    "caller_id_num": "263",
    "cause": "16",
    "cause_description": "",
    "cause_txt": "",
    "channel": "SIP/263-0000ac51",
    "connected_line_name": "<unknown>",
    "connected_line_num": "<unknown>",
    "direction": "in",
    "end_time": "2025-06-24T08:53:19",
    "extension_number": "263",
    "has_ringing": true,
    "linkedid": "1750742601.805279",
    "other_extension_number": "44142486",
    "raw_event": {
        "AccountCode": "",
        "CallerIDName": "263-SUP10",
        "CallerIDNum": "263",
        "Cause": "16",
        "Cause-txt": "Normal Clearing",
        "Channel": "SIP/263-0000ac51",
        "ChannelState": "6",
        "ChannelStateDesc": "Up",
        "ConnectedLineName": "44142486",
        "ConnectedLineNum": "44142486",
        "Context": "macro-dial-one",
        "Event": "Hangup",
        "Exten": "s",
        "Language": "pr2",
        "Linkedid": "1750742601.805279",
        "Priority": "1",
        "Privilege": "call,all",
        "Uniqueid": "1750742601.805287"
    },
    "start_time": "2025-06-24T08:52:32",
    "status": "answered",
    "timestamp": "2025-06-24T08:53:19",
    "type": "call_summary",
    "uniqueid": "1750742601.805287"
}

{
    "call_type": "",
    "caller_id_name": "263-SUP10",
    "caller_id_num": "263",
    "channel": "SIP/263-0000ac5c",
    "connected_line_name": "<unknown>",
    "connected_line_num": "<unknown>",
    "direction": "",
    "end_time": "",
    "extension_number": "263",
    "has_ringing": false,
    "linkedid": "1750742654.805389",
    "other_extension_number": "",
    "start_time": "2025-06-24T08:53:21",
    "status": "initiated",
    "timestamp": "2025-06-24T08:53:21",
    "type": "call_started",
    "uniqueid": "1750742654.805389"
}

{
    "call_type": "internal",
    "caller_id_name": "263-SUP10",
    "caller_id_num": "263",
    "cause": "16",
    "cause_description": "",
    "cause_txt": "",
    "channel": "SIP/263-0000ac5c",
    "connected_line_name": "<unknown>",
    "connected_line_num": "<unknown>",
    "direction": "out",
    "end_time": "2025-06-24T08:53:33",
    "extension_number": "263",
    "has_ringing": false,
    "linkedid": "1750742654.805389",
    "other_extension_number": "115",
    "raw_event": {
        "AccountCode": "",
        "CallerIDName": "263-SUP10",
        "CallerIDNum": "263",
        "Cause": "16",
        "Cause-txt": "Normal Clearing",
        "Channel": "SIP/263-0000ac5c",
        "ChannelState": "4",
        "ChannelStateDesc": "Ring",
        "ConnectedLineName": "CID:263",
        "ConnectedLineNum": "115",
        "Context": "from-internal",
        "Event": "Hangup",
        "Exten": "h",
        "Language": "pr2",
        "Linkedid": "1750742654.805389",
        "Priority": "1",
        "Privilege": "call,all",
        "Uniqueid": "1750742654.805389"
    },
    "start_time": "2025-06-24T08:53:21",
    "status": "initiated",
    "timestamp": "2025-06-24T08:53:33",
    "type": "call_ended",
    "uniqueid": "1750742654.805389"
}

{
    "call_duration": 11,
    "call_type": "internal",
    "caller_id_name": "263-SUP10",
    "caller_id_num": "263",
    "cause": "16",
    "cause_description": "",
    "cause_txt": "",
    "channel": "SIP/263-0000ac5c",
    "connected_line_name": "<unknown>",
    "connected_line_num": "<unknown>",
    "direction": "out",
    "end_time": "2025-06-24T08:53:33",
    "extension_number": "263",
    "has_ringing": false,
    "linkedid": "1750742654.805389",
    "other_extension_number": "115",
    "raw_event": {
        "AccountCode": "",
        "CallerIDName": "263-SUP10",
        "CallerIDNum": "263",
        "Cause": "16",
        "Cause-txt": "Normal Clearing",
        "Channel": "SIP/263-0000ac5c",
        "ChannelState": "4",
        "ChannelStateDesc": "Ring",
        "ConnectedLineName": "CID:263",
        "ConnectedLineNum": "115",
        "Context": "from-internal",
        "Event": "Hangup",
        "Exten": "h",
        "Language": "pr2",
        "Linkedid": "1750742654.805389",
        "Priority": "1",
        "Privilege": "call,all",
        "Uniqueid": "1750742654.805389"
    },
    "start_time": "2025-06-24T08:53:21",
    "status": "initiated",
    "timestamp": "2025-06-24T08:53:33",
    "type": "call_summary",
    "uniqueid": "1750742654.805389"
}

{
    "call_type": "",
    "caller_id_name": "263-SUP10",
    "caller_id_num": "263",
    "channel": "SIP/263-0000ac77",
    "connected_line_name": "<unknown>",
    "connected_line_num": "<unknown>",
    "direction": "",
    "end_time": "",
    "extension_number": "263",
    "has_ringing": false,
    "linkedid": "1750742774.805664",
    "other_extension_number": "",
    "start_time": "2025-06-24T08:55:20",
    "status": "initiated",
    "timestamp": "2025-06-24T08:55:20",
    "type": "call_started",
    "uniqueid": "1750742774.805664"
}

{
    "call_type": "external",
    "caller_id_name": "263-SUP10",
    "caller_id_num": "263",
    "cause": "17",
    "cause_description": "",
    "cause_txt": "",
    "channel": "SIP/263-0000ac77",
    "connected_line_name": "<unknown>",
    "connected_line_num": "<unknown>",
    "direction": "out",
    "end_time": "2025-06-24T08:56:10",
    "extension_number": "263",
    "has_ringing": false,
    "linkedid": "1750742774.805664",
    "other_extension_number": "09126055122",
    "raw_event": {
        "AccountCode": "",
        "CallerIDName": "<unknown>",
        "CallerIDNum": "36944000",
        "Cause": "17",
        "Cause-txt": "User busy",
        "Channel": "SIP/263-0000ac77",
        "ChannelState": "7",
        "ChannelStateDesc": "Busy",
        "ConnectedLineName": "CID:36944000",
        "ConnectedLineNum": "09126055122",
        "Context": "from-internal",
        "Event": "Hangup",
        "Exten": "h",
        "Language": "pr2",
        "Linkedid": "1750742774.805664",
        "Priority": "1",
        "Privilege": "call,all",
        "Uniqueid": "1750742774.805664"
    },
    "start_time": "2025-06-24T08:55:20",
    "status": "initiated",
    "timestamp": "2025-06-24T08:56:10",
    "type": "call_ended",
    "uniqueid": "1750742774.805664"
}

{
    "call_duration": 49,
    "call_type": "external",
    "caller_id_name": "263-SUP10",
    "caller_id_num": "263",
    "cause": "17",
    "cause_description": "",
    "cause_txt": "",
    "channel": "SIP/263-0000ac77",
    "connected_line_name": "<unknown>",
    "connected_line_num": "<unknown>",
    "direction": "out",
    "end_time": "2025-06-24T08:56:10",
    "extension_number": "263",
    "has_ringing": false,
    "linkedid": "1750742774.805664",
    "other_extension_number": "09126055122",
    "raw_event": {
        "AccountCode": "",
        "CallerIDName": "<unknown>",
        "CallerIDNum": "36944000",
        "Cause": "17",
        "Cause-txt": "User busy",
        "Channel": "SIP/263-0000ac77",
        "ChannelState": "7",
        "ChannelStateDesc": "Busy",
        "ConnectedLineName": "CID:36944000",
        "ConnectedLineNum": "09126055122",
        "Context": "from-internal",
        "Event": "Hangup",
        "Exten": "h",
        "Language": "pr2",
        "Linkedid": "1750742774.805664",
        "Priority": "1",
        "Privilege": "call,all",
        "Uniqueid": "1750742774.805664"
    },
    "start_time": "2025-06-24T08:55:20",
    "status": "initiated",
    "timestamp": "2025-06-24T08:56:10",
    "type": "call_summary",
    "uniqueid": "1750742774.805664"
}

{
    "call_type": "",
    "caller_id_name": "263-SUP10",
    "caller_id_num": "263",
    "channel": "SIP/263-0000ac9d",
    "connected_line_name": "<unknown>",
    "connected_line_num": "<unknown>",
    "direction": "",
    "end_time": "",
    "extension_number": "263",
    "has_ringing": false,
    "linkedid": "1750743014.805990",
    "other_extension_number": "",
    "start_time": "2025-06-24T08:59:21",
    "status": "initiated",
    "timestamp": "2025-06-24T08:59:21",
    "type": "call_started",
    "uniqueid": "1750743014.805990"
}

{
    "channel": "SIP/263-0000ac9d",
    "privilege": "call,all",
    "timestamp": "2025-06-24T08:59:36",
    "type": "call_answered",
    "uniqueid": "1750743014.805990"
}

{
    "call_type": "external",
    "caller_id_name": "263-SUP10",
    "caller_id_num": "263",
    "cause": "16",
    "cause_description": "",
    "cause_txt": "",
    "channel": "SIP/263-0000ac9d",
    "connected_line_name": "<unknown>",
    "connected_line_num": "<unknown>",
    "direction": "out",
    "end_time": "2025-06-24T09:00:07",
    "extension_number": "263",
    "has_ringing": false,
    "linkedid": "1750743014.805990",
    "other_extension_number": "09131183856",
    "raw_event": {
        "AccountCode": "",
        "CallerIDName": "<unknown>",
        "CallerIDNum": "36944000",
        "Cause": "16",
        "Cause-txt": "Normal Clearing",
        "Channel": "SIP/263-0000ac9d",
        "ChannelState": "6",
        "ChannelStateDesc": "Up",
        "ConnectedLineName": "CID:36944000",
        "ConnectedLineNum": "09131183856",
        "Context": "from-internal",
        "Event": "Hangup",
        "Exten": "h",
        "Language": "pr2",
        "Linkedid": "1750743014.805990",
        "Priority": "1",
        "Privilege": "call,all",
        "Uniqueid": "1750743014.805990"
    },
    "start_time": "2025-06-24T08:59:36",
    "status": "answered",
    "timestamp": "2025-06-24T09:00:07",
    "type": "call_ended",
    "uniqueid": "1750743014.805990"
}

{
    "call_duration": 31,
    "call_type": "external",
    "caller_id_name": "263-SUP10",
    "caller_id_num": "263",
    "cause": "16",
    "cause_description": "",
    "cause_txt": "",
    "channel": "SIP/263-0000ac9d",
    "connected_line_name": "<unknown>",
    "connected_line_num": "<unknown>",
    "direction": "out",
    "end_time": "2025-06-24T09:00:07",
    "extension_number": "263",
    "has_ringing": false,
    "linkedid": "1750743014.805990",
    "other_extension_number": "09131183856",
    "raw_event": {
        "AccountCode": "",
        "CallerIDName": "<unknown>",
        "CallerIDNum": "36944000",
        "Cause": "16",
        "Cause-txt": "Normal Clearing",
        "Channel": "SIP/263-0000ac9d",
        "ChannelState": "6",
        "ChannelStateDesc": "Up",
        "ConnectedLineName": "CID:36944000",
        "ConnectedLineNum": "09131183856",
        "Context": "from-internal",
        "Event": "Hangup",
        "Exten": "h",
        "Language": "pr2",
        "Linkedid": "1750743014.805990",
        "Priority": "1",
        "Privilege": "call,all",
        "Uniqueid": "1750743014.805990"
    },
    "start_time": "2025-06-24T08:59:36",
    "status": "answered",
    "timestamp": "2025-06-24T09:00:07",
    "type": "call_summary",
    "uniqueid": "1750743014.805990"
}

{
    "call_type": "",
    "caller_id_name": "263-SUP10",
    "caller_id_num": "263",
    "channel": "SIP/263-0000acb0",
    "connected_line_name": "<unknown>",
    "connected_line_num": "<unknown>",
    "direction": "",
    "end_time": "",
    "extension_number": "263",
    "has_ringing": false,
    "linkedid": "1750743153.806222",
    "other_extension_number": "",
    "start_time": "2025-06-24T09:01:39",
    "status": "initiated",
    "timestamp": "2025-06-24T09:01:39",
    "type": "call_started",
    "uniqueid": "1750743153.806222"
}

{
    "call_type": "external",
    "caller_id_name": "263-SUP10",
    "caller_id_num": "263",
    "cause": "17",
    "cause_description": "",
    "cause_txt": "",
    "channel": "SIP/263-0000acb0",
    "connected_line_name": "<unknown>",
    "connected_line_num": "<unknown>",
    "direction": "out",
    "end_time": "2025-06-24T09:02:11",
    "extension_number": "263",
    "has_ringing": false,
    "linkedid": "1750743153.806222",
    "other_extension_number": "09166118018",
    "raw_event": {
        "AccountCode": "",
        "CallerIDName": "<unknown>",
        "CallerIDNum": "36944000",
        "Cause": "17",
        "Cause-txt": "User busy",
        "Channel": "SIP/263-0000acb0",
        "ChannelState": "7",
        "ChannelStateDesc": "Busy",
        "ConnectedLineName": "CID:36944000",
        "ConnectedLineNum": "09166118018",
        "Context": "from-internal",
        "Event": "Hangup",
        "Exten": "h",
        "Language": "pr2",
        "Linkedid": "1750743153.806222",
        "Priority": "1",
        "Privilege": "call,all",
        "Uniqueid": "1750743153.806222"
    },
    "start_time": "2025-06-24T09:01:39",
    "status": "initiated",
    "timestamp": "2025-06-24T09:02:11",
    "type": "call_ended",
    "uniqueid": "1750743153.806222"
}

{
    "call_duration": 31,
    "call_type": "external",
    "caller_id_name": "263-SUP10",
    "caller_id_num": "263",
    "cause": "17",
    "cause_description": "",
    "cause_txt": "",
    "channel": "SIP/263-0000acb0",
    "connected_line_name": "<unknown>",
    "connected_line_num": "<unknown>",
    "direction": "out",
    "end_time": "2025-06-24T09:02:11",
    "extension_number": "263",
    "has_ringing": false,
    "linkedid": "1750743153.806222",
    "other_extension_number": "09166118018",
    "raw_event": {
        "AccountCode": "",
        "CallerIDName": "<unknown>",
        "CallerIDNum": "36944000",
        "Cause": "17",
        "Cause-txt": "User busy",
        "Channel": "SIP/263-0000acb0",
        "ChannelState": "7",
        "ChannelStateDesc": "Busy",
        "ConnectedLineName": "CID:36944000",
        "ConnectedLineNum": "09166118018",
        "Context": "from-internal",
        "Event": "Hangup",
        "Exten": "h",
        "Language": "pr2",
        "Linkedid": "1750743153.806222",
        "Priority": "1",
        "Privilege": "call,all",
        "Uniqueid": "1750743153.806222"
    },
    "start_time": "2025-06-24T09:01:39",
    "status": "initiated",
    "timestamp": "2025-06-24T09:02:11",
    "type": "call_summary",
    "uniqueid": "1750743153.806222"
}

{
    "call_type": "",
    "caller_id_name": "263-SUP10",
    "caller_id_num": "263",
    "channel": "SIP/263-0000acc3",
    "connected_line_name": "<unknown>",
    "connected_line_num": "<unknown>",
    "direction": "",
    "end_time": "",
    "extension_number": "263",
    "has_ringing": false,
    "linkedid": "1750743245.806398",
    "other_extension_number": "",
    "start_time": "2025-06-24T09:03:12",
    "status": "initiated",
    "timestamp": "2025-06-24T09:03:12",
    "type": "call_started",
    "uniqueid": "1750743245.806398"
}

{
    "call_type": "external",
    "caller_id_name": "263-SUP10",
    "caller_id_num": "263",
    "cause": "17",
    "cause_description": "",
    "cause_txt": "",
    "channel": "SIP/263-0000acc3",
    "connected_line_name": "<unknown>",
    "connected_line_num": "<unknown>",
    "direction": "out",
    "end_time": "2025-06-24T09:03:50",
    "extension_number": "263",
    "has_ringing": false,
    "linkedid": "1750743245.806398",
    "other_extension_number": "09122511221",
    "raw_event": {
        "AccountCode": "",
        "CallerIDName": "<unknown>",
        "CallerIDNum": "36944000",
        "Cause": "17",
        "Cause-txt": "User busy",
        "Channel": "SIP/263-0000acc3",
        "ChannelState": "7",
        "ChannelStateDesc": "Busy",
        "ConnectedLineName": "CID:36944000",
        "ConnectedLineNum": "09122511221",
        "Context": "from-internal",
        "Event": "Hangup",
        "Exten": "h",
        "Language": "pr2",
        "Linkedid": "1750743245.806398",
        "Priority": "1",
        "Privilege": "call,all",
        "Uniqueid": "1750743245.806398"
    },
    "start_time": "2025-06-24T09:03:12",
    "status": "initiated",
    "timestamp": "2025-06-24T09:03:50",
    "type": "call_ended",
    "uniqueid": "1750743245.806398"
}

{
    "call_duration": 38,
    "call_type": "external",
    "caller_id_name": "263-SUP10",
    "caller_id_num": "263",
    "cause": "17",
    "cause_description": "",
    "cause_txt": "",
    "channel": "SIP/263-0000acc3",
    "connected_line_name": "<unknown>",
    "connected_line_num": "<unknown>",
    "direction": "out",
    "end_time": "2025-06-24T09:03:50",
    "extension_number": "263",
    "has_ringing": false,
    "linkedid": "1750743245.806398",
    "other_extension_number": "09122511221",
    "raw_event": {
        "AccountCode": "",
        "CallerIDName": "<unknown>",
        "CallerIDNum": "36944000",
        "Cause": "17",
        "Cause-txt": "User busy",
        "Channel": "SIP/263-0000acc3",
        "ChannelState": "7",
        "ChannelStateDesc": "Busy",
        "ConnectedLineName": "CID:36944000",
        "ConnectedLineNum": "09122511221",
        "Context": "from-internal",
        "Event": "Hangup",
        "Exten": "h",
        "Language": "pr2",
        "Linkedid": "1750743245.806398",
        "Priority": "1",
        "Privilege": "call,all",
        "Uniqueid": "1750743245.806398"
    },
    "start_time": "2025-06-24T09:03:12",
    "status": "initiated",
    "timestamp": "2025-06-24T09:03:50",
    "type": "call_summary",
    "uniqueid": "1750743245.806398"
}

{
    "call_type": "",
    "caller_id_name": "263-SUP10",
    "caller_id_num": "263",
    "channel": "SIP/263-0000accf",
    "connected_line_name": "<unknown>",
    "connected_line_num": "<unknown>",
    "direction": "",
    "end_time": "",
    "extension_number": "263",
    "has_ringing": false,
    "linkedid": "1750743309.806542",
    "other_extension_number": "",
    "start_time": "2025-06-24T09:04:16",
    "status": "initiated",
    "timestamp": "2025-06-24T09:04:16",
    "type": "call_started",
    "uniqueid": "1750743309.806570"
}

{
    "channel": "SIP/263-0000accf",
    "privilege": "call,all",
    "timestamp": "2025-06-24T09:04:16",
    "type": "call_ringing",
    "uniqueid": "1750743309.806570"
}

{
    "channel": "SIP/263-0000accf",
    "privilege": "call,all",
    "timestamp": "2025-06-24T09:04:18",
    "type": "call_answered",
    "uniqueid": "1750743309.806570"
}

{
    "call_type": "external",
    "caller_id_name": "263-SUP10",
    "caller_id_num": "263",
    "cause": "16",
    "cause_description": "",
    "cause_txt": "",
    "channel": "SIP/263-0000accf",
    "connected_line_name": "<unknown>",
    "connected_line_num": "<unknown>",
    "direction": "in",
    "end_time": "2025-06-24T09:05:56",
    "extension_number": "263",
    "has_ringing": true,
    "linkedid": "1750743309.806542",
    "other_extension_number": "989365753388",
    "raw_event": {
        "AccountCode": "",
        "CallerIDName": "263-SUP10",
        "CallerIDNum": "263",
        "Cause": "16",
        "Cause-txt": "Normal Clearing",
        "Channel": "SIP/263-0000accf",
        "ChannelState": "6",
        "ChannelStateDesc": "Up",
        "ConnectedLineName": "989365753388",
        "ConnectedLineNum": "989365753388",
        "Context": "macro-dial-one",
        "Event": "Hangup",
        "Exten": "s",
        "Language": "pr2",
        "Linkedid": "1750743309.806542",
        "Priority": "1",
        "Privilege": "call,all",
        "Uniqueid": "1750743309.806570"
    },
    "start_time": "2025-06-24T09:04:18",
    "status": "answered",
    "timestamp": "2025-06-24T09:05:56",
    "type": "call_ended",
    "uniqueid": "1750743309.806570"
}

{
    "call_duration": 98,
    "call_type": "external",
    "caller_id_name": "263-SUP10",
    "caller_id_num": "263",
    "cause": "16",
    "cause_description": "",
    "cause_txt": "",
    "channel": "SIP/263-0000accf",
    "connected_line_name": "<unknown>",
    "connected_line_num": "<unknown>",
    "direction": "in",
    "end_time": "2025-06-24T09:05:56",
    "extension_number": "263",
    "has_ringing": true,
    "linkedid": "1750743309.806542",
    "other_extension_number": "989365753388",
    "raw_event": {
        "AccountCode": "",
        "CallerIDName": "263-SUP10",
        "CallerIDNum": "263",
        "Cause": "16",
        "Cause-txt": "Normal Clearing",
        "Channel": "SIP/263-0000accf",
        "ChannelState": "6",
        "ChannelStateDesc": "Up",
        "ConnectedLineName": "989365753388",
        "ConnectedLineNum": "989365753388",
        "Context": "macro-dial-one",
        "Event": "Hangup",
        "Exten": "s",
        "Language": "pr2",
        "Linkedid": "1750743309.806542",
        "Priority": "1",
        "Privilege": "call,all",
        "Uniqueid": "1750743309.806570"
    },
    "start_time": "2025-06-24T09:04:18",
    "status": "answered",
    "timestamp": "2025-06-24T09:05:56",
    "type": "call_summary",
    "uniqueid": "1750743309.806570"
}

{
    "call_type": "",
    "caller_id_name": "263-SUP10",
    "caller_id_num": "263",
    "channel": "SIP/263-0000ad2d",
    "connected_line_name": "<unknown>",
    "connected_line_num": "<unknown>",
    "direction": "",
    "end_time": "",
    "extension_number": "263",
    "has_ringing": false,
    "linkedid": "1750743865.807533",
    "other_extension_number": "",
    "start_time": "2025-06-24T09:13:32",
    "status": "initiated",
    "timestamp": "2025-06-24T09:13:32",
    "type": "call_started",
    "uniqueid": "1750743865.807533"
}

{
    "call_type": "external",
    "caller_id_name": "263-SUP10",
    "caller_id_num": "263",
    "cause": "16",
    "cause_description": "",
    "cause_txt": "",
    "channel": "SIP/263-0000ad2d",
    "connected_line_name": "<unknown>",
    "connected_line_num": "<unknown>",
    "direction": "out",
    "end_time": "2025-06-24T09:13:35",
    "extension_number": "263",
    "has_ringing": false,
    "linkedid": "1750743865.807533",
    "other_extension_number": "09132423383",
    "raw_event": {
        "AccountCode": "",
        "CallerIDName": "<unknown>",
        "CallerIDNum": "36944000",
        "Cause": "16",
        "Cause-txt": "Normal Clearing",
        "Channel": "SIP/263-0000ad2d",
        "ChannelState": "4",
        "ChannelStateDesc": "Ring",
        "ConnectedLineName": "CID:36944000",
        "ConnectedLineNum": "09132423383",
        "Context": "from-internal",
        "Event": "Hangup",
        "Exten": "h",
        "Language": "pr2",
        "Linkedid": "1750743865.807533",
        "Priority": "1",
        "Privilege": "call,all",
        "Uniqueid": "1750743865.807533"
    },
    "start_time": "2025-06-24T09:13:32",
    "status": "initiated",
    "timestamp": "2025-06-24T09:13:35",
    "type": "call_ended",
    "uniqueid": "1750743865.807533"
}

{
    "call_duration": 3,
    "call_type": "external",
    "caller_id_name": "263-SUP10",
    "caller_id_num": "263",
    "cause": "16",
    "cause_description": "",
    "cause_txt": "",
    "channel": "SIP/263-0000ad2d",
    "connected_line_name": "<unknown>",
    "connected_line_num": "<unknown>",
    "direction": "out",
    "end_time": "2025-06-24T09:13:35",
    "extension_number": "263",
    "has_ringing": false,
    "linkedid": "1750743865.807533",
    "other_extension_number": "09132423383",
    "raw_event": {
        "AccountCode": "",
        "CallerIDName": "<unknown>",
        "CallerIDNum": "36944000",
        "Cause": "16",
        "Cause-txt": "Normal Clearing",
        "Channel": "SIP/263-0000ad2d",
        "ChannelState": "4",
        "ChannelStateDesc": "Ring",
        "ConnectedLineName": "CID:36944000",
        "ConnectedLineNum": "09132423383",
        "Context": "from-internal",
        "Event": "Hangup",
        "Exten": "h",
        "Language": "pr2",
        "Linkedid": "1750743865.807533",
        "Priority": "1",
        "Privilege": "call,all",
        "Uniqueid": "1750743865.807533"
    },
    "start_time": "2025-06-24T09:13:32",
    "status": "initiated",
    "timestamp": "2025-06-24T09:13:35",
    "type": "call_summary",
    "uniqueid": "1750743865.807533"
}

{
    "call_type": "",
    "caller_id_name": "263-SUP10",
    "caller_id_num": "263",
    "channel": "SIP/263-0000ad41",
    "connected_line_name": "<unknown>",
    "connected_line_num": "<unknown>",
    "direction": "",
    "end_time": "",
    "extension_number": "263",
    "has_ringing": false,
    "linkedid": "1750743938.807728",
    "other_extension_number": "",
    "start_time": "2025-06-24T09:14:44",
    "status": "initiated",
    "timestamp": "2025-06-24T09:14:44",
    "type": "call_started",
    "uniqueid": "1750743938.807728"
}

{
    "channel": "SIP/263-0000ad41",
    "privilege": "call,all",
    "timestamp": "2025-06-24T09:15:03",
    "type": "call_answered",
    "uniqueid": "1750743938.807728"
}

{
    "call_type": "external",
    "caller_id_name": "263-SUP10",
    "caller_id_num": "263",
    "cause": "16",
    "cause_description": "",
    "cause_txt": "",
    "channel": "SIP/263-0000ad41",
    "connected_line_name": "<unknown>",
    "connected_line_num": "<unknown>",
    "direction": "out",
    "end_time": "2025-06-24T09:15:09",
    "extension_number": "263",
    "has_ringing": false,
    "linkedid": "1750743938.807728",
    "other_extension_number": "09163097274",
    "raw_event": {
        "AccountCode": "",
        "CallerIDName": "<unknown>",
        "CallerIDNum": "36944000",
        "Cause": "16",
        "Cause-txt": "Normal Clearing",
        "Channel": "SIP/263-0000ad41",
        "ChannelState": "6",
        "ChannelStateDesc": "Up",
        "ConnectedLineName": "CID:36944000",
        "ConnectedLineNum": "09163097274",
        "Context": "from-internal",
        "Event": "Hangup",
        "Exten": "h",
        "Language": "pr2",
        "Linkedid": "1750743938.807728",
        "Priority": "1",
        "Privilege": "call,all",
        "Uniqueid": "1750743938.807728"
    },
    "start_time": "2025-06-24T09:15:03",
    "status": "answered",
    "timestamp": "2025-06-24T09:15:09",
    "type": "call_ended",
    "uniqueid": "1750743938.807728"
}

{
    "call_duration": 6,
    "call_type": "external",
    "caller_id_name": "263-SUP10",
    "caller_id_num": "263",
    "cause": "16",
    "cause_description": "",
    "cause_txt": "",
    "channel": "SIP/263-0000ad41",
    "connected_line_name": "<unknown>",
    "connected_line_num": "<unknown>",
    "direction": "out",
    "end_time": "2025-06-24T09:15:09",
    "extension_number": "263",
    "has_ringing": false,
    "linkedid": "1750743938.807728",
    "other_extension_number": "09163097274",
    "raw_event": {
        "AccountCode": "",
        "CallerIDName": "<unknown>",
        "CallerIDNum": "36944000",
        "Cause": "16",
        "Cause-txt": "Normal Clearing",
        "Channel": "SIP/263-0000ad41",
        "ChannelState": "6",
        "ChannelStateDesc": "Up",
        "ConnectedLineName": "CID:36944000",
        "ConnectedLineNum": "09163097274",
        "Context": "from-internal",
        "Event": "Hangup",
        "Exten": "h",
        "Language": "pr2",
        "Linkedid": "1750743938.807728",
        "Priority": "1",
        "Privilege": "call,all",
        "Uniqueid": "1750743938.807728"
    },
    "start_time": "2025-06-24T09:15:03",
    "status": "answered",
    "timestamp": "2025-06-24T09:15:09",
    "type": "call_summary",
    "uniqueid": "1750743938.807728"
}

{
    "call_type": "",
    "caller_id_name": "263-SUP10",
    "caller_id_num": "263",
    "channel": "SIP/263-0000ad6d",
    "connected_line_name": "<unknown>",
    "connected_line_num": "<unknown>",
    "direction": "",
    "end_time": "",
    "extension_number": "263",
    "has_ringing": false,
    "linkedid": "1750744223.808190",
    "other_extension_number": "",
    "start_time": "2025-06-24T09:19:30",
    "status": "initiated",
    "timestamp": "2025-06-24T09:19:30",
    "type": "call_started",
    "uniqueid": "1750744223.808190"
}

{
    "channel": "SIP/263-0000ad6d",
    "privilege": "call,all",
    "timestamp": "2025-06-24T09:19:50",
    "type": "call_answered",
    "uniqueid": "1750744223.808190"
}

{
    "call_type": "external",
    "caller_id_name": "263-SUP10",
    "caller_id_num": "263",
    "cause": "16",
    "cause_description": "",
    "cause_txt": "",
    "channel": "SIP/263-0000ad6d",
    "connected_line_name": "<unknown>",
    "connected_line_num": "<unknown>",
    "direction": "out",
    "end_time": "2025-06-24T09:21:14",
    "extension_number": "263",
    "has_ringing": false,
    "linkedid": "1750744223.808190",
    "other_extension_number": "09120979311",
    "raw_event": {
        "AccountCode": "",
        "CallerIDName": "<unknown>",
        "CallerIDNum": "36944000",
        "Cause": "16",
        "Cause-txt": "Normal Clearing",
        "Channel": "SIP/263-0000ad6d",
        "ChannelState": "6",
        "ChannelStateDesc": "Up",
        "ConnectedLineName": "CID:36944000",
        "ConnectedLineNum": "09120979311",
        "Context": "from-internal",
        "Event": "Hangup",
        "Exten": "h",
        "Language": "pr2",
        "Linkedid": "1750744223.808190",
        "Priority": "1",
        "Privilege": "call,all",
        "Uniqueid": "1750744223.808190"
    },
    "start_time": "2025-06-24T09:19:50",
    "status": "answered",
    "timestamp": "2025-06-24T09:21:14",
    "type": "call_ended",
    "uniqueid": "1750744223.808190"
}

{
    "call_duration": 83,
    "call_type": "external",
    "caller_id_name": "263-SUP10",
    "caller_id_num": "263",
    "cause": "16",
    "cause_description": "",
    "cause_txt": "",
    "channel": "SIP/263-0000ad6d",
    "connected_line_name": "<unknown>",
    "connected_line_num": "<unknown>",
    "direction": "out",
    "end_time": "2025-06-24T09:21:14",
    "extension_number": "263",
    "has_ringing": false,
    "linkedid": "1750744223.808190",
    "other_extension_number": "09120979311",
    "raw_event": {
        "AccountCode": "",
        "CallerIDName": "<unknown>",
        "CallerIDNum": "36944000",
        "Cause": "16",
        "Cause-txt": "Normal Clearing",
        "Channel": "SIP/263-0000ad6d",
        "ChannelState": "6",
        "ChannelStateDesc": "Up",
        "ConnectedLineName": "CID:36944000",
        "ConnectedLineNum": "09120979311",
        "Context": "from-internal",
        "Event": "Hangup",
        "Exten": "h",
        "Language": "pr2",
        "Linkedid": "1750744223.808190",
        "Priority": "1",
        "Privilege": "call,all",
        "Uniqueid": "1750744223.808190"
    },
    "start_time": "2025-06-24T09:19:50",
    "status": "answered",
    "timestamp": "2025-06-24T09:21:14",
    "type": "call_summary",
    "uniqueid": "1750744223.808190"
}

{
    "call_type": "",
    "caller_id_name": "263-SUP10",
    "caller_id_num": "263",
    "channel": "SIP/263-0000ad8e",
    "connected_line_name": "<unknown>",
    "connected_line_num": "<unknown>",
    "direction": "",
    "end_time": "",
    "extension_number": "263",
    "has_ringing": false,
    "linkedid": "1750744474.808561",
    "other_extension_number": "",
    "start_time": "2025-06-24T09:23:41",
    "status": "initiated",
    "timestamp": "2025-06-24T09:23:41",
    "type": "call_started",
    "uniqueid": "1750744474.808561"
}

{
    "channel": "SIP/263-0000ad8e",
    "privilege": "call,all",
    "timestamp": "2025-06-24T09:23:51",
    "type": "call_answered",
    "uniqueid": "1750744474.808561"
}

{
    "call_type": "external",
    "caller_id_name": "263-SUP10",
    "caller_id_num": "263",
    "cause": "16",
    "cause_description": "",
    "cause_txt": "",
    "channel": "SIP/263-0000ad8e",
    "connected_line_name": "<unknown>",
    "connected_line_num": "<unknown>",
    "direction": "out",
    "end_time": "2025-06-24T09:24:52",
    "extension_number": "263",
    "has_ringing": false,
    "linkedid": "1750744474.808561",
    "other_extension_number": "09127496372",
    "raw_event": {
        "AccountCode": "",
        "CallerIDName": "<unknown>",
        "CallerIDNum": "36944000",
        "Cause": "16",
        "Cause-txt": "Normal Clearing",
        "Channel": "SIP/263-0000ad8e",
        "ChannelState": "6",
        "ChannelStateDesc": "Up",
        "ConnectedLineName": "CID:36944000",
        "ConnectedLineNum": "09127496372",
        "Context": "from-internal",
        "Event": "Hangup",
        "Exten": "h",
        "Language": "pr2",
        "Linkedid": "1750744474.808561",
        "Priority": "1",
        "Privilege": "call,all",
        "Uniqueid": "1750744474.808561"
    },
    "start_time": "2025-06-24T09:23:51",
    "status": "answered",
    "timestamp": "2025-06-24T09:24:52",
    "type": "call_ended",
    "uniqueid": "1750744474.808561"
}

{
    "call_duration": 60,
    "call_type": "external",
    "caller_id_name": "263-SUP10",
    "caller_id_num": "263",
    "cause": "16",
    "cause_description": "",
    "cause_txt": "",
    "channel": "SIP/263-0000ad8e",
    "connected_line_name": "<unknown>",
    "connected_line_num": "<unknown>",
    "direction": "out",
    "end_time": "2025-06-24T09:24:52",
    "extension_number": "263",
    "has_ringing": false,
    "linkedid": "1750744474.808561",
    "other_extension_number": "09127496372",
    "raw_event": {
        "AccountCode": "",
        "CallerIDName": "<unknown>",
        "CallerIDNum": "36944000",
        "Cause": "16",
        "Cause-txt": "Normal Clearing",
        "Channel": "SIP/263-0000ad8e",
        "ChannelState": "6",
        "ChannelStateDesc": "Up",
        "ConnectedLineName": "CID:36944000",
        "ConnectedLineNum": "09127496372",
        "Context": "from-internal",
        "Event": "Hangup",
        "Exten": "h",
        "Language": "pr2",
        "Linkedid": "1750744474.808561",
        "Priority": "1",
        "Privilege": "call,all",
        "Uniqueid": "1750744474.808561"
    },
    "start_time": "2025-06-24T09:23:51",
    "status": "answered",
    "timestamp": "2025-06-24T09:24:52",
    "type": "call_summary",
    "uniqueid": "1750744474.808561"
}

{
    "call_type": "",
    "caller_id_name": "263-SUP10",
    "caller_id_num": "263",
    "channel": "SIP/263-0000adcf",
    "connected_line_name": "<unknown>",
    "connected_line_num": "<unknown>",
    "direction": "",
    "end_time": "",
    "extension_number": "263",
    "has_ringing": false,
    "linkedid": "1750745011.809287",
    "other_extension_number": "",
    "start_time": "2025-06-24T09:33:04",
    "status": "initiated",
    "timestamp": "2025-06-24T09:33:04",
    "type": "call_started",
    "uniqueid": "1750745037.809324"
}

{
    "channel": "SIP/263-0000adcf",
    "privilege": "call,all",
    "timestamp": "2025-06-24T09:33:04",
    "type": "call_ringing",
    "uniqueid": "1750745037.809324"
}

{
    "channel": "SIP/263-0000adcf",
    "privilege": "call,all",
    "timestamp": "2025-06-24T09:33:07",
    "type": "call_answered",
    "uniqueid": "1750745037.809324"
}

{
    "call_type": "external",
    "caller_id_name": "263-SUP10",
    "caller_id_num": "263",
    "cause": "16",
    "cause_description": "",
    "cause_txt": "",
    "channel": "SIP/263-0000adcf",
    "connected_line_name": "<unknown>",
    "connected_line_num": "<unknown>",
    "direction": "in",
    "end_time": "2025-06-24T09:34:49",
    "extension_number": "263",
    "has_ringing": true,
    "linkedid": "1750745011.809287",
    "other_extension_number": "01133320410",
    "raw_event": {
        "AccountCode": "",
        "CallerIDName": "263-SUP10",
        "CallerIDNum": "263",
        "Cause": "16",
        "Cause-txt": "Normal Clearing",
        "Channel": "SIP/263-0000adcf",
        "ChannelState": "6",
        "ChannelStateDesc": "Up",
        "ConnectedLineName": "01133320410",
        "ConnectedLineNum": "01133320410",
        "Context": "macro-dial-one",
        "Event": "Hangup",
        "Exten": "s",
        "Language": "pr2",
        "Linkedid": "1750745011.809287",
        "Priority": "1",
        "Privilege": "call,all",
        "Uniqueid": "1750745037.809324"
    },
    "start_time": "2025-06-24T09:33:07",
    "status": "answered",
    "timestamp": "2025-06-24T09:34:49",
    "type": "call_ended",
    "uniqueid": "1750745037.809324"
}

{
    "call_duration": 101,
    "call_type": "external",
    "caller_id_name": "263-SUP10",
    "caller_id_num": "263",
    "cause": "16",
    "cause_description": "",
    "cause_txt": "",
    "channel": "SIP/263-0000adcf",
    "connected_line_name": "<unknown>",
    "connected_line_num": "<unknown>",
    "direction": "in",
    "end_time": "2025-06-24T09:34:49",
    "extension_number": "263",
    "has_ringing": true,
    "linkedid": "1750745011.809287",
    "other_extension_number": "01133320410",
    "raw_event": {
        "AccountCode": "",
        "CallerIDName": "263-SUP10",
        "CallerIDNum": "263",
        "Cause": "16",
        "Cause-txt": "Normal Clearing",
        "Channel": "SIP/263-0000adcf",
        "ChannelState": "6",
        "ChannelStateDesc": "Up",
        "ConnectedLineName": "01133320410",
        "ConnectedLineNum": "01133320410",
        "Context": "macro-dial-one",
        "Event": "Hangup",
        "Exten": "s",
        "Language": "pr2",
        "Linkedid": "1750745011.809287",
        "Priority": "1",
        "Privilege": "call,all",
        "Uniqueid": "1750745037.809324"
    },
    "start_time": "2025-06-24T09:33:07",
    "status": "answered",
    "timestamp": "2025-06-24T09:34:49",
    "type": "call_summary",
    "uniqueid": "1750745037.809324"
}

{
    "call_type": "",
    "caller_id_name": "263-SUP10",
    "caller_id_num": "263",
    "channel": "SIP/263-0000adfa",
    "connected_line_name": "<unknown>",
    "connected_line_num": "<unknown>",
    "direction": "",
    "end_time": "",
    "extension_number": "263",
    "has_ringing": false,
    "linkedid": "1750745632.809904",
    "other_extension_number": "",
    "start_time": "2025-06-24T09:42:59",
    "status": "initiated",
    "timestamp": "2025-06-24T09:42:59",
    "type": "call_started",
    "uniqueid": "1750745632.809912"
}

{
    "channel": "SIP/263-0000adfa",
    "privilege": "call,all",
    "timestamp": "2025-06-24T09:42:59",
    "type": "call_ringing",
    "uniqueid": "1750745632.809912"
}

{
    "channel": "SIP/263-0000adfa",
    "privilege": "call,all",
    "timestamp": "2025-06-24T09:43:00",
    "type": "call_answered",
    "uniqueid": "1750745632.809912"
}

{
    "call_type": "",
    "caller_id_name": "263-SUP10",
    "caller_id_num": "263",
    "channel": "SIP/263-0000ae04",
    "connected_line_name": "<unknown>",
    "connected_line_num": "<unknown>",
    "direction": "",
    "end_time": "",
    "extension_number": "263",
    "has_ringing": false,
    "linkedid": "1750745755.810061",
    "other_extension_number": "",
    "start_time": "2025-06-24T09:45:02",
    "status": "initiated",
    "timestamp": "2025-06-24T09:45:02",
    "type": "call_started",
    "uniqueid": "1750745755.810061"
}

{
    "channel": "SIP/263-0000ae04",
    "privilege": "call,all",
    "timestamp": "2025-06-24T09:45:04",
    "type": "call_answered",
    "uniqueid": "1750745755.810061"
}

{
    "call_type": "internal",
    "caller_id_name": "263-SUP10",
    "caller_id_num": "263",
    "cause": "16",
    "cause_description": "",
    "cause_txt": "",
    "channel": "SIP/263-0000ae04",
    "connected_line_name": "<unknown>",
    "connected_line_num": "<unknown>",
    "direction": "out",
    "end_time": "2025-06-24T09:45:32",
    "extension_number": "263",
    "has_ringing": false,
    "linkedid": "1750745755.810061",
    "other_extension_number": "122",
    "raw_event": {
        "AccountCode": "",
        "CallerIDName": "263-SUP10",
        "CallerIDNum": "263",
        "Cause": "16",
        "Cause-txt": "Normal Clearing",
        "Channel": "SIP/263-0000ae04",
        "ChannelState": "6",
        "ChannelStateDesc": "Up",
        "ConnectedLineName": "122-SAL3",
        "ConnectedLineNum": "122",
        "Context": "from-internal",
        "Event": "Hangup",
        "Exten": "h",
        "Language": "pr2",
        "Linkedid": "1750745755.810061",
        "Priority": "1",
        "Privilege": "call,all",
        "Uniqueid": "1750745755.810061"
    },
    "start_time": "2025-06-24T09:45:04",
    "status": "answered",
    "timestamp": "2025-06-24T09:45:32",
    "type": "call_ended",
    "uniqueid": "1750745755.810061"
}

{
    "call_duration": 28,
    "call_type": "internal",
    "caller_id_name": "263-SUP10",
    "caller_id_num": "263",
    "cause": "16",
    "cause_description": "",
    "cause_txt": "",
    "channel": "SIP/263-0000ae04",
    "connected_line_name": "<unknown>",
    "connected_line_num": "<unknown>",
    "direction": "out",
    "end_time": "2025-06-24T09:45:32",
    "extension_number": "263",
    "has_ringing": false,
    "linkedid": "1750745755.810061",
    "other_extension_number": "122",
    "raw_event": {
        "AccountCode": "",
        "CallerIDName": "263-SUP10",
        "CallerIDNum": "263",
        "Cause": "16",
        "Cause-txt": "Normal Clearing",
        "Channel": "SIP/263-0000ae04",
        "ChannelState": "6",
        "ChannelStateDesc": "Up",
        "ConnectedLineName": "122-SAL3",
        "ConnectedLineNum": "122",
        "Context": "from-internal",
        "Event": "Hangup",
        "Exten": "h",
        "Language": "pr2",
        "Linkedid": "1750745755.810061",
        "Priority": "1",
        "Privilege": "call,all",
        "Uniqueid": "1750745755.810061"
    },
    "start_time": "2025-06-24T09:45:04",
    "status": "answered",
    "timestamp": "2025-06-24T09:45:32",
    "type": "call_summary",
    "uniqueid": "1750745755.810061"
}

{
    "call_type": "external",
    "caller_id_name": "263-SUP10",
    "caller_id_num": "263",
    "cause": "16",
    "cause_description": "",
    "cause_txt": "",
    "channel": "SIP/263-0000adfa",
    "connected_line_name": "<unknown>",
    "connected_line_num": "<unknown>",
    "direction": "in",
    "end_time": "2025-06-24T09:45:36",
    "extension_number": "263",
    "has_ringing": true,
    "linkedid": "1750745632.809904",
    "other_extension_number": "989365753388",
    "raw_event": {
        "AccountCode": "",
        "CallerIDName": "263-SUP10",
        "CallerIDNum": "263",
        "Cause": "16",
        "Cause-txt": "Normal Clearing",
        "Channel": "SIP/263-0000adfa",
        "ChannelState": "6",
        "ChannelStateDesc": "Up",
        "ConnectedLineName": "989365753388",
        "ConnectedLineNum": "989365753388",
        "Context": "macro-dial-one",
        "Event": "Hangup",
        "Exten": "s",
        "Language": "pr2",
        "Linkedid": "1750745632.809904",
        "Priority": "1",
        "Privilege": "call,all",
        "Uniqueid": "1750745632.809912"
    },
    "start_time": "2025-06-24T09:43:00",
    "status": "answered",
    "timestamp": "2025-06-24T09:45:36",
    "type": "call_ended",
    "uniqueid": "1750745632.809912"
}

{
    "call_duration": 155,
    "call_type": "external",
    "caller_id_name": "263-SUP10",
    "caller_id_num": "263",
    "cause": "16",
    "cause_description": "",
    "cause_txt": "",
    "channel": "SIP/263-0000adfa",
    "connected_line_name": "<unknown>",
    "connected_line_num": "<unknown>",
    "direction": "in",
    "end_time": "2025-06-24T09:45:36",
    "extension_number": "263",
    "has_ringing": true,
    "linkedid": "1750745632.809904",
    "other_extension_number": "989365753388",
    "raw_event": {
        "AccountCode": "",
        "CallerIDName": "263-SUP10",
        "CallerIDNum": "263",
        "Cause": "16",
        "Cause-txt": "Normal Clearing",
        "Channel": "SIP/263-0000adfa",
        "ChannelState": "6",
        "ChannelStateDesc": "Up",
        "ConnectedLineName": "989365753388",
        "ConnectedLineNum": "989365753388",
        "Context": "macro-dial-one",
        "Event": "Hangup",
        "Exten": "s",
        "Language": "pr2",
        "Linkedid": "1750745632.809904",
        "Priority": "1",
        "Privilege": "call,all",
        "Uniqueid": "1750745632.809912"
    },
    "start_time": "2025-06-24T09:43:00",
    "status": "answered",
    "timestamp": "2025-06-24T09:45:36",
    "type": "call_summary",
    "uniqueid": "1750745632.809912"
}

{
    "call_type": "",
    "caller_id_name": "263-SUP10",
    "caller_id_num": "263",
    "channel": "SIP/263-0000ae22",
    "connected_line_name": "<unknown>",
    "connected_line_num": "<unknown>",
    "direction": "",
    "end_time": "",
    "extension_number": "263",
    "has_ringing": false,
    "linkedid": "1750746029.810440",
    "other_extension_number": "",
    "start_time": "2025-06-24T09:49:36",
    "status": "initiated",
    "timestamp": "2025-06-24T09:49:36",
    "type": "call_started",
    "uniqueid": "1750746029.810448"
}

{
    "channel": "SIP/263-0000ae22",
    "privilege": "call,all",
    "timestamp": "2025-06-24T09:49:36",
    "type": "call_ringing",
    "uniqueid": "1750746029.810448"
}

{
    "channel": "SIP/263-0000ae22",
    "privilege": "call,all",
    "timestamp": "2025-06-24T09:49:43",
    "type": "call_answered",
    "uniqueid": "1750746029.810448"
}

{
    "call_type": "external",
    "caller_id_name": "263-SUP10",
    "caller_id_num": "263",
    "cause": "16",
    "cause_description": "",
    "cause_txt": "",
    "channel": "SIP/263-0000ae22",
    "connected_line_name": "<unknown>",
    "connected_line_num": "<unknown>",
    "direction": "in",
    "end_time": "2025-06-24T09:51:54",
    "extension_number": "263",
    "has_ringing": true,
    "linkedid": "1750746029.810440",
    "other_extension_number": "989121340413",
    "raw_event": {
        "AccountCode": "",
        "CallerIDName": "263-SUP10",
        "CallerIDNum": "263",
        "Cause": "16",
        "Cause-txt": "Normal Clearing",
        "Channel": "SIP/263-0000ae22",
        "ChannelState": "6",
        "ChannelStateDesc": "Up",
        "ConnectedLineName": "989121340413",
        "ConnectedLineNum": "989121340413",
        "Context": "macro-dial-one",
        "Event": "Hangup",
        "Exten": "s",
        "Language": "pr2",
        "Linkedid": "1750746029.810440",
        "Priority": "1",
        "Privilege": "call,all",
        "Uniqueid": "1750746029.810448"
    },
    "start_time": "2025-06-24T09:49:43",
    "status": "answered",
    "timestamp": "2025-06-24T09:51:54",
    "type": "call_ended",
    "uniqueid": "1750746029.810448"
}

{
    "call_duration": 131,
    "call_type": "external",
    "caller_id_name": "263-SUP10",
    "caller_id_num": "263",
    "cause": "16",
    "cause_description": "",
    "cause_txt": "",
    "channel": "SIP/263-0000ae22",
    "connected_line_name": "<unknown>",
    "connected_line_num": "<unknown>",
    "direction": "in",
    "end_time": "2025-06-24T09:51:54",
    "extension_number": "263",
    "has_ringing": true,
    "linkedid": "1750746029.810440",
    "other_extension_number": "989121340413",
    "raw_event": {
        "AccountCode": "",
        "CallerIDName": "263-SUP10",
        "CallerIDNum": "263",
        "Cause": "16",
        "Cause-txt": "Normal Clearing",
        "Channel": "SIP/263-0000ae22",
        "ChannelState": "6",
        "ChannelStateDesc": "Up",
        "ConnectedLineName": "989121340413",
        "ConnectedLineNum": "989121340413",
        "Context": "macro-dial-one",
        "Event": "Hangup",
        "Exten": "s",
        "Language": "pr2",
        "Linkedid": "1750746029.810440",
        "Priority": "1",
        "Privilege": "call,all",
        "Uniqueid": "1750746029.810448"
    },
    "start_time": "2025-06-24T09:49:43",
    "status": "answered",
    "timestamp": "2025-06-24T09:51:54",
    "type": "call_summary",
    "uniqueid": "1750746029.810448"
}

{
    "call_type": "",
    "caller_id_name": "263-SUP10",
    "caller_id_num": "263",
    "channel": "SIP/263-0000ae2d",
    "connected_line_name": "<unknown>",
    "connected_line_num": "<unknown>",
    "direction": "",
    "end_time": "",
    "extension_number": "263",
    "has_ringing": false,
    "linkedid": "1750746222.810593",
    "other_extension_number": "",
    "start_time": "2025-06-24T09:52:48",
    "status": "initiated",
    "timestamp": "2025-06-24T09:52:48",
    "type": "call_started",
    "uniqueid": "1750746222.810593"
}

{
    "call_type": "external",
    "caller_id_name": "263-SUP10",
    "caller_id_num": "263",
    "cause": "16",
    "cause_description": "",
    "cause_txt": "",
    "channel": "SIP/263-0000ae2d",
    "connected_line_name": "<unknown>",
    "connected_line_num": "<unknown>",
    "direction": "out",
    "end_time": "2025-06-24T09:52:52",
    "extension_number": "263",
    "has_ringing": false,
    "linkedid": "1750746222.810593",
    "other_extension_number": "09121340413",
    "raw_event": {
        "AccountCode": "",
        "CallerIDName": "<unknown>",
        "CallerIDNum": "36944000",
        "Cause": "16",
        "Cause-txt": "Normal Clearing",
        "Channel": "SIP/263-0000ae2d",
        "ChannelState": "4",
        "ChannelStateDesc": "Ring",
        "ConnectedLineName": "CID:36944000",
        "ConnectedLineNum": "09121340413",
        "Context": "from-internal",
        "Event": "Hangup",
        "Exten": "h",
        "Language": "pr2",
        "Linkedid": "1750746222.810593",
        "Priority": "1",
        "Privilege": "call,all",
        "Uniqueid": "1750746222.810593"
    },
    "start_time": "2025-06-24T09:52:48",
    "status": "initiated",
    "timestamp": "2025-06-24T09:52:52",
    "type": "call_ended",
    "uniqueid": "1750746222.810593"
}

{
    "call_duration": 3,
    "call_type": "external",
    "caller_id_name": "263-SUP10",
    "caller_id_num": "263",
    "cause": "16",
    "cause_description": "",
    "cause_txt": "",
    "channel": "SIP/263-0000ae2d",
    "connected_line_name": "<unknown>",
    "connected_line_num": "<unknown>",
    "direction": "out",
    "end_time": "2025-06-24T09:52:52",
    "extension_number": "263",
    "has_ringing": false,
    "linkedid": "1750746222.810593",
    "other_extension_number": "09121340413",
    "raw_event": {
        "AccountCode": "",
        "CallerIDName": "<unknown>",
        "CallerIDNum": "36944000",
        "Cause": "16",
        "Cause-txt": "Normal Clearing",
        "Channel": "SIP/263-0000ae2d",
        "ChannelState": "4",
        "ChannelStateDesc": "Ring",
        "ConnectedLineName": "CID:36944000",
        "ConnectedLineNum": "09121340413",
        "Context": "from-internal",
        "Event": "Hangup",
        "Exten": "h",
        "Language": "pr2",
        "Linkedid": "1750746222.810593",
        "Priority": "1",
        "Privilege": "call,all",
        "Uniqueid": "1750746222.810593"
    },
    "start_time": "2025-06-24T09:52:48",
    "status": "initiated",
    "timestamp": "2025-06-24T09:52:52",
    "type": "call_summary",
    "uniqueid": "1750746222.810593"
}

{
    "call_type": "",
    "caller_id_name": "263-SUP10",
    "caller_id_num": "263",
    "channel": "SIP/263-0000ae35",
    "connected_line_name": "<unknown>",
    "connected_line_num": "<unknown>",
    "direction": "",
    "end_time": "",
    "extension_number": "263",
    "has_ringing": false,
    "linkedid": "1750746236.810664",
    "other_extension_number": "",
    "start_time": "2025-06-24T09:53:04",
    "status": "initiated",
    "timestamp": "2025-06-24T09:53:04",
    "type": "call_started",
    "uniqueid": "1750746237.810682"
}

{
    "channel": "SIP/263-0000ae35",
    "privilege": "call,all",
    "timestamp": "2025-06-24T09:53:04",
    "type": "call_ringing",
    "uniqueid": "1750746237.810682"
}

{
    "channel": "SIP/263-0000ae35",
    "privilege": "call,all",
    "timestamp": "2025-06-24T09:53:11",
    "type": "call_answered",
    "uniqueid": "1750746237.810682"
}

{
    "call_type": "external",
    "caller_id_name": "263-SUP10",
    "caller_id_num": "263",
    "cause": "16",
    "cause_description": "",
    "cause_txt": "",
    "channel": "SIP/263-0000ae35",
    "connected_line_name": "<unknown>",
    "connected_line_num": "<unknown>",
    "direction": "in",
    "end_time": "2025-06-24T09:55:51",
    "extension_number": "263",
    "has_ringing": true,
    "linkedid": "1750746236.810664",
    "other_extension_number": "989121340413",
    "raw_event": {
        "AccountCode": "",
        "CallerIDName": "263-SUP10",
        "CallerIDNum": "263",
        "Cause": "16",
        "Cause-txt": "Normal Clearing",
        "Channel": "SIP/263-0000ae35",
        "ChannelState": "6",
        "ChannelStateDesc": "Up",
        "ConnectedLineName": "989121340413",
        "ConnectedLineNum": "989121340413",
        "Context": "macro-dial-one",
        "Event": "Hangup",
        "Exten": "s",
        "Language": "pr2",
        "Linkedid": "1750746236.810664",
        "Priority": "1",
        "Privilege": "call,all",
        "Uniqueid": "1750746237.810682"
    },
    "start_time": "2025-06-24T09:53:11",
    "status": "answered",
    "timestamp": "2025-06-24T09:55:51",
    "type": "call_ended",
    "uniqueid": "1750746237.810682"
}

{
    "call_duration": 160,
    "call_type": "external",
    "caller_id_name": "263-SUP10",
    "caller_id_num": "263",
    "cause": "16",
    "cause_description": "",
    "cause_txt": "",
    "channel": "SIP/263-0000ae35",
    "connected_line_name": "<unknown>",
    "connected_line_num": "<unknown>",
    "direction": "in",
    "end_time": "2025-06-24T09:55:51",
    "extension_number": "263",
    "has_ringing": true,
    "linkedid": "1750746236.810664",
    "other_extension_number": "989121340413",
    "raw_event": {
        "AccountCode": "",
        "CallerIDName": "263-SUP10",
        "CallerIDNum": "263",
        "Cause": "16",
        "Cause-txt": "Normal Clearing",
        "Channel": "SIP/263-0000ae35",
        "ChannelState": "6",
        "ChannelStateDesc": "Up",
        "ConnectedLineName": "989121340413",
        "ConnectedLineNum": "989121340413",
        "Context": "macro-dial-one",
        "Event": "Hangup",
        "Exten": "s",
        "Language": "pr2",
        "Linkedid": "1750746236.810664",
        "Priority": "1",
        "Privilege": "call,all",
        "Uniqueid": "1750746237.810682"
    },
    "start_time": "2025-06-24T09:53:11",
    "status": "answered",
    "timestamp": "2025-06-24T09:55:51",
    "type": "call_summary",
    "uniqueid": "1750746237.810682"
}

{
    "call_type": "",
    "caller_id_name": "263-SUP10",
    "caller_id_num": "263",
    "channel": "SIP/263-0000aeb0",
    "connected_line_name": "<unknown>",
    "connected_line_num": "<unknown>",
    "direction": "",
    "end_time": "",
    "extension_number": "263",
    "has_ringing": false,
    "linkedid": "1750748085.812233",
    "other_extension_number": "",
    "start_time": "2025-06-24T10:23:53",
    "status": "initiated",
    "timestamp": "2025-06-24T10:23:53",
    "type": "call_started",
    "uniqueid": "1750748085.812241"
}

{
    "channel": "SIP/263-0000aeb0",
    "privilege": "call,all",
    "timestamp": "2025-06-24T10:23:53",
    "type": "call_ringing",
    "uniqueid": "1750748085.812241"
}

{
    "channel": "SIP/263-0000aeb0",
    "privilege": "call,all",
    "timestamp": "2025-06-24T10:23:56",
    "type": "call_answered",
    "uniqueid": "1750748085.812241"
}

{
    "call_type": "external",
    "caller_id_name": "263-SUP10",
    "caller_id_num": "263",
    "cause": "16",
    "cause_description": "",
    "cause_txt": "",
    "channel": "SIP/263-0000aeb0",
    "connected_line_name": "<unknown>",
    "connected_line_num": "<unknown>",
    "direction": "in",
    "end_time": "2025-06-24T10:26:58",
    "extension_number": "263",
    "has_ringing": true,
    "linkedid": "1750748085.812233",
    "other_extension_number": "9391620306",
    "raw_event": {
        "AccountCode": "",
        "CallerIDName": "263-SUP10",
        "CallerIDNum": "263",
        "Cause": "16",
        "Cause-txt": "Normal Clearing",
        "Channel": "SIP/263-0000aeb0",
        "ChannelState": "6",
        "ChannelStateDesc": "Up",
        "ConnectedLineName": "9391620306",
        "ConnectedLineNum": "9391620306",
        "Context": "macro-dial-one",
        "Event": "Hangup",
        "Exten": "s",
        "Language": "pr2",
        "Linkedid": "1750748085.812233",
        "Priority": "1",
        "Privilege": "call,all",
        "Uniqueid": "1750748085.812241"
    },
    "start_time": "2025-06-24T10:23:56",
    "status": "answered",
    "timestamp": "2025-06-24T10:26:58",
    "type": "call_ended",
    "uniqueid": "1750748085.812241"
}

{
    "call_duration": 181,
    "call_type": "external",
    "caller_id_name": "263-SUP10",
    "caller_id_num": "263",
    "cause": "16",
    "cause_description": "",
    "cause_txt": "",
    "channel": "SIP/263-0000aeb0",
    "connected_line_name": "<unknown>",
    "connected_line_num": "<unknown>",
    "direction": "in",
    "end_time": "2025-06-24T10:26:58",
    "extension_number": "263",
    "has_ringing": true,
    "linkedid": "1750748085.812233",
    "other_extension_number": "9391620306",
    "raw_event": {
        "AccountCode": "",
        "CallerIDName": "263-SUP10",
        "CallerIDNum": "263",
        "Cause": "16",
        "Cause-txt": "Normal Clearing",
        "Channel": "SIP/263-0000aeb0",
        "ChannelState": "6",
        "ChannelStateDesc": "Up",
        "ConnectedLineName": "9391620306",
        "ConnectedLineNum": "9391620306",
        "Context": "macro-dial-one",
        "Event": "Hangup",
        "Exten": "s",
        "Language": "pr2",
        "Linkedid": "1750748085.812233",
        "Priority": "1",
        "Privilege": "call,all",
        "Uniqueid": "1750748085.812241"
    },
    "start_time": "2025-06-24T10:23:56",
    "status": "answered",
    "timestamp": "2025-06-24T10:26:58",
    "type": "call_summary",
    "uniqueid": "1750748085.812241"
}

{
    "call_type": "",
    "caller_id_name": "263-SUP10",
    "caller_id_num": "263",
    "channel": "SIP/263-0000aecb",
    "connected_line_name": "<unknown>",
    "connected_line_num": "<unknown>",
    "direction": "",
    "end_time": "",
    "extension_number": "263",
    "has_ringing": false,
    "linkedid": "1750748364.812558",
    "other_extension_number": "",
    "start_time": "2025-06-24T10:28:31",
    "status": "initiated",
    "timestamp": "2025-06-24T10:28:31",
    "type": "call_started",
    "uniqueid": "1750748364.812558"
}

{
    "call_type": "external",
    "caller_id_name": "263-SUP10",
    "caller_id_num": "263",
    "cause": "16",
    "cause_description": "",
    "cause_txt": "",
    "channel": "SIP/263-0000aecb",
    "connected_line_name": "<unknown>",
    "connected_line_num": "<unknown>",
    "direction": "out",
    "end_time": "2025-06-24T10:28:34",
    "extension_number": "263",
    "has_ringing": false,
    "linkedid": "1750748364.812558",
    "other_extension_number": "09155163239",
    "raw_event": {
        "AccountCode": "",
        "CallerIDName": "<unknown>",
        "CallerIDNum": "36944000",
        "Cause": "16",
        "Cause-txt": "Normal Clearing",
        "Channel": "SIP/263-0000aecb",
        "ChannelState": "4",
        "ChannelStateDesc": "Ring",
        "ConnectedLineName": "CID:36944000",
        "ConnectedLineNum": "09155163239",
        "Context": "from-internal",
        "Event": "Hangup",
        "Exten": "h",
        "Language": "pr2",
        "Linkedid": "1750748364.812558",
        "Priority": "1",
        "Privilege": "call,all",
        "Uniqueid": "1750748364.812558"
    },
    "start_time": "2025-06-24T10:28:31",
    "status": "initiated",
    "timestamp": "2025-06-24T10:28:34",
    "type": "call_ended",
    "uniqueid": "1750748364.812558"
}

{
    "call_duration": 3,
    "call_type": "external",
    "caller_id_name": "263-SUP10",
    "caller_id_num": "263",
    "cause": "16",
    "cause_description": "",
    "cause_txt": "",
    "channel": "SIP/263-0000aecb",
    "connected_line_name": "<unknown>",
    "connected_line_num": "<unknown>",
    "direction": "out",
    "end_time": "2025-06-24T10:28:34",
    "extension_number": "263",
    "has_ringing": false,
    "linkedid": "1750748364.812558",
    "other_extension_number": "09155163239",
    "raw_event": {
        "AccountCode": "",
        "CallerIDName": "<unknown>",
        "CallerIDNum": "36944000",
        "Cause": "16",
        "Cause-txt": "Normal Clearing",
        "Channel": "SIP/263-0000aecb",
        "ChannelState": "4",
        "ChannelStateDesc": "Ring",
        "ConnectedLineName": "CID:36944000",
        "ConnectedLineNum": "09155163239",
        "Context": "from-internal",
        "Event": "Hangup",
        "Exten": "h",
        "Language": "pr2",
        "Linkedid": "1750748364.812558",
        "Priority": "1",
        "Privilege": "call,all",
        "Uniqueid": "1750748364.812558"
    },
    "start_time": "2025-06-24T10:28:31",
    "status": "initiated",
    "timestamp": "2025-06-24T10:28:34",
    "type": "call_summary",
    "uniqueid": "1750748364.812558"
}

{
    "call_type": "",
    "caller_id_name": "263-SUP10",
    "caller_id_num": "263",
    "channel": "SIP/263-0000aeda",
    "connected_line_name": "<unknown>",
    "connected_line_num": "<unknown>",
    "direction": "",
    "end_time": "",
    "extension_number": "263",
    "has_ringing": false,
    "linkedid": "1750748466.812727",
    "other_extension_number": "",
    "start_time": "2025-06-24T10:30:20",
    "status": "initiated",
    "timestamp": "2025-06-24T10:30:20",
    "type": "call_started",
    "uniqueid": "1750748466.812730"
}

{
    "channel": "SIP/263-0000aeda",
    "privilege": "call,all",
    "timestamp": "2025-06-24T10:30:20",
    "type": "call_ringing",
    "uniqueid": "1750748466.812730"
}

{
    "channel": "SIP/263-0000aeda",
    "privilege": "call,all",
    "timestamp": "2025-06-24T10:30:21",
    "type": "call_answered",
    "uniqueid": "1750748466.812730"
}

{
    "call_type": "internal",
    "caller_id_name": "263-SUP10",
    "caller_id_num": "263",
    "cause": "16",
    "cause_description": "",
    "cause_txt": "",
    "channel": "SIP/263-0000aeda",
    "connected_line_name": "<unknown>",
    "connected_line_num": "<unknown>",
    "direction": "in",
    "end_time": "2025-06-24T10:31:42",
    "extension_number": "263",
    "has_ringing": true,
    "linkedid": "1750748466.812727",
    "other_extension_number": "525",
    "raw_event": {
        "AccountCode": "",
        "CallerIDName": "263-SUP10",
        "CallerIDNum": "263",
        "Cause": "16",
        "Cause-txt": "Normal Clearing",
        "Channel": "SIP/263-0000aeda",
        "ChannelState": "6",
        "ChannelStateDesc": "Up",
        "ConnectedLineName": "525-SM5",
        "ConnectedLineNum": "525",
        "Context": "from-internal",
        "Event": "Hangup",
        "Exten": "",
        "Language": "pr2",
        "Linkedid": "1750748466.812727",
        "Priority": "1",
        "Privilege": "call,all",
        "Uniqueid": "1750748466.812730"
    },
    "start_time": "2025-06-24T10:30:21",
    "status": "answered",
    "timestamp": "2025-06-24T10:31:42",
    "type": "call_ended",
    "uniqueid": "1750748466.812730"
}

{
    "call_duration": 81,
    "call_type": "internal",
    "caller_id_name": "263-SUP10",
    "caller_id_num": "263",
    "cause": "16",
    "cause_description": "",
    "cause_txt": "",
    "channel": "SIP/263-0000aeda",
    "connected_line_name": "<unknown>",
    "connected_line_num": "<unknown>",
    "direction": "in",
    "end_time": "2025-06-24T10:31:42",
    "extension_number": "263",
    "has_ringing": true,
    "linkedid": "1750748466.812727",
    "other_extension_number": "525",
    "raw_event": {
        "AccountCode": "",
        "CallerIDName": "263-SUP10",
        "CallerIDNum": "263",
        "Cause": "16",
        "Cause-txt": "Normal Clearing",
        "Channel": "SIP/263-0000aeda",
        "ChannelState": "6",
        "ChannelStateDesc": "Up",
        "ConnectedLineName": "525-SM5",
        "ConnectedLineNum": "525",
        "Context": "from-internal",
        "Event": "Hangup",
        "Exten": "",
        "Language": "pr2",
        "Linkedid": "1750748466.812727",
        "Priority": "1",
        "Privilege": "call,all",
        "Uniqueid": "1750748466.812730"
    },
    "start_time": "2025-06-24T10:30:21",
    "status": "answered",
    "timestamp": "2025-06-24T10:31:42",
    "type": "call_summary",
    "uniqueid": "1750748466.812730"
}

{
    "call_type": "",
    "caller_id_name": "263-SUP10",
    "caller_id_num": "263",
    "channel": "SIP/263-0000af09",
    "connected_line_name": "<unknown>",
    "connected_line_num": "<unknown>",
    "direction": "",
    "end_time": "",
    "extension_number": "263",
    "has_ringing": false,
    "linkedid": "1750748685.813219",
    "other_extension_number": "",
    "start_time": "2025-06-24T10:33:52",
    "status": "initiated",
    "timestamp": "2025-06-24T10:33:52",
    "type": "call_started",
    "uniqueid": "1750748685.813219"
}

{
    "channel": "SIP/263-0000af09",
    "privilege": "call,all",
    "timestamp": "2025-06-24T10:34:20",
    "type": "call_answered",
    "uniqueid": "1750748685.813219"
}

{
    "call_type": "external",
    "caller_id_name": "263-SUP10",
    "caller_id_num": "263",
    "cause": "16",
    "cause_description": "",
    "cause_txt": "",
    "channel": "SIP/263-0000af09",
    "connected_line_name": "<unknown>",
    "connected_line_num": "<unknown>",
    "direction": "out",
    "end_time": "2025-06-24T10:36:24",
    "extension_number": "263",
    "has_ringing": false,
    "linkedid": "1750748685.813219",
    "other_extension_number": "09179352947",
    "raw_event": {
        "AccountCode": "",
        "CallerIDName": "<unknown>",
        "CallerIDNum": "36944000",
        "Cause": "16",
        "Cause-txt": "Normal Clearing",
        "Channel": "SIP/263-0000af09",
        "ChannelState": "6",
        "ChannelStateDesc": "Up",
        "ConnectedLineName": "CID:36944000",
        "ConnectedLineNum": "09179352947",
        "Context": "from-internal",
        "Event": "Hangup",
        "Exten": "h",
        "Language": "pr2",
        "Linkedid": "1750748685.813219",
        "Priority": "1",
        "Privilege": "call,all",
        "Uniqueid": "1750748685.813219"
    },
    "start_time": "2025-06-24T10:34:20",
    "status": "answered",
    "timestamp": "2025-06-24T10:36:24",
    "type": "call_ended",
    "uniqueid": "1750748685.813219"
}

{
    "call_duration": 124,
    "call_type": "external",
    "caller_id_name": "263-SUP10",
    "caller_id_num": "263",
    "cause": "16",
    "cause_description": "",
    "cause_txt": "",
    "channel": "SIP/263-0000af09",
    "connected_line_name": "<unknown>",
    "connected_line_num": "<unknown>",
    "direction": "out",
    "end_time": "2025-06-24T10:36:24",
    "extension_number": "263",
    "has_ringing": false,
    "linkedid": "1750748685.813219",
    "other_extension_number": "09179352947",
    "raw_event": {
        "AccountCode": "",
        "CallerIDName": "<unknown>",
        "CallerIDNum": "36944000",
        "Cause": "16",
        "Cause-txt": "Normal Clearing",
        "Channel": "SIP/263-0000af09",
        "ChannelState": "6",
        "ChannelStateDesc": "Up",
        "ConnectedLineName": "CID:36944000",
        "ConnectedLineNum": "09179352947",
        "Context": "from-internal",
        "Event": "Hangup",
        "Exten": "h",
        "Language": "pr2",
        "Linkedid": "1750748685.813219",
        "Priority": "1",
        "Privilege": "call,all",
        "Uniqueid": "1750748685.813219"
    },
    "start_time": "2025-06-24T10:34:20",
    "status": "answered",
    "timestamp": "2025-06-24T10:36:24",
    "type": "call_summary",
    "uniqueid": "1750748685.813219"
}

{
    "call_type": "",
    "caller_id_name": "263-SUP10",
    "caller_id_num": "263",
    "channel": "SIP/263-0000af25",
    "connected_line_name": "<unknown>",
    "connected_line_num": "<unknown>",
    "direction": "",
    "end_time": "",
    "extension_number": "263",
    "has_ringing": false,
    "linkedid": "1750748862.813505",
    "other_extension_number": "",
    "start_time": "2025-06-24T10:36:49",
    "status": "initiated",
    "timestamp": "2025-06-24T10:36:49",
    "type": "call_started",
    "uniqueid": "1750748862.813505"
}

{
    "channel": "SIP/263-0000af25",
    "privilege": "call,all",
    "timestamp": "2025-06-24T10:36:49",
    "type": "call_answered",
    "uniqueid": "1750748862.813505"
}

{
    "call_type": "external",
    "caller_id_name": "263-SUP10",
    "caller_id_num": "263",
    "cause": "16",
    "cause_description": "",
    "cause_txt": "",
    "channel": "SIP/263-0000af25",
    "connected_line_name": "<unknown>",
    "connected_line_num": "<unknown>",
    "direction": "out",
    "end_time": "2025-06-24T10:38:47",
    "extension_number": "263",
    "has_ringing": false,
    "linkedid": "1750748862.813505",
    "other_extension_number": "09132183428",
    "raw_event": {
        "AccountCode": "",
        "CallerIDName": "263-SUP10",
        "CallerIDNum": "263",
        "Cause": "16",
        "Cause-txt": "Normal Clearing",
        "Channel": "SIP/263-0000af25",
        "ChannelState": "6",
        "ChannelStateDesc": "Up",
        "ConnectedLineName": "CID:251",
        "ConnectedLineNum": "09132183428",
        "Context": "from-internal",
        "Event": "Hangup",
        "Exten": "",
        "Language": "pr2",
        "Linkedid": "1750748762.813339",
        "Priority": "1",
        "Privilege": "call,all",
        "Uniqueid": "1750748862.813505"
    },
    "start_time": "2025-06-24T10:36:49",
    "status": "answered",
    "timestamp": "2025-06-24T10:38:47",
    "type": "call_ended",
    "uniqueid": "1750748862.813505"
}

{
    "call_duration": 118,
    "call_type": "external",
    "caller_id_name": "263-SUP10",
    "caller_id_num": "263",
    "cause": "16",
    "cause_description": "",
    "cause_txt": "",
    "channel": "SIP/263-0000af25",
    "connected_line_name": "<unknown>",
    "connected_line_num": "<unknown>",
    "direction": "out",
    "end_time": "2025-06-24T10:38:47",
    "extension_number": "263",
    "has_ringing": false,
    "linkedid": "1750748862.813505",
    "other_extension_number": "09132183428",
    "raw_event": {
        "AccountCode": "",
        "CallerIDName": "263-SUP10",
        "CallerIDNum": "263",
        "Cause": "16",
        "Cause-txt": "Normal Clearing",
        "Channel": "SIP/263-0000af25",
        "ChannelState": "6",
        "ChannelStateDesc": "Up",
        "ConnectedLineName": "CID:251",
        "ConnectedLineNum": "09132183428",
        "Context": "from-internal",
        "Event": "Hangup",
        "Exten": "",
        "Language": "pr2",
        "Linkedid": "1750748762.813339",
        "Priority": "1",
        "Privilege": "call,all",
        "Uniqueid": "1750748862.813505"
    },
    "start_time": "2025-06-24T10:36:49",
    "status": "answered",
    "timestamp": "2025-06-24T10:38:47",
    "type": "call_summary",
    "uniqueid": "1750748862.813505"
}

{
    "call_type": "",
    "caller_id_name": "263-SUP10",
    "caller_id_num": "263",
    "channel": "SIP/263-0000af39",
    "connected_line_name": "<unknown>",
    "connected_line_num": "<unknown>",
    "direction": "",
    "end_time": "",
    "extension_number": "263",
    "has_ringing": false,
    "linkedid": "1750749003.813726",
    "other_extension_number": "",
    "start_time": "2025-06-24T10:39:10",
    "status": "initiated",
    "timestamp": "2025-06-24T10:39:10",
    "type": "call_started",
    "uniqueid": "1750749003.813726"
}

{
    "channel": "SIP/263-0000af39",
    "privilege": "call,all",
    "timestamp": "2025-06-24T10:39:24",
    "type": "call_answered",
    "uniqueid": "1750749003.813726"
}

{
    "call_type": "external",
    "caller_id_name": "263-SUP10",
    "caller_id_num": "263",
    "cause": "16",
    "cause_description": "",
    "cause_txt": "",
    "channel": "SIP/263-0000af39",
    "connected_line_name": "<unknown>",
    "connected_line_num": "<unknown>",
    "direction": "out",
    "end_time": "2025-06-24T10:40:30",
    "extension_number": "263",
    "has_ringing": false,
    "linkedid": "1750749003.813726",
    "other_extension_number": "09183314551",
    "raw_event": {
        "AccountCode": "",
        "CallerIDName": "<unknown>",
        "CallerIDNum": "36944000",
        "Cause": "16",
        "Cause-txt": "Normal Clearing",
        "Channel": "SIP/263-0000af39",
        "ChannelState": "6",
        "ChannelStateDesc": "Up",
        "ConnectedLineName": "CID:36944000",
        "ConnectedLineNum": "09183314551",
        "Context": "from-internal",
        "Event": "Hangup",
        "Exten": "h",
        "Language": "pr2",
        "Linkedid": "1750749003.813726",
        "Priority": "1",
        "Privilege": "call,all",
        "Uniqueid": "1750749003.813726"
    },
    "start_time": "2025-06-24T10:39:24",
    "status": "answered",
    "timestamp": "2025-06-24T10:40:30",
    "type": "call_ended",
    "uniqueid": "1750749003.813726"
}

{
    "call_duration": 66,
    "call_type": "external",
    "caller_id_name": "263-SUP10",
    "caller_id_num": "263",
    "cause": "16",
    "cause_description": "",
    "cause_txt": "",
    "channel": "SIP/263-0000af39",
    "connected_line_name": "<unknown>",
    "connected_line_num": "<unknown>",
    "direction": "out",
    "end_time": "2025-06-24T10:40:30",
    "extension_number": "263",
    "has_ringing": false,
    "linkedid": "1750749003.813726",
    "other_extension_number": "09183314551",
    "raw_event": {
        "AccountCode": "",
        "CallerIDName": "<unknown>",
        "CallerIDNum": "36944000",
        "Cause": "16",
        "Cause-txt": "Normal Clearing",
        "Channel": "SIP/263-0000af39",
        "ChannelState": "6",
        "ChannelStateDesc": "Up",
        "ConnectedLineName": "CID:36944000",
        "ConnectedLineNum": "09183314551",
        "Context": "from-internal",
        "Event": "Hangup",
        "Exten": "h",
        "Language": "pr2",
        "Linkedid": "1750749003.813726",
        "Priority": "1",
        "Privilege": "call,all",
        "Uniqueid": "1750749003.813726"
    },
    "start_time": "2025-06-24T10:39:24",
    "status": "answered",
    "timestamp": "2025-06-24T10:40:30",
    "type": "call_summary",
    "uniqueid": "1750749003.813726"
}

{
    "call_type": "",
    "caller_id_name": "263-SUP10",
    "caller_id_num": "263",
    "channel": "SIP/263-0000af49",
    "connected_line_name": "<unknown>",
    "connected_line_num": "<unknown>",
    "direction": "",
    "end_time": "",
    "extension_number": "263",
    "has_ringing": false,
    "linkedid": "1750749111.813899",
    "other_extension_number": "",
    "start_time": "2025-06-24T10:40:58",
    "status": "initiated",
    "timestamp": "2025-06-24T10:40:58",
    "type": "call_started",
    "uniqueid": "1750749111.813899"
}

{
    "call_type": "external",
    "caller_id_name": "263-SUP10",
    "caller_id_num": "263",
    "cause": "16",
    "cause_description": "",
    "cause_txt": "",
    "channel": "SIP/263-0000af49",
    "connected_line_name": "<unknown>",
    "connected_line_num": "<unknown>",
    "direction": "out",
    "end_time": "2025-06-24T10:41:01",
    "extension_number": "263",
    "has_ringing": false,
    "linkedid": "1750749111.813899",
    "other_extension_number": "09112247524",
    "raw_event": {
        "AccountCode": "",
        "CallerIDName": "<unknown>",
        "CallerIDNum": "36944000",
        "Cause": "16",
        "Cause-txt": "Normal Clearing",
        "Channel": "SIP/263-0000af49",
        "ChannelState": "4",
        "ChannelStateDesc": "Ring",
        "ConnectedLineName": "CID:36944000",
        "ConnectedLineNum": "09112247524",
        "Context": "from-internal",
        "Event": "Hangup",
        "Exten": "h",
        "Language": "pr2",
        "Linkedid": "1750749111.813899",
        "Priority": "1",
        "Privilege": "call,all",
        "Uniqueid": "1750749111.813899"
    },
    "start_time": "2025-06-24T10:40:58",
    "status": "initiated",
    "timestamp": "2025-06-24T10:41:01",
    "type": "call_ended",
    "uniqueid": "1750749111.813899"
}

{
    "call_duration": 3,
    "call_type": "external",
    "caller_id_name": "263-SUP10",
    "caller_id_num": "263",
    "cause": "16",
    "cause_description": "",
    "cause_txt": "",
    "channel": "SIP/263-0000af49",
    "connected_line_name": "<unknown>",
    "connected_line_num": "<unknown>",
    "direction": "out",
    "end_time": "2025-06-24T10:41:01",
    "extension_number": "263",
    "has_ringing": false,
    "linkedid": "1750749111.813899",
    "other_extension_number": "09112247524",
    "raw_event": {
        "AccountCode": "",
        "CallerIDName": "<unknown>",
        "CallerIDNum": "36944000",
        "Cause": "16",
        "Cause-txt": "Normal Clearing",
        "Channel": "SIP/263-0000af49",
        "ChannelState": "4",
        "ChannelStateDesc": "Ring",
        "ConnectedLineName": "CID:36944000",
        "ConnectedLineNum": "09112247524",
        "Context": "from-internal",
        "Event": "Hangup",
        "Exten": "h",
        "Language": "pr2",
        "Linkedid": "1750749111.813899",
        "Priority": "1",
        "Privilege": "call,all",
        "Uniqueid": "1750749111.813899"
    },
    "start_time": "2025-06-24T10:40:58",
    "status": "initiated",
    "timestamp": "2025-06-24T10:41:01",
    "type": "call_summary",
    "uniqueid": "1750749111.813899"
}

{
    "call_type": "",
    "caller_id_name": "263-SUP10",
    "caller_id_num": "263",
    "channel": "SIP/263-0000af4f",
    "connected_line_name": "<unknown>",
    "connected_line_num": "<unknown>",
    "direction": "",
    "end_time": "",
    "extension_number": "263",
    "has_ringing": false,
    "linkedid": "1750749156.813937",
    "other_extension_number": "",
    "start_time": "2025-06-24T10:41:42",
    "status": "initiated",
    "timestamp": "2025-06-24T10:41:42",
    "type": "call_started",
    "uniqueid": "1750749156.813937"
}

{
    "channel": "SIP/263-0000af4f",
    "privilege": "call,all",
    "timestamp": "2025-06-24T10:41:55",
    "type": "call_answered",
    "uniqueid": "1750749156.813937"
}

{
    "call_type": "external",
    "caller_id_name": "263-SUP10",
    "caller_id_num": "263",
    "cause": "16",
    "cause_description": "",
    "cause_txt": "",
    "channel": "SIP/263-0000af4f",
    "connected_line_name": "<unknown>",
    "connected_line_num": "<unknown>",
    "direction": "out",
    "end_time": "2025-06-24T10:42:35",
    "extension_number": "263",
    "has_ringing": false,
    "linkedid": "1750749156.813937",
    "other_extension_number": "09169810623",
    "raw_event": {
        "AccountCode": "",
        "CallerIDName": "<unknown>",
        "CallerIDNum": "36944000",
        "Cause": "16",
        "Cause-txt": "Normal Clearing",
        "Channel": "SIP/263-0000af4f",
        "ChannelState": "6",
        "ChannelStateDesc": "Up",
        "ConnectedLineName": "CID:36944000",
        "ConnectedLineNum": "09169810623",
        "Context": "from-internal",
        "Event": "Hangup",
        "Exten": "h",
        "Language": "pr2",
        "Linkedid": "1750749156.813937",
        "Priority": "1",
        "Privilege": "call,all",
        "Uniqueid": "1750749156.813937"
    },
    "start_time": "2025-06-24T10:41:55",
    "status": "answered",
    "timestamp": "2025-06-24T10:42:35",
    "type": "call_ended",
    "uniqueid": "1750749156.813937"
}

{
    "call_duration": 40,
    "call_type": "external",
    "caller_id_name": "263-SUP10",
    "caller_id_num": "263",
    "cause": "16",
    "cause_description": "",
    "cause_txt": "",
    "channel": "SIP/263-0000af4f",
    "connected_line_name": "<unknown>",
    "connected_line_num": "<unknown>",
    "direction": "out",
    "end_time": "2025-06-24T10:42:35",
    "extension_number": "263",
    "has_ringing": false,
    "linkedid": "1750749156.813937",
    "other_extension_number": "09169810623",
    "raw_event": {
        "AccountCode": "",
        "CallerIDName": "<unknown>",
        "CallerIDNum": "36944000",
        "Cause": "16",
        "Cause-txt": "Normal Clearing",
        "Channel": "SIP/263-0000af4f",
        "ChannelState": "6",
        "ChannelStateDesc": "Up",
        "ConnectedLineName": "CID:36944000",
        "ConnectedLineNum": "09169810623",
        "Context": "from-internal",
        "Event": "Hangup",
        "Exten": "h",
        "Language": "pr2",
        "Linkedid": "1750749156.813937",
        "Priority": "1",
        "Privilege": "call,all",
        "Uniqueid": "1750749156.813937"
    },
    "start_time": "2025-06-24T10:41:55",
    "status": "answered",
    "timestamp": "2025-06-24T10:42:35",
    "type": "call_summary",
    "uniqueid": "1750749156.813937"
}

{
    "call_type": "",
    "caller_id_name": "263-SUP10",
    "caller_id_num": "263",
    "channel": "SIP/263-0000af57",
    "connected_line_name": "<unknown>",
    "connected_line_num": "<unknown>",
    "direction": "",
    "end_time": "",
    "extension_number": "263",
    "has_ringing": false,
    "linkedid": "1750749217.814035",
    "other_extension_number": "",
    "start_time": "2025-06-24T10:42:44",
    "status": "initiated",
    "timestamp": "2025-06-24T10:42:44",
    "type": "call_started",
    "uniqueid": "1750749217.814035"
}

{
    "call_type": "external",
    "caller_id_name": "263-SUP10",
    "caller_id_num": "263",
    "cause": "16",
    "cause_description": "",
    "cause_txt": "",
    "channel": "SIP/263-0000af57",
    "connected_line_name": "<unknown>",
    "connected_line_num": "<unknown>",
    "direction": "out",
    "end_time": "2025-06-24T10:43:21",
    "extension_number": "263",
    "has_ringing": false,
    "linkedid": "1750749217.814035",
    "other_extension_number": "09390679157",
    "raw_event": {
        "AccountCode": "",
        "CallerIDName": "<unknown>",
        "CallerIDNum": "36944000",
        "Cause": "16",
        "Cause-txt": "Normal Clearing",
        "Channel": "SIP/263-0000af57",
        "ChannelState": "4",
        "ChannelStateDesc": "Ring",
        "ConnectedLineName": "CID:36944000",
        "ConnectedLineNum": "09390679157",
        "Context": "from-internal",
        "Event": "Hangup",
        "Exten": "h",
        "Language": "pr2",
        "Linkedid": "1750749217.814035",
        "Priority": "1",
        "Privilege": "call,all",
        "Uniqueid": "1750749217.814035"
    },
    "start_time": "2025-06-24T10:42:44",
    "status": "initiated",
    "timestamp": "2025-06-24T10:43:21",
    "type": "call_ended",
    "uniqueid": "1750749217.814035"
}

{
    "call_duration": 37,
    "call_type": "external",
    "caller_id_name": "263-SUP10",
    "caller_id_num": "263",
    "cause": "16",
    "cause_description": "",
    "cause_txt": "",
    "channel": "SIP/263-0000af57",
    "connected_line_name": "<unknown>",
    "connected_line_num": "<unknown>",
    "direction": "out",
    "end_time": "2025-06-24T10:43:21",
    "extension_number": "263",
    "has_ringing": false,
    "linkedid": "1750749217.814035",
    "other_extension_number": "09390679157",
    "raw_event": {
        "AccountCode": "",
        "CallerIDName": "<unknown>",
        "CallerIDNum": "36944000",
        "Cause": "16",
        "Cause-txt": "Normal Clearing",
        "Channel": "SIP/263-0000af57",
        "ChannelState": "4",
        "ChannelStateDesc": "Ring",
        "ConnectedLineName": "CID:36944000",
        "ConnectedLineNum": "09390679157",
        "Context": "from-internal",
        "Event": "Hangup",
        "Exten": "h",
        "Language": "pr2",
        "Linkedid": "1750749217.814035",
        "Priority": "1",
        "Privilege": "call,all",
        "Uniqueid": "1750749217.814035"
    },
    "start_time": "2025-06-24T10:42:44",
    "status": "initiated",
    "timestamp": "2025-06-24T10:43:21",
    "type": "call_summary",
    "uniqueid": "1750749217.814035"
}

{
    "call_type": "",
    "caller_id_name": "263-SUP10",
    "caller_id_num": "263",
    "channel": "SIP/263-0000af5b",
    "connected_line_name": "<unknown>",
    "connected_line_num": "<unknown>",
    "direction": "",
    "end_time": "",
    "extension_number": "263",
    "has_ringing": false,
    "linkedid": "1750749296.814098",
    "other_extension_number": "",
    "start_time": "2025-06-24T10:44:03",
    "status": "initiated",
    "timestamp": "2025-06-24T10:44:03",
    "type": "call_started",
    "uniqueid": "1750749296.814098"
}

{
    "call_type": "external",
    "caller_id_name": "263-SUP10",
    "caller_id_num": "263",
    "cause": "16",
    "cause_description": "",
    "cause_txt": "",
    "channel": "SIP/263-0000af5b",
    "connected_line_name": "<unknown>",
    "connected_line_num": "<unknown>",
    "direction": "out",
    "end_time": "2025-06-24T10:44:08",
    "extension_number": "263",
    "has_ringing": false,
    "linkedid": "1750749296.814098",
    "other_extension_number": "09139369040",
    "raw_event": {
        "AccountCode": "",
        "CallerIDName": "<unknown>",
        "CallerIDNum": "36944000",
        "Cause": "16",
        "Cause-txt": "Normal Clearing",
        "Channel": "SIP/263-0000af5b",
        "ChannelState": "4",
        "ChannelStateDesc": "Ring",
        "ConnectedLineName": "CID:36944000",
        "ConnectedLineNum": "09139369040",
        "Context": "from-internal",
        "Event": "Hangup",
        "Exten": "h",
        "Language": "pr2",
        "Linkedid": "1750749296.814098",
        "Priority": "1",
        "Privilege": "call,all",
        "Uniqueid": "1750749296.814098"
    },
    "start_time": "2025-06-24T10:44:03",
    "status": "initiated",
    "timestamp": "2025-06-24T10:44:08",
    "type": "call_ended",
    "uniqueid": "1750749296.814098"
}

{
    "call_duration": 4,
    "call_type": "external",
    "caller_id_name": "263-SUP10",
    "caller_id_num": "263",
    "cause": "16",
    "cause_description": "",
    "cause_txt": "",
    "channel": "SIP/263-0000af5b",
    "connected_line_name": "<unknown>",
    "connected_line_num": "<unknown>",
    "direction": "out",
    "end_time": "2025-06-24T10:44:08",
    "extension_number": "263",
    "has_ringing": false,
    "linkedid": "1750749296.814098",
    "other_extension_number": "09139369040",
    "raw_event": {
        "AccountCode": "",
        "CallerIDName": "<unknown>",
        "CallerIDNum": "36944000",
        "Cause": "16",
        "Cause-txt": "Normal Clearing",
        "Channel": "SIP/263-0000af5b",
        "ChannelState": "4",
        "ChannelStateDesc": "Ring",
        "ConnectedLineName": "CID:36944000",
        "ConnectedLineNum": "09139369040",
        "Context": "from-internal",
        "Event": "Hangup",
        "Exten": "h",
        "Language": "pr2",
        "Linkedid": "1750749296.814098",
        "Priority": "1",
        "Privilege": "call,all",
        "Uniqueid": "1750749296.814098"
    },
    "start_time": "2025-06-24T10:44:03",
    "status": "initiated",
    "timestamp": "2025-06-24T10:44:08",
    "type": "call_summary",
    "uniqueid": "1750749296.814098"
}

{
    "call_type": "",
    "caller_id_name": "263-SUP10",
    "caller_id_num": "263",
    "channel": "SIP/263-0000af5e",
    "connected_line_name": "<unknown>",
    "connected_line_num": "<unknown>",
    "direction": "",
    "end_time": "",
    "extension_number": "263",
    "has_ringing": false,
    "linkedid": "1750749332.814122",
    "other_extension_number": "",
    "start_time": "2025-06-24T10:45:01",
    "status": "initiated",
    "timestamp": "2025-06-24T10:45:01",
    "type": "call_started",
    "uniqueid": "1750749353.814130"
}

{
    "channel": "SIP/263-0000af5e",
    "privilege": "call,all",
    "timestamp": "2025-06-24T10:45:01",
    "type": "call_ringing",
    "uniqueid": "1750749353.814130"
}

{
    "channel": "SIP/263-0000af5e",
    "privilege": "call,all",
    "timestamp": "2025-06-24T10:45:06",
    "type": "call_answered",
    "uniqueid": "1750749353.814130"
}

{
    "call_type": "external",
    "caller_id_name": "263-SUP10",
    "caller_id_num": "263",
    "cause": "16",
    "cause_description": "",
    "cause_txt": "",
    "channel": "SIP/263-0000af5e",
    "connected_line_name": "<unknown>",
    "connected_line_num": "<unknown>",
    "direction": "in",
    "end_time": "2025-06-24T10:46:27",
    "extension_number": "263",
    "has_ringing": true,
    "linkedid": "1750749332.814122",
    "other_extension_number": "9124092039",
    "raw_event": {
        "AccountCode": "",
        "CallerIDName": "263-SUP10",
        "CallerIDNum": "263",
        "Cause": "16",
        "Cause-txt": "Normal Clearing",
        "Channel": "SIP/263-0000af5e",
        "ChannelState": "6",
        "ChannelStateDesc": "Up",
        "ConnectedLineName": "9124092039",
        "ConnectedLineNum": "9124092039",
        "Context": "macro-dial-one",
        "Event": "Hangup",
        "Exten": "s",
        "Language": "pr2",
        "Linkedid": "1750749332.814122",
        "Priority": "1",
        "Privilege": "call,all",
        "Uniqueid": "1750749353.814130"
    },
    "start_time": "2025-06-24T10:45:06",
    "status": "answered",
    "timestamp": "2025-06-24T10:46:27",
    "type": "call_ended",
    "uniqueid": "1750749353.814130"
}

{
    "call_duration": 81,
    "call_type": "external",
    "caller_id_name": "263-SUP10",
    "caller_id_num": "263",
    "cause": "16",
    "cause_description": "",
    "cause_txt": "",
    "channel": "SIP/263-0000af5e",
    "connected_line_name": "<unknown>",
    "connected_line_num": "<unknown>",
    "direction": "in",
    "end_time": "2025-06-24T10:46:27",
    "extension_number": "263",
    "has_ringing": true,
    "linkedid": "1750749332.814122",
    "other_extension_number": "9124092039",
    "raw_event": {
        "AccountCode": "",
        "CallerIDName": "263-SUP10",
        "CallerIDNum": "263",
        "Cause": "16",
        "Cause-txt": "Normal Clearing",
        "Channel": "SIP/263-0000af5e",
        "ChannelState": "6",
        "ChannelStateDesc": "Up",
        "ConnectedLineName": "9124092039",
        "ConnectedLineNum": "9124092039",
        "Context": "macro-dial-one",
        "Event": "Hangup",
        "Exten": "s",
        "Language": "pr2",
        "Linkedid": "1750749332.814122",
        "Priority": "1",
        "Privilege": "call,all",
        "Uniqueid": "1750749353.814130"
    },
    "start_time": "2025-06-24T10:45:06",
    "status": "answered",
    "timestamp": "2025-06-24T10:46:27",
    "type": "call_summary",
    "uniqueid": "1750749353.814130"
}

{
    "call_type": "",
    "caller_id_name": "263-SUP10",
    "caller_id_num": "263",
    "channel": "SIP/263-0000af86",
    "connected_line_name": "<unknown>",
    "connected_line_num": "<unknown>",
    "direction": "",
    "end_time": "",
    "extension_number": "263",
    "has_ringing": false,
    "linkedid": "1750749672.814544",
    "other_extension_number": "",
    "start_time": "2025-06-24T10:50:18",
    "status": "initiated",
    "timestamp": "2025-06-24T10:50:18",
    "type": "call_started",
    "uniqueid": "1750749672.814544"
}

{
    "channel": "SIP/263-0000af86",
    "privilege": "call,all",
    "timestamp": "2025-06-24T10:50:29",
    "type": "call_answered",
    "uniqueid": "1750749672.814544"
}

{
    "call_type": "external",
    "caller_id_name": "263-SUP10",
    "caller_id_num": "263",
    "cause": "16",
    "cause_description": "",
    "cause_txt": "",
    "channel": "SIP/263-0000af86",
    "connected_line_name": "<unknown>",
    "connected_line_num": "<unknown>",
    "direction": "out",
    "end_time": "2025-06-24T10:50:58",
    "extension_number": "263",
    "has_ringing": false,
    "linkedid": "1750749672.814544",
    "other_extension_number": "09153404749",
    "raw_event": {
        "AccountCode": "",
        "CallerIDName": "<unknown>",
        "CallerIDNum": "36944000",
        "Cause": "16",
        "Cause-txt": "Normal Clearing",
        "Channel": "SIP/263-0000af86",
        "ChannelState": "6",
        "ChannelStateDesc": "Up",
        "ConnectedLineName": "CID:36944000",
        "ConnectedLineNum": "09153404749",
        "Context": "from-internal",
        "Event": "Hangup",
        "Exten": "h",
        "Language": "pr2",
        "Linkedid": "1750749672.814544",
        "Priority": "1",
        "Privilege": "call,all",
        "Uniqueid": "1750749672.814544"
    },
    "start_time": "2025-06-24T10:50:29",
    "status": "answered",
    "timestamp": "2025-06-24T10:50:58",
    "type": "call_ended",
    "uniqueid": "1750749672.814544"
}

{
    "call_duration": 28,
    "call_type": "external",
    "caller_id_name": "263-SUP10",
    "caller_id_num": "263",
    "cause": "16",
    "cause_description": "",
    "cause_txt": "",
    "channel": "SIP/263-0000af86",
    "connected_line_name": "<unknown>",
    "connected_line_num": "<unknown>",
    "direction": "out",
    "end_time": "2025-06-24T10:50:58",
    "extension_number": "263",
    "has_ringing": false,
    "linkedid": "1750749672.814544",
    "other_extension_number": "09153404749",
    "raw_event": {
        "AccountCode": "",
        "CallerIDName": "<unknown>",
        "CallerIDNum": "36944000",
        "Cause": "16",
        "Cause-txt": "Normal Clearing",
        "Channel": "SIP/263-0000af86",
        "ChannelState": "6",
        "ChannelStateDesc": "Up",
        "ConnectedLineName": "CID:36944000",
        "ConnectedLineNum": "09153404749",
        "Context": "from-internal",
        "Event": "Hangup",
        "Exten": "h",
        "Language": "pr2",
        "Linkedid": "1750749672.814544",
        "Priority": "1",
        "Privilege": "call,all",
        "Uniqueid": "1750749672.814544"
    },
    "start_time": "2025-06-24T10:50:29",
    "status": "answered",
    "timestamp": "2025-06-24T10:50:58",
    "type": "call_summary",
    "uniqueid": "1750749672.814544"
}

{
    "call_type": "",
    "caller_id_name": "263-SUP10",
    "caller_id_num": "263",
    "channel": "SIP/263-0000afad",
    "connected_line_name": "<unknown>",
    "connected_line_num": "<unknown>",
    "direction": "",
    "end_time": "",
    "extension_number": "263",
    "has_ringing": false,
    "linkedid": "1750749915.814958",
    "other_extension_number": "",
    "start_time": "2025-06-24T10:54:22",
    "status": "initiated",
    "timestamp": "2025-06-24T10:54:22",
    "type": "call_started",
    "uniqueid": "1750749915.814958"
}

{
    "channel": "SIP/263-0000afad",
    "privilege": "call,all",
    "timestamp": "2025-06-24T10:54:37",
    "type": "call_answered",
    "uniqueid": "1750749915.814958"
}

{
    "call_type": "external",
    "caller_id_name": "263-SUP10",
    "caller_id_num": "263",
    "cause": "16",
    "cause_description": "",
    "cause_txt": "",
    "channel": "SIP/263-0000afad",
    "connected_line_name": "<unknown>",
    "connected_line_num": "<unknown>",
    "direction": "out",
    "end_time": "2025-06-24T10:55:24",
    "extension_number": "263",
    "has_ringing": false,
    "linkedid": "1750749915.814958",
    "other_extension_number": "09396071856",
    "raw_event": {
        "AccountCode": "",
        "CallerIDName": "<unknown>",
        "CallerIDNum": "36944000",
        "Cause": "16",
        "Cause-txt": "Normal Clearing",
        "Channel": "SIP/263-0000afad",
        "ChannelState": "6",
        "ChannelStateDesc": "Up",
        "ConnectedLineName": "CID:36944000",
        "ConnectedLineNum": "09396071856",
        "Context": "from-internal",
        "Event": "Hangup",
        "Exten": "h",
        "Language": "pr2",
        "Linkedid": "1750749915.814958",
        "Priority": "1",
        "Privilege": "call,all",
        "Uniqueid": "1750749915.814958"
    },
    "start_time": "2025-06-24T10:54:37",
    "status": "answered",
    "timestamp": "2025-06-24T10:55:24",
    "type": "call_ended",
    "uniqueid": "1750749915.814958"
}

{
    "call_duration": 47,
    "call_type": "external",
    "caller_id_name": "263-SUP10",
    "caller_id_num": "263",
    "cause": "16",
    "cause_description": "",
    "cause_txt": "",
    "channel": "SIP/263-0000afad",
    "connected_line_name": "<unknown>",
    "connected_line_num": "<unknown>",
    "direction": "out",
    "end_time": "2025-06-24T10:55:24",
    "extension_number": "263",
    "has_ringing": false,
    "linkedid": "1750749915.814958",
    "other_extension_number": "09396071856",
    "raw_event": {
        "AccountCode": "",
        "CallerIDName": "<unknown>",
        "CallerIDNum": "36944000",
        "Cause": "16",
        "Cause-txt": "Normal Clearing",
        "Channel": "SIP/263-0000afad",
        "ChannelState": "6",
        "ChannelStateDesc": "Up",
        "ConnectedLineName": "CID:36944000",
        "ConnectedLineNum": "09396071856",
        "Context": "from-internal",
        "Event": "Hangup",
        "Exten": "h",
        "Language": "pr2",
        "Linkedid": "1750749915.814958",
        "Priority": "1",
        "Privilege": "call,all",
        "Uniqueid": "1750749915.814958"
    },
    "start_time": "2025-06-24T10:54:37",
    "status": "answered",
    "timestamp": "2025-06-24T10:55:24",
    "type": "call_summary",
    "uniqueid": "1750749915.814958"
}

{
    "call_type": "",
    "caller_id_name": "263-SUP10",
    "caller_id_num": "263",
    "channel": "SIP/263-0000afcc",
    "connected_line_name": "<unknown>",
    "connected_line_num": "<unknown>",
    "direction": "",
    "end_time": "",
    "extension_number": "263",
    "has_ringing": false,
    "linkedid": "1750750064.815261",
    "other_extension_number": "",
    "start_time": "2025-06-24T10:56:51",
    "status": "initiated",
    "timestamp": "2025-06-24T10:56:51",
    "type": "call_started",
    "uniqueid": "1750750064.815261"
}

{
    "channel": "SIP/263-0000afcc",
    "privilege": "call,all",
    "timestamp": "2025-06-24T10:56:57",
    "type": "call_answered",
    "uniqueid": "1750750064.815261"
}

{
    "call_type": "external",
    "caller_id_name": "263-SUP10",
    "caller_id_num": "263",
    "cause": "16",
    "cause_description": "",
    "cause_txt": "",
    "channel": "SIP/263-0000afcc",
    "connected_line_name": "<unknown>",
    "connected_line_num": "<unknown>",
    "direction": "out",
    "end_time": "2025-06-24T10:58:26",
    "extension_number": "263",
    "has_ringing": false,
    "linkedid": "1750750064.815261",
    "other_extension_number": "09143461326",
    "raw_event": {
        "AccountCode": "",
        "CallerIDName": "<unknown>",
        "CallerIDNum": "36944000",
        "Cause": "16",
        "Cause-txt": "Normal Clearing",
        "Channel": "SIP/263-0000afcc",
        "ChannelState": "6",
        "ChannelStateDesc": "Up",
        "ConnectedLineName": "CID:36944000",
        "ConnectedLineNum": "09143461326",
        "Context": "from-internal",
        "Event": "Hangup",
        "Exten": "h",
        "Language": "pr2",
        "Linkedid": "1750750064.815261",
        "Priority": "1",
        "Privilege": "call,all",
        "Uniqueid": "1750750064.815261"
    },
    "start_time": "2025-06-24T10:56:57",
    "status": "answered",
    "timestamp": "2025-06-24T10:58:26",
    "type": "call_ended",
    "uniqueid": "1750750064.815261"
}

{
    "call_duration": 89,
    "call_type": "external",
    "caller_id_name": "263-SUP10",
    "caller_id_num": "263",
    "cause": "16",
    "cause_description": "",
    "cause_txt": "",
    "channel": "SIP/263-0000afcc",
    "connected_line_name": "<unknown>",
    "connected_line_num": "<unknown>",
    "direction": "out",
    "end_time": "2025-06-24T10:58:26",
    "extension_number": "263",
    "has_ringing": false,
    "linkedid": "1750750064.815261",
    "other_extension_number": "09143461326",
    "raw_event": {
        "AccountCode": "",
        "CallerIDName": "<unknown>",
        "CallerIDNum": "36944000",
        "Cause": "16",
        "Cause-txt": "Normal Clearing",
        "Channel": "SIP/263-0000afcc",
        "ChannelState": "6",
        "ChannelStateDesc": "Up",
        "ConnectedLineName": "CID:36944000",
        "ConnectedLineNum": "09143461326",
        "Context": "from-internal",
        "Event": "Hangup",
        "Exten": "h",
        "Language": "pr2",
        "Linkedid": "1750750064.815261",
        "Priority": "1",
        "Privilege": "call,all",
        "Uniqueid": "1750750064.815261"
    },
    "start_time": "2025-06-24T10:56:57",
    "status": "answered",
    "timestamp": "2025-06-24T10:58:26",
    "type": "call_summary",
    "uniqueid": "1750750064.815261"
}

{
    "call_type": "",
    "caller_id_name": "263-SUP10",
    "caller_id_num": "263",
    "channel": "SIP/263-0000afdd",
    "connected_line_name": "<unknown>",
    "connected_line_num": "<unknown>",
    "direction": "",
    "end_time": "",
    "extension_number": "263",
    "has_ringing": false,
    "linkedid": "1750750224.815463",
    "other_extension_number": "",
    "start_time": "2025-06-24T10:59:30",
    "status": "initiated",
    "timestamp": "2025-06-24T10:59:30",
    "type": "call_started",
    "uniqueid": "1750750224.815463"
}

{
    "call_type": "external",
    "caller_id_name": "263-SUP10",
    "caller_id_num": "263",
    "cause": "16",
    "cause_description": "",
    "cause_txt": "",
    "channel": "SIP/263-0000afdd",
    "connected_line_name": "<unknown>",
    "connected_line_num": "<unknown>",
    "direction": "out",
    "end_time": "2025-06-24T10:59:51",
    "extension_number": "263",
    "has_ringing": false,
    "linkedid": "1750750224.815463",
    "other_extension_number": "09132457629",
    "raw_event": {
        "AccountCode": "",
        "CallerIDName": "<unknown>",
        "CallerIDNum": "36944000",
        "Cause": "16",
        "Cause-txt": "Normal Clearing",
        "Channel": "SIP/263-0000afdd",
        "ChannelState": "4",
        "ChannelStateDesc": "Ring",
        "ConnectedLineName": "CID:36944000",
        "ConnectedLineNum": "09132457629",
        "Context": "from-internal",
        "Event": "Hangup",
        "Exten": "h",
        "Language": "pr2",
        "Linkedid": "1750750224.815463",
        "Priority": "1",
        "Privilege": "call,all",
        "Uniqueid": "1750750224.815463"
    },
    "start_time": "2025-06-24T10:59:30",
    "status": "initiated",
    "timestamp": "2025-06-24T10:59:51",
    "type": "call_ended",
    "uniqueid": "1750750224.815463"
}

{
    "call_duration": 20,
    "call_type": "external",
    "caller_id_name": "263-SUP10",
    "caller_id_num": "263",
    "cause": "16",
    "cause_description": "",
    "cause_txt": "",
    "channel": "SIP/263-0000afdd",
    "connected_line_name": "<unknown>",
    "connected_line_num": "<unknown>",
    "direction": "out",
    "end_time": "2025-06-24T10:59:51",
    "extension_number": "263",
    "has_ringing": false,
    "linkedid": "1750750224.815463",
    "other_extension_number": "09132457629",
    "raw_event": {
        "AccountCode": "",
        "CallerIDName": "<unknown>",
        "CallerIDNum": "36944000",
        "Cause": "16",
        "Cause-txt": "Normal Clearing",
        "Channel": "SIP/263-0000afdd",
        "ChannelState": "4",
        "ChannelStateDesc": "Ring",
        "ConnectedLineName": "CID:36944000",
        "ConnectedLineNum": "09132457629",
        "Context": "from-internal",
        "Event": "Hangup",
        "Exten": "h",
        "Language": "pr2",
        "Linkedid": "1750750224.815463",
        "Priority": "1",
        "Privilege": "call,all",
        "Uniqueid": "1750750224.815463"
    },
    "start_time": "2025-06-24T10:59:30",
    "status": "initiated",
    "timestamp": "2025-06-24T10:59:51",
    "type": "call_summary",
    "uniqueid": "1750750224.815463"
}

{
    "call_type": "",
    "caller_id_name": "263-SUP10",
    "caller_id_num": "263",
    "channel": "SIP/263-0000afe5",
    "connected_line_name": "<unknown>",
    "connected_line_num": "<unknown>",
    "direction": "",
    "end_time": "",
    "extension_number": "263",
    "has_ringing": false,
    "linkedid": "1750750280.815540",
    "other_extension_number": "",
    "start_time": "2025-06-24T11:00:27",
    "status": "initiated",
    "timestamp": "2025-06-24T11:00:27",
    "type": "call_started",
    "uniqueid": "1750750280.815540"
}

{
    "call_type": "external",
    "caller_id_name": "263-SUP10",
    "caller_id_num": "263",
    "cause": "16",
    "cause_description": "",
    "cause_txt": "",
    "channel": "SIP/263-0000afe5",
    "connected_line_name": "<unknown>",
    "connected_line_num": "<unknown>",
    "direction": "out",
    "end_time": "2025-06-24T11:00:52",
    "extension_number": "263",
    "has_ringing": false,
    "linkedid": "1750750280.815540",
    "other_extension_number": "09105005903",
    "raw_event": {
        "AccountCode": "",
        "CallerIDName": "<unknown>",
        "CallerIDNum": "36944000",
        "Cause": "16",
        "Cause-txt": "Normal Clearing",
        "Channel": "SIP/263-0000afe5",
        "ChannelState": "4",
        "ChannelStateDesc": "Ring",
        "ConnectedLineName": "CID:36944000",
        "ConnectedLineNum": "09105005903",
        "Context": "from-internal",
        "Event": "Hangup",
        "Exten": "h",
        "Language": "pr2",
        "Linkedid": "1750750280.815540",
        "Priority": "1",
        "Privilege": "call,all",
        "Uniqueid": "1750750280.815540"
    },
    "start_time": "2025-06-24T11:00:27",
    "status": "initiated",
    "timestamp": "2025-06-24T11:00:52",
    "type": "call_ended",
    "uniqueid": "1750750280.815540"
}

{
    "call_duration": 25,
    "call_type": "external",
    "caller_id_name": "263-SUP10",
    "caller_id_num": "263",
    "cause": "16",
    "cause_description": "",
    "cause_txt": "",
    "channel": "SIP/263-0000afe5",
    "connected_line_name": "<unknown>",
    "connected_line_num": "<unknown>",
    "direction": "out",
    "end_time": "2025-06-24T11:00:52",
    "extension_number": "263",
    "has_ringing": false,
    "linkedid": "1750750280.815540",
    "other_extension_number": "09105005903",
    "raw_event": {
        "AccountCode": "",
        "CallerIDName": "<unknown>",
        "CallerIDNum": "36944000",
        "Cause": "16",
        "Cause-txt": "Normal Clearing",
        "Channel": "SIP/263-0000afe5",
        "ChannelState": "4",
        "ChannelStateDesc": "Ring",
        "ConnectedLineName": "CID:36944000",
        "ConnectedLineNum": "09105005903",
        "Context": "from-internal",
        "Event": "Hangup",
        "Exten": "h",
        "Language": "pr2",
        "Linkedid": "1750750280.815540",
        "Priority": "1",
        "Privilege": "call,all",
        "Uniqueid": "1750750280.815540"
    },
    "start_time": "2025-06-24T11:00:27",
    "status": "initiated",
    "timestamp": "2025-06-24T11:00:52",
    "type": "call_summary",
    "uniqueid": "1750750280.815540"
}

{
    "call_type": "",
    "caller_id_name": "263-SUP10",
    "caller_id_num": "263",
    "channel": "SIP/263-0000b00f",
    "connected_line_name": "<unknown>",
    "connected_line_num": "<unknown>",
    "direction": "",
    "end_time": "",
    "extension_number": "263",
    "has_ringing": false,
    "linkedid": "1750750626.815958",
    "other_extension_number": "",
    "start_time": "2025-06-24T11:06:13",
    "status": "initiated",
    "timestamp": "2025-06-24T11:06:13",
    "type": "call_started",
    "uniqueid": "1750750626.815958"
}

{
    "channel": "SIP/263-0000b00f",
    "privilege": "call,all",
    "timestamp": "2025-06-24T11:06:13",
    "type": "call_answered",
    "uniqueid": "1750750626.815958"
}

{
    "call_type": "internal",
    "caller_id_name": "263-SUP10",
    "caller_id_num": "263",
    "cause": "16",
    "cause_description": "",
    "cause_txt": "",
    "channel": "SIP/263-0000b00f",
    "connected_line_name": "<unknown>",
    "connected_line_num": "<unknown>",
    "direction": "out",
    "end_time": "2025-06-24T11:06:50",
    "extension_number": "263",
    "has_ringing": false,
    "linkedid": "1750750626.815958",
    "other_extension_number": "161",
    "raw_event": {
        "AccountCode": "",
        "CallerIDName": "263-SUP10",
        "CallerIDNum": "263",
        "Cause": "16",
        "Cause-txt": "Normal Clearing",
        "Channel": "SIP/263-0000b00f",
        "ChannelState": "6",
        "ChannelStateDesc": "Up",
        "ConnectedLineName": "161-SAL12",
        "ConnectedLineNum": "161",
        "Context": "from-internal",
        "Event": "Hangup",
        "Exten": "",
        "Language": "pr2",
        "Linkedid": "1750750618.815939",
        "Priority": "1",
        "Privilege": "call,all",
        "Uniqueid": "1750750626.815958"
    },
    "start_time": "2025-06-24T11:06:13",
    "status": "answered",
    "timestamp": "2025-06-24T11:06:50",
    "type": "call_ended",
    "uniqueid": "1750750626.815958"
}

{
    "call_duration": 37,
    "call_type": "internal",
    "caller_id_name": "263-SUP10",
    "caller_id_num": "263",
    "cause": "16",
    "cause_description": "",
    "cause_txt": "",
    "channel": "SIP/263-0000b00f",
    "connected_line_name": "<unknown>",
    "connected_line_num": "<unknown>",
    "direction": "out",
    "end_time": "2025-06-24T11:06:50",
    "extension_number": "263",
    "has_ringing": false,
    "linkedid": "1750750626.815958",
    "other_extension_number": "161",
    "raw_event": {
        "AccountCode": "",
        "CallerIDName": "263-SUP10",
        "CallerIDNum": "263",
        "Cause": "16",
        "Cause-txt": "Normal Clearing",
        "Channel": "SIP/263-0000b00f",
        "ChannelState": "6",
        "ChannelStateDesc": "Up",
        "ConnectedLineName": "161-SAL12",
        "ConnectedLineNum": "161",
        "Context": "from-internal",
        "Event": "Hangup",
        "Exten": "",
        "Language": "pr2",
        "Linkedid": "1750750618.815939",
        "Priority": "1",
        "Privilege": "call,all",
        "Uniqueid": "1750750626.815958"
    },
    "start_time": "2025-06-24T11:06:13",
    "status": "answered",
    "timestamp": "2025-06-24T11:06:50",
    "type": "call_summary",
    "uniqueid": "1750750626.815958"
}

{
    "call_type": "",
    "caller_id_name": "263-SUP10",
    "caller_id_num": "263",
    "channel": "SIP/263-0000b01f",
    "connected_line_name": "<unknown>",
    "connected_line_num": "<unknown>",
    "direction": "",
    "end_time": "",
    "extension_number": "263",
    "has_ringing": false,
    "linkedid": "1750750659.816033",
    "other_extension_number": "",
    "start_time": "2025-06-24T11:07:59",
    "status": "initiated",
    "timestamp": "2025-06-24T11:07:59",
    "type": "call_started",
    "uniqueid": "1750750732.816171"
}

{
    "channel": "SIP/263-0000b01f",
    "privilege": "call,all",
    "timestamp": "2025-06-24T11:07:59",
    "type": "call_ringing",
    "uniqueid": "1750750732.816171"
}

{
    "channel": "SIP/263-0000b01f",
    "privilege": "call,all",
    "timestamp": "2025-06-24T11:08:01",
    "type": "call_answered",
    "uniqueid": "1750750732.816171"
}

{
    "call_type": "external",
    "caller_id_name": "263-SUP10",
    "caller_id_num": "263",
    "cause": "16",
    "cause_description": "",
    "cause_txt": "",
    "channel": "SIP/263-0000b01f",
    "connected_line_name": "<unknown>",
    "connected_line_num": "<unknown>",
    "direction": "in",
    "end_time": "2025-06-24T11:08:32",
    "extension_number": "263",
    "has_ringing": true,
    "linkedid": "1750750659.816033",
    "other_extension_number": "9132457629",
    "raw_event": {
        "AccountCode": "",
        "CallerIDName": "263-SUP10",
        "CallerIDNum": "263",
        "Cause": "16",
        "Cause-txt": "Normal Clearing",
        "Channel": "SIP/263-0000b01f",
        "ChannelState": "6",
        "ChannelStateDesc": "Up",
        "ConnectedLineName": "9132457629",
        "ConnectedLineNum": "9132457629",
        "Context": "macro-dial-one",
        "Event": "Hangup",
        "Exten": "s",
        "Language": "pr2",
        "Linkedid": "1750750659.816033",
        "Priority": "1",
        "Privilege": "call,all",
        "Uniqueid": "1750750732.816171"
    },
    "start_time": "2025-06-24T11:08:01",
    "status": "answered",
    "timestamp": "2025-06-24T11:08:32",
    "type": "call_ended",
    "uniqueid": "1750750732.816171"
}

{
    "call_duration": 30,
    "call_type": "external",
    "caller_id_name": "263-SUP10",
    "caller_id_num": "263",
    "cause": "16",
    "cause_description": "",
    "cause_txt": "",
    "channel": "SIP/263-0000b01f",
    "connected_line_name": "<unknown>",
    "connected_line_num": "<unknown>",
    "direction": "in",
    "end_time": "2025-06-24T11:08:32",
    "extension_number": "263",
    "has_ringing": true,
    "linkedid": "1750750659.816033",
    "other_extension_number": "9132457629",
    "raw_event": {
        "AccountCode": "",
        "CallerIDName": "263-SUP10",
        "CallerIDNum": "263",
        "Cause": "16",
        "Cause-txt": "Normal Clearing",
        "Channel": "SIP/263-0000b01f",
        "ChannelState": "6",
        "ChannelStateDesc": "Up",
        "ConnectedLineName": "9132457629",
        "ConnectedLineNum": "9132457629",
        "Context": "macro-dial-one",
        "Event": "Hangup",
        "Exten": "s",
        "Language": "pr2",
        "Linkedid": "1750750659.816033",
        "Priority": "1",
        "Privilege": "call,all",
        "Uniqueid": "1750750732.816171"
    },
    "start_time": "2025-06-24T11:08:01",
    "status": "answered",
    "timestamp": "2025-06-24T11:08:32",
    "type": "call_summary",
    "uniqueid": "1750750732.816171"
}

{
    "call_type": "",
    "caller_id_name": "263-SUP10",
    "caller_id_num": "263",
    "channel": "SIP/263-0000b03b",
    "connected_line_name": "<unknown>",
    "connected_line_num": "<unknown>",
    "direction": "",
    "end_time": "",
    "extension_number": "263",
    "has_ringing": false,
    "linkedid": "1750750940.816466",
    "other_extension_number": "",
    "start_time": "2025-06-24T11:11:26",
    "status": "initiated",
    "timestamp": "2025-06-24T11:11:26",
    "type": "call_started",
    "uniqueid": "1750750940.816466"
}

{
    "channel": "SIP/263-0000b03b",
    "privilege": "call,all",
    "timestamp": "2025-06-24T11:11:29",
    "type": "call_answered",
    "uniqueid": "1750750940.816466"
}

{
    "call_type": "internal",
    "caller_id_name": "263-SUP10",
    "caller_id_num": "263",
    "cause": "16",
    "cause_description": "",
    "cause_txt": "",
    "channel": "SIP/263-0000b03b",
    "connected_line_name": "<unknown>",
    "connected_line_num": "<unknown>",
    "direction": "out",
    "end_time": "2025-06-24T11:12:05",
    "extension_number": "263",
    "has_ringing": false,
    "linkedid": "1750750940.816466",
    "other_extension_number": "256",
    "raw_event": {
        "AccountCode": "",
        "CallerIDName": "263-SUP10",
        "CallerIDNum": "263",
        "Cause": "16",
        "Cause-txt": "Normal Clearing",
        "Channel": "SIP/263-0000b03b",
        "ChannelState": "6",
        "ChannelStateDesc": "Up",
        "ConnectedLineName": "256-SUP6",
        "ConnectedLineNum": "256",
        "Context": "from-internal",
        "Event": "Hangup",
        "Exten": "h",
        "Language": "pr2",
        "Linkedid": "1750750940.816466",
        "Priority": "1",
        "Privilege": "call,all",
        "Uniqueid": "1750750940.816466"
    },
    "start_time": "2025-06-24T11:11:29",
    "status": "answered",
    "timestamp": "2025-06-24T11:12:05",
    "type": "call_ended",
    "uniqueid": "1750750940.816466"
}

{
    "call_duration": 36,
    "call_type": "internal",
    "caller_id_name": "263-SUP10",
    "caller_id_num": "263",
    "cause": "16",
    "cause_description": "",
    "cause_txt": "",
    "channel": "SIP/263-0000b03b",
    "connected_line_name": "<unknown>",
    "connected_line_num": "<unknown>",
    "direction": "out",
    "end_time": "2025-06-24T11:12:05",
    "extension_number": "263",
    "has_ringing": false,
    "linkedid": "1750750940.816466",
    "other_extension_number": "256",
    "raw_event": {
        "AccountCode": "",
        "CallerIDName": "263-SUP10",
        "CallerIDNum": "263",
        "Cause": "16",
        "Cause-txt": "Normal Clearing",
        "Channel": "SIP/263-0000b03b",
        "ChannelState": "6",
        "ChannelStateDesc": "Up",
        "ConnectedLineName": "256-SUP6",
        "ConnectedLineNum": "256",
        "Context": "from-internal",
        "Event": "Hangup",
        "Exten": "h",
        "Language": "pr2",
        "Linkedid": "1750750940.816466",
        "Priority": "1",
        "Privilege": "call,all",
        "Uniqueid": "1750750940.816466"
    },
    "start_time": "2025-06-24T11:11:29",
    "status": "answered",
    "timestamp": "2025-06-24T11:12:05",
    "type": "call_summary",
    "uniqueid": "1750750940.816466"
}

{
    "call_type": "",
    "caller_id_name": "263-SUP10",
    "caller_id_num": "263",
    "channel": "SIP/263-0000b0c6",
    "connected_line_name": "<unknown>",
    "connected_line_num": "<unknown>",
    "direction": "",
    "end_time": "",
    "extension_number": "263",
    "has_ringing": false,
    "linkedid": "1750751849.817919",
    "other_extension_number": "",
    "start_time": "2025-06-24T11:26:36",
    "status": "initiated",
    "timestamp": "2025-06-24T11:26:36",
    "type": "call_started",
    "uniqueid": "1750751849.817931"
}

{
    "channel": "SIP/263-0000b0c6",
    "privilege": "call,all",
    "timestamp": "2025-06-24T11:26:36",
    "type": "call_ringing",
    "uniqueid": "1750751849.817931"
}

{
    "channel": "SIP/263-0000b0c6",
    "privilege": "call,all",
    "timestamp": "2025-06-24T11:26:41",
    "type": "call_answered",
    "uniqueid": "1750751849.817931"
}

{
    "call_type": "internal",
    "caller_id_name": "263-SUP10",
    "caller_id_num": "263",
    "cause": "16",
    "cause_description": "",
    "cause_txt": "",
    "channel": "SIP/263-0000b0c6",
    "connected_line_name": "<unknown>",
    "connected_line_num": "<unknown>",
    "direction": "in",
    "end_time": "2025-06-24T11:27:01",
    "extension_number": "263",
    "has_ringing": true,
    "linkedid": "1750751849.817919",
    "other_extension_number": "131",
    "raw_event": {
        "AccountCode": "",
        "CallerIDName": "263-SUP10",
        "CallerIDNum": "263",
        "Cause": "16",
        "Cause-txt": "Normal Clearing",
        "Channel": "SIP/263-0000b0c6",
        "ChannelState": "6",
        "ChannelStateDesc": "Up",
        "ConnectedLineName": "131-SAL4",
        "ConnectedLineNum": "131",
        "Context": "macro-dial-one",
        "Event": "Hangup",
        "Exten": "s",
        "Language": "pr2",
        "Linkedid": "1750751849.817919",
        "Priority": "1",
        "Privilege": "call,all",
        "Uniqueid": "1750751849.817931"
    },
    "start_time": "2025-06-24T11:26:41",
    "status": "answered",
    "timestamp": "2025-06-24T11:27:01",
    "type": "call_ended",
    "uniqueid": "1750751849.817931"
}

{
    "call_duration": 20,
    "call_type": "internal",
    "caller_id_name": "263-SUP10",
    "caller_id_num": "263",
    "cause": "16",
    "cause_description": "",
    "cause_txt": "",
    "channel": "SIP/263-0000b0c6",
    "connected_line_name": "<unknown>",
    "connected_line_num": "<unknown>",
    "direction": "in",
    "end_time": "2025-06-24T11:27:01",
    "extension_number": "263",
    "has_ringing": true,
    "linkedid": "1750751849.817919",
    "other_extension_number": "131",
    "raw_event": {
        "AccountCode": "",
        "CallerIDName": "263-SUP10",
        "CallerIDNum": "263",
        "Cause": "16",
        "Cause-txt": "Normal Clearing",
        "Channel": "SIP/263-0000b0c6",
        "ChannelState": "6",
        "ChannelStateDesc": "Up",
        "ConnectedLineName": "131-SAL4",
        "ConnectedLineNum": "131",
        "Context": "macro-dial-one",
        "Event": "Hangup",
        "Exten": "s",
        "Language": "pr2",
        "Linkedid": "1750751849.817919",
        "Priority": "1",
        "Privilege": "call,all",
        "Uniqueid": "1750751849.817931"
    },
    "start_time": "2025-06-24T11:26:41",
    "status": "answered",
    "timestamp": "2025-06-24T11:27:01",
    "type": "call_summary",
    "uniqueid": "1750751849.817931"
}

{
    "call_type": "",
    "caller_id_name": "263-SUP10",
    "caller_id_num": "263",
    "channel": "SIP/263-0000b0cb",
    "connected_line_name": "<unknown>",
    "connected_line_num": "<unknown>",
    "direction": "",
    "end_time": "",
    "extension_number": "263",
    "has_ringing": false,
    "linkedid": "1750751887.818034",
    "other_extension_number": "",
    "start_time": "2025-06-24T11:27:13",
    "status": "initiated",
    "timestamp": "2025-06-24T11:27:13",
    "type": "call_started",
    "uniqueid": "1750751887.818034"
}

{
    "call_type": "internal",
    "caller_id_name": "263-SUP10",
    "caller_id_num": "263",
    "cause": "16",
    "cause_description": "",
    "cause_txt": "",
    "channel": "SIP/263-0000b0cb",
    "connected_line_name": "<unknown>",
    "connected_line_num": "<unknown>",
    "direction": "out",
    "end_time": "2025-06-24T11:27:19",
    "extension_number": "263",
    "has_ringing": false,
    "linkedid": "1750751887.818034",
    "other_extension_number": "255",
    "raw_event": {
        "AccountCode": "",
        "CallerIDName": "263-SUP10",
        "CallerIDNum": "263",
        "Cause": "16",
        "Cause-txt": "Normal Clearing",
        "Channel": "SIP/263-0000b0cb",
        "ChannelState": "4",
        "ChannelStateDesc": "Ring",
        "ConnectedLineName": "255-SUP5",
        "ConnectedLineNum": "255",
        "Context": "from-internal",
        "Event": "Hangup",
        "Exten": "h",
        "Language": "pr2",
        "Linkedid": "1750751887.818034",
        "Priority": "1",
        "Privilege": "call,all",
        "Uniqueid": "1750751887.818034"
    },
    "start_time": "2025-06-24T11:27:13",
    "status": "initiated",
    "timestamp": "2025-06-24T11:27:19",
    "type": "call_ended",
    "uniqueid": "1750751887.818034"
}

{
    "call_duration": 5,
    "call_type": "internal",
    "caller_id_name": "263-SUP10",
    "caller_id_num": "263",
    "cause": "16",
    "cause_description": "",
    "cause_txt": "",
    "channel": "SIP/263-0000b0cb",
    "connected_line_name": "<unknown>",
    "connected_line_num": "<unknown>",
    "direction": "out",
    "end_time": "2025-06-24T11:27:19",
    "extension_number": "263",
    "has_ringing": false,
    "linkedid": "1750751887.818034",
    "other_extension_number": "255",
    "raw_event": {
        "AccountCode": "",
        "CallerIDName": "263-SUP10",
        "CallerIDNum": "263",
        "Cause": "16",
        "Cause-txt": "Normal Clearing",
        "Channel": "SIP/263-0000b0cb",
        "ChannelState": "4",
        "ChannelStateDesc": "Ring",
        "ConnectedLineName": "255-SUP5",
        "ConnectedLineNum": "255",
        "Context": "from-internal",
        "Event": "Hangup",
        "Exten": "h",
        "Language": "pr2",
        "Linkedid": "1750751887.818034",
        "Priority": "1",
        "Privilege": "call,all",
        "Uniqueid": "1750751887.818034"
    },
    "start_time": "2025-06-24T11:27:13",
    "status": "initiated",
    "timestamp": "2025-06-24T11:27:19",
    "type": "call_summary",
    "uniqueid": "1750751887.818034"
}

{
    "call_type": "",
    "caller_id_name": "263-SUP10",
    "caller_id_num": "263",
    "channel": "SIP/263-0000b0cd",
    "connected_line_name": "<unknown>",
    "connected_line_num": "<unknown>",
    "direction": "",
    "end_time": "",
    "extension_number": "263",
    "has_ringing": false,
    "linkedid": "1750751893.818051",
    "other_extension_number": "",
    "start_time": "2025-06-24T11:27:20",
    "status": "initiated",
    "timestamp": "2025-06-24T11:27:20",
    "type": "call_started",
    "uniqueid": "1750751893.818051"
}

{
    "channel": "SIP/263-0000b0cd",
    "privilege": "call,all",
    "timestamp": "2025-06-24T11:27:22",
    "type": "call_answered",
    "uniqueid": "1750751893.818051"
}

{
    "call_type": "internal",
    "caller_id_name": "263-SUP10",
    "caller_id_num": "263",
    "cause": "16",
    "cause_description": "",
    "cause_txt": "",
    "channel": "SIP/263-0000b0cd",
    "connected_line_name": "<unknown>",
    "connected_line_num": "<unknown>",
    "direction": "out",
    "end_time": "2025-06-24T11:28:21",
    "extension_number": "263",
    "has_ringing": false,
    "linkedid": "1750751893.818051",
    "other_extension_number": "256",
    "raw_event": {
        "AccountCode": "",
        "CallerIDName": "263-SUP10",
        "CallerIDNum": "263",
        "Cause": "16",
        "Cause-txt": "Normal Clearing",
        "Channel": "SIP/263-0000b0cd",
        "ChannelState": "6",
        "ChannelStateDesc": "Up",
        "ConnectedLineName": "256-SUP6",
        "ConnectedLineNum": "256",
        "Context": "from-internal",
        "Event": "Hangup",
        "Exten": "h",
        "Language": "pr2",
        "Linkedid": "1750751893.818051",
        "Priority": "1",
        "Privilege": "call,all",
        "Uniqueid": "1750751893.818051"
    },
    "start_time": "2025-06-24T11:27:22",
    "status": "answered",
    "timestamp": "2025-06-24T11:28:21",
    "type": "call_ended",
    "uniqueid": "1750751893.818051"
}

{
    "call_duration": 58,
    "call_type": "internal",
    "caller_id_name": "263-SUP10",
    "caller_id_num": "263",
    "cause": "16",
    "cause_description": "",
    "cause_txt": "",
    "channel": "SIP/263-0000b0cd",
    "connected_line_name": "<unknown>",
    "connected_line_num": "<unknown>",
    "direction": "out",
    "end_time": "2025-06-24T11:28:21",
    "extension_number": "263",
    "has_ringing": false,
    "linkedid": "1750751893.818051",
    "other_extension_number": "256",
    "raw_event": {
        "AccountCode": "",
        "CallerIDName": "263-SUP10",
        "CallerIDNum": "263",
        "Cause": "16",
        "Cause-txt": "Normal Clearing",
        "Channel": "SIP/263-0000b0cd",
        "ChannelState": "6",
        "ChannelStateDesc": "Up",
        "ConnectedLineName": "256-SUP6",
        "ConnectedLineNum": "256",
        "Context": "from-internal",
        "Event": "Hangup",
        "Exten": "h",
        "Language": "pr2",
        "Linkedid": "1750751893.818051",
        "Priority": "1",
        "Privilege": "call,all",
        "Uniqueid": "1750751893.818051"
    },
    "start_time": "2025-06-24T11:27:22",
    "status": "answered",
    "timestamp": "2025-06-24T11:28:21",
    "type": "call_summary",
    "uniqueid": "1750751893.818051"
}

{
    "call_type": "",
    "caller_id_name": "263-SUP10",
    "caller_id_num": "263",
    "channel": "SIP/263-0000b162",
    "connected_line_name": "<unknown>",
    "connected_line_num": "<unknown>",
    "direction": "",
    "end_time": "",
    "extension_number": "263",
    "has_ringing": false,
    "linkedid": "1750752818.819430",
    "other_extension_number": "",
    "start_time": "2025-06-24T11:42:46",
    "status": "initiated",
    "timestamp": "2025-06-24T11:42:46",
    "type": "call_started",
    "uniqueid": "1750752818.819448"
}

{
    "channel": "SIP/263-0000b162",
    "privilege": "call,all",
    "timestamp": "2025-06-24T11:42:46",
    "type": "call_ringing",
    "uniqueid": "1750752818.819448"
}

{
    "call_type": "internal",
    "caller_id_name": "263-SUP10",
    "caller_id_num": "263",
    "cause": "16",
    "cause_description": "",
    "cause_txt": "",
    "channel": "SIP/263-0000b162",
    "connected_line_name": "<unknown>",
    "connected_line_num": "<unknown>",
    "direction": "in",
    "end_time": "2025-06-24T11:43:00",
    "extension_number": "263",
    "has_ringing": true,
    "linkedid": "1750752818.819430",
    "other_extension_number": "121",
    "raw_event": {
        "AccountCode": "",
        "CallerIDName": "263-SUP10",
        "CallerIDNum": "263",
        "Cause": "16",
        "Cause-txt": "Normal Clearing",
        "Channel": "SIP/263-0000b162",
        "ChannelState": "5",
        "ChannelStateDesc": "Ringing",
        "ConnectedLineName": "121-SAL2",
        "ConnectedLineNum": "121",
        "Context": "from-internal",
        "Event": "Hangup",
        "Exten": "263",
        "Language": "pr2",
        "Linkedid": "1750752818.819430",
        "Priority": "1",
        "Privilege": "call,all",
        "Uniqueid": "1750752818.819448"
    },
    "start_time": "2025-06-24T11:42:46",
    "status": "ringing",
    "timestamp": "2025-06-24T11:43:00",
    "type": "call_ended",
    "uniqueid": "1750752818.819448"
}

{
    "call_duration": 14,
    "call_type": "internal",
    "caller_id_name": "263-SUP10",
    "caller_id_num": "263",
    "cause": "16",
    "cause_description": "",
    "cause_txt": "",
    "channel": "SIP/263-0000b162",
    "connected_line_name": "<unknown>",
    "connected_line_num": "<unknown>",
    "direction": "in",
    "end_time": "2025-06-24T11:43:00",
    "extension_number": "263",
    "has_ringing": true,
    "linkedid": "1750752818.819430",
    "other_extension_number": "121",
    "raw_event": {
        "AccountCode": "",
        "CallerIDName": "263-SUP10",
        "CallerIDNum": "263",
        "Cause": "16",
        "Cause-txt": "Normal Clearing",
        "Channel": "SIP/263-0000b162",
        "ChannelState": "5",
        "ChannelStateDesc": "Ringing",
        "ConnectedLineName": "121-SAL2",
        "ConnectedLineNum": "121",
        "Context": "from-internal",
        "Event": "Hangup",
        "Exten": "263",
        "Language": "pr2",
        "Linkedid": "1750752818.819430",
        "Priority": "1",
        "Privilege": "call,all",
        "Uniqueid": "1750752818.819448"
    },
    "start_time": "2025-06-24T11:42:46",
    "status": "ringing",
    "timestamp": "2025-06-24T11:43:00",
    "type": "call_summary",
    "uniqueid": "1750752818.819448"
}

{
    "extension": "263",
    "privilege": "call,all",
    "timestamp": "2025-06-24T17:01:41",
    "type": "monitor_initialized"
}

{
    "call_type": "",
    "caller_id_name": "263-SUP10",
    "caller_id_num": "263",
    "channel": "SIP/263-000009c5",
    "connected_line_name": "<unknown>",
    "connected_line_num": "<unknown>",
    "direction": "",
    "end_time": "",
    "extension_number": "263",
    "has_ringing": false,
    "linkedid": "1750830069.37409",
    "other_extension_number": "",
    "start_time": "2025-06-25T09:10:16",
    "status": "initiated",
    "timestamp": "2025-06-25T09:10:16",
    "type": "call_started",
    "uniqueid": "1750830069.37409"
}

{
    "call_type": "external",
    "caller_id_name": "263-SUP10",
    "caller_id_num": "263",
    "cause": "17",
    "cause_description": "",
    "cause_txt": "",
    "channel": "SIP/263-000009c5",
    "connected_line_name": "<unknown>",
    "connected_line_num": "<unknown>",
    "direction": "out",
    "end_time": "2025-06-25T09:11:03",
    "extension_number": "263",
    "has_ringing": false,
    "linkedid": "1750830069.37409",
    "other_extension_number": "09152624727",
    "raw_event": {
        "AccountCode": "",
        "CallerIDName": "<unknown>",
        "CallerIDNum": "36944000",
        "Cause": "17",
        "Cause-txt": "User busy",
        "Channel": "SIP/263-000009c5",
        "ChannelState": "7",
        "ChannelStateDesc": "Busy",
        "ConnectedLineName": "CID:36944000",
        "ConnectedLineNum": "09152624727",
        "Context": "from-internal",
        "Event": "Hangup",
        "Exten": "h",
        "Language": "pr2",
        "Linkedid": "1750830069.37409",
        "Priority": "1",
        "Privilege": "call,all",
        "Uniqueid": "1750830069.37409"
    },
    "start_time": "2025-06-25T09:10:16",
    "status": "initiated",
    "timestamp": "2025-06-25T09:11:03",
    "type": "call_ended",
    "uniqueid": "1750830069.37409"
}

{
    "call_duration": 47,
    "call_type": "external",
    "caller_id_name": "263-SUP10",
    "caller_id_num": "263",
    "cause": "17",
    "cause_description": "",
    "cause_txt": "",
    "channel": "SIP/263-000009c5",
    "connected_line_name": "<unknown>",
    "connected_line_num": "<unknown>",
    "direction": "out",
    "end_time": "2025-06-25T09:11:03",
    "extension_number": "263",
    "has_ringing": false,
    "linkedid": "1750830069.37409",
    "other_extension_number": "09152624727",
    "raw_event": {
        "AccountCode": "",
        "CallerIDName": "<unknown>",
        "CallerIDNum": "36944000",
        "Cause": "17",
        "Cause-txt": "User busy",
        "Channel": "SIP/263-000009c5",
        "ChannelState": "7",
        "ChannelStateDesc": "Busy",
        "ConnectedLineName": "CID:36944000",
        "ConnectedLineNum": "09152624727",
        "Context": "from-internal",
        "Event": "Hangup",
        "Exten": "h",
        "Language": "pr2",
        "Linkedid": "1750830069.37409",
        "Priority": "1",
        "Privilege": "call,all",
        "Uniqueid": "1750830069.37409"
    },
    "start_time": "2025-06-25T09:10:16",
    "status": "initiated",
    "timestamp": "2025-06-25T09:11:03",
    "type": "call_summary",
    "uniqueid": "1750830069.37409"
}

{
    "call_type": "",
    "caller_id_name": "263-SUP10",
    "caller_id_num": "263",
    "channel": "SIP/263-000009d2",
    "connected_line_name": "<unknown>",
    "connected_line_num": "<unknown>",
    "direction": "",
    "end_time": "",
    "extension_number": "263",
    "has_ringing": false,
    "linkedid": "1750830261.37594",
    "other_extension_number": "",
    "start_time": "2025-06-25T09:13:28",
    "status": "initiated",
    "timestamp": "2025-06-25T09:13:28",
    "type": "call_started",
    "uniqueid": "1750830261.37594"
}

{
    "call_type": "external",
    "caller_id_name": "263-SUP10",
    "caller_id_num": "263",
    "cause": "16",
    "cause_description": "",
    "cause_txt": "",
    "channel": "SIP/263-000009d2",
    "connected_line_name": "<unknown>",
    "connected_line_num": "<unknown>",
    "direction": "out",
    "end_time": "2025-06-25T09:14:14",
    "extension_number": "263",
    "has_ringing": false,
    "linkedid": "1750830261.37594",
    "other_extension_number": "09175385339",
    "raw_event": {
        "AccountCode": "",
        "CallerIDName": "<unknown>",
        "CallerIDNum": "36944000",
        "Cause": "16",
        "Cause-txt": "Normal Clearing",
        "Channel": "SIP/263-000009d2",
        "ChannelState": "4",
        "ChannelStateDesc": "Ring",
        "ConnectedLineName": "CID:36944000",
        "ConnectedLineNum": "09175385339",
        "Context": "from-internal",
        "Event": "Hangup",
        "Exten": "h",
        "Language": "pr2",
        "Linkedid": "1750830261.37594",
        "Priority": "1",
        "Privilege": "call,all",
        "Uniqueid": "1750830261.37594"
    },
    "start_time": "2025-06-25T09:13:28",
    "status": "initiated",
    "timestamp": "2025-06-25T09:14:14",
    "type": "call_ended",
    "uniqueid": "1750830261.37594"
}

{
    "call_duration": 45,
    "call_type": "external",
    "caller_id_name": "263-SUP10",
    "caller_id_num": "263",
    "cause": "16",
    "cause_description": "",
    "cause_txt": "",
    "channel": "SIP/263-000009d2",
    "connected_line_name": "<unknown>",
    "connected_line_num": "<unknown>",
    "direction": "out",
    "end_time": "2025-06-25T09:14:14",
    "extension_number": "263",
    "has_ringing": false,
    "linkedid": "1750830261.37594",
    "other_extension_number": "09175385339",
    "raw_event": {
        "AccountCode": "",
        "CallerIDName": "<unknown>",
        "CallerIDNum": "36944000",
        "Cause": "16",
        "Cause-txt": "Normal Clearing",
        "Channel": "SIP/263-000009d2",
        "ChannelState": "4",
        "ChannelStateDesc": "Ring",
        "ConnectedLineName": "CID:36944000",
        "ConnectedLineNum": "09175385339",
        "Context": "from-internal",
        "Event": "Hangup",
        "Exten": "h",
        "Language": "pr2",
        "Linkedid": "1750830261.37594",
        "Priority": "1",
        "Privilege": "call,all",
        "Uniqueid": "1750830261.37594"
    },
    "start_time": "2025-06-25T09:13:28",
    "status": "initiated",
    "timestamp": "2025-06-25T09:14:14",
    "type": "call_summary",
    "uniqueid": "1750830261.37594"
}

{
    "call_type": "",
    "caller_id_name": "263-SUP10",
    "caller_id_num": "263",
    "channel": "SIP/263-000009e7",
    "connected_line_name": "<unknown>",
    "connected_line_num": "<unknown>",
    "direction": "",
    "end_time": "",
    "extension_number": "263",
    "has_ringing": false,
    "linkedid": "1750830425.37776",
    "other_extension_number": "",
    "start_time": "2025-06-25T09:16:11",
    "status": "initiated",
    "timestamp": "2025-06-25T09:16:11",
    "type": "call_started",
    "uniqueid": "1750830425.37776"
}

{
    "call_type": "external",
    "caller_id_name": "263-SUP10",
    "caller_id_num": "263",
    "cause": "16",
    "cause_description": "",
    "cause_txt": "",
    "channel": "SIP/263-000009e7",
    "connected_line_name": "<unknown>",
    "connected_line_num": "<unknown>",
    "direction": "out",
    "end_time": "2025-06-25T09:16:15",
    "extension_number": "263",
    "has_ringing": false,
    "linkedid": "1750830425.37776",
    "other_extension_number": "09376368767",
    "raw_event": {
        "AccountCode": "",
        "CallerIDName": "<unknown>",
        "CallerIDNum": "36944000",
        "Cause": "16",
        "Cause-txt": "Normal Clearing",
        "Channel": "SIP/263-000009e7",
        "ChannelState": "4",
        "ChannelStateDesc": "Ring",
        "ConnectedLineName": "CID:36944000",
        "ConnectedLineNum": "09376368767",
        "Context": "from-internal",
        "Event": "Hangup",
        "Exten": "h",
        "Language": "pr2",
        "Linkedid": "1750830425.37776",
        "Priority": "1",
        "Privilege": "call,all",
        "Uniqueid": "1750830425.37776"
    },
    "start_time": "2025-06-25T09:16:11",
    "status": "initiated",
    "timestamp": "2025-06-25T09:16:15",
    "type": "call_ended",
    "uniqueid": "1750830425.37776"
}

{
    "call_duration": 3,
    "call_type": "external",
    "caller_id_name": "263-SUP10",
    "caller_id_num": "263",
    "cause": "16",
    "cause_description": "",
    "cause_txt": "",
    "channel": "SIP/263-000009e7",
    "connected_line_name": "<unknown>",
    "connected_line_num": "<unknown>",
    "direction": "out",
    "end_time": "2025-06-25T09:16:15",
    "extension_number": "263",
    "has_ringing": false,
    "linkedid": "1750830425.37776",
    "other_extension_number": "09376368767",
    "raw_event": {
        "AccountCode": "",
        "CallerIDName": "<unknown>",
        "CallerIDNum": "36944000",
        "Cause": "16",
        "Cause-txt": "Normal Clearing",
        "Channel": "SIP/263-000009e7",
        "ChannelState": "4",
        "ChannelStateDesc": "Ring",
        "ConnectedLineName": "CID:36944000",
        "ConnectedLineNum": "09376368767",
        "Context": "from-internal",
        "Event": "Hangup",
        "Exten": "h",
        "Language": "pr2",
        "Linkedid": "1750830425.37776",
        "Priority": "1",
        "Privilege": "call,all",
        "Uniqueid": "1750830425.37776"
    },
    "start_time": "2025-06-25T09:16:11",
    "status": "initiated",
    "timestamp": "2025-06-25T09:16:15",
    "type": "call_summary",
    "uniqueid": "1750830425.37776"
}

{
    "call_type": "",
    "caller_id_name": "263-SUP10",
    "caller_id_num": "263",
    "channel": "SIP/263-00000a0a",
    "connected_line_name": "<unknown>",
    "connected_line_num": "<unknown>",
    "direction": "",
    "end_time": "",
    "extension_number": "263",
    "has_ringing": false,
    "linkedid": "1750830623.38140",
    "other_extension_number": "",
    "start_time": "2025-06-25T09:19:29",
    "status": "initiated",
    "timestamp": "2025-06-25T09:19:29",
    "type": "call_started",
    "uniqueid": "1750830623.38140"
}

{
    "channel": "SIP/263-00000a0a",
    "privilege": "call,all",
    "timestamp": "2025-06-25T09:19:35",
    "type": "call_answered",
    "uniqueid": "1750830623.38140"
}

{
    "call_type": "external",
    "caller_id_name": "263-SUP10",
    "caller_id_num": "263",
    "cause": "16",
    "cause_description": "",
    "cause_txt": "",
    "channel": "SIP/263-00000a0a",
    "connected_line_name": "<unknown>",
    "connected_line_num": "<unknown>",
    "direction": "out",
    "end_time": "2025-06-25T09:22:33",
    "extension_number": "263",
    "has_ringing": false,
    "linkedid": "1750830623.38140",
    "other_extension_number": "09166900319",
    "raw_event": {
        "AccountCode": "",
        "CallerIDName": "<unknown>",
        "CallerIDNum": "36944000",
        "Cause": "16",
        "Cause-txt": "Normal Clearing",
        "Channel": "SIP/263-00000a0a",
        "ChannelState": "6",
        "ChannelStateDesc": "Up",
        "ConnectedLineName": "CID:36944000",
        "ConnectedLineNum": "09166900319",
        "Context": "from-internal",
        "Event": "Hangup",
        "Exten": "h",
        "Language": "pr2",
        "Linkedid": "1750830623.38140",
        "Priority": "1",
        "Privilege": "call,all",
        "Uniqueid": "1750830623.38140"
    },
    "start_time": "2025-06-25T09:19:35",
    "status": "answered",
    "timestamp": "2025-06-25T09:22:33",
    "type": "call_ended",
    "uniqueid": "1750830623.38140"
}

{
    "call_duration": 177,
    "call_type": "external",
    "caller_id_name": "263-SUP10",
    "caller_id_num": "263",
    "cause": "16",
    "cause_description": "",
    "cause_txt": "",
    "channel": "SIP/263-00000a0a",
    "connected_line_name": "<unknown>",
    "connected_line_num": "<unknown>",
    "direction": "out",
    "end_time": "2025-06-25T09:22:33",
    "extension_number": "263",
    "has_ringing": false,
    "linkedid": "1750830623.38140",
    "other_extension_number": "09166900319",
    "raw_event": {
        "AccountCode": "",
        "CallerIDName": "<unknown>",
        "CallerIDNum": "36944000",
        "Cause": "16",
        "Cause-txt": "Normal Clearing",
        "Channel": "SIP/263-00000a0a",
        "ChannelState": "6",
        "ChannelStateDesc": "Up",
        "ConnectedLineName": "CID:36944000",
        "ConnectedLineNum": "09166900319",
        "Context": "from-internal",
        "Event": "Hangup",
        "Exten": "h",
        "Language": "pr2",
        "Linkedid": "1750830623.38140",
        "Priority": "1",
        "Privilege": "call,all",
        "Uniqueid": "1750830623.38140"
    },
    "start_time": "2025-06-25T09:19:35",
    "status": "answered",
    "timestamp": "2025-06-25T09:22:33",
    "type": "call_summary",
    "uniqueid": "1750830623.38140"
}

{
    "call_type": "",
    "caller_id_name": "263-SUP10",
    "caller_id_num": "263",
    "channel": "SIP/263-00000a58",
    "connected_line_name": "<unknown>",
    "connected_line_num": "<unknown>",
    "direction": "",
    "end_time": "",
    "extension_number": "263",
    "has_ringing": false,
    "linkedid": "1750831067.38872",
    "other_extension_number": "",
    "start_time": "2025-06-25T09:26:53",
    "status": "initiated",
    "timestamp": "2025-06-25T09:26:53",
    "type": "call_started",
    "uniqueid": "1750831067.38872"
}

{
    "call_type": "external",
    "caller_id_name": "263-SUP10",
    "caller_id_num": "263",
    "cause": "17",
    "cause_description": "",
    "cause_txt": "",
    "channel": "SIP/263-00000a58",
    "connected_line_name": "<unknown>",
    "connected_line_num": "<unknown>",
    "direction": "out",
    "end_time": "2025-06-25T09:27:43",
    "extension_number": "263",
    "has_ringing": false,
    "linkedid": "1750831067.38872",
    "other_extension_number": "09121812167",
    "raw_event": {
        "AccountCode": "",
        "CallerIDName": "<unknown>",
        "CallerIDNum": "36944000",
        "Cause": "17",
        "Cause-txt": "User busy",
        "Channel": "SIP/263-00000a58",
        "ChannelState": "7",
        "ChannelStateDesc": "Busy",
        "ConnectedLineName": "CID:36944000",
        "ConnectedLineNum": "09121812167",
        "Context": "from-internal",
        "Event": "Hangup",
        "Exten": "h",
        "Language": "pr2",
        "Linkedid": "1750831067.38872",
        "Priority": "1",
        "Privilege": "call,all",
        "Uniqueid": "1750831067.38872"
    },
    "start_time": "2025-06-25T09:26:53",
    "status": "initiated",
    "timestamp": "2025-06-25T09:27:43",
    "type": "call_ended",
    "uniqueid": "1750831067.38872"
}

{
    "call_duration": 49,
    "call_type": "external",
    "caller_id_name": "263-SUP10",
    "caller_id_num": "263",
    "cause": "17",
    "cause_description": "",
    "cause_txt": "",
    "channel": "SIP/263-00000a58",
    "connected_line_name": "<unknown>",
    "connected_line_num": "<unknown>",
    "direction": "out",
    "end_time": "2025-06-25T09:27:43",
    "extension_number": "263",
    "has_ringing": false,
    "linkedid": "1750831067.38872",
    "other_extension_number": "09121812167",
    "raw_event": {
        "AccountCode": "",
        "CallerIDName": "<unknown>",
        "CallerIDNum": "36944000",
        "Cause": "17",
        "Cause-txt": "User busy",
        "Channel": "SIP/263-00000a58",
        "ChannelState": "7",
        "ChannelStateDesc": "Busy",
        "ConnectedLineName": "CID:36944000",
        "ConnectedLineNum": "09121812167",
        "Context": "from-internal",
        "Event": "Hangup",
        "Exten": "h",
        "Language": "pr2",
        "Linkedid": "1750831067.38872",
        "Priority": "1",
        "Privilege": "call,all",
        "Uniqueid": "1750831067.38872"
    },
    "start_time": "2025-06-25T09:26:53",
    "status": "initiated",
    "timestamp": "2025-06-25T09:27:43",
    "type": "call_summary",
    "uniqueid": "1750831067.38872"
}

{
    "call_type": "",
    "caller_id_name": "263-SUP10",
    "caller_id_num": "263",
    "channel": "SIP/263-00000a71",
    "connected_line_name": "<unknown>",
    "connected_line_num": "<unknown>",
    "direction": "",
    "end_time": "",
    "extension_number": "263",
    "has_ringing": false,
    "linkedid": "1750831194.39132",
    "other_extension_number": "",
    "start_time": "2025-06-25T09:29:01",
    "status": "initiated",
    "timestamp": "2025-06-25T09:29:01",
    "type": "call_started",
    "uniqueid": "1750831194.39132"
}

{
    "channel": "SIP/263-00000a71",
    "privilege": "call,all",
    "timestamp": "2025-06-25T09:29:20",
    "type": "call_answered",
    "uniqueid": "1750831194.39132"
}

{
    "call_type": "external",
    "caller_id_name": "263-SUP10",
    "caller_id_num": "263",
    "cause": "16",
    "cause_description": "",
    "cause_txt": "",
    "channel": "SIP/263-00000a71",
    "connected_line_name": "<unknown>",
    "connected_line_num": "<unknown>",
    "direction": "out",
    "end_time": "2025-06-25T09:30:00",
    "extension_number": "263",
    "has_ringing": false,
    "linkedid": "1750831194.39132",
    "other_extension_number": "09375558038",
    "raw_event": {
        "AccountCode": "",
        "CallerIDName": "<unknown>",
        "CallerIDNum": "36944000",
        "Cause": "16",
        "Cause-txt": "Normal Clearing",
        "Channel": "SIP/263-00000a71",
        "ChannelState": "6",
        "ChannelStateDesc": "Up",
        "ConnectedLineName": "CID:36944000",
        "ConnectedLineNum": "09375558038",
        "Context": "from-internal",
        "Event": "Hangup",
        "Exten": "h",
        "Language": "pr2",
        "Linkedid": "1750831194.39132",
        "Priority": "1",
        "Privilege": "call,all",
        "Uniqueid": "1750831194.39132"
    },
    "start_time": "2025-06-25T09:29:20",
    "status": "answered",
    "timestamp": "2025-06-25T09:30:00",
    "type": "call_ended",
    "uniqueid": "1750831194.39132"
}

{
    "call_duration": 40,
    "call_type": "external",
    "caller_id_name": "263-SUP10",
    "caller_id_num": "263",
    "cause": "16",
    "cause_description": "",
    "cause_txt": "",
    "channel": "SIP/263-00000a71",
    "connected_line_name": "<unknown>",
    "connected_line_num": "<unknown>",
    "direction": "out",
    "end_time": "2025-06-25T09:30:00",
    "extension_number": "263",
    "has_ringing": false,
    "linkedid": "1750831194.39132",
    "other_extension_number": "09375558038",
    "raw_event": {
        "AccountCode": "",
        "CallerIDName": "<unknown>",
        "CallerIDNum": "36944000",
        "Cause": "16",
        "Cause-txt": "Normal Clearing",
        "Channel": "SIP/263-00000a71",
        "ChannelState": "6",
        "ChannelStateDesc": "Up",
        "ConnectedLineName": "CID:36944000",
        "ConnectedLineNum": "09375558038",
        "Context": "from-internal",
        "Event": "Hangup",
        "Exten": "h",
        "Language": "pr2",
        "Linkedid": "1750831194.39132",
        "Priority": "1",
        "Privilege": "call,all",
        "Uniqueid": "1750831194.39132"
    },
    "start_time": "2025-06-25T09:29:20",
    "status": "answered",
    "timestamp": "2025-06-25T09:30:00",
    "type": "call_summary",
    "uniqueid": "1750831194.39132"
}

{
    "call_type": "",
    "caller_id_name": "263-SUP10",
    "caller_id_num": "263",
    "channel": "SIP/263-00000a7f",
    "connected_line_name": "<unknown>",
    "connected_line_num": "<unknown>",
    "direction": "",
    "end_time": "",
    "extension_number": "263",
    "has_ringing": false,
    "linkedid": "1750831267.39290",
    "other_extension_number": "",
    "start_time": "2025-06-25T09:30:15",
    "status": "initiated",
    "timestamp": "2025-06-25T09:30:15",
    "type": "call_started",
    "uniqueid": "1750831268.39293"
}

{
    "channel": "SIP/263-00000a7f",
    "privilege": "call,all",
    "timestamp": "2025-06-25T09:30:15",
    "type": "call_ringing",
    "uniqueid": "1750831268.39293"
}

{
    "channel": "SIP/263-00000a7f",
    "privilege": "call,all",
    "timestamp": "2025-06-25T09:30:17",
    "type": "call_answered",
    "uniqueid": "1750831268.39293"
}

{
    "call_type": "internal",
    "caller_id_name": "263-SUP10",
    "caller_id_num": "263",
    "cause": "16",
    "cause_description": "",
    "cause_txt": "",
    "channel": "SIP/263-00000a7f",
    "connected_line_name": "<unknown>",
    "connected_line_num": "<unknown>",
    "direction": "in",
    "end_time": "2025-06-25T09:30:43",
    "extension_number": "263",
    "has_ringing": true,
    "linkedid": "1750831267.39290",
    "other_extension_number": "255",
    "raw_event": {
        "AccountCode": "",
        "CallerIDName": "263-SUP10",
        "CallerIDNum": "263",
        "Cause": "16",
        "Cause-txt": "Normal Clearing",
        "Channel": "SIP/263-00000a7f",
        "ChannelState": "6",
        "ChannelStateDesc": "Up",
        "ConnectedLineName": "255-SUP5",
        "ConnectedLineNum": "255",
        "Context": "from-internal",
        "Event": "Hangup",
        "Exten": "",
        "Language": "pr2",
        "Linkedid": "1750831267.39290",
        "Priority": "1",
        "Privilege": "call,all",
        "Uniqueid": "1750831268.39293"
    },
    "start_time": "2025-06-25T09:30:17",
    "status": "answered",
    "timestamp": "2025-06-25T09:30:43",
    "type": "call_ended",
    "uniqueid": "1750831268.39293"
}

{
    "call_duration": 26,
    "call_type": "internal",
    "caller_id_name": "263-SUP10",
    "caller_id_num": "263",
    "cause": "16",
    "cause_description": "",
    "cause_txt": "",
    "channel": "SIP/263-00000a7f",
    "connected_line_name": "<unknown>",
    "connected_line_num": "<unknown>",
    "direction": "in",
    "end_time": "2025-06-25T09:30:43",
    "extension_number": "263",
    "has_ringing": true,
    "linkedid": "1750831267.39290",
    "other_extension_number": "255",
    "raw_event": {
        "AccountCode": "",
        "CallerIDName": "263-SUP10",
        "CallerIDNum": "263",
        "Cause": "16",
        "Cause-txt": "Normal Clearing",
        "Channel": "SIP/263-00000a7f",
        "ChannelState": "6",
        "ChannelStateDesc": "Up",
        "ConnectedLineName": "255-SUP5",
        "ConnectedLineNum": "255",
        "Context": "from-internal",
        "Event": "Hangup",
        "Exten": "",
        "Language": "pr2",
        "Linkedid": "1750831267.39290",
        "Priority": "1",
        "Privilege": "call,all",
        "Uniqueid": "1750831268.39293"
    },
    "start_time": "2025-06-25T09:30:17",
    "status": "answered",
    "timestamp": "2025-06-25T09:30:43",
    "type": "call_summary",
    "uniqueid": "1750831268.39293"
}

{
    "call_type": "",
    "caller_id_name": "263-SUP10",
    "caller_id_num": "263",
    "channel": "SIP/263-00000a93",
    "connected_line_name": "<unknown>",
    "connected_line_num": "<unknown>",
    "direction": "",
    "end_time": "",
    "extension_number": "263",
    "has_ringing": false,
    "linkedid": "1750831397.39486",
    "other_extension_number": "",
    "start_time": "2025-06-25T09:32:24",
    "status": "initiated",
    "timestamp": "2025-06-25T09:32:24",
    "type": "call_started",
    "uniqueid": "1750831397.39486"
}

{
    "call_type": "external",
    "caller_id_name": "263-SUP10",
    "caller_id_num": "263",
    "cause": "16",
    "cause_description": "",
    "cause_txt": "",
    "channel": "SIP/263-00000a93",
    "connected_line_name": "<unknown>",
    "connected_line_num": "<unknown>",
    "direction": "out",
    "end_time": "2025-06-25T09:32:45",
    "extension_number": "263",
    "has_ringing": false,
    "linkedid": "1750831397.39486",
    "other_extension_number": "09173422437",
    "raw_event": {
        "AccountCode": "",
        "CallerIDName": "<unknown>",
        "CallerIDNum": "36944000",
        "Cause": "16",
        "Cause-txt": "Normal Clearing",
        "Channel": "SIP/263-00000a93",
        "ChannelState": "4",
        "ChannelStateDesc": "Ring",
        "ConnectedLineName": "CID:36944000",
        "ConnectedLineNum": "09173422437",
        "Context": "from-internal",
        "Event": "Hangup",
        "Exten": "h",
        "Language": "pr2",
        "Linkedid": "1750831397.39486",
        "Priority": "1",
        "Privilege": "call,all",
        "Uniqueid": "1750831397.39486"
    },
    "start_time": "2025-06-25T09:32:24",
    "status": "initiated",
    "timestamp": "2025-06-25T09:32:45",
    "type": "call_ended",
    "uniqueid": "1750831397.39486"
}

{
    "call_duration": 21,
    "call_type": "external",
    "caller_id_name": "263-SUP10",
    "caller_id_num": "263",
    "cause": "16",
    "cause_description": "",
    "cause_txt": "",
    "channel": "SIP/263-00000a93",
    "connected_line_name": "<unknown>",
    "connected_line_num": "<unknown>",
    "direction": "out",
    "end_time": "2025-06-25T09:32:45",
    "extension_number": "263",
    "has_ringing": false,
    "linkedid": "1750831397.39486",
    "other_extension_number": "09173422437",
    "raw_event": {
        "AccountCode": "",
        "CallerIDName": "<unknown>",
        "CallerIDNum": "36944000",
        "Cause": "16",
        "Cause-txt": "Normal Clearing",
        "Channel": "SIP/263-00000a93",
        "ChannelState": "4",
        "ChannelStateDesc": "Ring",
        "ConnectedLineName": "CID:36944000",
        "ConnectedLineNum": "09173422437",
        "Context": "from-internal",
        "Event": "Hangup",
        "Exten": "h",
        "Language": "pr2",
        "Linkedid": "1750831397.39486",
        "Priority": "1",
        "Privilege": "call,all",
        "Uniqueid": "1750831397.39486"
    },
    "start_time": "2025-06-25T09:32:24",
    "status": "initiated",
    "timestamp": "2025-06-25T09:32:45",
    "type": "call_summary",
    "uniqueid": "1750831397.39486"
}

{
    "call_type": "",
    "caller_id_name": "263-SUP10",
    "caller_id_num": "263",
    "channel": "SIP/263-00000a9c",
    "connected_line_name": "<unknown>",
    "connected_line_num": "<unknown>",
    "direction": "",
    "end_time": "",
    "extension_number": "263",
    "has_ringing": false,
    "linkedid": "1750831474.39597",
    "other_extension_number": "",
    "start_time": "2025-06-25T09:33:50",
    "status": "initiated",
    "timestamp": "2025-06-25T09:33:50",
    "type": "call_started",
    "uniqueid": "1750831483.39609"
}

{
    "channel": "SIP/263-00000a9c",
    "privilege": "call,all",
    "timestamp": "2025-06-25T09:33:50",
    "type": "call_ringing",
    "uniqueid": "1750831483.39609"
}

{
    "channel": "SIP/263-00000a9c",
    "privilege": "call,all",
    "timestamp": "2025-06-25T09:33:53",
    "type": "call_answered",
    "uniqueid": "1750831483.39609"
}

{
    "call_type": "external",
    "caller_id_name": "263-SUP10",
    "caller_id_num": "263",
    "cause": "16",
    "cause_description": "",
    "cause_txt": "",
    "channel": "SIP/263-00000a9c",
    "connected_line_name": "<unknown>",
    "connected_line_num": "<unknown>",
    "direction": "in",
    "end_time": "2025-06-25T09:34:18",
    "extension_number": "263",
    "has_ringing": true,
    "linkedid": "1750831474.39597",
    "other_extension_number": "9143949641",
    "raw_event": {
        "AccountCode": "",
        "CallerIDName": "263-SUP10",
        "CallerIDNum": "263",
        "Cause": "16",
        "Cause-txt": "Normal Clearing",
        "Channel": "SIP/263-00000a9c",
        "ChannelState": "6",
        "ChannelStateDesc": "Up",
        "ConnectedLineName": "9143949641",
        "ConnectedLineNum": "9143949641",
        "Context": "macro-dial-one",
        "Event": "Hangup",
        "Exten": "s",
        "Language": "pr2",
        "Linkedid": "1750831474.39597",
        "Priority": "1",
        "Privilege": "call,all",
        "Uniqueid": "1750831483.39609"
    },
    "start_time": "2025-06-25T09:33:53",
    "status": "answered",
    "timestamp": "2025-06-25T09:34:18",
    "type": "call_ended",
    "uniqueid": "1750831483.39609"
}

{
    "call_duration": 24,
    "call_type": "external",
    "caller_id_name": "263-SUP10",
    "caller_id_num": "263",
    "cause": "16",
    "cause_description": "",
    "cause_txt": "",
    "channel": "SIP/263-00000a9c",
    "connected_line_name": "<unknown>",
    "connected_line_num": "<unknown>",
    "direction": "in",
    "end_time": "2025-06-25T09:34:18",
    "extension_number": "263",
    "has_ringing": true,
    "linkedid": "1750831474.39597",
    "other_extension_number": "9143949641",
    "raw_event": {
        "AccountCode": "",
        "CallerIDName": "263-SUP10",
        "CallerIDNum": "263",
        "Cause": "16",
        "Cause-txt": "Normal Clearing",
        "Channel": "SIP/263-00000a9c",
        "ChannelState": "6",
        "ChannelStateDesc": "Up",
        "ConnectedLineName": "9143949641",
        "ConnectedLineNum": "9143949641",
        "Context": "macro-dial-one",
        "Event": "Hangup",
        "Exten": "s",
        "Language": "pr2",
        "Linkedid": "1750831474.39597",
        "Priority": "1",
        "Privilege": "call,all",
        "Uniqueid": "1750831483.39609"
    },
    "start_time": "2025-06-25T09:33:53",
    "status": "answered",
    "timestamp": "2025-06-25T09:34:18",
    "type": "call_summary",
    "uniqueid": "1750831483.39609"
}

{
    "call_type": "",
    "caller_id_name": "263-SUP10",
    "caller_id_num": "263",
    "channel": "SIP/263-00000aa3",
    "connected_line_name": "<unknown>",
    "connected_line_num": "<unknown>",
    "direction": "",
    "end_time": "",
    "extension_number": "263",
    "has_ringing": false,
    "linkedid": "1750831554.39692",
    "other_extension_number": "",
    "start_time": "2025-06-25T09:35:01",
    "status": "initiated",
    "timestamp": "2025-06-25T09:35:01",
    "type": "call_started",
    "uniqueid": "1750831554.39692"
}

{
    "channel": "SIP/263-00000aa3",
    "privilege": "call,all",
    "timestamp": "2025-06-25T09:35:01",
    "type": "call_answered",
    "uniqueid": "1750831554.39692"
}

{
    "call_type": "internal",
    "caller_id_name": "263-SUP10",
    "caller_id_num": "263",
    "cause": "16",
    "cause_description": "",
    "cause_txt": "",
    "channel": "SIP/263-00000aa3",
    "connected_line_name": "<unknown>",
    "connected_line_num": "<unknown>",
    "direction": "out",
    "end_time": "2025-06-25T09:35:20",
    "extension_number": "263",
    "has_ringing": false,
    "linkedid": "1750831554.39692",
    "other_extension_number": "520",
    "raw_event": {
        "AccountCode": "",
        "CallerIDName": "263-SUP10",
        "CallerIDNum": "263",
        "Cause": "16",
        "Cause-txt": "Normal Clearing",
        "Channel": "SIP/263-00000aa3",
        "ChannelState": "6",
        "ChannelStateDesc": "Up",
        "ConnectedLineName": "520-SM",
        "ConnectedLineNum": "520",
        "Context": "from-internal",
        "Event": "Hangup",
        "Exten": "",
        "Language": "pr2",
        "Linkedid": "1750831546.39687",
        "Priority": "1",
        "Privilege": "call,all",
        "Uniqueid": "1750831554.39692"
    },
    "start_time": "2025-06-25T09:35:01",
    "status": "answered",
    "timestamp": "2025-06-25T09:35:20",
    "type": "call_ended",
    "uniqueid": "1750831554.39692"
}

{
    "call_duration": 19,
    "call_type": "internal",
    "caller_id_name": "263-SUP10",
    "caller_id_num": "263",
    "cause": "16",
    "cause_description": "",
    "cause_txt": "",
    "channel": "SIP/263-00000aa3",
    "connected_line_name": "<unknown>",
    "connected_line_num": "<unknown>",
    "direction": "out",
    "end_time": "2025-06-25T09:35:20",
    "extension_number": "263",
    "has_ringing": false,
    "linkedid": "1750831554.39692",
    "other_extension_number": "520",
    "raw_event": {
        "AccountCode": "",
        "CallerIDName": "263-SUP10",
        "CallerIDNum": "263",
        "Cause": "16",
        "Cause-txt": "Normal Clearing",
        "Channel": "SIP/263-00000aa3",
        "ChannelState": "6",
        "ChannelStateDesc": "Up",
        "ConnectedLineName": "520-SM",
        "ConnectedLineNum": "520",
        "Context": "from-internal",
        "Event": "Hangup",
        "Exten": "",
        "Language": "pr2",
        "Linkedid": "1750831546.39687",
        "Priority": "1",
        "Privilege": "call,all",
        "Uniqueid": "1750831554.39692"
    },
    "start_time": "2025-06-25T09:35:01",
    "status": "answered",
    "timestamp": "2025-06-25T09:35:20",
    "type": "call_summary",
    "uniqueid": "1750831554.39692"
}

{
    "call_type": "",
    "caller_id_name": "263-SUP10",
    "caller_id_num": "263",
    "channel": "SIP/263-00000aaa",
    "connected_line_name": "<unknown>",
    "connected_line_num": "<unknown>",
    "direction": "",
    "end_time": "",
    "extension_number": "263",
    "has_ringing": false,
    "linkedid": "1750831675.39807",
    "other_extension_number": "",
    "start_time": "2025-06-25T09:37:02",
    "status": "initiated",
    "timestamp": "2025-06-25T09:37:02",
    "type": "call_started",
    "uniqueid": "1750831675.39807"
}

{
    "channel": "SIP/263-00000aaa",
    "privilege": "call,all",
    "timestamp": "2025-06-25T09:37:22",
    "type": "call_answered",
    "uniqueid": "1750831675.39807"
}

{
    "call_type": "internal",
    "caller_id_name": "263-SUP10",
    "caller_id_num": "263",
    "cause": "0",
    "cause_description": "",
    "cause_txt": "",
    "channel": "SIP/263-00000aaa",
    "connected_line_name": "<unknown>",
    "connected_line_num": "<unknown>",
    "direction": "out",
    "end_time": "2025-06-25T09:37:24",
    "extension_number": "263",
    "has_ringing": false,
    "linkedid": "1750831675.39807",
    "other_extension_number": "323",
    "raw_event": {
        "AccountCode": "",
        "CallerIDName": "263-SUP10",
        "CallerIDNum": "263",
        "Cause": "0",
        "Cause-txt": "Unknown",
        "Channel": "SIP/263-00000aaa",
        "ChannelState": "6",
        "ChannelStateDesc": "Up",
        "ConnectedLineName": "323-WHS3",
        "ConnectedLineNum": "323",
        "Context": "app-announcement-4",
        "Event": "Hangup",
        "Exten": "s",
        "Language": "pr2",
        "Linkedid": "1750831675.39807",
        "Priority": "5",
        "Privilege": "call,all",
        "Uniqueid": "1750831675.39807"
    },
    "start_time": "2025-06-25T09:37:22",
    "status": "answered",
    "timestamp": "2025-06-25T09:37:24",
    "type": "call_ended",
    "uniqueid": "1750831675.39807"
}

{
    "call_duration": 1,
    "call_type": "internal",
    "caller_id_name": "263-SUP10",
    "caller_id_num": "263",
    "cause": "0",
    "cause_description": "",
    "cause_txt": "",
    "channel": "SIP/263-00000aaa",
    "connected_line_name": "<unknown>",
    "connected_line_num": "<unknown>",
    "direction": "out",
    "end_time": "2025-06-25T09:37:24",
    "extension_number": "263",
    "has_ringing": false,
    "linkedid": "1750831675.39807",
    "other_extension_number": "323",
    "raw_event": {
        "AccountCode": "",
        "CallerIDName": "263-SUP10",
        "CallerIDNum": "263",
        "Cause": "0",
        "Cause-txt": "Unknown",
        "Channel": "SIP/263-00000aaa",
        "ChannelState": "6",
        "ChannelStateDesc": "Up",
        "ConnectedLineName": "323-WHS3",
        "ConnectedLineNum": "323",
        "Context": "app-announcement-4",
        "Event": "Hangup",
        "Exten": "s",
        "Language": "pr2",
        "Linkedid": "1750831675.39807",
        "Priority": "5",
        "Privilege": "call,all",
        "Uniqueid": "1750831675.39807"
    },
    "start_time": "2025-06-25T09:37:22",
    "status": "answered",
    "timestamp": "2025-06-25T09:37:24",
    "type": "call_summary",
    "uniqueid": "1750831675.39807"
}

{
    "call_type": "",
    "caller_id_name": "263-SUP10",
    "caller_id_num": "263",
    "channel": "SIP/263-00000aaf",
    "connected_line_name": "<unknown>",
    "connected_line_num": "<unknown>",
    "direction": "",
    "end_time": "",
    "extension_number": "263",
    "has_ringing": false,
    "linkedid": "1750831702.39849",
    "other_extension_number": "",
    "start_time": "2025-06-25T09:37:28",
    "status": "initiated",
    "timestamp": "2025-06-25T09:37:28",
    "type": "call_started",
    "uniqueid": "1750831702.39849"
}

{
    "channel": "SIP/263-00000aaf",
    "privilege": "call,all",
    "timestamp": "2025-06-25T09:37:28",
    "type": "call_answered",
    "uniqueid": "1750831702.39849"
}

{
    "call_type": "external",
    "caller_id_name": "263-SUP10",
    "caller_id_num": "263",
    "cause": "16",
    "cause_description": "",
    "cause_txt": "",
    "channel": "SIP/263-00000aaf",
    "connected_line_name": "<unknown>",
    "connected_line_num": "<unknown>",
    "direction": "out",
    "end_time": "2025-06-25T09:40:26",
    "extension_number": "263",
    "has_ringing": false,
    "linkedid": "1750831702.39849",
    "other_extension_number": "9120466853",
    "raw_event": {
        "AccountCode": "",
        "CallerIDName": "263-SUP10",
        "CallerIDNum": "263",
        "Cause": "16",
        "Cause-txt": "Normal Clearing",
        "Channel": "SIP/263-00000aaf",
        "ChannelState": "6",
        "ChannelStateDesc": "Up",
        "ConnectedLineName": "9120466853",
        "ConnectedLineNum": "9120466853",
        "Context": "macro-dial-one",
        "Event": "Hangup",
        "Exten": "s",
        "Language": "pr2",
        "Linkedid": "1750831688.39828",
        "Priority": "1",
        "Privilege": "call,all",
        "Uniqueid": "1750831702.39849"
    },
    "start_time": "2025-06-25T09:37:28",
    "status": "answered",
    "timestamp": "2025-06-25T09:40:26",
    "type": "call_ended",
    "uniqueid": "1750831702.39849"
}

{
    "call_duration": 177,
    "call_type": "external",
    "caller_id_name": "263-SUP10",
    "caller_id_num": "263",
    "cause": "16",
    "cause_description": "",
    "cause_txt": "",
    "channel": "SIP/263-00000aaf",
    "connected_line_name": "<unknown>",
    "connected_line_num": "<unknown>",
    "direction": "out",
    "end_time": "2025-06-25T09:40:26",
    "extension_number": "263",
    "has_ringing": false,
    "linkedid": "1750831702.39849",
    "other_extension_number": "9120466853",
    "raw_event": {
        "AccountCode": "",
        "CallerIDName": "263-SUP10",
        "CallerIDNum": "263",
        "Cause": "16",
        "Cause-txt": "Normal Clearing",
        "Channel": "SIP/263-00000aaf",
        "ChannelState": "6",
        "ChannelStateDesc": "Up",
        "ConnectedLineName": "9120466853",
        "ConnectedLineNum": "9120466853",
        "Context": "macro-dial-one",
        "Event": "Hangup",
        "Exten": "s",
        "Language": "pr2",
        "Linkedid": "1750831688.39828",
        "Priority": "1",
        "Privilege": "call,all",
        "Uniqueid": "1750831702.39849"
    },
    "start_time": "2025-06-25T09:37:28",
    "status": "answered",
    "timestamp": "2025-06-25T09:40:26",
    "type": "call_summary",
    "uniqueid": "1750831702.39849"
}

{
    "call_type": "",
    "caller_id_name": "263-SUP10",
    "caller_id_num": "263",
    "channel": "SIP/263-00000bb2",
    "connected_line_name": "<unknown>",
    "connected_line_num": "<unknown>",
    "direction": "",
    "end_time": "",
    "extension_number": "263",
    "has_ringing": false,
    "linkedid": "1750833961.42763",
    "other_extension_number": "",
    "start_time": "2025-06-25T10:15:07",
    "status": "initiated",
    "timestamp": "2025-06-25T10:15:07",
    "type": "call_started",
    "uniqueid": "1750833961.42763"
}

{
    "call_type": "external",
    "caller_id_name": "263-SUP10",
    "caller_id_num": "263",
    "cause": "17",
    "cause_description": "",
    "cause_txt": "",
    "channel": "SIP/263-00000bb2",
    "connected_line_name": "<unknown>",
    "connected_line_num": "<unknown>",
    "direction": "out",
    "end_time": "2025-06-25T10:15:31",
    "extension_number": "263",
    "has_ringing": false,
    "linkedid": "1750833961.42763",
    "other_extension_number": "09134801093",
    "raw_event": {
        "AccountCode": "",
        "CallerIDName": "<unknown>",
        "CallerIDNum": "36944000",
        "Cause": "17",
        "Cause-txt": "User busy",
        "Channel": "SIP/263-00000bb2",
        "ChannelState": "7",
        "ChannelStateDesc": "Busy",
        "ConnectedLineName": "CID:36944000",
        "ConnectedLineNum": "09134801093",
        "Context": "from-internal",
        "Event": "Hangup",
        "Exten": "h",
        "Language": "pr2",
        "Linkedid": "1750833961.42763",
        "Priority": "1",
        "Privilege": "call,all",
        "Uniqueid": "1750833961.42763"
    },
    "start_time": "2025-06-25T10:15:07",
    "status": "initiated",
    "timestamp": "2025-06-25T10:15:31",
    "type": "call_ended",
    "uniqueid": "1750833961.42763"
}

{
    "call_duration": 23,
    "call_type": "external",
    "caller_id_name": "263-SUP10",
    "caller_id_num": "263",
    "cause": "17",
    "cause_description": "",
    "cause_txt": "",
    "channel": "SIP/263-00000bb2",
    "connected_line_name": "<unknown>",
    "connected_line_num": "<unknown>",
    "direction": "out",
    "end_time": "2025-06-25T10:15:31",
    "extension_number": "263",
    "has_ringing": false,
    "linkedid": "1750833961.42763",
    "other_extension_number": "09134801093",
    "raw_event": {
        "AccountCode": "",
        "CallerIDName": "<unknown>",
        "CallerIDNum": "36944000",
        "Cause": "17",
        "Cause-txt": "User busy",
        "Channel": "SIP/263-00000bb2",
        "ChannelState": "7",
        "ChannelStateDesc": "Busy",
        "ConnectedLineName": "CID:36944000",
        "ConnectedLineNum": "09134801093",
        "Context": "from-internal",
        "Event": "Hangup",
        "Exten": "h",
        "Language": "pr2",
        "Linkedid": "1750833961.42763",
        "Priority": "1",
        "Privilege": "call,all",
        "Uniqueid": "1750833961.42763"
    },
    "start_time": "2025-06-25T10:15:07",
    "status": "initiated",
    "timestamp": "2025-06-25T10:15:31",
    "type": "call_summary",
    "uniqueid": "1750833961.42763"
}

{
    "call_type": "",
    "caller_id_name": "263-SUP10",
    "caller_id_num": "263",
    "channel": "SIP/263-00000bbd",
    "connected_line_name": "<unknown>",
    "connected_line_num": "<unknown>",
    "direction": "",
    "end_time": "",
    "extension_number": "263",
    "has_ringing": false,
    "linkedid": "1750834078.42909",
    "other_extension_number": "",
    "start_time": "2025-06-25T10:17:05",
    "status": "initiated",
    "timestamp": "2025-06-25T10:17:05",
    "type": "call_started",
    "uniqueid": "1750834078.42909"
}

{
    "call_type": "external",
    "caller_id_name": "263-SUP10",
    "caller_id_num": "263",
    "cause": "16",
    "cause_description": "",
    "cause_txt": "",
    "channel": "SIP/263-00000bbd",
    "connected_line_name": "<unknown>",
    "connected_line_num": "<unknown>",
    "direction": "out",
    "end_time": "2025-06-25T10:17:41",
    "extension_number": "263",
    "has_ringing": false,
    "linkedid": "1750834078.42909",
    "other_extension_number": "09137785422",
    "raw_event": {
        "AccountCode": "",
        "CallerIDName": "<unknown>",
        "CallerIDNum": "36944000",
        "Cause": "16",
        "Cause-txt": "Normal Clearing",
        "Channel": "SIP/263-00000bbd",
        "ChannelState": "4",
        "ChannelStateDesc": "Ring",
        "ConnectedLineName": "CID:36944000",
        "ConnectedLineNum": "09137785422",
        "Context": "from-internal",
        "Event": "Hangup",
        "Exten": "h",
        "Language": "pr2",
        "Linkedid": "1750834078.42909",
        "Priority": "1",
        "Privilege": "call,all",
        "Uniqueid": "1750834078.42909"
    },
    "start_time": "2025-06-25T10:17:05",
    "status": "initiated",
    "timestamp": "2025-06-25T10:17:41",
    "type": "call_ended",
    "uniqueid": "1750834078.42909"
}

{
    "call_duration": 36,
    "call_type": "external",
    "caller_id_name": "263-SUP10",
    "caller_id_num": "263",
    "cause": "16",
    "cause_description": "",
    "cause_txt": "",
    "channel": "SIP/263-00000bbd",
    "connected_line_name": "<unknown>",
    "connected_line_num": "<unknown>",
    "direction": "out",
    "end_time": "2025-06-25T10:17:41",
    "extension_number": "263",
    "has_ringing": false,
    "linkedid": "1750834078.42909",
    "other_extension_number": "09137785422",
    "raw_event": {
        "AccountCode": "",
        "CallerIDName": "<unknown>",
        "CallerIDNum": "36944000",
        "Cause": "16",
        "Cause-txt": "Normal Clearing",
        "Channel": "SIP/263-00000bbd",
        "ChannelState": "4",
        "ChannelStateDesc": "Ring",
        "ConnectedLineName": "CID:36944000",
        "ConnectedLineNum": "09137785422",
        "Context": "from-internal",
        "Event": "Hangup",
        "Exten": "h",
        "Language": "pr2",
        "Linkedid": "1750834078.42909",
        "Priority": "1",
        "Privilege": "call,all",
        "Uniqueid": "1750834078.42909"
    },
    "start_time": "2025-06-25T10:17:05",
    "status": "initiated",
    "timestamp": "2025-06-25T10:17:41",
    "type": "call_summary",
    "uniqueid": "1750834078.42909"
}

{
    "call_type": "",
    "caller_id_name": "263-SUP10",
    "caller_id_num": "263",
    "channel": "SIP/263-00000bc6",
    "connected_line_name": "<unknown>",
    "connected_line_num": "<unknown>",
    "direction": "",
    "end_time": "",
    "extension_number": "263",
    "has_ringing": false,
    "linkedid": "1750834188.42988",
    "other_extension_number": "",
    "start_time": "2025-06-25T10:18:55",
    "status": "initiated",
    "timestamp": "2025-06-25T10:18:55",
    "type": "call_started",
    "uniqueid": "1750834188.42988"
}

{
    "call_type": "external",
    "caller_id_name": "263-SUP10",
    "caller_id_num": "263",
    "cause": "16",
    "cause_description": "",
    "cause_txt": "",
    "channel": "SIP/263-00000bc6",
    "connected_line_name": "<unknown>",
    "connected_line_num": "<unknown>",
    "direction": "out",
    "end_time": "2025-06-25T10:19:14",
    "extension_number": "263",
    "has_ringing": false,
    "linkedid": "1750834188.42988",
    "other_extension_number": "09141105932",
    "raw_event": {
        "AccountCode": "",
        "CallerIDName": "<unknown>",
        "CallerIDNum": "36944000",
        "Cause": "16",
        "Cause-txt": "Normal Clearing",
        "Channel": "SIP/263-00000bc6",
        "ChannelState": "4",
        "ChannelStateDesc": "Ring",
        "ConnectedLineName": "CID:36944000",
        "ConnectedLineNum": "09141105932",
        "Context": "from-internal",
        "Event": "Hangup",
        "Exten": "h",
        "Language": "pr2",
        "Linkedid": "1750834188.42988",
        "Priority": "1",
        "Privilege": "call,all",
        "Uniqueid": "1750834188.42988"
    },
    "start_time": "2025-06-25T10:18:55",
    "status": "initiated",
    "timestamp": "2025-06-25T10:19:14",
    "type": "call_ended",
    "uniqueid": "1750834188.42988"
}

{
    "call_duration": 19,
    "call_type": "external",
    "caller_id_name": "263-SUP10",
    "caller_id_num": "263",
    "cause": "16",
    "cause_description": "",
    "cause_txt": "",
    "channel": "SIP/263-00000bc6",
    "connected_line_name": "<unknown>",
    "connected_line_num": "<unknown>",
    "direction": "out",
    "end_time": "2025-06-25T10:19:14",
    "extension_number": "263",
    "has_ringing": false,
    "linkedid": "1750834188.42988",
    "other_extension_number": "09141105932",
    "raw_event": {
        "AccountCode": "",
        "CallerIDName": "<unknown>",
        "CallerIDNum": "36944000",
        "Cause": "16",
        "Cause-txt": "Normal Clearing",
        "Channel": "SIP/263-00000bc6",
        "ChannelState": "4",
        "ChannelStateDesc": "Ring",
        "ConnectedLineName": "CID:36944000",
        "ConnectedLineNum": "09141105932",
        "Context": "from-internal",
        "Event": "Hangup",
        "Exten": "h",
        "Language": "pr2",
        "Linkedid": "1750834188.42988",
        "Priority": "1",
        "Privilege": "call,all",
        "Uniqueid": "1750834188.42988"
    },
    "start_time": "2025-06-25T10:18:55",
    "status": "initiated",
    "timestamp": "2025-06-25T10:19:14",
    "type": "call_summary",
    "uniqueid": "1750834188.42988"
}

{
    "call_type": "",
    "caller_id_name": "263-SUP10",
    "caller_id_num": "263",
    "channel": "SIP/263-00000bd2",
    "connected_line_name": "<unknown>",
    "connected_line_num": "<unknown>",
    "direction": "",
    "end_time": "",
    "extension_number": "263",
    "has_ringing": false,
    "linkedid": "1750834285.43118",
    "other_extension_number": "",
    "start_time": "2025-06-25T10:20:31",
    "status": "initiated",
    "timestamp": "2025-06-25T10:20:31",
    "type": "call_started",
    "uniqueid": "1750834285.43118"
}

{
    "channel": "SIP/263-00000bd2",
    "privilege": "call,all",
    "timestamp": "2025-06-25T10:20:56",
    "type": "call_answered",
    "uniqueid": "1750834285.43118"
}

{
    "call_type": "external",
    "caller_id_name": "263-SUP10",
    "caller_id_num": "263",
    "cause": "16",
    "cause_description": "",
    "cause_txt": "",
    "channel": "SIP/263-00000bd2",
    "connected_line_name": "<unknown>",
    "connected_line_num": "<unknown>",
    "direction": "out",
    "end_time": "2025-06-25T10:20:58",
    "extension_number": "263",
    "has_ringing": false,
    "linkedid": "1750834285.43118",
    "other_extension_number": "09119276359",
    "raw_event": {
        "AccountCode": "",
        "CallerIDName": "<unknown>",
        "CallerIDNum": "36944000",
        "Cause": "16",
        "Cause-txt": "Normal Clearing",
        "Channel": "SIP/263-00000bd2",
        "ChannelState": "6",
        "ChannelStateDesc": "Up",
        "ConnectedLineName": "CID:36944000",
        "ConnectedLineNum": "09119276359",
        "Context": "from-internal",
        "Event": "Hangup",
        "Exten": "h",
        "Language": "pr2",
        "Linkedid": "1750834285.43118",
        "Priority": "1",
        "Privilege": "call,all",
        "Uniqueid": "1750834285.43118"
    },
    "start_time": "2025-06-25T10:20:56",
    "status": "answered",
    "timestamp": "2025-06-25T10:20:58",
    "type": "call_ended",
    "uniqueid": "1750834285.43118"
}

{
    "call_duration": 2,
    "call_type": "external",
    "caller_id_name": "263-SUP10",
    "caller_id_num": "263",
    "cause": "16",
    "cause_description": "",
    "cause_txt": "",
    "channel": "SIP/263-00000bd2",
    "connected_line_name": "<unknown>",
    "connected_line_num": "<unknown>",
    "direction": "out",
    "end_time": "2025-06-25T10:20:58",
    "extension_number": "263",
    "has_ringing": false,
    "linkedid": "1750834285.43118",
    "other_extension_number": "09119276359",
    "raw_event": {
        "AccountCode": "",
        "CallerIDName": "<unknown>",
        "CallerIDNum": "36944000",
        "Cause": "16",
        "Cause-txt": "Normal Clearing",
        "Channel": "SIP/263-00000bd2",
        "ChannelState": "6",
        "ChannelStateDesc": "Up",
        "ConnectedLineName": "CID:36944000",
        "ConnectedLineNum": "09119276359",
        "Context": "from-internal",
        "Event": "Hangup",
        "Exten": "h",
        "Language": "pr2",
        "Linkedid": "1750834285.43118",
        "Priority": "1",
        "Privilege": "call,all",
        "Uniqueid": "1750834285.43118"
    },
    "start_time": "2025-06-25T10:20:56",
    "status": "answered",
    "timestamp": "2025-06-25T10:20:58",
    "type": "call_summary",
    "uniqueid": "1750834285.43118"
}

{
    "call_type": "",
    "caller_id_name": "263-SUP10",
    "caller_id_num": "263",
    "channel": "SIP/263-00000c00",
    "connected_line_name": "<unknown>",
    "connected_line_num": "<unknown>",
    "direction": "",
    "end_time": "",
    "extension_number": "263",
    "has_ringing": false,
    "linkedid": "1750834425.43338",
    "other_extension_number": "",
    "start_time": "2025-06-25T10:25:05",
    "status": "initiated",
    "timestamp": "2025-06-25T10:25:05",
    "type": "call_started",
    "uniqueid": "1750834557.43591"
}

{
    "channel": "SIP/263-00000c00",
    "privilege": "call,all",
    "timestamp": "2025-06-25T10:25:05",
    "type": "call_ringing",
    "uniqueid": "1750834557.43591"
}

{
    "channel": "SIP/263-00000c00",
    "privilege": "call,all",
    "timestamp": "2025-06-25T10:25:05",
    "type": "call_answered",
    "uniqueid": "1750834557.43591"
}

{
    "call_type": "external",
    "caller_id_name": "263-SUP10",
    "caller_id_num": "263",
    "cause": "16",
    "cause_description": "",
    "cause_txt": "",
    "channel": "SIP/263-00000c00",
    "connected_line_name": "<unknown>",
    "connected_line_num": "<unknown>",
    "direction": "in",
    "end_time": "2025-06-25T10:29:37",
    "extension_number": "263",
    "has_ringing": true,
    "linkedid": "1750834425.43338",
    "other_extension_number": "9153174552",
    "raw_event": {
        "AccountCode": "",
        "CallerIDName": "263-SUP10",
        "CallerIDNum": "263",
        "Cause": "16",
        "Cause-txt": "Normal Clearing",
        "Channel": "SIP/263-00000c00",
        "ChannelState": "6",
        "ChannelStateDesc": "Up",
        "ConnectedLineName": "9153174552",
        "ConnectedLineNum": "9153174552",
        "Context": "macro-dial-one",
        "Event": "Hangup",
        "Exten": "s",
        "Language": "pr2",
        "Linkedid": "1750834425.43338",
        "Priority": "1",
        "Privilege": "call,all",
        "Uniqueid": "1750834557.43591"
    },
    "start_time": "2025-06-25T10:25:05",
    "status": "answered",
    "timestamp": "2025-06-25T10:29:37",
    "type": "call_ended",
    "uniqueid": "1750834557.43591"
}

{
    "call_duration": 271,
    "call_type": "external",
    "caller_id_name": "263-SUP10",
    "caller_id_num": "263",
    "cause": "16",
    "cause_description": "",
    "cause_txt": "",
    "channel": "SIP/263-00000c00",
    "connected_line_name": "<unknown>",
    "connected_line_num": "<unknown>",
    "direction": "in",
    "end_time": "2025-06-25T10:29:37",
    "extension_number": "263",
    "has_ringing": true,
    "linkedid": "1750834425.43338",
    "other_extension_number": "9153174552",
    "raw_event": {
        "AccountCode": "",
        "CallerIDName": "263-SUP10",
        "CallerIDNum": "263",
        "Cause": "16",
        "Cause-txt": "Normal Clearing",
        "Channel": "SIP/263-00000c00",
        "ChannelState": "6",
        "ChannelStateDesc": "Up",
        "ConnectedLineName": "9153174552",
        "ConnectedLineNum": "9153174552",
        "Context": "macro-dial-one",
        "Event": "Hangup",
        "Exten": "s",
        "Language": "pr2",
        "Linkedid": "1750834425.43338",
        "Priority": "1",
        "Privilege": "call,all",
        "Uniqueid": "1750834557.43591"
    },
    "start_time": "2025-06-25T10:25:05",
    "status": "answered",
    "timestamp": "2025-06-25T10:29:37",
    "type": "call_summary",
    "uniqueid": "1750834557.43591"
}

{
    "call_type": "",
    "caller_id_name": "263-SUP10",
    "caller_id_num": "263",
    "channel": "SIP/263-00000c7f",
    "connected_line_name": "<unknown>",
    "connected_line_num": "<unknown>",
    "direction": "",
    "end_time": "",
    "extension_number": "263",
    "has_ringing": false,
    "linkedid": "1750835364.45935",
    "other_extension_number": "",
    "start_time": "2025-06-25T10:38:30",
    "status": "initiated",
    "timestamp": "2025-06-25T10:38:30",
    "type": "call_started",
    "uniqueid": "1750835364.45935"
}

{
    "channel": "SIP/263-00000c7f",
    "privilege": "call,all",
    "timestamp": "2025-06-25T10:38:30",
    "type": "call_answered",
    "uniqueid": "1750835364.45935"
}

{
    "call_type": "",
    "caller_id_name": "263-SUP10",
    "caller_id_num": "263",
    "channel": "SIP/263-00000c90",
    "connected_line_name": "<unknown>",
    "connected_line_num": "<unknown>",
    "direction": "",
    "end_time": "",
    "extension_number": "263",
    "has_ringing": false,
    "linkedid": "1750835478.46185",
    "other_extension_number": "",
    "start_time": "2025-06-25T10:40:26",
    "status": "initiated",
    "timestamp": "2025-06-25T10:40:26",
    "type": "call_started",
    "uniqueid": "1750835478.46185"
}

{
    "channel": "SIP/263-00000c90",
    "privilege": "call,all",
    "timestamp": "2025-06-25T10:40:29",
    "type": "call_answered",
    "uniqueid": "1750835478.46185"
}

{
    "call_type": "internal",
    "caller_id_name": "263-SUP10",
    "caller_id_num": "263",
    "cause": "16",
    "cause_description": "",
    "cause_txt": "",
    "channel": "SIP/263-00000c90",
    "connected_line_name": "<unknown>",
    "connected_line_num": "<unknown>",
    "direction": "out",
    "end_time": "2025-06-25T10:40:53",
    "extension_number": "263",
    "has_ringing": false,
    "linkedid": "1750835478.46185",
    "other_extension_number": "236",
    "raw_event": {
        "AccountCode": "",
        "CallerIDName": "263-SUP10",
        "CallerIDNum": "263",
        "Cause": "16",
        "Cause-txt": "Normal Clearing",
        "Channel": "SIP/263-00000c90",
        "ChannelState": "6",
        "ChannelStateDesc": "Up",
        "ConnectedLineName": "236-FIN6",
        "ConnectedLineNum": "236",
        "Context": "from-internal",
        "Event": "Hangup",
        "Exten": "h",
        "Language": "pr2",
        "Linkedid": "1750835478.46185",
        "Priority": "1",
        "Privilege": "call,all",
        "Uniqueid": "1750835478.46185"
    },
    "start_time": "2025-06-25T10:40:29",
    "status": "answered",
    "timestamp": "2025-06-25T10:40:53",
    "type": "call_ended",
    "uniqueid": "1750835478.46185"
}

{
    "call_duration": 23,
    "call_type": "internal",
    "caller_id_name": "263-SUP10",
    "caller_id_num": "263",
    "cause": "16",
    "cause_description": "",
    "cause_txt": "",
    "channel": "SIP/263-00000c90",
    "connected_line_name": "<unknown>",
    "connected_line_num": "<unknown>",
    "direction": "out",
    "end_time": "2025-06-25T10:40:53",
    "extension_number": "263",
    "has_ringing": false,
    "linkedid": "1750835478.46185",
    "other_extension_number": "236",
    "raw_event": {
        "AccountCode": "",
        "CallerIDName": "263-SUP10",
        "CallerIDNum": "263",
        "Cause": "16",
        "Cause-txt": "Normal Clearing",
        "Channel": "SIP/263-00000c90",
        "ChannelState": "6",
        "ChannelStateDesc": "Up",
        "ConnectedLineName": "236-FIN6",
        "ConnectedLineNum": "236",
        "Context": "from-internal",
        "Event": "Hangup",
        "Exten": "h",
        "Language": "pr2",
        "Linkedid": "1750835478.46185",
        "Priority": "1",
        "Privilege": "call,all",
        "Uniqueid": "1750835478.46185"
    },
    "start_time": "2025-06-25T10:40:29",
    "status": "answered",
    "timestamp": "2025-06-25T10:40:53",
    "type": "call_summary",
    "uniqueid": "1750835478.46185"
}

{
    "call_type": "external",
    "caller_id_name": "263-SUP10",
    "caller_id_num": "263",
    "cause": "16",
    "cause_description": "",
    "cause_txt": "",
    "channel": "SIP/263-00000c7f",
    "connected_line_name": "<unknown>",
    "connected_line_num": "<unknown>",
    "direction": "out",
    "end_time": "2025-06-25T10:40:57",
    "extension_number": "263",
    "has_ringing": false,
    "linkedid": "1750835364.45935",
    "other_extension_number": "9169665436",
    "raw_event": {
        "AccountCode": "",
        "CallerIDName": "263-SUP10",
        "CallerIDNum": "263",
        "Cause": "16",
        "Cause-txt": "Normal Clearing",
        "Channel": "SIP/263-00000c7f",
        "ChannelState": "6",
        "ChannelStateDesc": "Up",
        "ConnectedLineName": "9169665436",
        "ConnectedLineNum": "9169665436",
        "Context": "macro-dial-one",
        "Event": "Hangup",
        "Exten": "s",
        "Language": "pr2",
        "Linkedid": "1750835315.45830",
        "Priority": "1",
        "Privilege": "call,all",
        "Uniqueid": "1750835364.45935"
    },
    "start_time": "2025-06-25T10:38:30",
    "status": "answered",
    "timestamp": "2025-06-25T10:40:57",
    "type": "call_ended",
    "uniqueid": "1750835364.45935"
}

{
    "call_duration": 146,
    "call_type": "external",
    "caller_id_name": "263-SUP10",
    "caller_id_num": "263",
    "cause": "16",
    "cause_description": "",
    "cause_txt": "",
    "channel": "SIP/263-00000c7f",
    "connected_line_name": "<unknown>",
    "connected_line_num": "<unknown>",
    "direction": "out",
    "end_time": "2025-06-25T10:40:57",
    "extension_number": "263",
    "has_ringing": false,
    "linkedid": "1750835364.45935",
    "other_extension_number": "9169665436",
    "raw_event": {
        "AccountCode": "",
        "CallerIDName": "263-SUP10",
        "CallerIDNum": "263",
        "Cause": "16",
        "Cause-txt": "Normal Clearing",
        "Channel": "SIP/263-00000c7f",
        "ChannelState": "6",
        "ChannelStateDesc": "Up",
        "ConnectedLineName": "9169665436",
        "ConnectedLineNum": "9169665436",
        "Context": "macro-dial-one",
        "Event": "Hangup",
        "Exten": "s",
        "Language": "pr2",
        "Linkedid": "1750835315.45830",
        "Priority": "1",
        "Privilege": "call,all",
        "Uniqueid": "1750835364.45935"
    },
    "start_time": "2025-06-25T10:38:30",
    "status": "answered",
    "timestamp": "2025-06-25T10:40:57",
    "type": "call_summary",
    "uniqueid": "1750835364.45935"
}

{
    "call_type": "",
    "caller_id_name": "263-SUP10",
    "caller_id_num": "263",
    "channel": "SIP/263-00000c9f",
    "connected_line_name": "<unknown>",
    "connected_line_num": "<unknown>",
    "direction": "",
    "end_time": "",
    "extension_number": "263",
    "has_ringing": false,
    "linkedid": "1750835536.46323",
    "other_extension_number": "",
    "start_time": "2025-06-25T10:41:34",
    "status": "initiated",
    "timestamp": "2025-06-25T10:41:34",
    "type": "call_started",
    "uniqueid": "1750835546.46361"
}

{
    "channel": "SIP/263-00000c9f",
    "privilege": "call,all",
    "timestamp": "2025-06-25T10:41:34",
    "type": "call_ringing",
    "uniqueid": "1750835546.46361"
}

{
    "channel": "SIP/263-00000c9f",
    "privilege": "call,all",
    "timestamp": "2025-06-25T10:41:35",
    "type": "call_answered",
    "uniqueid": "1750835546.46361"
}

{
    "call_type": "external",
    "caller_id_name": "263-SUP10",
    "caller_id_num": "263",
    "cause": "16",
    "cause_description": "",
    "cause_txt": "",
    "channel": "SIP/263-00000c9f",
    "connected_line_name": "<unknown>",
    "connected_line_num": "<unknown>",
    "direction": "in",
    "end_time": "2025-06-25T10:42:09",
    "extension_number": "263",
    "has_ringing": true,
    "linkedid": "1750835536.46323",
    "other_extension_number": "9149220437",
    "raw_event": {
        "AccountCode": "",
        "CallerIDName": "263-SUP10",
        "CallerIDNum": "263",
        "Cause": "16",
        "Cause-txt": "Normal Clearing",
        "Channel": "SIP/263-00000c9f",
        "ChannelState": "6",
        "ChannelStateDesc": "Up",
        "ConnectedLineName": "9149220437",
        "ConnectedLineNum": "9149220437",
        "Context": "macro-dial-one",
        "Event": "Hangup",
        "Exten": "s",
        "Language": "pr2",
        "Linkedid": "1750835536.46323",
        "Priority": "1",
        "Privilege": "call,all",
        "Uniqueid": "1750835546.46361"
    },
    "start_time": "2025-06-25T10:41:35",
    "status": "answered",
    "timestamp": "2025-06-25T10:42:09",
    "type": "call_ended",
    "uniqueid": "1750835546.46361"
}

{
    "call_duration": 33,
    "call_type": "external",
    "caller_id_name": "263-SUP10",
    "caller_id_num": "263",
    "cause": "16",
    "cause_description": "",
    "cause_txt": "",
    "channel": "SIP/263-00000c9f",
    "connected_line_name": "<unknown>",
    "connected_line_num": "<unknown>",
    "direction": "in",
    "end_time": "2025-06-25T10:42:09",
    "extension_number": "263",
    "has_ringing": true,
    "linkedid": "1750835536.46323",
    "other_extension_number": "9149220437",
    "raw_event": {
        "AccountCode": "",
        "CallerIDName": "263-SUP10",
        "CallerIDNum": "263",
        "Cause": "16",
        "Cause-txt": "Normal Clearing",
        "Channel": "SIP/263-00000c9f",
        "ChannelState": "6",
        "ChannelStateDesc": "Up",
        "ConnectedLineName": "9149220437",
        "ConnectedLineNum": "9149220437",
        "Context": "macro-dial-one",
        "Event": "Hangup",
        "Exten": "s",
        "Language": "pr2",
        "Linkedid": "1750835536.46323",
        "Priority": "1",
        "Privilege": "call,all",
        "Uniqueid": "1750835546.46361"
    },
    "start_time": "2025-06-25T10:41:35",
    "status": "answered",
    "timestamp": "2025-06-25T10:42:09",
    "type": "call_summary",
    "uniqueid": "1750835546.46361"
}

{
    "call_type": "",
    "caller_id_name": "263-SUP10",
    "caller_id_num": "263",
    "channel": "SIP/263-00000cbf",
    "connected_line_name": "<unknown>",
    "connected_line_num": "<unknown>",
    "direction": "",
    "end_time": "",
    "extension_number": "263",
    "has_ringing": false,
    "linkedid": "1750835816.46779",
    "other_extension_number": "",
    "start_time": "2025-06-25T10:46:04",
    "status": "initiated",
    "timestamp": "2025-06-25T10:46:04",
    "type": "call_started",
    "uniqueid": "1750835816.46787"
}

{
    "channel": "SIP/263-00000cbf",
    "privilege": "call,all",
    "timestamp": "2025-06-25T10:46:04",
    "type": "call_ringing",
    "uniqueid": "1750835816.46787"
}

{
    "channel": "SIP/263-00000cbf",
    "privilege": "call,all",
    "timestamp": "2025-06-25T10:46:05",
    "type": "call_answered",
    "uniqueid": "1750835816.46787"
}

{
    "call_type": "",
    "caller_id_name": "263-SUP10",
    "caller_id_num": "263",
    "channel": "SIP/263-00000cc2",
    "connected_line_name": "<unknown>",
    "connected_line_num": "<unknown>",
    "direction": "",
    "end_time": "",
    "extension_number": "263",
    "has_ringing": false,
    "linkedid": "1750835844.46829",
    "other_extension_number": "",
    "start_time": "2025-06-25T10:46:30",
    "status": "initiated",
    "timestamp": "2025-06-25T10:46:30",
    "type": "call_started",
    "uniqueid": "1750835844.46829"
}

{
    "channel": "SIP/263-00000cc2",
    "privilege": "call,all",
    "timestamp": "2025-06-25T10:46:40",
    "type": "call_answered",
    "uniqueid": "1750835844.46829"
}

{
    "call_type": "internal",
    "caller_id_name": "263-SUP10",
    "caller_id_num": "263",
    "cause": "16",
    "cause_description": "",
    "cause_txt": "",
    "channel": "SIP/263-00000cc2",
    "connected_line_name": "<unknown>",
    "connected_line_num": "<unknown>",
    "direction": "out",
    "end_time": "2025-06-25T10:46:58",
    "extension_number": "263",
    "has_ringing": false,
    "linkedid": "1750835844.46829",
    "other_extension_number": "115",
    "raw_event": {
        "AccountCode": "",
        "CallerIDName": "263-SUP10",
        "CallerIDNum": "263",
        "Cause": "16",
        "Cause-txt": "Normal Clearing",
        "Channel": "SIP/263-00000cc2",
        "ChannelState": "6",
        "ChannelStateDesc": "Up",
        "ConnectedLineName": "CID:263",
        "ConnectedLineNum": "115",
        "Context": "from-internal",
        "Event": "Hangup",
        "Exten": "h",
        "Language": "pr2",
        "Linkedid": "1750835844.46829",
        "Priority": "1",
        "Privilege": "call,all",
        "Uniqueid": "1750835844.46829"
    },
    "start_time": "2025-06-25T10:46:40",
    "status": "answered",
    "timestamp": "2025-06-25T10:46:58",
    "type": "call_ended",
    "uniqueid": "1750835844.46829"
}

{
    "call_duration": 18,
    "call_type": "internal",
    "caller_id_name": "263-SUP10",
    "caller_id_num": "263",
    "cause": "16",
    "cause_description": "",
    "cause_txt": "",
    "channel": "SIP/263-00000cc2",
    "connected_line_name": "<unknown>",
    "connected_line_num": "<unknown>",
    "direction": "out",
    "end_time": "2025-06-25T10:46:58",
    "extension_number": "263",
    "has_ringing": false,
    "linkedid": "1750835844.46829",
    "other_extension_number": "115",
    "raw_event": {
        "AccountCode": "",
        "CallerIDName": "263-SUP10",
        "CallerIDNum": "263",
        "Cause": "16",
        "Cause-txt": "Normal Clearing",
        "Channel": "SIP/263-00000cc2",
        "ChannelState": "6",
        "ChannelStateDesc": "Up",
        "ConnectedLineName": "CID:263",
        "ConnectedLineNum": "115",
        "Context": "from-internal",
        "Event": "Hangup",
        "Exten": "h",
        "Language": "pr2",
        "Linkedid": "1750835844.46829",
        "Priority": "1",
        "Privilege": "call,all",
        "Uniqueid": "1750835844.46829"
    },
    "start_time": "2025-06-25T10:46:40",
    "status": "answered",
    "timestamp": "2025-06-25T10:46:58",
    "type": "call_summary",
    "uniqueid": "1750835844.46829"
}

{
    "call_type": "internal",
    "caller_id_name": "263-SUP10",
    "caller_id_num": "263",
    "cause": "16",
    "cause_description": "",
    "cause_txt": "",
    "channel": "SIP/263-00000cbf",
    "connected_line_name": "<unknown>",
    "connected_line_num": "<unknown>",
    "direction": "in",
    "end_time": "2025-06-25T10:47:17",
    "extension_number": "263",
    "has_ringing": true,
    "linkedid": "1750835816.46779",
    "other_extension_number": "77628862",
    "raw_event": {
        "AccountCode": "",
        "CallerIDName": "263-SUP10",
        "CallerIDNum": "263",
        "Cause": "16",
        "Cause-txt": "Normal Clearing",
        "Channel": "SIP/263-00000cbf",
        "ChannelState": "6",
        "ChannelStateDesc": "Up",
        "ConnectedLineName": "77628862",
        "ConnectedLineNum": "77628862",
        "Context": "macro-dial-one",
        "Event": "Hangup",
        "Exten": "s",
        "Language": "pr2",
        "Linkedid": "1750835816.46779",
        "Priority": "1",
        "Privilege": "call,all",
        "Uniqueid": "1750835816.46787"
    },
    "start_time": "2025-06-25T10:46:05",
    "status": "answered",
    "timestamp": "2025-06-25T10:47:17",
    "type": "call_ended",
    "uniqueid": "1750835816.46787"
}

{
    "call_duration": 72,
    "call_type": "internal",
    "caller_id_name": "263-SUP10",
    "caller_id_num": "263",
    "cause": "16",
    "cause_description": "",
    "cause_txt": "",
    "channel": "SIP/263-00000cbf",
    "connected_line_name": "<unknown>",
    "connected_line_num": "<unknown>",
    "direction": "in",
    "end_time": "2025-06-25T10:47:17",
    "extension_number": "263",
    "has_ringing": true,
    "linkedid": "1750835816.46779",
    "other_extension_number": "77628862",
    "raw_event": {
        "AccountCode": "",
        "CallerIDName": "263-SUP10",
        "CallerIDNum": "263",
        "Cause": "16",
        "Cause-txt": "Normal Clearing",
        "Channel": "SIP/263-00000cbf",
        "ChannelState": "6",
        "ChannelStateDesc": "Up",
        "ConnectedLineName": "77628862",
        "ConnectedLineNum": "77628862",
        "Context": "macro-dial-one",
        "Event": "Hangup",
        "Exten": "s",
        "Language": "pr2",
        "Linkedid": "1750835816.46779",
        "Priority": "1",
        "Privilege": "call,all",
        "Uniqueid": "1750835816.46787"
    },
    "start_time": "2025-06-25T10:46:05",
    "status": "answered",
    "timestamp": "2025-06-25T10:47:17",
    "type": "call_summary",
    "uniqueid": "1750835816.46787"
}

{
    "call_type": "",
    "caller_id_name": "263-SUP10",
    "caller_id_num": "263",
    "channel": "SIP/263-00000d4e",
    "connected_line_name": "<unknown>",
    "connected_line_num": "<unknown>",
    "direction": "",
    "end_time": "",
    "extension_number": "263",
    "has_ringing": false,
    "linkedid": "1750836942.48310",
    "other_extension_number": "",
    "start_time": "2025-06-25T11:04:49",
    "status": "initiated",
    "timestamp": "2025-06-25T11:04:49",
    "type": "call_started",
    "uniqueid": "1750836942.48310"
}

{
    "channel": "SIP/263-00000d4e",
    "privilege": "call,all",
    "timestamp": "2025-06-25T11:05:08",
    "type": "call_answered",
    "uniqueid": "1750836942.48310"
}

{
    "call_type": "external",
    "caller_id_name": "263-SUP10",
    "caller_id_num": "263",
    "cause": "16",
    "cause_description": "",
    "cause_txt": "",
    "channel": "SIP/263-00000d4e",
    "connected_line_name": "<unknown>",
    "connected_line_num": "<unknown>",
    "direction": "out",
    "end_time": "2025-06-25T11:06:10",
    "extension_number": "263",
    "has_ringing": false,
    "linkedid": "1750836942.48310",
    "other_extension_number": "09176034568",
    "raw_event": {
        "AccountCode": "",
        "CallerIDName": "<unknown>",
        "CallerIDNum": "36944000",
        "Cause": "16",
        "Cause-txt": "Normal Clearing",
        "Channel": "SIP/263-00000d4e",
        "ChannelState": "6",
        "ChannelStateDesc": "Up",
        "ConnectedLineName": "CID:36944000",
        "ConnectedLineNum": "09176034568",
        "Context": "from-internal",
        "Event": "Hangup",
        "Exten": "h",
        "Language": "pr2",
        "Linkedid": "1750836942.48310",
        "Priority": "1",
        "Privilege": "call,all",
        "Uniqueid": "1750836942.48310"
    },
    "start_time": "2025-06-25T11:05:08",
    "status": "answered",
    "timestamp": "2025-06-25T11:06:10",
    "type": "call_ended",
    "uniqueid": "1750836942.48310"
}

{
    "call_duration": 62,
    "call_type": "external",
    "caller_id_name": "263-SUP10",
    "caller_id_num": "263",
    "cause": "16",
    "cause_description": "",
    "cause_txt": "",
    "channel": "SIP/263-00000d4e",
    "connected_line_name": "<unknown>",
    "connected_line_num": "<unknown>",
    "direction": "out",
    "end_time": "2025-06-25T11:06:10",
    "extension_number": "263",
    "has_ringing": false,
    "linkedid": "1750836942.48310",
    "other_extension_number": "09176034568",
    "raw_event": {
        "AccountCode": "",
        "CallerIDName": "<unknown>",
        "CallerIDNum": "36944000",
        "Cause": "16",
        "Cause-txt": "Normal Clearing",
        "Channel": "SIP/263-00000d4e",
        "ChannelState": "6",
        "ChannelStateDesc": "Up",
        "ConnectedLineName": "CID:36944000",
        "ConnectedLineNum": "09176034568",
        "Context": "from-internal",
        "Event": "Hangup",
        "Exten": "h",
        "Language": "pr2",
        "Linkedid": "1750836942.48310",
        "Priority": "1",
        "Privilege": "call,all",
        "Uniqueid": "1750836942.48310"
    },
    "start_time": "2025-06-25T11:05:08",
    "status": "answered",
    "timestamp": "2025-06-25T11:06:10",
    "type": "call_summary",
    "uniqueid": "1750836942.48310"
}

{
    "call_type": "",
    "caller_id_name": "263-SUP10",
    "caller_id_num": "263",
    "channel": "SIP/263-00000d5d",
    "connected_line_name": "<unknown>",
    "connected_line_num": "<unknown>",
    "direction": "",
    "end_time": "",
    "extension_number": "263",
    "has_ringing": false,
    "linkedid": "1750836953.48329",
    "other_extension_number": "",
    "start_time": "2025-06-25T11:06:11",
    "status": "initiated",
    "timestamp": "2025-06-25T11:06:11",
    "type": "call_started",
    "uniqueid": "1750837024.48830"
}

{
    "channel": "SIP/263-00000d5d",
    "privilege": "call,all",
    "timestamp": "2025-06-25T11:06:11",
    "type": "call_ringing",
    "uniqueid": "1750837024.48830"
}

{
    "channel": "SIP/263-00000d5d",
    "privilege": "call,all",
    "timestamp": "2025-06-25T11:06:12",
    "type": "call_answered",
    "uniqueid": "1750837024.48830"
}

{
    "call_type": "external",
    "caller_id_name": "263-SUP10",
    "caller_id_num": "263",
    "cause": "16",
    "cause_description": "",
    "cause_txt": "",
    "channel": "SIP/263-00000d5d",
    "connected_line_name": "<unknown>",
    "connected_line_num": "<unknown>",
    "direction": "in",
    "end_time": "2025-06-25T11:08:20",
    "extension_number": "263",
    "has_ringing": true,
    "linkedid": "1750836953.48329",
    "other_extension_number": "9140362901",
    "raw_event": {
        "AccountCode": "",
        "CallerIDName": "263-SUP10",
        "CallerIDNum": "263",
        "Cause": "16",
        "Cause-txt": "Normal Clearing",
        "Channel": "SIP/263-00000d5d",
        "ChannelState": "6",
        "ChannelStateDesc": "Up",
        "ConnectedLineName": "9140362901",
        "ConnectedLineNum": "9140362901",
        "Context": "macro-dial-one",
        "Event": "Hangup",
        "Exten": "s",
        "Language": "pr2",
        "Linkedid": "1750836953.48329",
        "Priority": "1",
        "Privilege": "call,all",
        "Uniqueid": "1750837024.48830"
    },
    "start_time": "2025-06-25T11:06:12",
    "status": "answered",
    "timestamp": "2025-06-25T11:08:20",
    "type": "call_ended",
    "uniqueid": "1750837024.48830"
}

{
    "call_duration": 127,
    "call_type": "external",
    "caller_id_name": "263-SUP10",
    "caller_id_num": "263",
    "cause": "16",
    "cause_description": "",
    "cause_txt": "",
    "channel": "SIP/263-00000d5d",
    "connected_line_name": "<unknown>",
    "connected_line_num": "<unknown>",
    "direction": "in",
    "end_time": "2025-06-25T11:08:20",
    "extension_number": "263",
    "has_ringing": true,
    "linkedid": "1750836953.48329",
    "other_extension_number": "9140362901",
    "raw_event": {
        "AccountCode": "",
        "CallerIDName": "263-SUP10",
        "CallerIDNum": "263",
        "Cause": "16",
        "Cause-txt": "Normal Clearing",
        "Channel": "SIP/263-00000d5d",
        "ChannelState": "6",
        "ChannelStateDesc": "Up",
        "ConnectedLineName": "9140362901",
        "ConnectedLineNum": "9140362901",
        "Context": "macro-dial-one",
        "Event": "Hangup",
        "Exten": "s",
        "Language": "pr2",
        "Linkedid": "1750836953.48329",
        "Priority": "1",
        "Privilege": "call,all",
        "Uniqueid": "1750837024.48830"
    },
    "start_time": "2025-06-25T11:06:12",
    "status": "answered",
    "timestamp": "2025-06-25T11:08:20",
    "type": "call_summary",
    "uniqueid": "1750837024.48830"
}

{
    "call_type": "",
    "caller_id_name": "263-SUP10",
    "caller_id_num": "263",
    "channel": "SIP/263-00000d8a",
    "connected_line_name": "<unknown>",
    "connected_line_num": "<unknown>",
    "direction": "",
    "end_time": "",
    "extension_number": "263",
    "has_ringing": false,
    "linkedid": "1750837451.49375",
    "other_extension_number": "",
    "start_time": "2025-06-25T11:13:19",
    "status": "initiated",
    "timestamp": "2025-06-25T11:13:19",
    "type": "call_started",
    "uniqueid": "1750837451.49378"
}

{
    "channel": "SIP/263-00000d8a",
    "privilege": "call,all",
    "timestamp": "2025-06-25T11:13:19",
    "type": "call_ringing",
    "uniqueid": "1750837451.49378"
}

{
    "call_type": "internal",
    "caller_id_name": "263-SUP10",
    "caller_id_num": "263",
    "cause": "16",
    "cause_description": "",
    "cause_txt": "",
    "channel": "SIP/263-00000d8a",
    "connected_line_name": "<unknown>",
    "connected_line_num": "<unknown>",
    "direction": "in",
    "end_time": "2025-06-25T11:13:37",
    "extension_number": "263",
    "has_ringing": true,
    "linkedid": "1750837451.49375",
    "other_extension_number": "150",
    "raw_event": {
        "AccountCode": "",
        "CallerIDName": "263-SUP10",
        "CallerIDNum": "263",
        "Cause": "16",
        "Cause-txt": "Normal Clearing",
        "Channel": "SIP/263-00000d8a",
        "ChannelState": "5",
        "ChannelStateDesc": "Ringing",
        "ConnectedLineName": "150-SAL8",
        "ConnectedLineNum": "150",
        "Context": "from-internal",
        "Event": "Hangup",
        "Exten": "263",
        "Language": "pr2",
        "Linkedid": "1750837451.49375",
        "Priority": "1",
        "Privilege": "call,all",
        "Uniqueid": "1750837451.49378"
    },
    "start_time": "2025-06-25T11:13:19",
    "status": "ringing",
    "timestamp": "2025-06-25T11:13:37",
    "type": "call_ended",
    "uniqueid": "1750837451.49378"
}

{
    "call_duration": 18,
    "call_type": "internal",
    "caller_id_name": "263-SUP10",
    "caller_id_num": "263",
    "cause": "16",
    "cause_description": "",
    "cause_txt": "",
    "channel": "SIP/263-00000d8a",
    "connected_line_name": "<unknown>",
    "connected_line_num": "<unknown>",
    "direction": "in",
    "end_time": "2025-06-25T11:13:37",
    "extension_number": "263",
    "has_ringing": true,
    "linkedid": "1750837451.49375",
    "other_extension_number": "150",
    "raw_event": {
        "AccountCode": "",
        "CallerIDName": "263-SUP10",
        "CallerIDNum": "263",
        "Cause": "16",
        "Cause-txt": "Normal Clearing",
        "Channel": "SIP/263-00000d8a",
        "ChannelState": "5",
        "ChannelStateDesc": "Ringing",
        "ConnectedLineName": "150-SAL8",
        "ConnectedLineNum": "150",
        "Context": "from-internal",
        "Event": "Hangup",
        "Exten": "263",
        "Language": "pr2",
        "Linkedid": "1750837451.49375",
        "Priority": "1",
        "Privilege": "call,all",
        "Uniqueid": "1750837451.49378"
    },
    "start_time": "2025-06-25T11:13:19",
    "status": "ringing",
    "timestamp": "2025-06-25T11:13:37",
    "type": "call_summary",
    "uniqueid": "1750837451.49378"
}

{
    "call_type": "",
    "caller_id_name": "263-SUP10",
    "caller_id_num": "263",
    "channel": "SIP/263-00000d9e",
    "connected_line_name": "<unknown>",
    "connected_line_num": "<unknown>",
    "direction": "",
    "end_time": "",
    "extension_number": "263",
    "has_ringing": false,
    "linkedid": "1750837607.49767",
    "other_extension_number": "",
    "start_time": "2025-06-25T11:15:53",
    "status": "initiated",
    "timestamp": "2025-06-25T11:15:53",
    "type": "call_started",
    "uniqueid": "1750837607.49767"
}

{
    "channel": "SIP/263-00000d9e",
    "privilege": "call,all",
    "timestamp": "2025-06-25T11:16:17",
    "type": "call_answered",
    "uniqueid": "1750837607.49767"
}

{
    "call_type": "external",
    "caller_id_name": "263-SUP10",
    "caller_id_num": "263",
    "cause": "16",
    "cause_description": "",
    "cause_txt": "",
    "channel": "SIP/263-00000d9e",
    "connected_line_name": "<unknown>",
    "connected_line_num": "<unknown>",
    "direction": "out",
    "end_time": "2025-06-25T11:16:51",
    "extension_number": "263",
    "has_ringing": false,
    "linkedid": "1750837607.49767",
    "other_extension_number": "09105005903",
    "raw_event": {
        "AccountCode": "",
        "CallerIDName": "<unknown>",
        "CallerIDNum": "36944000",
        "Cause": "16",
        "Cause-txt": "Normal Clearing",
        "Channel": "SIP/263-00000d9e",
        "ChannelState": "6",
        "ChannelStateDesc": "Up",
        "ConnectedLineName": "CID:36944000",
        "ConnectedLineNum": "09105005903",
        "Context": "from-internal",
        "Event": "Hangup",
        "Exten": "h",
        "Language": "pr2",
        "Linkedid": "1750837607.49767",
        "Priority": "1",
        "Privilege": "call,all",
        "Uniqueid": "1750837607.49767"
    },
    "start_time": "2025-06-25T11:16:17",
    "status": "answered",
    "timestamp": "2025-06-25T11:16:51",
    "type": "call_ended",
    "uniqueid": "1750837607.49767"
}

{
    "call_duration": 33,
    "call_type": "external",
    "caller_id_name": "263-SUP10",
    "caller_id_num": "263",
    "cause": "16",
    "cause_description": "",
    "cause_txt": "",
    "channel": "SIP/263-00000d9e",
    "connected_line_name": "<unknown>",
    "connected_line_num": "<unknown>",
    "direction": "out",
    "end_time": "2025-06-25T11:16:51",
    "extension_number": "263",
    "has_ringing": false,
    "linkedid": "1750837607.49767",
    "other_extension_number": "09105005903",
    "raw_event": {
        "AccountCode": "",
        "CallerIDName": "<unknown>",
        "CallerIDNum": "36944000",
        "Cause": "16",
        "Cause-txt": "Normal Clearing",
        "Channel": "SIP/263-00000d9e",
        "ChannelState": "6",
        "ChannelStateDesc": "Up",
        "ConnectedLineName": "CID:36944000",
        "ConnectedLineNum": "09105005903",
        "Context": "from-internal",
        "Event": "Hangup",
        "Exten": "h",
        "Language": "pr2",
        "Linkedid": "1750837607.49767",
        "Priority": "1",
        "Privilege": "call,all",
        "Uniqueid": "1750837607.49767"
    },
    "start_time": "2025-06-25T11:16:17",
    "status": "answered",
    "timestamp": "2025-06-25T11:16:51",
    "type": "call_summary",
    "uniqueid": "1750837607.49767"
}

{
    "call_type": "",
    "caller_id_name": "263-SUP10",
    "caller_id_num": "263",
    "channel": "SIP/263-00000da7",
    "connected_line_name": "<unknown>",
    "connected_line_num": "<unknown>",
    "direction": "",
    "end_time": "",
    "extension_number": "263",
    "has_ringing": false,
    "linkedid": "1750837706.50367",
    "other_extension_number": "",
    "start_time": "2025-06-25T11:17:33",
    "status": "initiated",
    "timestamp": "2025-06-25T11:17:33",
    "type": "call_started",
    "uniqueid": "1750837706.50367"
}

{
    "channel": "SIP/263-00000da7",
    "privilege": "call,all",
    "timestamp": "2025-06-25T11:17:41",
    "type": "call_answered",
    "uniqueid": "1750837706.50367"
}

{
    "call_type": "internal",
    "caller_id_name": "263-SUP10",
    "caller_id_num": "263",
    "cause": "16",
    "cause_description": "",
    "cause_txt": "",
    "channel": "SIP/263-00000da7",
    "connected_line_name": "<unknown>",
    "connected_line_num": "<unknown>",
    "direction": "out",
    "end_time": "2025-06-25T11:17:58",
    "extension_number": "263",
    "has_ringing": false,
    "linkedid": "1750837706.50367",
    "other_extension_number": "150",
    "raw_event": {
        "AccountCode": "",
        "CallerIDName": "263-SUP10",
        "CallerIDNum": "263",
        "Cause": "16",
        "Cause-txt": "Normal Clearing",
        "Channel": "SIP/263-00000da7",
        "ChannelState": "6",
        "ChannelStateDesc": "Up",
        "ConnectedLineName": "150-SAL8",
        "ConnectedLineNum": "150",
        "Context": "from-internal",
        "Event": "Hangup",
        "Exten": "h",
        "Language": "pr2",
        "Linkedid": "1750837706.50367",
        "Priority": "1",
        "Privilege": "call,all",
        "Uniqueid": "1750837706.50367"
    },
    "start_time": "2025-06-25T11:17:41",
    "status": "answered",
    "timestamp": "2025-06-25T11:17:58",
    "type": "call_ended",
    "uniqueid": "1750837706.50367"
}

{
    "call_duration": 17,
    "call_type": "internal",
    "caller_id_name": "263-SUP10",
    "caller_id_num": "263",
    "cause": "16",
    "cause_description": "",
    "cause_txt": "",
    "channel": "SIP/263-00000da7",
    "connected_line_name": "<unknown>",
    "connected_line_num": "<unknown>",
    "direction": "out",
    "end_time": "2025-06-25T11:17:58",
    "extension_number": "263",
    "has_ringing": false,
    "linkedid": "1750837706.50367",
    "other_extension_number": "150",
    "raw_event": {
        "AccountCode": "",
        "CallerIDName": "263-SUP10",
        "CallerIDNum": "263",
        "Cause": "16",
        "Cause-txt": "Normal Clearing",
        "Channel": "SIP/263-00000da7",
        "ChannelState": "6",
        "ChannelStateDesc": "Up",
        "ConnectedLineName": "150-SAL8",
        "ConnectedLineNum": "150",
        "Context": "from-internal",
        "Event": "Hangup",
        "Exten": "h",
        "Language": "pr2",
        "Linkedid": "1750837706.50367",
        "Priority": "1",
        "Privilege": "call,all",
        "Uniqueid": "1750837706.50367"
    },
    "start_time": "2025-06-25T11:17:41",
    "status": "answered",
    "timestamp": "2025-06-25T11:17:58",
    "type": "call_summary",
    "uniqueid": "1750837706.50367"
}

{
    "call_type": "",
    "caller_id_name": "263-SUP10",
    "caller_id_num": "263",
    "channel": "SIP/263-00000dd2",
    "connected_line_name": "<unknown>",
    "connected_line_num": "<unknown>",
    "direction": "",
    "end_time": "",
    "extension_number": "263",
    "has_ringing": false,
    "linkedid": "1750837978.50832",
    "other_extension_number": "",
    "start_time": "2025-06-25T11:22:05",
    "status": "initiated",
    "timestamp": "2025-06-25T11:22:05",
    "type": "call_started",
    "uniqueid": "1750837978.50832"
}

{
    "call_type": "external",
    "caller_id_name": "263-SUP10",
    "caller_id_num": "263",
    "cause": "16",
    "cause_description": "",
    "cause_txt": "",
    "channel": "SIP/263-00000dd2",
    "connected_line_name": "<unknown>",
    "connected_line_num": "<unknown>",
    "direction": "out",
    "end_time": "2025-06-25T11:22:30",
    "extension_number": "263",
    "has_ringing": false,
    "linkedid": "1750837978.50832",
    "other_extension_number": "09139369040",
    "raw_event": {
        "AccountCode": "",
        "CallerIDName": "<unknown>",
        "CallerIDNum": "36944000",
        "Cause": "16",
        "Cause-txt": "Normal Clearing",
        "Channel": "SIP/263-00000dd2",
        "ChannelState": "4",
        "ChannelStateDesc": "Ring",
        "ConnectedLineName": "CID:36944000",
        "ConnectedLineNum": "09139369040",
        "Context": "from-internal",
        "Event": "Hangup",
        "Exten": "h",
        "Language": "pr2",
        "Linkedid": "1750837978.50832",
        "Priority": "1",
        "Privilege": "call,all",
        "Uniqueid": "1750837978.50832"
    },
    "start_time": "2025-06-25T11:22:05",
    "status": "initiated",
    "timestamp": "2025-06-25T11:22:30",
    "type": "call_ended",
    "uniqueid": "1750837978.50832"
}

{
    "call_duration": 24,
    "call_type": "external",
    "caller_id_name": "263-SUP10",
    "caller_id_num": "263",
    "cause": "16",
    "cause_description": "",
    "cause_txt": "",
    "channel": "SIP/263-00000dd2",
    "connected_line_name": "<unknown>",
    "connected_line_num": "<unknown>",
    "direction": "out",
    "end_time": "2025-06-25T11:22:30",
    "extension_number": "263",
    "has_ringing": false,
    "linkedid": "1750837978.50832",
    "other_extension_number": "09139369040",
    "raw_event": {
        "AccountCode": "",
        "CallerIDName": "<unknown>",
        "CallerIDNum": "36944000",
        "Cause": "16",
        "Cause-txt": "Normal Clearing",
        "Channel": "SIP/263-00000dd2",
        "ChannelState": "4",
        "ChannelStateDesc": "Ring",
        "ConnectedLineName": "CID:36944000",
        "ConnectedLineNum": "09139369040",
        "Context": "from-internal",
        "Event": "Hangup",
        "Exten": "h",
        "Language": "pr2",
        "Linkedid": "1750837978.50832",
        "Priority": "1",
        "Privilege": "call,all",
        "Uniqueid": "1750837978.50832"
    },
    "start_time": "2025-06-25T11:22:05",
    "status": "initiated",
    "timestamp": "2025-06-25T11:22:30",
    "type": "call_summary",
    "uniqueid": "1750837978.50832"
}

{
    "call_type": "",
    "caller_id_name": "263-SUP10",
    "caller_id_num": "263",
    "channel": "SIP/263-00000de5",
    "connected_line_name": "<unknown>",
    "connected_line_num": "<unknown>",
    "direction": "",
    "end_time": "",
    "extension_number": "263",
    "has_ringing": false,
    "linkedid": "1750838109.51029",
    "other_extension_number": "",
    "start_time": "2025-06-25T11:24:15",
    "status": "initiated",
    "timestamp": "2025-06-25T11:24:15",
    "type": "call_started",
    "uniqueid": "1750838109.51029"
}

{
    "channel": "SIP/263-00000de5",
    "privilege": "call,all",
    "timestamp": "2025-06-25T11:24:35",
    "type": "call_answered",
    "uniqueid": "1750838109.51029"
}

{
    "call_type": "external",
    "caller_id_name": "263-SUP10",
    "caller_id_num": "263",
    "cause": "16",
    "cause_description": "",
    "cause_txt": "",
    "channel": "SIP/263-00000de5",
    "connected_line_name": "<unknown>",
    "connected_line_num": "<unknown>",
    "direction": "out",
    "end_time": "2025-06-25T11:25:28",
    "extension_number": "263",
    "has_ringing": false,
    "linkedid": "1750838109.51029",
    "other_extension_number": "09390679157",
    "raw_event": {
        "AccountCode": "",
        "CallerIDName": "<unknown>",
        "CallerIDNum": "36944000",
        "Cause": "16",
        "Cause-txt": "Normal Clearing",
        "Channel": "SIP/263-00000de5",
        "ChannelState": "6",
        "ChannelStateDesc": "Up",
        "ConnectedLineName": "CID:36944000",
        "ConnectedLineNum": "09390679157",
        "Context": "from-internal",
        "Event": "Hangup",
        "Exten": "h",
        "Language": "pr2",
        "Linkedid": "1750838109.51029",
        "Priority": "1",
        "Privilege": "call,all",
        "Uniqueid": "1750838109.51029"
    },
    "start_time": "2025-06-25T11:24:35",
    "status": "answered",
    "timestamp": "2025-06-25T11:25:28",
    "type": "call_ended",
    "uniqueid": "1750838109.51029"
}

{
    "call_duration": 52,
    "call_type": "external",
    "caller_id_name": "263-SUP10",
    "caller_id_num": "263",
    "cause": "16",
    "cause_description": "",
    "cause_txt": "",
    "channel": "SIP/263-00000de5",
    "connected_line_name": "<unknown>",
    "connected_line_num": "<unknown>",
    "direction": "out",
    "end_time": "2025-06-25T11:25:28",
    "extension_number": "263",
    "has_ringing": false,
    "linkedid": "1750838109.51029",
    "other_extension_number": "09390679157",
    "raw_event": {
        "AccountCode": "",
        "CallerIDName": "<unknown>",
        "CallerIDNum": "36944000",
        "Cause": "16",
        "Cause-txt": "Normal Clearing",
        "Channel": "SIP/263-00000de5",
        "ChannelState": "6",
        "ChannelStateDesc": "Up",
        "ConnectedLineName": "CID:36944000",
        "ConnectedLineNum": "09390679157",
        "Context": "from-internal",
        "Event": "Hangup",
        "Exten": "h",
        "Language": "pr2",
        "Linkedid": "1750838109.51029",
        "Priority": "1",
        "Privilege": "call,all",
        "Uniqueid": "1750838109.51029"
    },
    "start_time": "2025-06-25T11:24:35",
    "status": "answered",
    "timestamp": "2025-06-25T11:25:28",
    "type": "call_summary",
    "uniqueid": "1750838109.51029"
}

{
    "call_type": "",
    "caller_id_name": "263-SUP10",
    "caller_id_num": "263",
    "channel": "SIP/263-00000df6",
    "connected_line_name": "<unknown>",
    "connected_line_num": "<unknown>",
    "direction": "",
    "end_time": "",
    "extension_number": "263",
    "has_ringing": false,
    "linkedid": "1750838359.51275",
    "other_extension_number": "",
    "start_time": "2025-06-25T11:28:25",
    "status": "initiated",
    "timestamp": "2025-06-25T11:28:25",
    "type": "call_started",
    "uniqueid": "1750838359.51275"
}

{
    "channel": "SIP/263-00000df6",
    "privilege": "call,all",
    "timestamp": "2025-06-25T11:28:34",
    "type": "call_answered",
    "uniqueid": "1750838359.51275"
}

{
    "call_type": "external",
    "caller_id_name": "263-SUP10",
    "caller_id_num": "263",
    "cause": "16",
    "cause_description": "",
    "cause_txt": "",
    "channel": "SIP/263-00000df6",
    "connected_line_name": "<unknown>",
    "connected_line_num": "<unknown>",
    "direction": "out",
    "end_time": "2025-06-25T11:29:20",
    "extension_number": "263",
    "has_ringing": false,
    "linkedid": "1750838359.51275",
    "other_extension_number": "09112247524",
    "raw_event": {
        "AccountCode": "",
        "CallerIDName": "<unknown>",
        "CallerIDNum": "36944000",
        "Cause": "16",
        "Cause-txt": "Normal Clearing",
        "Channel": "SIP/263-00000df6",
        "ChannelState": "6",
        "ChannelStateDesc": "Up",
        "ConnectedLineName": "CID:36944000",
        "ConnectedLineNum": "09112247524",
        "Context": "from-internal",
        "Event": "Hangup",
        "Exten": "h",
        "Language": "pr2",
        "Linkedid": "1750838359.51275",
        "Priority": "1",
        "Privilege": "call,all",
        "Uniqueid": "1750838359.51275"
    },
    "start_time": "2025-06-25T11:28:34",
    "status": "answered",
    "timestamp": "2025-06-25T11:29:20",
    "type": "call_ended",
    "uniqueid": "1750838359.51275"
}

{
    "call_duration": 46,
    "call_type": "external",
    "caller_id_name": "263-SUP10",
    "caller_id_num": "263",
    "cause": "16",
    "cause_description": "",
    "cause_txt": "",
    "channel": "SIP/263-00000df6",
    "connected_line_name": "<unknown>",
    "connected_line_num": "<unknown>",
    "direction": "out",
    "end_time": "2025-06-25T11:29:20",
    "extension_number": "263",
    "has_ringing": false,
    "linkedid": "1750838359.51275",
    "other_extension_number": "09112247524",
    "raw_event": {
        "AccountCode": "",
        "CallerIDName": "<unknown>",
        "CallerIDNum": "36944000",
        "Cause": "16",
        "Cause-txt": "Normal Clearing",
        "Channel": "SIP/263-00000df6",
        "ChannelState": "6",
        "ChannelStateDesc": "Up",
        "ConnectedLineName": "CID:36944000",
        "ConnectedLineNum": "09112247524",
        "Context": "from-internal",
        "Event": "Hangup",
        "Exten": "h",
        "Language": "pr2",
        "Linkedid": "1750838359.51275",
        "Priority": "1",
        "Privilege": "call,all",
        "Uniqueid": "1750838359.51275"
    },
    "start_time": "2025-06-25T11:28:34",
    "status": "answered",
    "timestamp": "2025-06-25T11:29:20",
    "type": "call_summary",
    "uniqueid": "1750838359.51275"
}

{
    "call_type": "",
    "caller_id_name": "263-SUP10",
    "caller_id_num": "263",
    "channel": "SIP/263-00000dfe",
    "connected_line_name": "<unknown>",
    "connected_line_num": "<unknown>",
    "direction": "",
    "end_time": "",
    "extension_number": "263",
    "has_ringing": false,
    "linkedid": "1750838458.51352",
    "other_extension_number": "",
    "start_time": "2025-06-25T11:30:05",
    "status": "initiated",
    "timestamp": "2025-06-25T11:30:05",
    "type": "call_started",
    "uniqueid": "1750838458.51352"
}

{
    "call_type": "external",
    "caller_id_name": "263-SUP10",
    "caller_id_num": "263",
    "cause": "16",
    "cause_description": "",
    "cause_txt": "",
    "channel": "SIP/263-00000dfe",
    "connected_line_name": "<unknown>",
    "connected_line_num": "<unknown>",
    "direction": "out",
    "end_time": "2025-06-25T11:30:42",
    "extension_number": "263",
    "has_ringing": false,
    "linkedid": "1750838458.51352",
    "other_extension_number": "09132316936",
    "raw_event": {
        "AccountCode": "",
        "CallerIDName": "<unknown>",
        "CallerIDNum": "36944000",
        "Cause": "16",
        "Cause-txt": "Normal Clearing",
        "Channel": "SIP/263-00000dfe",
        "ChannelState": "4",
        "ChannelStateDesc": "Ring",
        "ConnectedLineName": "CID:36944000",
        "ConnectedLineNum": "09132316936",
        "Context": "from-internal",
        "Event": "Hangup",
        "Exten": "h",
        "Language": "pr2",
        "Linkedid": "1750838458.51352",
        "Priority": "1",
        "Privilege": "call,all",
        "Uniqueid": "1750838458.51352"
    },
    "start_time": "2025-06-25T11:30:05",
    "status": "initiated",
    "timestamp": "2025-06-25T11:30:42",
    "type": "call_ended",
    "uniqueid": "1750838458.51352"
}

{
    "call_duration": 37,
    "call_type": "external",
    "caller_id_name": "263-SUP10",
    "caller_id_num": "263",
    "cause": "16",
    "cause_description": "",
    "cause_txt": "",
    "channel": "SIP/263-00000dfe",
    "connected_line_name": "<unknown>",
    "connected_line_num": "<unknown>",
    "direction": "out",
    "end_time": "2025-06-25T11:30:42",
    "extension_number": "263",
    "has_ringing": false,
    "linkedid": "1750838458.51352",
    "other_extension_number": "09132316936",
    "raw_event": {
        "AccountCode": "",
        "CallerIDName": "<unknown>",
        "CallerIDNum": "36944000",
        "Cause": "16",
        "Cause-txt": "Normal Clearing",
        "Channel": "SIP/263-00000dfe",
        "ChannelState": "4",
        "ChannelStateDesc": "Ring",
        "ConnectedLineName": "CID:36944000",
        "ConnectedLineNum": "09132316936",
        "Context": "from-internal",
        "Event": "Hangup",
        "Exten": "h",
        "Language": "pr2",
        "Linkedid": "1750838458.51352",
        "Priority": "1",
        "Privilege": "call,all",
        "Uniqueid": "1750838458.51352"
    },
    "start_time": "2025-06-25T11:30:05",
    "status": "initiated",
    "timestamp": "2025-06-25T11:30:42",
    "type": "call_summary",
    "uniqueid": "1750838458.51352"
}

{
    "call_type": "",
    "caller_id_name": "263-SUP10",
    "caller_id_num": "263",
    "channel": "SIP/263-00000e06",
    "connected_line_name": "<unknown>",
    "connected_line_num": "<unknown>",
    "direction": "",
    "end_time": "",
    "extension_number": "263",
    "has_ringing": false,
    "linkedid": "1750838571.51447",
    "other_extension_number": "",
    "start_time": "2025-06-25T11:31:58",
    "status": "initiated",
    "timestamp": "2025-06-25T11:31:58",
    "type": "call_started",
    "uniqueid": "1750838571.51447"
}

{
    "call_type": "external",
    "caller_id_name": "263-SUP10",
    "caller_id_num": "263",
    "cause": "16",
    "cause_description": "",
    "cause_txt": "",
    "channel": "SIP/263-00000e06",
    "connected_line_name": "<unknown>",
    "connected_line_num": "<unknown>",
    "direction": "out",
    "end_time": "2025-06-25T11:32:35",
    "extension_number": "263",
    "has_ringing": false,
    "linkedid": "1750838571.51447",
    "other_extension_number": "09163444338",
    "raw_event": {
        "AccountCode": "",
        "CallerIDName": "<unknown>",
        "CallerIDNum": "36944000",
        "Cause": "16",
        "Cause-txt": "Normal Clearing",
        "Channel": "SIP/263-00000e06",
        "ChannelState": "4",
        "ChannelStateDesc": "Ring",
        "ConnectedLineName": "CID:36944000",
        "ConnectedLineNum": "09163444338",
        "Context": "from-internal",
        "Event": "Hangup",
        "Exten": "h",
        "Language": "pr2",
        "Linkedid": "1750838571.51447",
        "Priority": "1",
        "Privilege": "call,all",
        "Uniqueid": "1750838571.51447"
    },
    "start_time": "2025-06-25T11:31:58",
    "status": "initiated",
    "timestamp": "2025-06-25T11:32:35",
    "type": "call_ended",
    "uniqueid": "1750838571.51447"
}

{
    "call_duration": 37,
    "call_type": "external",
    "caller_id_name": "263-SUP10",
    "caller_id_num": "263",
    "cause": "16",
    "cause_description": "",
    "cause_txt": "",
    "channel": "SIP/263-00000e06",
    "connected_line_name": "<unknown>",
    "connected_line_num": "<unknown>",
    "direction": "out",
    "end_time": "2025-06-25T11:32:35",
    "extension_number": "263",
    "has_ringing": false,
    "linkedid": "1750838571.51447",
    "other_extension_number": "09163444338",
    "raw_event": {
        "AccountCode": "",
        "CallerIDName": "<unknown>",
        "CallerIDNum": "36944000",
        "Cause": "16",
        "Cause-txt": "Normal Clearing",
        "Channel": "SIP/263-00000e06",
        "ChannelState": "4",
        "ChannelStateDesc": "Ring",
        "ConnectedLineName": "CID:36944000",
        "ConnectedLineNum": "09163444338",
        "Context": "from-internal",
        "Event": "Hangup",
        "Exten": "h",
        "Language": "pr2",
        "Linkedid": "1750838571.51447",
        "Priority": "1",
        "Privilege": "call,all",
        "Uniqueid": "1750838571.51447"
    },
    "start_time": "2025-06-25T11:31:58",
    "status": "initiated",
    "timestamp": "2025-06-25T11:32:35",
    "type": "call_summary",
    "uniqueid": "1750838571.51447"
}

{
    "call_type": "",
    "caller_id_name": "263-SUP10",
    "caller_id_num": "263",
    "channel": "SIP/263-00000e89",
    "connected_line_name": "<unknown>",
    "connected_line_num": "<unknown>",
    "direction": "",
    "end_time": "",
    "extension_number": "263",
    "has_ringing": false,
    "linkedid": "1750839540.53005",
    "other_extension_number": "",
    "start_time": "2025-06-25T11:48:07",
    "status": "initiated",
    "timestamp": "2025-06-25T11:48:07",
    "type": "call_started",
    "uniqueid": "1750839540.53013"
}

{
    "channel": "SIP/263-00000e89",
    "privilege": "call,all",
    "timestamp": "2025-06-25T11:48:07",
    "type": "call_ringing",
    "uniqueid": "1750839540.53013"
}

{
    "channel": "SIP/263-00000e89",
    "privilege": "call,all",
    "timestamp": "2025-06-25T11:48:11",
    "type": "call_answered",
    "uniqueid": "1750839540.53013"
}

{
    "call_type": "",
    "caller_id_name": "263-SUP10",
    "caller_id_num": "263",
    "channel": "SIP/263-00000e90",
    "connected_line_name": "<unknown>",
    "connected_line_num": "<unknown>",
    "direction": "",
    "end_time": "",
    "extension_number": "263",
    "has_ringing": false,
    "linkedid": "1750839566.53092",
    "other_extension_number": "",
    "start_time": "2025-06-25T11:48:32",
    "status": "initiated",
    "timestamp": "2025-06-25T11:48:32",
    "type": "call_started",
    "uniqueid": "1750839566.53092"
}

{
    "channel": "SIP/263-00000e90",
    "privilege": "call,all",
    "timestamp": "2025-06-25T11:48:51",
    "type": "call_answered",
    "uniqueid": "1750839566.53092"
}

{
    "call_type": "internal",
    "caller_id_name": "263-SUP10",
    "caller_id_num": "263",
    "cause": "16",
    "cause_description": "",
    "cause_txt": "",
    "channel": "SIP/263-00000e90",
    "connected_line_name": "<unknown>",
    "connected_line_num": "<unknown>",
    "direction": "out",
    "end_time": "2025-06-25T11:49:37",
    "extension_number": "263",
    "has_ringing": false,
    "linkedid": "1750839566.53092",
    "other_extension_number": "236",
    "raw_event": {
        "AccountCode": "",
        "CallerIDName": "263-SUP10",
        "CallerIDNum": "263",
        "Cause": "16",
        "Cause-txt": "Normal Clearing",
        "Channel": "SIP/263-00000e90",
        "ChannelState": "6",
        "ChannelStateDesc": "Up",
        "ConnectedLineName": "236-FIN6",
        "ConnectedLineNum": "236",
        "Context": "from-internal",
        "Event": "Hangup",
        "Exten": "h",
        "Language": "pr2",
        "Linkedid": "1750839566.53092",
        "Priority": "1",
        "Privilege": "call,all",
        "Uniqueid": "1750839566.53092"
    },
    "start_time": "2025-06-25T11:48:51",
    "status": "answered",
    "timestamp": "2025-06-25T11:49:37",
    "type": "call_ended",
    "uniqueid": "1750839566.53092"
}

{
    "call_duration": 46,
    "call_type": "internal",
    "caller_id_name": "263-SUP10",
    "caller_id_num": "263",
    "cause": "16",
    "cause_description": "",
    "cause_txt": "",
    "channel": "SIP/263-00000e90",
    "connected_line_name": "<unknown>",
    "connected_line_num": "<unknown>",
    "direction": "out",
    "end_time": "2025-06-25T11:49:37",
    "extension_number": "263",
    "has_ringing": false,
    "linkedid": "1750839566.53092",
    "other_extension_number": "236",
    "raw_event": {
        "AccountCode": "",
        "CallerIDName": "263-SUP10",
        "CallerIDNum": "263",
        "Cause": "16",
        "Cause-txt": "Normal Clearing",
        "Channel": "SIP/263-00000e90",
        "ChannelState": "6",
        "ChannelStateDesc": "Up",
        "ConnectedLineName": "236-FIN6",
        "ConnectedLineNum": "236",
        "Context": "from-internal",
        "Event": "Hangup",
        "Exten": "h",
        "Language": "pr2",
        "Linkedid": "1750839566.53092",
        "Priority": "1",
        "Privilege": "call,all",
        "Uniqueid": "1750839566.53092"
    },
    "start_time": "2025-06-25T11:48:51",
    "status": "answered",
    "timestamp": "2025-06-25T11:49:37",
    "type": "call_summary",
    "uniqueid": "1750839566.53092"
}

{
    "call_type": "",
    "caller_id_name": "263-SUP10",
    "caller_id_num": "263",
    "channel": "SIP/263-00000eb7",
    "connected_line_name": "<unknown>",
    "connected_line_num": "<unknown>",
    "direction": "",
    "end_time": "",
    "extension_number": "263",
    "has_ringing": false,
    "linkedid": "1750839749.53577",
    "other_extension_number": "",
    "start_time": "2025-06-25T11:51:36",
    "status": "initiated",
    "timestamp": "2025-06-25T11:51:36",
    "type": "call_started",
    "uniqueid": "1750839749.53577"
}

{
    "channel": "SIP/263-00000eb7",
    "privilege": "call,all",
    "timestamp": "2025-06-25T11:51:51",
    "type": "call_answered",
    "uniqueid": "1750839749.53577"
}

{
    "call_type": "internal",
    "caller_id_name": "263-SUP10",
    "caller_id_num": "263",
    "cause": "16",
    "cause_description": "",
    "cause_txt": "",
    "channel": "SIP/263-00000eb7",
    "connected_line_name": "<unknown>",
    "connected_line_num": "<unknown>",
    "direction": "out",
    "end_time": "2025-06-25T11:51:55",
    "extension_number": "263",
    "has_ringing": false,
    "linkedid": "1750839749.53577",
    "other_extension_number": "103",
    "raw_event": {
        "AccountCode": "",
        "CallerIDName": "263-SUP10",
        "CallerIDNum": "263",
        "Cause": "16",
        "Cause-txt": "Normal Clearing",
        "Channel": "SIP/263-00000eb7",
        "ChannelState": "6",
        "ChannelStateDesc": "Up",
        "ConnectedLineName": "CID:263",
        "ConnectedLineNum": "103",
        "Context": "from-internal",
        "Event": "Hangup",
        "Exten": "h",
        "Language": "pr2",
        "Linkedid": "1750839749.53577",
        "Priority": "1",
        "Privilege": "call,all",
        "Uniqueid": "1750839749.53577"
    },
    "start_time": "2025-06-25T11:51:51",
    "status": "answered",
    "timestamp": "2025-06-25T11:51:55",
    "type": "call_ended",
    "uniqueid": "1750839749.53577"
}

{
    "call_duration": 4,
    "call_type": "internal",
    "caller_id_name": "263-SUP10",
    "caller_id_num": "263",
    "cause": "16",
    "cause_description": "",
    "cause_txt": "",
    "channel": "SIP/263-00000eb7",
    "connected_line_name": "<unknown>",
    "connected_line_num": "<unknown>",
    "direction": "out",
    "end_time": "2025-06-25T11:51:55",
    "extension_number": "263",
    "has_ringing": false,
    "linkedid": "1750839749.53577",
    "other_extension_number": "103",
    "raw_event": {
        "AccountCode": "",
        "CallerIDName": "263-SUP10",
        "CallerIDNum": "263",
        "Cause": "16",
        "Cause-txt": "Normal Clearing",
        "Channel": "SIP/263-00000eb7",
        "ChannelState": "6",
        "ChannelStateDesc": "Up",
        "ConnectedLineName": "CID:263",
        "ConnectedLineNum": "103",
        "Context": "from-internal",
        "Event": "Hangup",
        "Exten": "h",
        "Language": "pr2",
        "Linkedid": "1750839749.53577",
        "Priority": "1",
        "Privilege": "call,all",
        "Uniqueid": "1750839749.53577"
    },
    "start_time": "2025-06-25T11:51:51",
    "status": "answered",
    "timestamp": "2025-06-25T11:51:55",
    "type": "call_summary",
    "uniqueid": "1750839749.53577"
}

{
    "call_type": "",
    "caller_id_name": "263-SUP10",
    "caller_id_num": "263",
    "channel": "SIP/263-00000ebd",
    "connected_line_name": "<unknown>",
    "connected_line_num": "<unknown>",
    "direction": "",
    "end_time": "",
    "extension_number": "263",
    "has_ringing": false,
    "linkedid": "1750839771.53670",
    "other_extension_number": "",
    "start_time": "2025-06-25T11:51:57",
    "status": "initiated",
    "timestamp": "2025-06-25T11:51:57",
    "type": "call_started",
    "uniqueid": "1750839771.53670"
}

{
    "call_type": "internal",
    "caller_id_name": "263-SUP10",
    "caller_id_num": "263",
    "cause": "16",
    "cause_description": "",
    "cause_txt": "",
    "channel": "SIP/263-00000ebd",
    "connected_line_name": "<unknown>",
    "connected_line_num": "<unknown>",
    "direction": "out",
    "end_time": "2025-06-25T11:52:11",
    "extension_number": "263",
    "has_ringing": false,
    "linkedid": "1750839771.53670",
    "other_extension_number": "101",
    "raw_event": {
        "AccountCode": "",
        "CallerIDName": "263-SUP10",
        "CallerIDNum": "263",
        "Cause": "16",
        "Cause-txt": "Normal Clearing",
        "Channel": "SIP/263-00000ebd",
        "ChannelState": "4",
        "ChannelStateDesc": "Ring",
        "ConnectedLineName": "CID:263",
        "ConnectedLineNum": "101",
        "Context": "from-internal",
        "Event": "Hangup",
        "Exten": "h",
        "Language": "pr2",
        "Linkedid": "1750839771.53670",
        "Priority": "1",
        "Privilege": "call,all",
        "Uniqueid": "1750839771.53670"
    },
    "start_time": "2025-06-25T11:51:57",
    "status": "initiated",
    "timestamp": "2025-06-25T11:52:11",
    "type": "call_ended",
    "uniqueid": "1750839771.53670"
}

{
    "call_duration": 13,
    "call_type": "internal",
    "caller_id_name": "263-SUP10",
    "caller_id_num": "263",
    "cause": "16",
    "cause_description": "",
    "cause_txt": "",
    "channel": "SIP/263-00000ebd",
    "connected_line_name": "<unknown>",
    "connected_line_num": "<unknown>",
    "direction": "out",
    "end_time": "2025-06-25T11:52:11",
    "extension_number": "263",
    "has_ringing": false,
    "linkedid": "1750839771.53670",
    "other_extension_number": "101",
    "raw_event": {
        "AccountCode": "",
        "CallerIDName": "263-SUP10",
        "CallerIDNum": "263",
        "Cause": "16",
        "Cause-txt": "Normal Clearing",
        "Channel": "SIP/263-00000ebd",
        "ChannelState": "4",
        "ChannelStateDesc": "Ring",
        "ConnectedLineName": "CID:263",
        "ConnectedLineNum": "101",
        "Context": "from-internal",
        "Event": "Hangup",
        "Exten": "h",
        "Language": "pr2",
        "Linkedid": "1750839771.53670",
        "Priority": "1",
        "Privilege": "call,all",
        "Uniqueid": "1750839771.53670"
    },
    "start_time": "2025-06-25T11:51:57",
    "status": "initiated",
    "timestamp": "2025-06-25T11:52:11",
    "type": "call_summary",
    "uniqueid": "1750839771.53670"
}

{
    "call_type": "",
    "caller_id_name": "263-SUP10",
    "caller_id_num": "263",
    "channel": "SIP/263-00000ecb",
    "connected_line_name": "<unknown>",
    "connected_line_num": "<unknown>",
    "direction": "",
    "end_time": "",
    "extension_number": "263",
    "has_ringing": false,
    "linkedid": "1750839818.53809",
    "other_extension_number": "",
    "start_time": "2025-06-25T11:52:44",
    "status": "initiated",
    "timestamp": "2025-06-25T11:52:44",
    "type": "call_started",
    "uniqueid": "1750839818.53809"
}

{
    "channel": "SIP/263-00000ecb",
    "privilege": "call,all",
    "timestamp": "2025-06-25T11:52:44",
    "type": "call_answered",
    "uniqueid": "1750839818.53809"
}

{
    "call_type": "external",
    "caller_id_name": "263-SUP10",
    "caller_id_num": "263",
    "cause": "0",
    "cause_description": "",
    "cause_txt": "",
    "channel": "SIP/263-00000ecb",
    "connected_line_name": "<unknown>",
    "connected_line_num": "<unknown>",
    "direction": "out",
    "end_time": "2025-06-25T11:52:48",
    "extension_number": "263",
    "has_ringing": false,
    "linkedid": "1750839818.53809",
    "other_extension_number": "<unknown>",
    "raw_event": {
        "AccountCode": "",
        "CallerIDName": "263-SUP10",
        "CallerIDNum": "263",
        "Cause": "0",
        "Cause-txt": "Unknown",
        "Channel": "SIP/263-00000ecb",
        "ChannelState": "6",
        "ChannelStateDesc": "Up",
        "ConnectedLineName": "<unknown>",
        "ConnectedLineNum": "<unknown>",
        "Context": "app-announcement-2",
        "Event": "Hangup",
        "Exten": "s",
        "Language": "pr2",
        "Linkedid": "1750839818.53809",
        "Priority": "5",
        "Privilege": "call,all",
        "Uniqueid": "1750839818.53809"
    },
    "start_time": "2025-06-25T11:52:44",
    "status": "answered",
    "timestamp": "2025-06-25T11:52:48",
    "type": "call_ended",
    "uniqueid": "1750839818.53809"
}

{
    "call_duration": 4,
    "call_type": "external",
    "caller_id_name": "263-SUP10",
    "caller_id_num": "263",
    "cause": "0",
    "cause_description": "",
    "cause_txt": "",
    "channel": "SIP/263-00000ecb",
    "connected_line_name": "<unknown>",
    "connected_line_num": "<unknown>",
    "direction": "out",
    "end_time": "2025-06-25T11:52:48",
    "extension_number": "263",
    "has_ringing": false,
    "linkedid": "1750839818.53809",
    "other_extension_number": "<unknown>",
    "raw_event": {
        "AccountCode": "",
        "CallerIDName": "263-SUP10",
        "CallerIDNum": "263",
        "Cause": "0",
        "Cause-txt": "Unknown",
        "Channel": "SIP/263-00000ecb",
        "ChannelState": "6",
        "ChannelStateDesc": "Up",
        "ConnectedLineName": "<unknown>",
        "ConnectedLineNum": "<unknown>",
        "Context": "app-announcement-2",
        "Event": "Hangup",
        "Exten": "s",
        "Language": "pr2",
        "Linkedid": "1750839818.53809",
        "Priority": "5",
        "Privilege": "call,all",
        "Uniqueid": "1750839818.53809"
    },
    "start_time": "2025-06-25T11:52:44",
    "status": "answered",
    "timestamp": "2025-06-25T11:52:48",
    "type": "call_summary",
    "uniqueid": "1750839818.53809"
}

{
    "call_type": "",
    "caller_id_name": "263-SUP10",
    "caller_id_num": "263",
    "channel": "SIP/263-00000ece",
    "connected_line_name": "<unknown>",
    "connected_line_num": "<unknown>",
    "direction": "",
    "end_time": "",
    "extension_number": "263",
    "has_ringing": false,
    "linkedid": "1750839824.53890",
    "other_extension_number": "",
    "start_time": "2025-06-25T11:52:51",
    "status": "initiated",
    "timestamp": "2025-06-25T11:52:51",
    "type": "call_started",
    "uniqueid": "1750839824.53890"
}

{
    "channel": "SIP/263-00000ece",
    "privilege": "call,all",
    "timestamp": "2025-06-25T11:52:51",
    "type": "call_answered",
    "uniqueid": "1750839824.53890"
}

{
    "call_type": "external",
    "caller_id_name": "263-SUP10",
    "caller_id_num": "263",
    "cause": "0",
    "cause_description": "",
    "cause_txt": "",
    "channel": "SIP/263-00000ece",
    "connected_line_name": "<unknown>",
    "connected_line_num": "<unknown>",
    "direction": "out",
    "end_time": "2025-06-25T11:52:53",
    "extension_number": "263",
    "has_ringing": false,
    "linkedid": "1750839824.53890",
    "other_extension_number": "<unknown>",
    "raw_event": {
        "AccountCode": "",
        "CallerIDName": "263-SUP10",
        "CallerIDNum": "263",
        "Cause": "0",
        "Cause-txt": "Unknown",
        "Channel": "SIP/263-00000ece",
        "ChannelState": "6",
        "ChannelStateDesc": "Up",
        "ConnectedLineName": "<unknown>",
        "ConnectedLineNum": "<unknown>",
        "Context": "app-announcement-2",
        "Event": "Hangup",
        "Exten": "s",
        "Language": "pr2",
        "Linkedid": "1750839824.53890",
        "Priority": "5",
        "Privilege": "call,all",
        "Uniqueid": "1750839824.53890"
    },
    "start_time": "2025-06-25T11:52:51",
    "status": "answered",
    "timestamp": "2025-06-25T11:52:53",
    "type": "call_ended",
    "uniqueid": "1750839824.53890"
}

{
    "call_duration": 1,
    "call_type": "external",
    "caller_id_name": "263-SUP10",
    "caller_id_num": "263",
    "cause": "0",
    "cause_description": "",
    "cause_txt": "",
    "channel": "SIP/263-00000ece",
    "connected_line_name": "<unknown>",
    "connected_line_num": "<unknown>",
    "direction": "out",
    "end_time": "2025-06-25T11:52:53",
    "extension_number": "263",
    "has_ringing": false,
    "linkedid": "1750839824.53890",
    "other_extension_number": "<unknown>",
    "raw_event": {
        "AccountCode": "",
        "CallerIDName": "263-SUP10",
        "CallerIDNum": "263",
        "Cause": "0",
        "Cause-txt": "Unknown",
        "Channel": "SIP/263-00000ece",
        "ChannelState": "6",
        "ChannelStateDesc": "Up",
        "ConnectedLineName": "<unknown>",
        "ConnectedLineNum": "<unknown>",
        "Context": "app-announcement-2",
        "Event": "Hangup",
        "Exten": "s",
        "Language": "pr2",
        "Linkedid": "1750839824.53890",
        "Priority": "5",
        "Privilege": "call,all",
        "Uniqueid": "1750839824.53890"
    },
    "start_time": "2025-06-25T11:52:51",
    "status": "answered",
    "timestamp": "2025-06-25T11:52:53",
    "type": "call_summary",
    "uniqueid": "1750839824.53890"
}

{
    "call_type": "external",
    "caller_id_name": "263-SUP10",
    "caller_id_num": "263",
    "cause": "16",
    "cause_description": "",
    "cause_txt": "",
    "channel": "SIP/263-00000e89",
    "connected_line_name": "<unknown>",
    "connected_line_num": "<unknown>",
    "direction": "in",
    "end_time": "2025-06-25T11:53:05",
    "extension_number": "263",
    "has_ringing": true,
    "linkedid": "1750839540.53005",
    "other_extension_number": "9124619507",
    "raw_event": {
        "AccountCode": "",
        "CallerIDName": "263-SUP10",
        "CallerIDNum": "263",
        "Cause": "16",
        "Cause-txt": "Normal Clearing",
        "Channel": "SIP/263-00000e89",
        "ChannelState": "6",
        "ChannelStateDesc": "Up",
        "ConnectedLineName": "9124619507",
        "ConnectedLineNum": "9124619507",
        "Context": "macro-dial-one",
        "Event": "Hangup",
        "Exten": "s",
        "Language": "pr2",
        "Linkedid": "1750839540.53005",
        "Priority": "1",
        "Privilege": "call,all",
        "Uniqueid": "1750839540.53013"
    },
    "start_time": "2025-06-25T11:48:11",
    "status": "answered",
    "timestamp": "2025-06-25T11:53:05",
    "type": "call_ended",
    "uniqueid": "1750839540.53013"
}

{
    "call_duration": 294,
    "call_type": "external",
    "caller_id_name": "263-SUP10",
    "caller_id_num": "263",
    "cause": "16",
    "cause_description": "",
    "cause_txt": "",
    "channel": "SIP/263-00000e89",
    "connected_line_name": "<unknown>",
    "connected_line_num": "<unknown>",
    "direction": "in",
    "end_time": "2025-06-25T11:53:05",
    "extension_number": "263",
    "has_ringing": true,
    "linkedid": "1750839540.53005",
    "other_extension_number": "9124619507",
    "raw_event": {
        "AccountCode": "",
        "CallerIDName": "263-SUP10",
        "CallerIDNum": "263",
        "Cause": "16",
        "Cause-txt": "Normal Clearing",
        "Channel": "SIP/263-00000e89",
        "ChannelState": "6",
        "ChannelStateDesc": "Up",
        "ConnectedLineName": "9124619507",
        "ConnectedLineNum": "9124619507",
        "Context": "macro-dial-one",
        "Event": "Hangup",
        "Exten": "s",
        "Language": "pr2",
        "Linkedid": "1750839540.53005",
        "Priority": "1",
        "Privilege": "call,all",
        "Uniqueid": "1750839540.53013"
    },
    "start_time": "2025-06-25T11:48:11",
    "status": "answered",
    "timestamp": "2025-06-25T11:53:05",
    "type": "call_summary",
    "uniqueid": "1750839540.53013"
}

{
    "call_type": "",
    "caller_id_name": "263-SUP10",
    "caller_id_num": "263",
    "channel": "SIP/263-00000ed2",
    "connected_line_name": "<unknown>",
    "connected_line_num": "<unknown>",
    "direction": "",
    "end_time": "",
    "extension_number": "263",
    "has_ringing": false,
    "linkedid": "1750839843.53944",
    "other_extension_number": "",
    "start_time": "2025-06-25T11:53:10",
    "status": "initiated",
    "timestamp": "2025-06-25T11:53:10",
    "type": "call_started",
    "uniqueid": "1750839843.53944"
}

{
    "channel": "SIP/263-00000ed2",
    "privilege": "call,all",
    "timestamp": "2025-06-25T11:53:11",
    "type": "call_answered",
    "uniqueid": "1750839843.53944"
}

{
    "call_type": "external",
    "caller_id_name": "263-SUP10",
    "caller_id_num": "263",
    "cause": "0",
    "cause_description": "",
    "cause_txt": "",
    "channel": "SIP/263-00000ed2",
    "connected_line_name": "<unknown>",
    "connected_line_num": "<unknown>",
    "direction": "out",
    "end_time": "2025-06-25T11:53:12",
    "extension_number": "263",
    "has_ringing": false,
    "linkedid": "1750839843.53944",
    "other_extension_number": "<unknown>",
    "raw_event": {
        "AccountCode": "",
        "CallerIDName": "263-SUP10",
        "CallerIDNum": "263",
        "Cause": "0",
        "Cause-txt": "Unknown",
        "Channel": "SIP/263-00000ed2",
        "ChannelState": "6",
        "ChannelStateDesc": "Up",
        "ConnectedLineName": "<unknown>",
        "ConnectedLineNum": "<unknown>",
        "Context": "app-announcement-2",
        "Event": "Hangup",
        "Exten": "s",
        "Language": "pr2",
        "Linkedid": "1750839843.53944",
        "Priority": "5",
        "Privilege": "call,all",
        "Uniqueid": "1750839843.53944"
    },
    "start_time": "2025-06-25T11:53:11",
    "status": "answered",
    "timestamp": "2025-06-25T11:53:12",
    "type": "call_ended",
    "uniqueid": "1750839843.53944"
}

{
    "call_duration": 1,
    "call_type": "external",
    "caller_id_name": "263-SUP10",
    "caller_id_num": "263",
    "cause": "0",
    "cause_description": "",
    "cause_txt": "",
    "channel": "SIP/263-00000ed2",
    "connected_line_name": "<unknown>",
    "connected_line_num": "<unknown>",
    "direction": "out",
    "end_time": "2025-06-25T11:53:12",
    "extension_number": "263",
    "has_ringing": false,
    "linkedid": "1750839843.53944",
    "other_extension_number": "<unknown>",
    "raw_event": {
        "AccountCode": "",
        "CallerIDName": "263-SUP10",
        "CallerIDNum": "263",
        "Cause": "0",
        "Cause-txt": "Unknown",
        "Channel": "SIP/263-00000ed2",
        "ChannelState": "6",
        "ChannelStateDesc": "Up",
        "ConnectedLineName": "<unknown>",
        "ConnectedLineNum": "<unknown>",
        "Context": "app-announcement-2",
        "Event": "Hangup",
        "Exten": "s",
        "Language": "pr2",
        "Linkedid": "1750839843.53944",
        "Priority": "5",
        "Privilege": "call,all",
        "Uniqueid": "1750839843.53944"
    },
    "start_time": "2025-06-25T11:53:11",
    "status": "answered",
    "timestamp": "2025-06-25T11:53:12",
    "type": "call_summary",
    "uniqueid": "1750839843.53944"
}

{
    "call_type": "",
    "caller_id_name": "263-SUP10",
    "caller_id_num": "263",
    "channel": "SIP/263-00000ee9",
    "connected_line_name": "<unknown>",
    "connected_line_num": "<unknown>",
    "direction": "",
    "end_time": "",
    "extension_number": "263",
    "has_ringing": false,
    "linkedid": "1750839943.54158",
    "other_extension_number": "",
    "start_time": "2025-06-25T11:54:49",
    "status": "initiated",
    "timestamp": "2025-06-25T11:54:49",
    "type": "call_started",
    "uniqueid": "1750839943.54158"
}

{
    "channel": "SIP/263-00000ee9",
    "privilege": "call,all",
    "timestamp": "2025-06-25T11:54:56",
    "type": "call_answered",
    "uniqueid": "1750839943.54158"
}

{
    "call_type": "external",
    "caller_id_name": "263-SUP10",
    "caller_id_num": "263",
    "cause": "16",
    "cause_description": "",
    "cause_txt": "",
    "channel": "SIP/263-00000ee9",
    "connected_line_name": "<unknown>",
    "connected_line_num": "<unknown>",
    "direction": "out",
    "end_time": "2025-06-25T11:55:48",
    "extension_number": "263",
    "has_ringing": false,
    "linkedid": "1750839943.54158",
    "other_extension_number": "09119276359",
    "raw_event": {
        "AccountCode": "",
        "CallerIDName": "<unknown>",
        "CallerIDNum": "36944000",
        "Cause": "16",
        "Cause-txt": "Normal Clearing",
        "Channel": "SIP/263-00000ee9",
        "ChannelState": "6",
        "ChannelStateDesc": "Up",
        "ConnectedLineName": "CID:36944000",
        "ConnectedLineNum": "09119276359",
        "Context": "from-internal",
        "Event": "Hangup",
        "Exten": "h",
        "Language": "pr2",
        "Linkedid": "1750839943.54158",
        "Priority": "1",
        "Privilege": "call,all",
        "Uniqueid": "1750839943.54158"
    },
    "start_time": "2025-06-25T11:54:56",
    "status": "answered",
    "timestamp": "2025-06-25T11:55:48",
    "type": "call_ended",
    "uniqueid": "1750839943.54158"
}

{
    "call_duration": 52,
    "call_type": "external",
    "caller_id_name": "263-SUP10",
    "caller_id_num": "263",
    "cause": "16",
    "cause_description": "",
    "cause_txt": "",
    "channel": "SIP/263-00000ee9",
    "connected_line_name": "<unknown>",
    "connected_line_num": "<unknown>",
    "direction": "out",
    "end_time": "2025-06-25T11:55:48",
    "extension_number": "263",
    "has_ringing": false,
    "linkedid": "1750839943.54158",
    "other_extension_number": "09119276359",
    "raw_event": {
        "AccountCode": "",
        "CallerIDName": "<unknown>",
        "CallerIDNum": "36944000",
        "Cause": "16",
        "Cause-txt": "Normal Clearing",
        "Channel": "SIP/263-00000ee9",
        "ChannelState": "6",
        "ChannelStateDesc": "Up",
        "ConnectedLineName": "CID:36944000",
        "ConnectedLineNum": "09119276359",
        "Context": "from-internal",
        "Event": "Hangup",
        "Exten": "h",
        "Language": "pr2",
        "Linkedid": "1750839943.54158",
        "Priority": "1",
        "Privilege": "call,all",
        "Uniqueid": "1750839943.54158"
    },
    "start_time": "2025-06-25T11:54:56",
    "status": "answered",
    "timestamp": "2025-06-25T11:55:48",
    "type": "call_summary",
    "uniqueid": "1750839943.54158"
}

{
    "call_type": "",
    "caller_id_name": "263-SUP10",
    "caller_id_num": "263",
    "channel": "SIP/263-00000f09",
    "connected_line_name": "<unknown>",
    "connected_line_num": "<unknown>",
    "direction": "",
    "end_time": "",
    "extension_number": "263",
    "has_ringing": false,
    "linkedid": "1750840142.54475",
    "other_extension_number": "",
    "start_time": "2025-06-25T11:58:10",
    "status": "initiated",
    "timestamp": "2025-06-25T11:58:10",
    "type": "call_started",
    "uniqueid": "1750840143.54483"
}

{
    "channel": "SIP/263-00000f09",
    "privilege": "call,all",
    "timestamp": "2025-06-25T11:58:10",
    "type": "call_ringing",
    "uniqueid": "1750840143.54483"
}

{
    "channel": "SIP/263-00000f09",
    "privilege": "call,all",
    "timestamp": "2025-06-25T11:58:13",
    "type": "call_answered",
    "uniqueid": "1750840143.54483"
}

{
    "call_type": "internal",
    "caller_id_name": "263-SUP10",
    "caller_id_num": "263",
    "cause": "16",
    "cause_description": "",
    "cause_txt": "",
    "channel": "SIP/263-00000f09",
    "connected_line_name": "<unknown>",
    "connected_line_num": "<unknown>",
    "direction": "in",
    "end_time": "2025-06-25T11:58:31",
    "extension_number": "263",
    "has_ringing": true,
    "linkedid": "1750840142.54475",
    "other_extension_number": "121",
    "raw_event": {
        "AccountCode": "",
        "CallerIDName": "263-SUP10",
        "CallerIDNum": "263",
        "Cause": "16",
        "Cause-txt": "Normal Clearing",
        "Channel": "SIP/263-00000f09",
        "ChannelState": "6",
        "ChannelStateDesc": "Up",
        "ConnectedLineName": "121-SAL2",
        "ConnectedLineNum": "121",
        "Context": "macro-dial-one",
        "Event": "Hangup",
        "Exten": "s",
        "Language": "pr2",
        "Linkedid": "1750840142.54475",
        "Priority": "1",
        "Privilege": "call,all",
        "Uniqueid": "1750840143.54483"
    },
    "start_time": "2025-06-25T11:58:13",
    "status": "answered",
    "timestamp": "2025-06-25T11:58:31",
    "type": "call_ended",
    "uniqueid": "1750840143.54483"
}

{
    "call_duration": 18,
    "call_type": "internal",
    "caller_id_name": "263-SUP10",
    "caller_id_num": "263",
    "cause": "16",
    "cause_description": "",
    "cause_txt": "",
    "channel": "SIP/263-00000f09",
    "connected_line_name": "<unknown>",
    "connected_line_num": "<unknown>",
    "direction": "in",
    "end_time": "2025-06-25T11:58:31",
    "extension_number": "263",
    "has_ringing": true,
    "linkedid": "1750840142.54475",
    "other_extension_number": "121",
    "raw_event": {
        "AccountCode": "",
        "CallerIDName": "263-SUP10",
        "CallerIDNum": "263",
        "Cause": "16",
        "Cause-txt": "Normal Clearing",
        "Channel": "SIP/263-00000f09",
        "ChannelState": "6",
        "ChannelStateDesc": "Up",
        "ConnectedLineName": "121-SAL2",
        "ConnectedLineNum": "121",
        "Context": "macro-dial-one",
        "Event": "Hangup",
        "Exten": "s",
        "Language": "pr2",
        "Linkedid": "1750840142.54475",
        "Priority": "1",
        "Privilege": "call,all",
        "Uniqueid": "1750840143.54483"
    },
    "start_time": "2025-06-25T11:58:13",
    "status": "answered",
    "timestamp": "2025-06-25T11:58:31",
    "type": "call_summary",
    "uniqueid": "1750840143.54483"
}

{
    "call_type": "",
    "caller_id_name": "263-SUP10",
    "caller_id_num": "263",
    "channel": "SIP/263-00000f0c",
    "connected_line_name": "<unknown>",
    "connected_line_num": "<unknown>",
    "direction": "",
    "end_time": "",
    "extension_number": "263",
    "has_ringing": false,
    "linkedid": "1750839874.53988",
    "other_extension_number": "",
    "start_time": "2025-06-25T11:58:35",
    "status": "initiated",
    "timestamp": "2025-06-25T11:58:35",
    "type": "call_started",
    "uniqueid": "1750840168.54532"
}

{
    "channel": "SIP/263-00000f0c",
    "privilege": "call,all",
    "timestamp": "2025-06-25T11:58:35",
    "type": "call_ringing",
    "uniqueid": "1750840168.54532"
}

{
    "channel": "SIP/263-00000f0c",
    "privilege": "call,all",
    "timestamp": "2025-06-25T11:58:37",
    "type": "call_answered",
    "uniqueid": "1750840168.54532"
}

{
    "call_type": "external",
    "caller_id_name": "263-SUP10",
    "caller_id_num": "263",
    "cause": "16",
    "cause_description": "",
    "cause_txt": "",
    "channel": "SIP/263-00000f0c",
    "connected_line_name": "<unknown>",
    "connected_line_num": "<unknown>",
    "direction": "in",
    "end_time": "2025-06-25T11:58:58",
    "extension_number": "263",
    "has_ringing": true,
    "linkedid": "1750839874.53988",
    "other_extension_number": "9165048005",
    "raw_event": {
        "AccountCode": "",
        "CallerIDName": "263-SUP10",
        "CallerIDNum": "263",
        "Cause": "16",
        "Cause-txt": "Normal Clearing",
        "Channel": "SIP/263-00000f0c",
        "ChannelState": "6",
        "ChannelStateDesc": "Up",
        "ConnectedLineName": "9165048005",
        "ConnectedLineNum": "9165048005",
        "Context": "macro-dial-one",
        "Event": "Hangup",
        "Exten": "s",
        "Language": "pr2",
        "Linkedid": "1750839874.53988",
        "Priority": "1",
        "Privilege": "call,all",
        "Uniqueid": "1750840168.54532"
    },
    "start_time": "2025-06-25T11:58:37",
    "status": "answered",
    "timestamp": "2025-06-25T11:58:58",
    "type": "call_ended",
    "uniqueid": "1750840168.54532"
}

{
    "call_duration": 21,
    "call_type": "external",
    "caller_id_name": "263-SUP10",
    "caller_id_num": "263",
    "cause": "16",
    "cause_description": "",
    "cause_txt": "",
    "channel": "SIP/263-00000f0c",
    "connected_line_name": "<unknown>",
    "connected_line_num": "<unknown>",
    "direction": "in",
    "end_time": "2025-06-25T11:58:58",
    "extension_number": "263",
    "has_ringing": true,
    "linkedid": "1750839874.53988",
    "other_extension_number": "9165048005",
    "raw_event": {
        "AccountCode": "",
        "CallerIDName": "263-SUP10",
        "CallerIDNum": "263",
        "Cause": "16",
        "Cause-txt": "Normal Clearing",
        "Channel": "SIP/263-00000f0c",
        "ChannelState": "6",
        "ChannelStateDesc": "Up",
        "ConnectedLineName": "9165048005",
        "ConnectedLineNum": "9165048005",
        "Context": "macro-dial-one",
        "Event": "Hangup",
        "Exten": "s",
        "Language": "pr2",
        "Linkedid": "1750839874.53988",
        "Priority": "1",
        "Privilege": "call,all",
        "Uniqueid": "1750840168.54532"
    },
    "start_time": "2025-06-25T11:58:37",
    "status": "answered",
    "timestamp": "2025-06-25T11:58:58",
    "type": "call_summary",
    "uniqueid": "1750840168.54532"
}

{
    "call_type": "",
    "caller_id_name": "263-SUP10",
    "caller_id_num": "263",
    "channel": "SIP/263-00000f1a",
    "connected_line_name": "<unknown>",
    "connected_line_num": "<unknown>",
    "direction": "",
    "end_time": "",
    "extension_number": "263",
    "has_ringing": false,
    "linkedid": "1750840320.54709",
    "other_extension_number": "",
    "start_time": "2025-06-25T12:01:07",
    "status": "initiated",
    "timestamp": "2025-06-25T12:01:07",
    "type": "call_started",
    "uniqueid": "1750840320.54719"
}

{
    "channel": "SIP/263-00000f1a",
    "privilege": "call,all",
    "timestamp": "2025-06-25T12:01:07",
    "type": "call_ringing",
    "uniqueid": "1750840320.54719"
}

{
    "channel": "SIP/263-00000f1a",
    "privilege": "call,all",
    "timestamp": "2025-06-25T12:01:10",
    "type": "call_answered",
    "uniqueid": "1750840320.54719"
}

{
    "call_type": "internal",
    "caller_id_name": "263-SUP10",
    "caller_id_num": "263",
    "cause": "16",
    "cause_description": "",
    "cause_txt": "",
    "channel": "SIP/263-00000f1a",
    "connected_line_name": "<unknown>",
    "connected_line_num": "<unknown>",
    "direction": "in",
    "end_time": "2025-06-25T12:03:04",
    "extension_number": "263",
    "has_ringing": true,
    "linkedid": "1750840320.54709",
    "other_extension_number": "125",
    "raw_event": {
        "AccountCode": "",
        "CallerIDName": "263-SUP10",
        "CallerIDNum": "263",
        "Cause": "16",
        "Cause-txt": "Normal Clearing",
        "Channel": "SIP/263-00000f1a",
        "ChannelState": "6",
        "ChannelStateDesc": "Up",
        "ConnectedLineName": "125-SAL16",
        "ConnectedLineNum": "125",
        "Context": "from-internal",
        "Event": "Hangup",
        "Exten": "",
        "Language": "pr2",
        "Linkedid": "1750840320.54709",
        "Priority": "1",
        "Privilege": "call,all",
        "Uniqueid": "1750840320.54719"
    },
    "start_time": "2025-06-25T12:01:10",
    "status": "answered",
    "timestamp": "2025-06-25T12:03:04",
    "type": "call_ended",
    "uniqueid": "1750840320.54719"
}

{
    "call_duration": 113,
    "call_type": "internal",
    "caller_id_name": "263-SUP10",
    "caller_id_num": "263",
    "cause": "16",
    "cause_description": "",
    "cause_txt": "",
    "channel": "SIP/263-00000f1a",
    "connected_line_name": "<unknown>",
    "connected_line_num": "<unknown>",
    "direction": "in",
    "end_time": "2025-06-25T12:03:04",
    "extension_number": "263",
    "has_ringing": true,
    "linkedid": "1750840320.54709",
    "other_extension_number": "125",
    "raw_event": {
        "AccountCode": "",
        "CallerIDName": "263-SUP10",
        "CallerIDNum": "263",
        "Cause": "16",
        "Cause-txt": "Normal Clearing",
        "Channel": "SIP/263-00000f1a",
        "ChannelState": "6",
        "ChannelStateDesc": "Up",
        "ConnectedLineName": "125-SAL16",
        "ConnectedLineNum": "125",
        "Context": "from-internal",
        "Event": "Hangup",
        "Exten": "",
        "Language": "pr2",
        "Linkedid": "1750840320.54709",
        "Priority": "1",
        "Privilege": "call,all",
        "Uniqueid": "1750840320.54719"
    },
    "start_time": "2025-06-25T12:01:10",
    "status": "answered",
    "timestamp": "2025-06-25T12:03:04",
    "type": "call_summary",
    "uniqueid": "1750840320.54719"
}

{
    "call_type": "",
    "caller_id_name": "263-SUP10",
    "caller_id_num": "263",
    "channel": "SIP/263-00000f25",
    "connected_line_name": "<unknown>",
    "connected_line_num": "<unknown>",
    "direction": "",
    "end_time": "",
    "extension_number": "263",
    "has_ringing": false,
    "linkedid": "1750840469.54892",
    "other_extension_number": "",
    "start_time": "2025-06-25T12:03:35",
    "status": "initiated",
    "timestamp": "2025-06-25T12:03:35",
    "type": "call_started",
    "uniqueid": "1750840469.54892"
}

{
    "channel": "SIP/263-00000f25",
    "privilege": "call,all",
    "timestamp": "2025-06-25T12:04:02",
    "type": "call_answered",
    "uniqueid": "1750840469.54892"
}

{
    "call_type": "",
    "caller_id_name": "263-SUP10",
    "caller_id_num": "263",
    "channel": "SIP/263-00000f42",
    "connected_line_name": "<unknown>",
    "connected_line_num": "<unknown>",
    "direction": "",
    "end_time": "",
    "extension_number": "263",
    "has_ringing": false,
    "linkedid": "1750840668.55254",
    "other_extension_number": "",
    "start_time": "2025-06-25T12:06:55",
    "status": "initiated",
    "timestamp": "2025-06-25T12:06:55",
    "type": "call_started",
    "uniqueid": "1750840668.55254"
}

{
    "channel": "SIP/263-00000f42",
    "privilege": "call,all",
    "timestamp": "2025-06-25T12:07:00",
    "type": "call_answered",
    "uniqueid": "1750840668.55254"
}

{
    "call_type": "internal",
    "caller_id_name": "263-SUP10",
    "caller_id_num": "263",
    "cause": "16",
    "cause_description": "",
    "cause_txt": "",
    "channel": "SIP/263-00000f42",
    "connected_line_name": "<unknown>",
    "connected_line_num": "<unknown>",
    "direction": "out",
    "end_time": "2025-06-25T12:07:22",
    "extension_number": "263",
    "has_ringing": false,
    "linkedid": "1750840668.55254",
    "other_extension_number": "251",
    "raw_event": {
        "AccountCode": "",
        "CallerIDName": "263-SUP10",
        "CallerIDNum": "263",
        "Cause": "16",
        "Cause-txt": "Normal Clearing",
        "Channel": "SIP/263-00000f42",
        "ChannelState": "6",
        "ChannelStateDesc": "Up",
        "ConnectedLineName": "251-SUP2",
        "ConnectedLineNum": "251",
        "Context": "from-internal",
        "Event": "Hangup",
        "Exten": "h",
        "Language": "pr2",
        "Linkedid": "1750840668.55254",
        "Priority": "1",
        "Privilege": "call,all",
        "Uniqueid": "1750840668.55254"
    },
    "start_time": "2025-06-25T12:07:00",
    "status": "answered",
    "timestamp": "2025-06-25T12:07:22",
    "type": "call_ended",
    "uniqueid": "1750840668.55254"
}

{
    "call_duration": 21,
    "call_type": "internal",
    "caller_id_name": "263-SUP10",
    "caller_id_num": "263",
    "cause": "16",
    "cause_description": "",
    "cause_txt": "",
    "channel": "SIP/263-00000f42",
    "connected_line_name": "<unknown>",
    "connected_line_num": "<unknown>",
    "direction": "out",
    "end_time": "2025-06-25T12:07:22",
    "extension_number": "263",
    "has_ringing": false,
    "linkedid": "1750840668.55254",
    "other_extension_number": "251",
    "raw_event": {
        "AccountCode": "",
        "CallerIDName": "263-SUP10",
        "CallerIDNum": "263",
        "Cause": "16",
        "Cause-txt": "Normal Clearing",
        "Channel": "SIP/263-00000f42",
        "ChannelState": "6",
        "ChannelStateDesc": "Up",
        "ConnectedLineName": "251-SUP2",
        "ConnectedLineNum": "251",
        "Context": "from-internal",
        "Event": "Hangup",
        "Exten": "h",
        "Language": "pr2",
        "Linkedid": "1750840668.55254",
        "Priority": "1",
        "Privilege": "call,all",
        "Uniqueid": "1750840668.55254"
    },
    "start_time": "2025-06-25T12:07:00",
    "status": "answered",
    "timestamp": "2025-06-25T12:07:22",
    "type": "call_summary",
    "uniqueid": "1750840668.55254"
}

{
    "call_type": "external",
    "caller_id_name": "263-SUP10",
    "caller_id_num": "263",
    "cause": "16",
    "cause_description": "",
    "cause_txt": "",
    "channel": "SIP/263-00000f25",
    "connected_line_name": "<unknown>",
    "connected_line_num": "<unknown>",
    "direction": "out",
    "end_time": "2025-06-25T12:07:25",
    "extension_number": "263",
    "has_ringing": false,
    "linkedid": "1750840469.54892",
    "other_extension_number": "09165048005",
    "raw_event": {
        "AccountCode": "",
        "CallerIDName": "<unknown>",
        "CallerIDNum": "36944000",
        "Cause": "16",
        "Cause-txt": "Normal Clearing",
        "Channel": "SIP/263-00000f25",
        "ChannelState": "6",
        "ChannelStateDesc": "Up",
        "ConnectedLineName": "CID:36944000",
        "ConnectedLineNum": "09165048005",
        "Context": "from-internal",
        "Event": "Hangup",
        "Exten": "h",
        "Language": "pr2",
        "Linkedid": "1750840469.54892",
        "Priority": "1",
        "Privilege": "call,all",
        "Uniqueid": "1750840469.54892"
    },
    "start_time": "2025-06-25T12:04:02",
    "status": "answered",
    "timestamp": "2025-06-25T12:07:25",
    "type": "call_ended",
    "uniqueid": "1750840469.54892"
}

{
    "call_duration": 203,
    "call_type": "external",
    "caller_id_name": "263-SUP10",
    "caller_id_num": "263",
    "cause": "16",
    "cause_description": "",
    "cause_txt": "",
    "channel": "SIP/263-00000f25",
    "connected_line_name": "<unknown>",
    "connected_line_num": "<unknown>",
    "direction": "out",
    "end_time": "2025-06-25T12:07:25",
    "extension_number": "263",
    "has_ringing": false,
    "linkedid": "1750840469.54892",
    "other_extension_number": "09165048005",
    "raw_event": {
        "AccountCode": "",
        "CallerIDName": "<unknown>",
        "CallerIDNum": "36944000",
        "Cause": "16",
        "Cause-txt": "Normal Clearing",
        "Channel": "SIP/263-00000f25",
        "ChannelState": "6",
        "ChannelStateDesc": "Up",
        "ConnectedLineName": "CID:36944000",
        "ConnectedLineNum": "09165048005",
        "Context": "from-internal",
        "Event": "Hangup",
        "Exten": "h",
        "Language": "pr2",
        "Linkedid": "1750840469.54892",
        "Priority": "1",
        "Privilege": "call,all",
        "Uniqueid": "1750840469.54892"
    },
    "start_time": "2025-06-25T12:04:02",
    "status": "answered",
    "timestamp": "2025-06-25T12:07:25",
    "type": "call_summary",
    "uniqueid": "1750840469.54892"
}

{
    "call_type": "",
    "caller_id_name": "263-SUP10",
    "caller_id_num": "263",
    "channel": "SIP/263-00000f4c",
    "connected_line_name": "<unknown>",
    "connected_line_num": "<unknown>",
    "direction": "",
    "end_time": "",
    "extension_number": "263",
    "has_ringing": false,
    "linkedid": "1750840714.55327",
    "other_extension_number": "",
    "start_time": "2025-06-25T12:07:40",
    "status": "initiated",
    "timestamp": "2025-06-25T12:07:40",
    "type": "call_started",
    "uniqueid": "1750840714.55327"
}

{
    "channel": "SIP/263-00000f4c",
    "privilege": "call,all",
    "timestamp": "2025-06-25T12:07:46",
    "type": "call_answered",
    "uniqueid": "1750840714.55327"
}

{
    "call_type": "external",
    "caller_id_name": "263-SUP10",
    "caller_id_num": "263",
    "cause": "16",
    "cause_description": "",
    "cause_txt": "",
    "channel": "SIP/263-00000f4c",
    "connected_line_name": "<unknown>",
    "connected_line_num": "<unknown>",
    "direction": "out",
    "end_time": "2025-06-25T12:10:30",
    "extension_number": "263",
    "has_ringing": false,
    "linkedid": "1750840714.55327",
    "other_extension_number": "09152624727",
    "raw_event": {
        "AccountCode": "",
        "CallerIDName": "<unknown>",
        "CallerIDNum": "36944000",
        "Cause": "16",
        "Cause-txt": "Normal Clearing",
        "Channel": "SIP/263-00000f4c",
        "ChannelState": "6",
        "ChannelStateDesc": "Up",
        "ConnectedLineName": "CID:36944000",
        "ConnectedLineNum": "09152624727",
        "Context": "from-internal",
        "Event": "Hangup",
        "Exten": "h",
        "Language": "pr2",
        "Linkedid": "1750840714.55327",
        "Priority": "1",
        "Privilege": "call,all",
        "Uniqueid": "1750840714.55327"
    },
    "start_time": "2025-06-25T12:07:46",
    "status": "answered",
    "timestamp": "2025-06-25T12:10:30",
    "type": "call_ended",
    "uniqueid": "1750840714.55327"
}

{
    "call_duration": 163,
    "call_type": "external",
    "caller_id_name": "263-SUP10",
    "caller_id_num": "263",
    "cause": "16",
    "cause_description": "",
    "cause_txt": "",
    "channel": "SIP/263-00000f4c",
    "connected_line_name": "<unknown>",
    "connected_line_num": "<unknown>",
    "direction": "out",
    "end_time": "2025-06-25T12:10:30",
    "extension_number": "263",
    "has_ringing": false,
    "linkedid": "1750840714.55327",
    "other_extension_number": "09152624727",
    "raw_event": {
        "AccountCode": "",
        "CallerIDName": "<unknown>",
        "CallerIDNum": "36944000",
        "Cause": "16",
        "Cause-txt": "Normal Clearing",
        "Channel": "SIP/263-00000f4c",
        "ChannelState": "6",
        "ChannelStateDesc": "Up",
        "ConnectedLineName": "CID:36944000",
        "ConnectedLineNum": "09152624727",
        "Context": "from-internal",
        "Event": "Hangup",
        "Exten": "h",
        "Language": "pr2",
        "Linkedid": "1750840714.55327",
        "Priority": "1",
        "Privilege": "call,all",
        "Uniqueid": "1750840714.55327"
    },
    "start_time": "2025-06-25T12:07:46",
    "status": "answered",
    "timestamp": "2025-06-25T12:10:30",
    "type": "call_summary",
    "uniqueid": "1750840714.55327"
}

{
    "call_type": "",
    "caller_id_name": "263-SUP10",
    "caller_id_num": "263",
    "channel": "SIP/263-00000f66",
    "connected_line_name": "<unknown>",
    "connected_line_num": "<unknown>",
    "direction": "",
    "end_time": "",
    "extension_number": "263",
    "has_ringing": false,
    "linkedid": "1750840899.55585",
    "other_extension_number": "",
    "start_time": "2025-06-25T12:10:54",
    "status": "initiated",
    "timestamp": "2025-06-25T12:10:54",
    "type": "call_started",
    "uniqueid": "1750840907.55610"
}

{
    "channel": "SIP/263-00000f66",
    "privilege": "call,all",
    "timestamp": "2025-06-25T12:10:54",
    "type": "call_ringing",
    "uniqueid": "1750840907.55610"
}

{
    "channel": "SIP/263-00000f66",
    "privilege": "call,all",
    "timestamp": "2025-06-25T12:10:58",
    "type": "call_answered",
    "uniqueid": "1750840907.55610"
}

{
    "call_type": "external",
    "caller_id_name": "263-SUP10",
    "caller_id_num": "263",
    "cause": "16",
    "cause_description": "",
    "cause_txt": "",
    "channel": "SIP/263-00000f66",
    "connected_line_name": "<unknown>",
    "connected_line_num": "<unknown>",
    "direction": "in",
    "end_time": "2025-06-25T12:11:47",
    "extension_number": "263",
    "has_ringing": true,
    "linkedid": "1750840899.55585",
    "other_extension_number": "9120466853",
    "raw_event": {
        "AccountCode": "",
        "CallerIDName": "263-SUP10",
        "CallerIDNum": "263",
        "Cause": "16",
        "Cause-txt": "Normal Clearing",
        "Channel": "SIP/263-00000f66",
        "ChannelState": "6",
        "ChannelStateDesc": "Up",
        "ConnectedLineName": "9120466853",
        "ConnectedLineNum": "9120466853",
        "Context": "macro-dial-one",
        "Event": "Hangup",
        "Exten": "s",
        "Language": "pr2",
        "Linkedid": "1750840899.55585",
        "Priority": "1",
        "Privilege": "call,all",
        "Uniqueid": "1750840907.55610"
    },
    "start_time": "2025-06-25T12:10:58",
    "status": "answered",
    "timestamp": "2025-06-25T12:11:47",
    "type": "call_ended",
    "uniqueid": "1750840907.55610"
}

{
    "call_duration": 48,
    "call_type": "external",
    "caller_id_name": "263-SUP10",
    "caller_id_num": "263",
    "cause": "16",
    "cause_description": "",
    "cause_txt": "",
    "channel": "SIP/263-00000f66",
    "connected_line_name": "<unknown>",
    "connected_line_num": "<unknown>",
    "direction": "in",
    "end_time": "2025-06-25T12:11:47",
    "extension_number": "263",
    "has_ringing": true,
    "linkedid": "1750840899.55585",
    "other_extension_number": "9120466853",
    "raw_event": {
        "AccountCode": "",
        "CallerIDName": "263-SUP10",
        "CallerIDNum": "263",
        "Cause": "16",
        "Cause-txt": "Normal Clearing",
        "Channel": "SIP/263-00000f66",
        "ChannelState": "6",
        "ChannelStateDesc": "Up",
        "ConnectedLineName": "9120466853",
        "ConnectedLineNum": "9120466853",
        "Context": "macro-dial-one",
        "Event": "Hangup",
        "Exten": "s",
        "Language": "pr2",
        "Linkedid": "1750840899.55585",
        "Priority": "1",
        "Privilege": "call,all",
        "Uniqueid": "1750840907.55610"
    },
    "start_time": "2025-06-25T12:10:58",
    "status": "answered",
    "timestamp": "2025-06-25T12:11:47",
    "type": "call_summary",
    "uniqueid": "1750840907.55610"
}

{
    "call_type": "",
    "caller_id_name": "263-SUP10",
    "caller_id_num": "263",
    "channel": "SIP/263-00000f9e",
    "connected_line_name": "<unknown>",
    "connected_line_num": "<unknown>",
    "direction": "",
    "end_time": "",
    "extension_number": "263",
    "has_ringing": false,
    "linkedid": "1750841391.56301",
    "other_extension_number": "",
    "start_time": "2025-06-25T12:19:07",
    "status": "initiated",
    "timestamp": "2025-06-25T12:19:07",
    "type": "call_started",
    "uniqueid": "1750841401.56327"
}

{
    "channel": "SIP/263-00000f9e",
    "privilege": "call,all",
    "timestamp": "2025-06-25T12:19:07",
    "type": "call_ringing",
    "uniqueid": "1750841401.56327"
}

{
    "call_type": "external",
    "caller_id_name": "263-SUP10",
    "caller_id_num": "263",
    "cause": "26",
    "cause_description": "",
    "cause_txt": "",
    "channel": "SIP/263-00000f9e",
    "connected_line_name": "<unknown>",
    "connected_line_num": "<unknown>",
    "direction": "in",
    "end_time": "2025-06-25T12:19:17",
    "extension_number": "263",
    "has_ringing": true,
    "linkedid": "1750841391.56301",
    "other_extension_number": "9152624727",
    "raw_event": {
        "AccountCode": "",
        "CallerIDName": "263-SUP10",
        "CallerIDNum": "263",
        "Cause": "26",
        "Cause-txt": "Answered elsewhere",
        "Channel": "SIP/263-00000f9e",
        "ChannelState": "5",
        "ChannelStateDesc": "Ringing",
        "ConnectedLineName": "9152624727",
        "ConnectedLineNum": "9152624727",
        "Context": "from-internal",
        "Event": "Hangup",
        "Exten": "*8",
        "Language": "pr2",
        "Linkedid": "1750841391.56301",
        "Priority": "1",
        "Privilege": "call,all",
        "Uniqueid": "1750841401.56327"
    },
    "start_time": "2025-06-25T12:19:07",
    "status": "ringing",
    "timestamp": "2025-06-25T12:19:17",
    "type": "call_ended",
    "uniqueid": "1750841401.56327"
}

{
    "call_duration": 9,
    "call_type": "external",
    "caller_id_name": "263-SUP10",
    "caller_id_num": "263",
    "cause": "26",
    "cause_description": "",
    "cause_txt": "",
    "channel": "SIP/263-00000f9e",
    "connected_line_name": "<unknown>",
    "connected_line_num": "<unknown>",
    "direction": "in",
    "end_time": "2025-06-25T12:19:17",
    "extension_number": "263",
    "has_ringing": true,
    "linkedid": "1750841391.56301",
    "other_extension_number": "9152624727",
    "raw_event": {
        "AccountCode": "",
        "CallerIDName": "263-SUP10",
        "CallerIDNum": "263",
        "Cause": "26",
        "Cause-txt": "Answered elsewhere",
        "Channel": "SIP/263-00000f9e",
        "ChannelState": "5",
        "ChannelStateDesc": "Ringing",
        "ConnectedLineName": "9152624727",
        "ConnectedLineNum": "9152624727",
        "Context": "from-internal",
        "Event": "Hangup",
        "Exten": "*8",
        "Language": "pr2",
        "Linkedid": "1750841391.56301",
        "Priority": "1",
        "Privilege": "call,all",
        "Uniqueid": "1750841401.56327"
    },
    "start_time": "2025-06-25T12:19:07",
    "status": "ringing",
    "timestamp": "2025-06-25T12:19:17",
    "type": "call_summary",
    "uniqueid": "1750841401.56327"
}

{
    "extension": "263",
    "privilege": "call,all",
    "timestamp": "2025-06-25T13:23:16",
    "type": "monitor_initialized"
}

{
    "extension": "263",
    "privilege": "call,all",
    "timestamp": "2025-06-25T14:01:10",
    "type": "monitor_initialized"
}

{
    "extension": "263",
    "privilege": "call,all",
    "timestamp": "2025-06-25T14:07:32",
    "type": "monitor_initialized"
}

{
    "extension": "263",
    "privilege": "call,all",
    "timestamp": "2025-06-25T15:05:15",
    "type": "monitor_initialized"
}

{
    "extension": "263",
    "privilege": "call,all",
    "timestamp": "2025-06-25T15:10:57",
    "type": "monitor_initialized"
}

{
    "extension": "263",
    "privilege": "call,all",
    "timestamp": "2025-06-25T15:20:47",
    "type": "monitor_initialized"
}

{
    "call_type": "",
    "caller_id_name": "263-SUP10",
    "caller_id_num": "263",
    "channel": "SIP/263-00001526",
    "connected_line_name": "<unknown>",
    "connected_line_num": "<unknown>",
    "direction": "",
    "end_time": "",
    "extension_number": "263",
    "has_ringing": false,
    "linkedid": "1750856878.73246",
    "other_extension_number": "",
    "start_time": "2025-06-25T16:37:05",
    "status": "initiated",
    "timestamp": "2025-06-25T16:37:05",
    "type": "call_started",
    "uniqueid": "1750856878.73246"
}

{
    "channel": "SIP/263-00001526",
    "privilege": "call,all",
    "timestamp": "2025-06-25T16:37:08",
    "type": "call_answered",
    "uniqueid": "1750856878.73246"
}

{
    "call_type": "internal",
    "caller_id_name": "263-SUP10",
    "caller_id_num": "263",
    "cause": "16",
    "cause_description": "",
    "cause_txt": "",
    "channel": "SIP/263-00001526",
    "connected_line_name": "<unknown>",
    "connected_line_num": "<unknown>",
    "direction": "out",
    "end_time": "2025-06-25T16:38:44",
    "extension_number": "263",
    "has_ringing": false,
    "linkedid": "1750856878.73246",
    "other_extension_number": "415",
    "raw_event": {
        "AccountCode": "",
        "CallerIDName": "263-SUP10",
        "CallerIDNum": "263",
        "Cause": "16",
        "Cause-txt": "Normal Clearing",
        "Channel": "SIP/263-00001526",
        "ChannelState": "6",
        "ChannelStateDesc": "Up",
        "ConnectedLineName": "415-RD-SW4",
        "ConnectedLineNum": "415",
        "Context": "from-internal",
        "Event": "Hangup",
        "Exten": "h",
        "Language": "pr2",
        "Linkedid": "1750856878.73246",
        "Priority": "1",
        "Privilege": "call,all",
        "Uniqueid": "1750856878.73246"
    },
    "start_time": "2025-06-25T16:37:08",
    "status": "answered",
    "timestamp": "2025-06-25T16:38:44",
    "type": "call_ended",
    "uniqueid": "1750856878.73246"
}

{
    "call_duration": 96,
    "call_type": "internal",
    "caller_id_name": "263-SUP10",
    "caller_id_num": "263",
    "cause": "16",
    "cause_description": "",
    "cause_txt": "",
    "channel": "SIP/263-00001526",
    "connected_line_name": "<unknown>",
    "connected_line_num": "<unknown>",
    "direction": "out",
    "end_time": "2025-06-25T16:38:44",
    "extension_number": "263",
    "has_ringing": false,
    "linkedid": "1750856878.73246",
    "other_extension_number": "415",
    "raw_event": {
        "AccountCode": "",
        "CallerIDName": "263-SUP10",
        "CallerIDNum": "263",
        "Cause": "16",
        "Cause-txt": "Normal Clearing",
        "Channel": "SIP/263-00001526",
        "ChannelState": "6",
        "ChannelStateDesc": "Up",
        "ConnectedLineName": "415-RD-SW4",
        "ConnectedLineNum": "415",
        "Context": "from-internal",
        "Event": "Hangup",
        "Exten": "h",
        "Language": "pr2",
        "Linkedid": "1750856878.73246",
        "Priority": "1",
        "Privilege": "call,all",
        "Uniqueid": "1750856878.73246"
    },
    "start_time": "2025-06-25T16:37:08",
    "status": "answered",
    "timestamp": "2025-06-25T16:38:44",
    "type": "call_summary",
    "uniqueid": "1750856878.73246"
}

{
    "call_type": "",
    "caller_id_name": "263-SUP10",
    "caller_id_num": "263",
    "channel": "SIP/263-0000153c",
    "connected_line_name": "<unknown>",
    "connected_line_num": "<unknown>",
    "direction": "",
    "end_time": "",
    "extension_number": "263",
    "has_ringing": false,
    "linkedid": "1750857171.73529",
    "other_extension_number": "",
    "start_time": "2025-06-25T16:41:58",
    "status": "initiated",
    "timestamp": "2025-06-25T16:41:58",
    "type": "call_started",
    "uniqueid": "1750857171.73529"
}

{
    "channel": "SIP/263-0000153c",
    "privilege": "call,all",
    "timestamp": "2025-06-25T16:42:06",
    "type": "call_answered",
    "uniqueid": "1750857171.73529"
}

{
    "call_type": "internal",
    "caller_id_name": "263-SUP10",
    "caller_id_num": "263",
    "cause": "16",
    "cause_description": "",
    "cause_txt": "",
    "channel": "SIP/263-0000153c",
    "connected_line_name": "<unknown>",
    "connected_line_num": "<unknown>",
    "direction": "out",
    "end_time": "2025-06-25T16:44:22",
    "extension_number": "263",
    "has_ringing": false,
    "linkedid": "1750857171.73529",
    "other_extension_number": "523",
    "raw_event": {
        "AccountCode": "",
        "CallerIDName": "263-SUP10",
        "CallerIDNum": "263",
        "Cause": "16",
        "Cause-txt": "Normal Clearing",
        "Channel": "SIP/263-0000153c",
        "ChannelState": "6",
        "ChannelStateDesc": "Up",
        "ConnectedLineName": "523-SM3",
        "ConnectedLineNum": "523",
        "Context": "from-internal",
        "Event": "Hangup",
        "Exten": "h",
        "Language": "pr2",
        "Linkedid": "1750857171.73529",
        "Priority": "1",
        "Privilege": "call,all",
        "Uniqueid": "1750857171.73529"
    },
    "start_time": "2025-06-25T16:42:06",
    "status": "answered",
    "timestamp": "2025-06-25T16:44:22",
    "type": "call_ended",
    "uniqueid": "1750857171.73529"
}

{
    "call_duration": 135,
    "call_type": "internal",
    "caller_id_name": "263-SUP10",
    "caller_id_num": "263",
    "cause": "16",
    "cause_description": "",
    "cause_txt": "",
    "channel": "SIP/263-0000153c",
    "connected_line_name": "<unknown>",
    "connected_line_num": "<unknown>",
    "direction": "out",
    "end_time": "2025-06-25T16:44:22",
    "extension_number": "263",
    "has_ringing": false,
    "linkedid": "1750857171.73529",
    "other_extension_number": "523",
    "raw_event": {
        "AccountCode": "",
        "CallerIDName": "263-SUP10",
        "CallerIDNum": "263",
        "Cause": "16",
        "Cause-txt": "Normal Clearing",
        "Channel": "SIP/263-0000153c",
        "ChannelState": "6",
        "ChannelStateDesc": "Up",
        "ConnectedLineName": "523-SM3",
        "ConnectedLineNum": "523",
        "Context": "from-internal",
        "Event": "Hangup",
        "Exten": "h",
        "Language": "pr2",
        "Linkedid": "1750857171.73529",
        "Priority": "1",
        "Privilege": "call,all",
        "Uniqueid": "1750857171.73529"
    },
    "start_time": "2025-06-25T16:42:06",
    "status": "answered",
    "timestamp": "2025-06-25T16:44:22",
    "type": "call_summary",
    "uniqueid": "1750857171.73529"
}

{
    "call_type": "",
    "caller_id_name": "263-SUP10",
    "caller_id_num": "263",
    "channel": "SIP/263-00001558",
    "connected_line_name": "<unknown>",
    "connected_line_num": "<unknown>",
    "direction": "",
    "end_time": "",
    "extension_number": "263",
    "has_ringing": false,
    "linkedid": "1750857538.73852",
    "other_extension_number": "",
    "start_time": "2025-06-25T16:48:13",
    "status": "initiated",
    "timestamp": "2025-06-25T16:48:13",
    "type": "call_started",
    "uniqueid": "1750857546.73875"
}

{
    "channel": "SIP/263-00001558",
    "privilege": "call,all",
    "timestamp": "2025-06-25T16:48:13",
    "type": "call_ringing",
    "uniqueid": "1750857546.73875"
}

{
    "channel": "SIP/263-00001558",
    "privilege": "call,all",
    "timestamp": "2025-06-25T16:48:18",
    "type": "call_answered",
    "uniqueid": "1750857546.73875"
}

{
    "call_type": "external",
    "caller_id_name": "263-SUP10",
    "caller_id_num": "263",
    "cause": "16",
    "cause_description": "",
    "cause_txt": "",
    "channel": "SIP/263-00001558",
    "connected_line_name": "<unknown>",
    "connected_line_num": "<unknown>",
    "direction": "in",
    "end_time": "2025-06-25T16:49:31",
    "extension_number": "263",
    "has_ringing": true,
    "linkedid": "1750857538.73852",
    "other_extension_number": "9143949641",
    "raw_event": {
        "AccountCode": "",
        "CallerIDName": "263-SUP10",
        "CallerIDNum": "263",
        "Cause": "16",
        "Cause-txt": "Normal Clearing",
        "Channel": "SIP/263-00001558",
        "ChannelState": "6",
        "ChannelStateDesc": "Up",
        "ConnectedLineName": "9143949641",
        "ConnectedLineNum": "9143949641",
        "Context": "macro-dial-one",
        "Event": "Hangup",
        "Exten": "s",
        "Language": "pr2",
        "Linkedid": "1750857538.73852",
        "Priority": "1",
        "Privilege": "call,all",
        "Uniqueid": "1750857546.73875"
    },
    "start_time": "2025-06-25T16:48:18",
    "status": "answered",
    "timestamp": "2025-06-25T16:49:31",
    "type": "call_ended",
    "uniqueid": "1750857546.73875"
}

{
    "call_duration": 72,
    "call_type": "external",
    "caller_id_name": "263-SUP10",
    "caller_id_num": "263",
    "cause": "16",
    "cause_description": "",
    "cause_txt": "",
    "channel": "SIP/263-00001558",
    "connected_line_name": "<unknown>",
    "connected_line_num": "<unknown>",
    "direction": "in",
    "end_time": "2025-06-25T16:49:31",
    "extension_number": "263",
    "has_ringing": true,
    "linkedid": "1750857538.73852",
    "other_extension_number": "9143949641",
    "raw_event": {
        "AccountCode": "",
        "CallerIDName": "263-SUP10",
        "CallerIDNum": "263",
        "Cause": "16",
        "Cause-txt": "Normal Clearing",
        "Channel": "SIP/263-00001558",
        "ChannelState": "6",
        "ChannelStateDesc": "Up",
        "ConnectedLineName": "9143949641",
        "ConnectedLineNum": "9143949641",
        "Context": "macro-dial-one",
        "Event": "Hangup",
        "Exten": "s",
        "Language": "pr2",
        "Linkedid": "1750857538.73852",
        "Priority": "1",
        "Privilege": "call,all",
        "Uniqueid": "1750857546.73875"
    },
    "start_time": "2025-06-25T16:48:18",
    "status": "answered",
    "timestamp": "2025-06-25T16:49:31",
    "type": "call_summary",
    "uniqueid": "1750857546.73875"
}

{
    "call_type": "",
    "caller_id_name": "263-SUP10",
    "caller_id_num": "263",
    "channel": "SIP/263-00001564",
    "connected_line_name": "<unknown>",
    "connected_line_num": "<unknown>",
    "direction": "",
    "end_time": "",
    "extension_number": "263",
    "has_ringing": false,
    "linkedid": "1750857664.73998",
    "other_extension_number": "",
    "start_time": "2025-06-25T16:51:05",
    "status": "initiated",
    "timestamp": "2025-06-25T16:51:05",
    "type": "call_started",
    "uniqueid": "1750857718.74056"
}

{
    "channel": "SIP/263-00001564",
    "privilege": "call,all",
    "timestamp": "2025-06-25T16:51:05",
    "type": "call_ringing",
    "uniqueid": "1750857718.74056"
}

{
    "channel": "SIP/263-00001564",
    "privilege": "call,all",
    "timestamp": "2025-06-25T16:51:09",
    "type": "call_answered",
    "uniqueid": "1750857718.74056"
}

{
    "call_type": "internal",
    "caller_id_name": "263-SUP10",
    "caller_id_num": "263",
    "cause": "16",
    "cause_description": "",
    "cause_txt": "",
    "channel": "SIP/263-00001564",
    "connected_line_name": "<unknown>",
    "connected_line_num": "<unknown>",
    "direction": "in",
    "end_time": "2025-06-25T16:52:08",
    "extension_number": "263",
    "has_ringing": true,
    "linkedid": "1750857664.73998",
    "other_extension_number": "33604784",
    "raw_event": {
        "AccountCode": "",
        "CallerIDName": "263-SUP10",
        "CallerIDNum": "263",
        "Cause": "16",
        "Cause-txt": "Normal Clearing",
        "Channel": "SIP/263-00001564",
        "ChannelState": "6",
        "ChannelStateDesc": "Up",
        "ConnectedLineName": "33604784",
        "ConnectedLineNum": "33604784",
        "Context": "macro-dial-one",
        "Event": "Hangup",
        "Exten": "s",
        "Language": "pr2",
        "Linkedid": "1750857664.73998",
        "Priority": "1",
        "Privilege": "call,all",
        "Uniqueid": "1750857718.74056"
    },
    "start_time": "2025-06-25T16:51:09",
    "status": "answered",
    "timestamp": "2025-06-25T16:52:08",
    "type": "call_ended",
    "uniqueid": "1750857718.74056"
}

{
    "call_duration": 59,
    "call_type": "internal",
    "caller_id_name": "263-SUP10",
    "caller_id_num": "263",
    "cause": "16",
    "cause_description": "",
    "cause_txt": "",
    "channel": "SIP/263-00001564",
    "connected_line_name": "<unknown>",
    "connected_line_num": "<unknown>",
    "direction": "in",
    "end_time": "2025-06-25T16:52:08",
    "extension_number": "263",
    "has_ringing": true,
    "linkedid": "1750857664.73998",
    "other_extension_number": "33604784",
    "raw_event": {
        "AccountCode": "",
        "CallerIDName": "263-SUP10",
        "CallerIDNum": "263",
        "Cause": "16",
        "Cause-txt": "Normal Clearing",
        "Channel": "SIP/263-00001564",
        "ChannelState": "6",
        "ChannelStateDesc": "Up",
        "ConnectedLineName": "33604784",
        "ConnectedLineNum": "33604784",
        "Context": "macro-dial-one",
        "Event": "Hangup",
        "Exten": "s",
        "Language": "pr2",
        "Linkedid": "1750857664.73998",
        "Priority": "1",
        "Privilege": "call,all",
        "Uniqueid": "1750857718.74056"
    },
    "start_time": "2025-06-25T16:51:09",
    "status": "answered",
    "timestamp": "2025-06-25T16:52:08",
    "type": "call_summary",
    "uniqueid": "1750857718.74056"
}

{
    "call_type": "",
    "caller_id_name": "263-SUP10",
    "caller_id_num": "263",
    "channel": "SIP/263-00001571",
    "connected_line_name": "<unknown>",
    "connected_line_num": "<unknown>",
    "direction": "",
    "end_time": "",
    "extension_number": "263",
    "has_ringing": false,
    "linkedid": "1750857878.74243",
    "other_extension_number": "",
    "start_time": "2025-06-25T16:53:52",
    "status": "initiated",
    "timestamp": "2025-06-25T16:53:52",
    "type": "call_started",
    "uniqueid": "1750857884.74261"
}

{
    "channel": "SIP/263-00001571",
    "privilege": "call,all",
    "timestamp": "2025-06-25T16:53:52",
    "type": "call_ringing",
    "uniqueid": "1750857884.74261"
}

{
    "channel": "SIP/263-00001571",
    "privilege": "call,all",
    "timestamp": "2025-06-25T16:53:54",
    "type": "call_answered",
    "uniqueid": "1750857884.74261"
}

{
    "call_type": "external",
    "caller_id_name": "263-SUP10",
    "caller_id_num": "263",
    "cause": "16",
    "cause_description": "",
    "cause_txt": "",
    "channel": "SIP/263-00001571",
    "connected_line_name": "<unknown>",
    "connected_line_num": "<unknown>",
    "direction": "in",
    "end_time": "2025-06-25T16:56:13",
    "extension_number": "263",
    "has_ringing": true,
    "linkedid": "1750857878.74243",
    "other_extension_number": "9143949641",
    "raw_event": {
        "AccountCode": "",
        "CallerIDName": "263-SUP10",
        "CallerIDNum": "263",
        "Cause": "16",
        "Cause-txt": "Normal Clearing",
        "Channel": "SIP/263-00001571",
        "ChannelState": "6",
        "ChannelStateDesc": "Up",
        "ConnectedLineName": "9143949641",
        "ConnectedLineNum": "9143949641",
        "Context": "macro-dial-one",
        "Event": "Hangup",
        "Exten": "s",
        "Language": "pr2",
        "Linkedid": "1750857878.74243",
        "Priority": "1",
        "Privilege": "call,all",
        "Uniqueid": "1750857884.74261"
    },
    "start_time": "2025-06-25T16:53:54",
    "status": "answered",
    "timestamp": "2025-06-25T16:56:13",
    "type": "call_ended",
    "uniqueid": "1750857884.74261"
}

{
    "call_duration": 139,
    "call_type": "external",
    "caller_id_name": "263-SUP10",
    "caller_id_num": "263",
    "cause": "16",
    "cause_description": "",
    "cause_txt": "",
    "channel": "SIP/263-00001571",
    "connected_line_name": "<unknown>",
    "connected_line_num": "<unknown>",
    "direction": "in",
    "end_time": "2025-06-25T16:56:13",
    "extension_number": "263",
    "has_ringing": true,
    "linkedid": "1750857878.74243",
    "other_extension_number": "9143949641",
    "raw_event": {
        "AccountCode": "",
        "CallerIDName": "263-SUP10",
        "CallerIDNum": "263",
        "Cause": "16",
        "Cause-txt": "Normal Clearing",
        "Channel": "SIP/263-00001571",
        "ChannelState": "6",
        "ChannelStateDesc": "Up",
        "ConnectedLineName": "9143949641",
        "ConnectedLineNum": "9143949641",
        "Context": "macro-dial-one",
        "Event": "Hangup",
        "Exten": "s",
        "Language": "pr2",
        "Linkedid": "1750857878.74243",
        "Priority": "1",
        "Privilege": "call,all",
        "Uniqueid": "1750857884.74261"
    },
    "start_time": "2025-06-25T16:53:54",
    "status": "answered",
    "timestamp": "2025-06-25T16:56:13",
    "type": "call_summary",
    "uniqueid": "1750857884.74261"
}

{
    "extension": "263",
    "privilege": "call,all",
    "timestamp": "2025-06-28T21:26:07",
    "type": "monitor_initialized"
}

{
    "extension": "263",
    "privilege": "call,all",
    "timestamp": "2025-06-28T21:42:04",
    "type": "monitor_initialized"
}

{
    "extension": "263",
    "privilege": "call,all",
    "timestamp": "2025-06-28T21:47:42",
    "type": "monitor_initialized"
}

{
    "extension": "263",
    "privilege": "call,all",
    "timestamp": "2025-06-28T22:16:57",
    "type": "monitor_initialized"
}

{
    "extension": "263",
    "privilege": "call,all",
    "timestamp": "2025-06-28T22:20:12",
    "type": "monitor_initialized"
}

{
    "extension": "263",
    "privilege": "call,all",
    "timestamp": "2025-06-28T22:27:17",
    "type": "monitor_initialized"
}

{
    "extension": "263",
    "privilege": "call,all",
    "timestamp": "2025-06-28T22:31:02",
    "type": "monitor_initialized"
}

{
    "extension": "263",
    "privilege": "call,all",
    "timestamp": "2025-06-28T22:33:17",
    "type": "monitor_initialized"
}

{
    "extension": "263",
    "privilege": "call,all",
    "timestamp": "2025-06-28T22:36:20",
    "type": "monitor_initialized"
}

{
    "extension": "263",
    "privilege": "call,all",
    "timestamp": "2025-06-28T22:38:31",
    "type": "monitor_initialized"
}

{
    "extension": "263",
    "privilege": "call,all",
    "timestamp": "2025-06-28T22:42:00",
    "type": "monitor_initialized"
}

{
    "extension": "263",
    "privilege": "call,all",
    "timestamp": "2025-06-28T22:44:01",
    "type": "monitor_initialized"
}

{
    "extension": "263",
    "privilege": "call,all",
    "timestamp": "2025-06-28T22:46:26",
    "type": "monitor_initialized"
}

{
    "call_type": "",
    "caller_id_name": "263-SUP10",
    "caller_id_num": "263",
    "channel": "SIP/263-0000287e",
    "connected_line_name": "<unknown>",
    "connected_line_num": "<unknown>",
    "direction": "",
    "end_time": "",
    "extension_number": "263",
    "has_ringing": false,
    "linkedid": "1751173622.180517",
    "other_extension_number": "",
    "start_time": "2025-06-29T08:36:09",
    "status": "initiated",
    "timestamp": "2025-06-29T08:36:09",
    "type": "call_started",
    "uniqueid": "1751173622.180517"
}

{
    "channel": "SIP/263-0000287e",
    "privilege": "call,all",
    "timestamp": "2025-06-29T08:36:11",
    "type": "call_answered",
    "uniqueid": "1751173622.180517"
}

{
    "call_type": "internal",
    "caller_id_name": "263-SUP10",
    "caller_id_num": "263",
    "cause": "16",
    "cause_description": "",
    "cause_txt": "",
    "channel": "SIP/263-0000287e",
    "connected_line_name": "<unknown>",
    "connected_line_num": "<unknown>",
    "direction": "out",
    "end_time": "2025-06-29T08:37:04",
    "extension_number": "263",
    "has_ringing": false,
    "linkedid": "1751173622.180517",
    "other_extension_number": "415",
    "raw_event": {
        "AccountCode": "",
        "CallerIDName": "263-SUP10",
        "CallerIDNum": "263",
        "Cause": "16",
        "Cause-txt": "Normal Clearing",
        "Channel": "SIP/263-0000287e",
        "ChannelState": "6",
        "ChannelStateDesc": "Up",
        "ConnectedLineName": "415-RD-SW4",
        "ConnectedLineNum": "415",
        "Context": "from-internal",
        "Event": "Hangup",
        "Exten": "h",
        "Language": "pr2",
        "Linkedid": "1751173622.180517",
        "Priority": "1",
        "Privilege": "call,all",
        "Uniqueid": "1751173622.180517"
    },
    "start_time": "2025-06-29T08:36:11",
    "status": "answered",
    "timestamp": "2025-06-29T08:37:04",
    "type": "call_ended",
    "uniqueid": "1751173622.180517"
}

{
    "call_duration": 53,
    "call_type": "internal",
    "caller_id_name": "263-SUP10",
    "caller_id_num": "263",
    "cause": "16",
    "cause_description": "",
    "cause_txt": "",
    "channel": "SIP/263-0000287e",
    "connected_line_name": "<unknown>",
    "connected_line_num": "<unknown>",
    "direction": "out",
    "end_time": "2025-06-29T08:37:04",
    "extension_number": "263",
    "has_ringing": false,
    "linkedid": "1751173622.180517",
    "other_extension_number": "415",
    "raw_event": {
        "AccountCode": "",
        "CallerIDName": "263-SUP10",
        "CallerIDNum": "263",
        "Cause": "16",
        "Cause-txt": "Normal Clearing",
        "Channel": "SIP/263-0000287e",
        "ChannelState": "6",
        "ChannelStateDesc": "Up",
        "ConnectedLineName": "415-RD-SW4",
        "ConnectedLineNum": "415",
        "Context": "from-internal",
        "Event": "Hangup",
        "Exten": "h",
        "Language": "pr2",
        "Linkedid": "1751173622.180517",
        "Priority": "1",
        "Privilege": "call,all",
        "Uniqueid": "1751173622.180517"
    },
    "start_time": "2025-06-29T08:36:11",
    "status": "answered",
    "timestamp": "2025-06-29T08:37:04",
    "type": "call_summary",
    "uniqueid": "1751173622.180517"
}

{
    "call_type": "",
    "caller_id_name": "263-SUP10",
    "caller_id_num": "263",
    "channel": "SIP/263-000028a7",
    "connected_line_name": "<unknown>",
    "connected_line_num": "<unknown>",
    "direction": "",
    "end_time": "",
    "extension_number": "263",
    "has_ringing": false,
    "linkedid": "1751174034.180956",
    "other_extension_number": "",
    "start_time": "2025-06-29T08:43:35",
    "status": "initiated",
    "timestamp": "2025-06-29T08:43:35",
    "type": "call_started",
    "uniqueid": "1751174068.180984"
}

{
    "channel": "SIP/263-000028a7",
    "privilege": "call,all",
    "timestamp": "2025-06-29T08:43:35",
    "type": "call_ringing",
    "uniqueid": "1751174068.180984"
}

{
    "call_type": "external",
    "caller_id_name": "263-SUP10",
    "caller_id_num": "263",
    "cause": "16",
    "cause_description": "",
    "cause_txt": "",
    "channel": "SIP/263-000028a7",
    "connected_line_name": "<unknown>",
    "connected_line_num": "<unknown>",
    "direction": "in",
    "end_time": "2025-06-29T08:43:49",
    "extension_number": "263",
    "has_ringing": true,
    "linkedid": "1751174034.180956",
    "other_extension_number": "9160351367",
    "raw_event": {
        "AccountCode": "",
        "CallerIDName": "263-SUP10",
        "CallerIDNum": "263",
        "Cause": "16",
        "Cause-txt": "Normal Clearing",
        "Channel": "SIP/263-000028a7",
        "ChannelState": "5",
        "ChannelStateDesc": "Ringing",
        "ConnectedLineName": "9160351367",
        "ConnectedLineNum": "9160351367",
        "Context": "from-internal",
        "Event": "Hangup",
        "Exten": "263",
        "Language": "pr2",
        "Linkedid": "1751174034.180956",
        "Priority": "1",
        "Privilege": "call,all",
        "Uniqueid": "1751174068.180984"
    },
    "start_time": "2025-06-29T08:43:35",
    "status": "ringing",
    "timestamp": "2025-06-29T08:43:49",
    "type": "call_ended",
    "uniqueid": "1751174068.180984"
}

{
    "call_duration": 14,
    "call_type": "external",
    "caller_id_name": "263-SUP10",
    "caller_id_num": "263",
    "cause": "16",
    "cause_description": "",
    "cause_txt": "",
    "channel": "SIP/263-000028a7",
    "connected_line_name": "<unknown>",
    "connected_line_num": "<unknown>",
    "direction": "in",
    "end_time": "2025-06-29T08:43:49",
    "extension_number": "263",
    "has_ringing": true,
    "linkedid": "1751174034.180956",
    "other_extension_number": "9160351367",
    "raw_event": {
        "AccountCode": "",
        "CallerIDName": "263-SUP10",
        "CallerIDNum": "263",
        "Cause": "16",
        "Cause-txt": "Normal Clearing",
        "Channel": "SIP/263-000028a7",
        "ChannelState": "5",
        "ChannelStateDesc": "Ringing",
        "ConnectedLineName": "9160351367",
        "ConnectedLineNum": "9160351367",
        "Context": "from-internal",
        "Event": "Hangup",
        "Exten": "263",
        "Language": "pr2",
        "Linkedid": "1751174034.180956",
        "Priority": "1",
        "Privilege": "call,all",
        "Uniqueid": "1751174068.180984"
    },
    "start_time": "2025-06-29T08:43:35",
    "status": "ringing",
    "timestamp": "2025-06-29T08:43:49",
    "type": "call_summary",
    "uniqueid": "1751174068.180984"
}

{
    "call_type": "",
    "caller_id_name": "263-SUP10",
    "caller_id_num": "263",
    "channel": "SIP/263-000028ac",
    "connected_line_name": "<unknown>",
    "connected_line_num": "<unknown>",
    "direction": "",
    "end_time": "",
    "extension_number": "263",
    "has_ringing": false,
    "linkedid": "1751174034.180956",
    "other_extension_number": "",
    "start_time": "2025-06-29T08:44:34",
    "status": "initiated",
    "timestamp": "2025-06-29T08:44:34",
    "type": "call_started",
    "uniqueid": "1751174128.181059"
}

{
    "channel": "SIP/263-000028ac",
    "privilege": "call,all",
    "timestamp": "2025-06-29T08:44:34",
    "type": "call_ringing",
    "uniqueid": "1751174128.181059"
}

{
    "call_type": "external",
    "caller_id_name": "263-SUP10",
    "caller_id_num": "263",
    "cause": "16",
    "cause_description": "",
    "cause_txt": "",
    "channel": "SIP/263-000028ac",
    "connected_line_name": "<unknown>",
    "connected_line_num": "<unknown>",
    "direction": "in",
    "end_time": "2025-06-29T08:44:49",
    "extension_number": "263",
    "has_ringing": true,
    "linkedid": "1751174034.180956",
    "other_extension_number": "9160351367",
    "raw_event": {
        "AccountCode": "",
        "CallerIDName": "263-SUP10",
        "CallerIDNum": "263",
        "Cause": "16",
        "Cause-txt": "Normal Clearing",
        "Channel": "SIP/263-000028ac",
        "ChannelState": "5",
        "ChannelStateDesc": "Ringing",
        "ConnectedLineName": "9160351367",
        "ConnectedLineNum": "9160351367",
        "Context": "from-internal",
        "Event": "Hangup",
        "Exten": "263",
        "Language": "pr2",
        "Linkedid": "1751174034.180956",
        "Priority": "1",
        "Privilege": "call,all",
        "Uniqueid": "1751174128.181059"
    },
    "start_time": "2025-06-29T08:44:34",
    "status": "ringing",
    "timestamp": "2025-06-29T08:44:49",
    "type": "call_ended",
    "uniqueid": "1751174128.181059"
}

{
    "call_duration": 14,
    "call_type": "external",
    "caller_id_name": "263-SUP10",
    "caller_id_num": "263",
    "cause": "16",
    "cause_description": "",
    "cause_txt": "",
    "channel": "SIP/263-000028ac",
    "connected_line_name": "<unknown>",
    "connected_line_num": "<unknown>",
    "direction": "in",
    "end_time": "2025-06-29T08:44:49",
    "extension_number": "263",
    "has_ringing": true,
    "linkedid": "1751174034.180956",
    "other_extension_number": "9160351367",
    "raw_event": {
        "AccountCode": "",
        "CallerIDName": "263-SUP10",
        "CallerIDNum": "263",
        "Cause": "16",
        "Cause-txt": "Normal Clearing",
        "Channel": "SIP/263-000028ac",
        "ChannelState": "5",
        "ChannelStateDesc": "Ringing",
        "ConnectedLineName": "9160351367",
        "ConnectedLineNum": "9160351367",
        "Context": "from-internal",
        "Event": "Hangup",
        "Exten": "263",
        "Language": "pr2",
        "Linkedid": "1751174034.180956",
        "Priority": "1",
        "Privilege": "call,all",
        "Uniqueid": "1751174128.181059"
    },
    "start_time": "2025-06-29T08:44:34",
    "status": "ringing",
    "timestamp": "2025-06-29T08:44:49",
    "type": "call_summary",
    "uniqueid": "1751174128.181059"
}

{
    "call_type": "",
    "caller_id_name": "263-SUP10",
    "caller_id_num": "263",
    "channel": "SIP/263-000028b4",
    "connected_line_name": "<unknown>",
    "connected_line_num": "<unknown>",
    "direction": "",
    "end_time": "",
    "extension_number": "263",
    "has_ringing": false,
    "linkedid": "1751174034.180956",
    "other_extension_number": "",
    "start_time": "2025-06-29T08:45:34",
    "status": "initiated",
    "timestamp": "2025-06-29T08:45:34",
    "type": "call_started",
    "uniqueid": "1751174187.181160"
}

{
    "channel": "SIP/263-000028b4",
    "privilege": "call,all",
    "timestamp": "2025-06-29T08:45:34",
    "type": "call_ringing",
    "uniqueid": "1751174187.181160"
}

{
    "call_type": "external",
    "caller_id_name": "263-SUP10",
    "caller_id_num": "263",
    "cause": "16",
    "cause_description": "",
    "cause_txt": "",
    "channel": "SIP/263-000028b4",
    "connected_line_name": "<unknown>",
    "connected_line_num": "<unknown>",
    "direction": "in",
    "end_time": "2025-06-29T08:45:49",
    "extension_number": "263",
    "has_ringing": true,
    "linkedid": "1751174034.180956",
    "other_extension_number": "9160351367",
    "raw_event": {
        "AccountCode": "",
        "CallerIDName": "263-SUP10",
        "CallerIDNum": "263",
        "Cause": "16",
        "Cause-txt": "Normal Clearing",
        "Channel": "SIP/263-000028b4",
        "ChannelState": "5",
        "ChannelStateDesc": "Ringing",
        "ConnectedLineName": "9160351367",
        "ConnectedLineNum": "9160351367",
        "Context": "from-internal",
        "Event": "Hangup",
        "Exten": "263",
        "Language": "pr2",
        "Linkedid": "1751174034.180956",
        "Priority": "1",
        "Privilege": "call,all",
        "Uniqueid": "1751174187.181160"
    },
    "start_time": "2025-06-29T08:45:34",
    "status": "ringing",
    "timestamp": "2025-06-29T08:45:49",
    "type": "call_ended",
    "uniqueid": "1751174187.181160"
}

{
    "call_duration": 14,
    "call_type": "external",
    "caller_id_name": "263-SUP10",
    "caller_id_num": "263",
    "cause": "16",
    "cause_description": "",
    "cause_txt": "",
    "channel": "SIP/263-000028b4",
    "connected_line_name": "<unknown>",
    "connected_line_num": "<unknown>",
    "direction": "in",
    "end_time": "2025-06-29T08:45:49",
    "extension_number": "263",
    "has_ringing": true,
    "linkedid": "1751174034.180956",
    "other_extension_number": "9160351367",
    "raw_event": {
        "AccountCode": "",
        "CallerIDName": "263-SUP10",
        "CallerIDNum": "263",
        "Cause": "16",
        "Cause-txt": "Normal Clearing",
        "Channel": "SIP/263-000028b4",
        "ChannelState": "5",
        "ChannelStateDesc": "Ringing",
        "ConnectedLineName": "9160351367",
        "ConnectedLineNum": "9160351367",
        "Context": "from-internal",
        "Event": "Hangup",
        "Exten": "263",
        "Language": "pr2",
        "Linkedid": "1751174034.180956",
        "Priority": "1",
        "Privilege": "call,all",
        "Uniqueid": "1751174187.181160"
    },
    "start_time": "2025-06-29T08:45:34",
    "status": "ringing",
    "timestamp": "2025-06-29T08:45:49",
    "type": "call_summary",
    "uniqueid": "1751174187.181160"
}

{
    "call_type": "",
    "caller_id_name": "263-SUP10",
    "caller_id_num": "263",
    "channel": "SIP/263-000028be",
    "connected_line_name": "<unknown>",
    "connected_line_num": "<unknown>",
    "direction": "",
    "end_time": "",
    "extension_number": "263",
    "has_ringing": false,
    "linkedid": "1751174034.180956",
    "other_extension_number": "",
    "start_time": "2025-06-29T08:46:34",
    "status": "initiated",
    "timestamp": "2025-06-29T08:46:34",
    "type": "call_started",
    "uniqueid": "1751174247.181304"
}

{
    "channel": "SIP/263-000028be",
    "privilege": "call,all",
    "timestamp": "2025-06-29T08:46:34",
    "type": "call_ringing",
    "uniqueid": "1751174247.181304"
}

{
    "call_type": "external",
    "caller_id_name": "263-SUP10",
    "caller_id_num": "263",
    "cause": "16",
    "cause_description": "",
    "cause_txt": "",
    "channel": "SIP/263-000028be",
    "connected_line_name": "<unknown>",
    "connected_line_num": "<unknown>",
    "direction": "in",
    "end_time": "2025-06-29T08:46:49",
    "extension_number": "263",
    "has_ringing": true,
    "linkedid": "1751174034.180956",
    "other_extension_number": "9160351367",
    "raw_event": {
        "AccountCode": "",
        "CallerIDName": "263-SUP10",
        "CallerIDNum": "263",
        "Cause": "16",
        "Cause-txt": "Normal Clearing",
        "Channel": "SIP/263-000028be",
        "ChannelState": "5",
        "ChannelStateDesc": "Ringing",
        "ConnectedLineName": "9160351367",
        "ConnectedLineNum": "9160351367",
        "Context": "from-internal",
        "Event": "Hangup",
        "Exten": "263",
        "Language": "pr2",
        "Linkedid": "1751174034.180956",
        "Priority": "1",
        "Privilege": "call,all",
        "Uniqueid": "1751174247.181304"
    },
    "start_time": "2025-06-29T08:46:34",
    "status": "ringing",
    "timestamp": "2025-06-29T08:46:49",
    "type": "call_ended",
    "uniqueid": "1751174247.181304"
}

{
    "call_duration": 14,
    "call_type": "external",
    "caller_id_name": "263-SUP10",
    "caller_id_num": "263",
    "cause": "16",
    "cause_description": "",
    "cause_txt": "",
    "channel": "SIP/263-000028be",
    "connected_line_name": "<unknown>",
    "connected_line_num": "<unknown>",
    "direction": "in",
    "end_time": "2025-06-29T08:46:49",
    "extension_number": "263",
    "has_ringing": true,
    "linkedid": "1751174034.180956",
    "other_extension_number": "9160351367",
    "raw_event": {
        "AccountCode": "",
        "CallerIDName": "263-SUP10",
        "CallerIDNum": "263",
        "Cause": "16",
        "Cause-txt": "Normal Clearing",
        "Channel": "SIP/263-000028be",
        "ChannelState": "5",
        "ChannelStateDesc": "Ringing",
        "ConnectedLineName": "9160351367",
        "ConnectedLineNum": "9160351367",
        "Context": "from-internal",
        "Event": "Hangup",
        "Exten": "263",
        "Language": "pr2",
        "Linkedid": "1751174034.180956",
        "Priority": "1",
        "Privilege": "call,all",
        "Uniqueid": "1751174247.181304"
    },
    "start_time": "2025-06-29T08:46:34",
    "status": "ringing",
    "timestamp": "2025-06-29T08:46:49",
    "type": "call_summary",
    "uniqueid": "1751174247.181304"
}

{
    "call_type": "",
    "caller_id_name": "263-SUP10",
    "caller_id_num": "263",
    "channel": "SIP/263-000028c6",
    "connected_line_name": "<unknown>",
    "connected_line_num": "<unknown>",
    "direction": "",
    "end_time": "",
    "extension_number": "263",
    "has_ringing": false,
    "linkedid": "1751174034.180956",
    "other_extension_number": "",
    "start_time": "2025-06-29T08:47:34",
    "status": "initiated",
    "timestamp": "2025-06-29T08:47:34",
    "type": "call_started",
    "uniqueid": "1751174307.181402"
}

{
    "channel": "SIP/263-000028c6",
    "privilege": "call,all",
    "timestamp": "2025-06-29T08:47:34",
    "type": "call_ringing",
    "uniqueid": "1751174307.181402"
}

{
    "call_type": "external",
    "caller_id_name": "263-SUP10",
    "caller_id_num": "263",
    "cause": "16",
    "cause_description": "",
    "cause_txt": "",
    "channel": "SIP/263-000028c6",
    "connected_line_name": "<unknown>",
    "connected_line_num": "<unknown>",
    "direction": "in",
    "end_time": "2025-06-29T08:47:48",
    "extension_number": "263",
    "has_ringing": true,
    "linkedid": "1751174034.180956",
    "other_extension_number": "9160351367",
    "raw_event": {
        "AccountCode": "",
        "CallerIDName": "263-SUP10",
        "CallerIDNum": "263",
        "Cause": "16",
        "Cause-txt": "Normal Clearing",
        "Channel": "SIP/263-000028c6",
        "ChannelState": "5",
        "ChannelStateDesc": "Ringing",
        "ConnectedLineName": "9160351367",
        "ConnectedLineNum": "9160351367",
        "Context": "from-internal",
        "Event": "Hangup",
        "Exten": "263",
        "Language": "pr2",
        "Linkedid": "1751174034.180956",
        "Priority": "1",
        "Privilege": "call,all",
        "Uniqueid": "1751174307.181402"
    },
    "start_time": "2025-06-29T08:47:34",
    "status": "ringing",
    "timestamp": "2025-06-29T08:47:48",
    "type": "call_ended",
    "uniqueid": "1751174307.181402"
}

{
    "call_duration": 14,
    "call_type": "external",
    "caller_id_name": "263-SUP10",
    "caller_id_num": "263",
    "cause": "16",
    "cause_description": "",
    "cause_txt": "",
    "channel": "SIP/263-000028c6",
    "connected_line_name": "<unknown>",
    "connected_line_num": "<unknown>",
    "direction": "in",
    "end_time": "2025-06-29T08:47:48",
    "extension_number": "263",
    "has_ringing": true,
    "linkedid": "1751174034.180956",
    "other_extension_number": "9160351367",
    "raw_event": {
        "AccountCode": "",
        "CallerIDName": "263-SUP10",
        "CallerIDNum": "263",
        "Cause": "16",
        "Cause-txt": "Normal Clearing",
        "Channel": "SIP/263-000028c6",
        "ChannelState": "5",
        "ChannelStateDesc": "Ringing",
        "ConnectedLineName": "9160351367",
        "ConnectedLineNum": "9160351367",
        "Context": "from-internal",
        "Event": "Hangup",
        "Exten": "263",
        "Language": "pr2",
        "Linkedid": "1751174034.180956",
        "Priority": "1",
        "Privilege": "call,all",
        "Uniqueid": "1751174307.181402"
    },
    "start_time": "2025-06-29T08:47:34",
    "status": "ringing",
    "timestamp": "2025-06-29T08:47:48",
    "type": "call_summary",
    "uniqueid": "1751174307.181402"
}

{
    "call_type": "",
    "caller_id_name": "263-SUP10",
    "caller_id_num": "263",
    "channel": "SIP/263-000028c9",
    "connected_line_name": "<unknown>",
    "connected_line_num": "<unknown>",
    "direction": "",
    "end_time": "",
    "extension_number": "263",
    "has_ringing": false,
    "linkedid": "1751174034.180956",
    "other_extension_number": "",
    "start_time": "2025-06-29T08:48:33",
    "status": "initiated",
    "timestamp": "2025-06-29T08:48:33",
    "type": "call_started",
    "uniqueid": "1751174367.181461"
}

{
    "channel": "SIP/263-000028c9",
    "privilege": "call,all",
    "timestamp": "2025-06-29T08:48:33",
    "type": "call_ringing",
    "uniqueid": "1751174367.181461"
}

{
    "call_type": "external",
    "caller_id_name": "263-SUP10",
    "caller_id_num": "263",
    "cause": "16",
    "cause_description": "",
    "cause_txt": "",
    "channel": "SIP/263-000028c9",
    "connected_line_name": "<unknown>",
    "connected_line_num": "<unknown>",
    "direction": "in",
    "end_time": "2025-06-29T08:48:48",
    "extension_number": "263",
    "has_ringing": true,
    "linkedid": "1751174034.180956",
    "other_extension_number": "9160351367",
    "raw_event": {
        "AccountCode": "",
        "CallerIDName": "263-SUP10",
        "CallerIDNum": "263",
        "Cause": "16",
        "Cause-txt": "Normal Clearing",
        "Channel": "SIP/263-000028c9",
        "ChannelState": "5",
        "ChannelStateDesc": "Ringing",
        "ConnectedLineName": "9160351367",
        "ConnectedLineNum": "9160351367",
        "Context": "from-internal",
        "Event": "Hangup",
        "Exten": "263",
        "Language": "pr2",
        "Linkedid": "1751174034.180956",
        "Priority": "1",
        "Privilege": "call,all",
        "Uniqueid": "1751174367.181461"
    },
    "start_time": "2025-06-29T08:48:33",
    "status": "ringing",
    "timestamp": "2025-06-29T08:48:48",
    "type": "call_ended",
    "uniqueid": "1751174367.181461"
}

{
    "call_duration": 14,
    "call_type": "external",
    "caller_id_name": "263-SUP10",
    "caller_id_num": "263",
    "cause": "16",
    "cause_description": "",
    "cause_txt": "",
    "channel": "SIP/263-000028c9",
    "connected_line_name": "<unknown>",
    "connected_line_num": "<unknown>",
    "direction": "in",
    "end_time": "2025-06-29T08:48:48",
    "extension_number": "263",
    "has_ringing": true,
    "linkedid": "1751174034.180956",
    "other_extension_number": "9160351367",
    "raw_event": {
        "AccountCode": "",
        "CallerIDName": "263-SUP10",
        "CallerIDNum": "263",
        "Cause": "16",
        "Cause-txt": "Normal Clearing",
        "Channel": "SIP/263-000028c9",
        "ChannelState": "5",
        "ChannelStateDesc": "Ringing",
        "ConnectedLineName": "9160351367",
        "ConnectedLineNum": "9160351367",
        "Context": "from-internal",
        "Event": "Hangup",
        "Exten": "263",
        "Language": "pr2",
        "Linkedid": "1751174034.180956",
        "Priority": "1",
        "Privilege": "call,all",
        "Uniqueid": "1751174367.181461"
    },
    "start_time": "2025-06-29T08:48:33",
    "status": "ringing",
    "timestamp": "2025-06-29T08:48:48",
    "type": "call_summary",
    "uniqueid": "1751174367.181461"
}

{
    "call_type": "",
    "caller_id_name": "263-SUP10",
    "caller_id_num": "263",
    "channel": "SIP/263-000028df",
    "connected_line_name": "<unknown>",
    "connected_line_num": "<unknown>",
    "direction": "",
    "end_time": "",
    "extension_number": "263",
    "has_ringing": false,
    "linkedid": "1751174672.181747",
    "other_extension_number": "",
    "start_time": "2025-06-29T08:54:46",
    "status": "initiated",
    "timestamp": "2025-06-29T08:54:46",
    "type": "call_started",
    "uniqueid": "1751174739.181798"
}

{
    "channel": "SIP/263-000028df",
    "privilege": "call,all",
    "timestamp": "2025-06-29T08:54:46",
    "type": "call_ringing",
    "uniqueid": "1751174739.181798"
}

{
    "channel": "SIP/263-000028df",
    "privilege": "call,all",
    "timestamp": "2025-06-29T08:54:50",
    "type": "call_answered",
    "uniqueid": "1751174739.181798"
}

{
    "call_type": "",
    "caller_id_name": "263-SUP10",
    "caller_id_num": "263",
    "channel": "SIP/263-000028ed",
    "connected_line_name": "<unknown>",
    "connected_line_num": "<unknown>",
    "direction": "",
    "end_time": "",
    "extension_number": "263",
    "has_ringing": false,
    "linkedid": "1751174790.181907",
    "other_extension_number": "",
    "start_time": "2025-06-29T08:55:37",
    "status": "initiated",
    "timestamp": "2025-06-29T08:55:37",
    "type": "call_started",
    "uniqueid": "1751174790.181907"
}

{
    "channel": "SIP/263-000028ed",
    "privilege": "call,all",
    "timestamp": "2025-06-29T08:55:43",
    "type": "call_answered",
    "uniqueid": "1751174790.181907"
}

{
    "call_type": "internal",
    "caller_id_name": "263-SUP10",
    "caller_id_num": "263",
    "cause": "16",
    "cause_description": "",
    "cause_txt": "",
    "channel": "SIP/263-000028ed",
    "connected_line_name": "<unknown>",
    "connected_line_num": "<unknown>",
    "direction": "out",
    "end_time": "2025-06-29T08:56:27",
    "extension_number": "263",
    "has_ringing": false,
    "linkedid": "1751174790.181907",
    "other_extension_number": "256",
    "raw_event": {
        "AccountCode": "",
        "CallerIDName": "263-SUP10",
        "CallerIDNum": "263",
        "Cause": "16",
        "Cause-txt": "Normal Clearing",
        "Channel": "SIP/263-000028ed",
        "ChannelState": "6",
        "ChannelStateDesc": "Up",
        "ConnectedLineName": "256-SUP6",
        "ConnectedLineNum": "256",
        "Context": "from-internal",
        "Event": "Hangup",
        "Exten": "h",
        "Language": "pr2",
        "Linkedid": "1751174790.181907",
        "Priority": "1",
        "Privilege": "call,all",
        "Uniqueid": "1751174790.181907"
    },
    "start_time": "2025-06-29T08:55:43",
    "status": "answered",
    "timestamp": "2025-06-29T08:56:27",
    "type": "call_ended",
    "uniqueid": "1751174790.181907"
}

{
    "call_duration": 43,
    "call_type": "internal",
    "caller_id_name": "263-SUP10",
    "caller_id_num": "263",
    "cause": "16",
    "cause_description": "",
    "cause_txt": "",
    "channel": "SIP/263-000028ed",
    "connected_line_name": "<unknown>",
    "connected_line_num": "<unknown>",
    "direction": "out",
    "end_time": "2025-06-29T08:56:27",
    "extension_number": "263",
    "has_ringing": false,
    "linkedid": "1751174790.181907",
    "other_extension_number": "256",
    "raw_event": {
        "AccountCode": "",
        "CallerIDName": "263-SUP10",
        "CallerIDNum": "263",
        "Cause": "16",
        "Cause-txt": "Normal Clearing",
        "Channel": "SIP/263-000028ed",
        "ChannelState": "6",
        "ChannelStateDesc": "Up",
        "ConnectedLineName": "256-SUP6",
        "ConnectedLineNum": "256",
        "Context": "from-internal",
        "Event": "Hangup",
        "Exten": "h",
        "Language": "pr2",
        "Linkedid": "1751174790.181907",
        "Priority": "1",
        "Privilege": "call,all",
        "Uniqueid": "1751174790.181907"
    },
    "start_time": "2025-06-29T08:55:43",
    "status": "answered",
    "timestamp": "2025-06-29T08:56:27",
    "type": "call_summary",
    "uniqueid": "1751174790.181907"
}

{
    "call_type": "external",
    "caller_id_name": "263-SUP10",
    "caller_id_num": "263",
    "cause": "16",
    "cause_description": "",
    "cause_txt": "",
    "channel": "SIP/263-000028df",
    "connected_line_name": "<unknown>",
    "connected_line_num": "<unknown>",
    "direction": "in",
    "end_time": "2025-06-29T08:56:53",
    "extension_number": "263",
    "has_ringing": true,
    "linkedid": "1751174672.181747",
    "other_extension_number": "9160351367",
    "raw_event": {
        "AccountCode": "",
        "CallerIDName": "263-SUP10",
        "CallerIDNum": "263",
        "Cause": "16",
        "Cause-txt": "Normal Clearing",
        "Channel": "SIP/263-000028df",
        "ChannelState": "6",
        "ChannelStateDesc": "Up",
        "ConnectedLineName": "9160351367",
        "ConnectedLineNum": "9160351367",
        "Context": "macro-dial-one",
        "Event": "Hangup",
        "Exten": "s",
        "Language": "pr2",
        "Linkedid": "1751174672.181747",
        "Priority": "1",
        "Privilege": "call,all",
        "Uniqueid": "1751174739.181798"
    },
    "start_time": "2025-06-29T08:54:50",
    "status": "answered",
    "timestamp": "2025-06-29T08:56:53",
    "type": "call_ended",
    "uniqueid": "1751174739.181798"
}

{
    "call_duration": 122,
    "call_type": "external",
    "caller_id_name": "263-SUP10",
    "caller_id_num": "263",
    "cause": "16",
    "cause_description": "",
    "cause_txt": "",
    "channel": "SIP/263-000028df",
    "connected_line_name": "<unknown>",
    "connected_line_num": "<unknown>",
    "direction": "in",
    "end_time": "2025-06-29T08:56:53",
    "extension_number": "263",
    "has_ringing": true,
    "linkedid": "1751174672.181747",
    "other_extension_number": "9160351367",
    "raw_event": {
        "AccountCode": "",
        "CallerIDName": "263-SUP10",
        "CallerIDNum": "263",
        "Cause": "16",
        "Cause-txt": "Normal Clearing",
        "Channel": "SIP/263-000028df",
        "ChannelState": "6",
        "ChannelStateDesc": "Up",
        "ConnectedLineName": "9160351367",
        "ConnectedLineNum": "9160351367",
        "Context": "macro-dial-one",
        "Event": "Hangup",
        "Exten": "s",
        "Language": "pr2",
        "Linkedid": "1751174672.181747",
        "Priority": "1",
        "Privilege": "call,all",
        "Uniqueid": "1751174739.181798"
    },
    "start_time": "2025-06-29T08:54:50",
    "status": "answered",
    "timestamp": "2025-06-29T08:56:53",
    "type": "call_summary",
    "uniqueid": "1751174739.181798"
}

{
    "call_type": "",
    "caller_id_name": "263-SUP10",
    "caller_id_num": "263",
    "channel": "SIP/263-000029a6",
    "connected_line_name": "<unknown>",
    "connected_line_num": "<unknown>",
    "direction": "",
    "end_time": "",
    "extension_number": "263",
    "has_ringing": false,
    "linkedid": "1751176046.183895",
    "other_extension_number": "",
    "start_time": "2025-06-29T09:16:41",
    "status": "initiated",
    "timestamp": "2025-06-29T09:16:41",
    "type": "call_started",
    "uniqueid": "1751176054.183907"
}

{
    "channel": "SIP/263-000029a6",
    "privilege": "call,all",
    "timestamp": "2025-06-29T09:16:41",
    "type": "call_ringing",
    "uniqueid": "1751176054.183907"
}

{
    "call_type": "external",
    "caller_id_name": "263-SUP10",
    "caller_id_num": "263",
    "cause": "16",
    "cause_description": "",
    "cause_txt": "",
    "channel": "SIP/263-000029a6",
    "connected_line_name": "<unknown>",
    "connected_line_num": "<unknown>",
    "direction": "in",
    "end_time": "2025-06-29T09:16:55",
    "extension_number": "263",
    "has_ringing": true,
    "linkedid": "1751176046.183895",
    "other_extension_number": "9141878207",
    "raw_event": {
        "AccountCode": "",
        "CallerIDName": "263-SUP10",
        "CallerIDNum": "263",
        "Cause": "16",
        "Cause-txt": "Normal Clearing",
        "Channel": "SIP/263-000029a6",
        "ChannelState": "5",
        "ChannelStateDesc": "Ringing",
        "ConnectedLineName": "9141878207",
        "ConnectedLineNum": "9141878207",
        "Context": "from-internal",
        "Event": "Hangup",
        "Exten": "263",
        "Language": "pr2",
        "Linkedid": "1751176046.183895",
        "Priority": "1",
        "Privilege": "call,all",
        "Uniqueid": "1751176054.183907"
    },
    "start_time": "2025-06-29T09:16:41",
    "status": "ringing",
    "timestamp": "2025-06-29T09:16:55",
    "type": "call_ended",
    "uniqueid": "1751176054.183907"
}

{
    "call_duration": 14,
    "call_type": "external",
    "caller_id_name": "263-SUP10",
    "caller_id_num": "263",
    "cause": "16",
    "cause_description": "",
    "cause_txt": "",
    "channel": "SIP/263-000029a6",
    "connected_line_name": "<unknown>",
    "connected_line_num": "<unknown>",
    "direction": "in",
    "end_time": "2025-06-29T09:16:55",
    "extension_number": "263",
    "has_ringing": true,
    "linkedid": "1751176046.183895",
    "other_extension_number": "9141878207",
    "raw_event": {
        "AccountCode": "",
        "CallerIDName": "263-SUP10",
        "CallerIDNum": "263",
        "Cause": "16",
        "Cause-txt": "Normal Clearing",
        "Channel": "SIP/263-000029a6",
        "ChannelState": "5",
        "ChannelStateDesc": "Ringing",
        "ConnectedLineName": "9141878207",
        "ConnectedLineNum": "9141878207",
        "Context": "from-internal",
        "Event": "Hangup",
        "Exten": "263",
        "Language": "pr2",
        "Linkedid": "1751176046.183895",
        "Priority": "1",
        "Privilege": "call,all",
        "Uniqueid": "1751176054.183907"
    },
    "start_time": "2025-06-29T09:16:41",
    "status": "ringing",
    "timestamp": "2025-06-29T09:16:55",
    "type": "call_summary",
    "uniqueid": "1751176054.183907"
}

{
    "call_type": "",
    "caller_id_name": "263-SUP10",
    "caller_id_num": "263",
    "channel": "SIP/263-000029af",
    "connected_line_name": "<unknown>",
    "connected_line_num": "<unknown>",
    "direction": "",
    "end_time": "",
    "extension_number": "263",
    "has_ringing": false,
    "linkedid": "1751176046.183895",
    "other_extension_number": "",
    "start_time": "2025-06-29T09:18:08",
    "status": "initiated",
    "timestamp": "2025-06-29T09:18:08",
    "type": "call_started",
    "uniqueid": "1751176141.184062"
}

{
    "channel": "SIP/263-000029af",
    "privilege": "call,all",
    "timestamp": "2025-06-29T09:18:08",
    "type": "call_ringing",
    "uniqueid": "1751176141.184062"
}

{
    "call_type": "external",
    "caller_id_name": "263-SUP10",
    "caller_id_num": "263",
    "cause": "16",
    "cause_description": "",
    "cause_txt": "",
    "channel": "SIP/263-000029af",
    "connected_line_name": "<unknown>",
    "connected_line_num": "<unknown>",
    "direction": "in",
    "end_time": "2025-06-29T09:18:23",
    "extension_number": "263",
    "has_ringing": true,
    "linkedid": "1751176046.183895",
    "other_extension_number": "9141878207",
    "raw_event": {
        "AccountCode": "",
        "CallerIDName": "263-SUP10",
        "CallerIDNum": "263",
        "Cause": "16",
        "Cause-txt": "Normal Clearing",
        "Channel": "SIP/263-000029af",
        "ChannelState": "5",
        "ChannelStateDesc": "Ringing",
        "ConnectedLineName": "9141878207",
        "ConnectedLineNum": "9141878207",
        "Context": "from-internal",
        "Event": "Hangup",
        "Exten": "263",
        "Language": "pr2",
        "Linkedid": "1751176046.183895",
        "Priority": "1",
        "Privilege": "call,all",
        "Uniqueid": "1751176141.184062"
    },
    "start_time": "2025-06-29T09:18:08",
    "status": "ringing",
    "timestamp": "2025-06-29T09:18:23",
    "type": "call_ended",
    "uniqueid": "1751176141.184062"
}

{
    "call_duration": 14,
    "call_type": "external",
    "caller_id_name": "263-SUP10",
    "caller_id_num": "263",
    "cause": "16",
    "cause_description": "",
    "cause_txt": "",
    "channel": "SIP/263-000029af",
    "connected_line_name": "<unknown>",
    "connected_line_num": "<unknown>",
    "direction": "in",
    "end_time": "2025-06-29T09:18:23",
    "extension_number": "263",
    "has_ringing": true,
    "linkedid": "1751176046.183895",
    "other_extension_number": "9141878207",
    "raw_event": {
        "AccountCode": "",
        "CallerIDName": "263-SUP10",
        "CallerIDNum": "263",
        "Cause": "16",
        "Cause-txt": "Normal Clearing",
        "Channel": "SIP/263-000029af",
        "ChannelState": "5",
        "ChannelStateDesc": "Ringing",
        "ConnectedLineName": "9141878207",
        "ConnectedLineNum": "9141878207",
        "Context": "from-internal",
        "Event": "Hangup",
        "Exten": "263",
        "Language": "pr2",
        "Linkedid": "1751176046.183895",
        "Priority": "1",
        "Privilege": "call,all",
        "Uniqueid": "1751176141.184062"
    },
    "start_time": "2025-06-29T09:18:08",
    "status": "ringing",
    "timestamp": "2025-06-29T09:18:23",
    "type": "call_summary",
    "uniqueid": "1751176141.184062"
}

{
    "call_type": "",
    "caller_id_name": "263-SUP10",
    "caller_id_num": "263",
    "channel": "SIP/263-000029b4",
    "connected_line_name": "<unknown>",
    "connected_line_num": "<unknown>",
    "direction": "",
    "end_time": "",
    "extension_number": "263",
    "has_ringing": false,
    "linkedid": "1751176182.184113",
    "other_extension_number": "",
    "start_time": "2025-06-29T09:18:49",
    "status": "initiated",
    "timestamp": "2025-06-29T09:18:49",
    "type": "call_started",
    "uniqueid": "1751176182.184116"
}

{
    "channel": "SIP/263-000029b4",
    "privilege": "call,all",
    "timestamp": "2025-06-29T09:18:49",
    "type": "call_ringing",
    "uniqueid": "1751176182.184116"
}

{
    "call_type": "internal",
    "caller_id_name": "263-SUP10",
    "caller_id_num": "263",
    "cause": "16",
    "cause_description": "",
    "cause_txt": "",
    "channel": "SIP/263-000029b4",
    "connected_line_name": "<unknown>",
    "connected_line_num": "<unknown>",
    "direction": "in",
    "end_time": "2025-06-29T09:19:09",
    "extension_number": "263",
    "has_ringing": true,
    "linkedid": "1751176182.184113",
    "other_extension_number": "103",
    "raw_event": {
        "AccountCode": "",
        "CallerIDName": "263-SUP10",
        "CallerIDNum": "263",
        "Cause": "16",
        "Cause-txt": "Normal Clearing",
        "Channel": "SIP/263-000029b4",
        "ChannelState": "5",
        "ChannelStateDesc": "Ringing",
        "ConnectedLineName": "f-ahmadi",
        "ConnectedLineNum": "103",
        "Context": "from-internal",
        "Event": "Hangup",
        "Exten": "263",
        "Language": "pr2",
        "Linkedid": "1751176182.184113",
        "Priority": "1",
        "Privilege": "call,all",
        "Uniqueid": "1751176182.184116"
    },
    "start_time": "2025-06-29T09:18:49",
    "status": "ringing",
    "timestamp": "2025-06-29T09:19:09",
    "type": "call_ended",
    "uniqueid": "1751176182.184116"
}

{
    "call_duration": 19,
    "call_type": "internal",
    "caller_id_name": "263-SUP10",
    "caller_id_num": "263",
    "cause": "16",
    "cause_description": "",
    "cause_txt": "",
    "channel": "SIP/263-000029b4",
    "connected_line_name": "<unknown>",
    "connected_line_num": "<unknown>",
    "direction": "in",
    "end_time": "2025-06-29T09:19:09",
    "extension_number": "263",
    "has_ringing": true,
    "linkedid": "1751176182.184113",
    "other_extension_number": "103",
    "raw_event": {
        "AccountCode": "",
        "CallerIDName": "263-SUP10",
        "CallerIDNum": "263",
        "Cause": "16",
        "Cause-txt": "Normal Clearing",
        "Channel": "SIP/263-000029b4",
        "ChannelState": "5",
        "ChannelStateDesc": "Ringing",
        "ConnectedLineName": "f-ahmadi",
        "ConnectedLineNum": "103",
        "Context": "from-internal",
        "Event": "Hangup",
        "Exten": "263",
        "Language": "pr2",
        "Linkedid": "1751176182.184113",
        "Priority": "1",
        "Privilege": "call,all",
        "Uniqueid": "1751176182.184116"
    },
    "start_time": "2025-06-29T09:18:49",
    "status": "ringing",
    "timestamp": "2025-06-29T09:19:09",
    "type": "call_summary",
    "uniqueid": "1751176182.184116"
}

{
    "call_type": "",
    "caller_id_name": "263-SUP10",
    "caller_id_num": "263",
    "channel": "SIP/263-000029b6",
    "connected_line_name": "<unknown>",
    "connected_line_num": "<unknown>",
    "direction": "",
    "end_time": "",
    "extension_number": "263",
    "has_ringing": false,
    "linkedid": "1751176046.183895",
    "other_extension_number": "",
    "start_time": "2025-06-29T09:19:24",
    "status": "initiated",
    "timestamp": "2025-06-29T09:19:24",
    "type": "call_started",
    "uniqueid": "1751176217.184182"
}

{
    "channel": "SIP/263-000029b6",
    "privilege": "call,all",
    "timestamp": "2025-06-29T09:19:24",
    "type": "call_ringing",
    "uniqueid": "1751176217.184182"
}

{
    "call_type": "external",
    "caller_id_name": "263-SUP10",
    "caller_id_num": "263",
    "cause": "16",
    "cause_description": "",
    "cause_txt": "",
    "channel": "SIP/263-000029b6",
    "connected_line_name": "<unknown>",
    "connected_line_num": "<unknown>",
    "direction": "in",
    "end_time": "2025-06-29T09:19:38",
    "extension_number": "263",
    "has_ringing": true,
    "linkedid": "1751176046.183895",
    "other_extension_number": "9141878207",
    "raw_event": {
        "AccountCode": "",
        "CallerIDName": "263-SUP10",
        "CallerIDNum": "263",
        "Cause": "16",
        "Cause-txt": "Normal Clearing",
        "Channel": "SIP/263-000029b6",
        "ChannelState": "5",
        "ChannelStateDesc": "Ringing",
        "ConnectedLineName": "9141878207",
        "ConnectedLineNum": "9141878207",
        "Context": "from-internal",
        "Event": "Hangup",
        "Exten": "263",
        "Language": "pr2",
        "Linkedid": "1751176046.183895",
        "Priority": "1",
        "Privilege": "call,all",
        "Uniqueid": "1751176217.184182"
    },
    "start_time": "2025-06-29T09:19:24",
    "status": "ringing",
    "timestamp": "2025-06-29T09:19:38",
    "type": "call_ended",
    "uniqueid": "1751176217.184182"
}

{
    "call_duration": 14,
    "call_type": "external",
    "caller_id_name": "263-SUP10",
    "caller_id_num": "263",
    "cause": "16",
    "cause_description": "",
    "cause_txt": "",
    "channel": "SIP/263-000029b6",
    "connected_line_name": "<unknown>",
    "connected_line_num": "<unknown>",
    "direction": "in",
    "end_time": "2025-06-29T09:19:38",
    "extension_number": "263",
    "has_ringing": true,
    "linkedid": "1751176046.183895",
    "other_extension_number": "9141878207",
    "raw_event": {
        "AccountCode": "",
        "CallerIDName": "263-SUP10",
        "CallerIDNum": "263",
        "Cause": "16",
        "Cause-txt": "Normal Clearing",
        "Channel": "SIP/263-000029b6",
        "ChannelState": "5",
        "ChannelStateDesc": "Ringing",
        "ConnectedLineName": "9141878207",
        "ConnectedLineNum": "9141878207",
        "Context": "from-internal",
        "Event": "Hangup",
        "Exten": "263",
        "Language": "pr2",
        "Linkedid": "1751176046.183895",
        "Priority": "1",
        "Privilege": "call,all",
        "Uniqueid": "1751176217.184182"
    },
    "start_time": "2025-06-29T09:19:24",
    "status": "ringing",
    "timestamp": "2025-06-29T09:19:38",
    "type": "call_summary",
    "uniqueid": "1751176217.184182"
}

{
    "call_type": "",
    "caller_id_name": "263-SUP10",
    "caller_id_num": "263",
    "channel": "SIP/263-00002a0e",
    "connected_line_name": "<unknown>",
    "connected_line_num": "<unknown>",
    "direction": "",
    "end_time": "",
    "extension_number": "263",
    "has_ringing": false,
    "linkedid": "1751176768.185810",
    "other_extension_number": "",
    "start_time": "2025-06-29T09:28:35",
    "status": "initiated",
    "timestamp": "2025-06-29T09:28:35",
    "type": "call_started",
    "uniqueid": "1751176768.185813"
}

{
    "channel": "SIP/263-00002a0e",
    "privilege": "call,all",
    "timestamp": "2025-06-29T09:28:35",
    "type": "call_ringing",
    "uniqueid": "1751176768.185813"
}

{
    "call_type": "internal",
    "caller_id_name": "263-SUP10",
    "caller_id_num": "263",
    "cause": "16",
    "cause_description": "",
    "cause_txt": "",
    "channel": "SIP/263-00002a0e",
    "connected_line_name": "<unknown>",
    "connected_line_num": "<unknown>",
    "direction": "in",
    "end_time": "2025-06-29T09:28:55",
    "extension_number": "263",
    "has_ringing": true,
    "linkedid": "1751176768.185810",
    "other_extension_number": "103",
    "raw_event": {
        "AccountCode": "",
        "CallerIDName": "263-SUP10",
        "CallerIDNum": "263",
        "Cause": "16",
        "Cause-txt": "Normal Clearing",
        "Channel": "SIP/263-00002a0e",
        "ChannelState": "5",
        "ChannelStateDesc": "Ringing",
        "ConnectedLineName": "f-ahmadi",
        "ConnectedLineNum": "103",
        "Context": "from-internal",
        "Event": "Hangup",
        "Exten": "263",
        "Language": "pr2",
        "Linkedid": "1751176768.185810",
        "Priority": "1",
        "Privilege": "call,all",
        "Uniqueid": "1751176768.185813"
    },
    "start_time": "2025-06-29T09:28:35",
    "status": "ringing",
    "timestamp": "2025-06-29T09:28:55",
    "type": "call_ended",
    "uniqueid": "1751176768.185813"
}

{
    "call_duration": 19,
    "call_type": "internal",
    "caller_id_name": "263-SUP10",
    "caller_id_num": "263",
    "cause": "16",
    "cause_description": "",
    "cause_txt": "",
    "channel": "SIP/263-00002a0e",
    "connected_line_name": "<unknown>",
    "connected_line_num": "<unknown>",
    "direction": "in",
    "end_time": "2025-06-29T09:28:55",
    "extension_number": "263",
    "has_ringing": true,
    "linkedid": "1751176768.185810",
    "other_extension_number": "103",
    "raw_event": {
        "AccountCode": "",
        "CallerIDName": "263-SUP10",
        "CallerIDNum": "263",
        "Cause": "16",
        "Cause-txt": "Normal Clearing",
        "Channel": "SIP/263-00002a0e",
        "ChannelState": "5",
        "ChannelStateDesc": "Ringing",
        "ConnectedLineName": "f-ahmadi",
        "ConnectedLineNum": "103",
        "Context": "from-internal",
        "Event": "Hangup",
        "Exten": "263",
        "Language": "pr2",
        "Linkedid": "1751176768.185810",
        "Priority": "1",
        "Privilege": "call,all",
        "Uniqueid": "1751176768.185813"
    },
    "start_time": "2025-06-29T09:28:35",
    "status": "ringing",
    "timestamp": "2025-06-29T09:28:55",
    "type": "call_summary",
    "uniqueid": "1751176768.185813"
}

{
    "call_type": "",
    "caller_id_name": "263-SUP10",
    "caller_id_num": "263",
    "channel": "SIP/263-00002b30",
    "connected_line_name": "<unknown>",
    "connected_line_num": "<unknown>",
    "direction": "",
    "end_time": "",
    "extension_number": "263",
    "has_ringing": false,
    "linkedid": "1751179763.190074",
    "other_extension_number": "",
    "start_time": "2025-06-29T10:18:30",
    "status": "initiated",
    "timestamp": "2025-06-29T10:18:30",
    "type": "call_started",
    "uniqueid": "1751179763.190082"
}

{
    "channel": "SIP/263-00002b30",
    "privilege": "call,all",
    "timestamp": "2025-06-29T10:18:30",
    "type": "call_ringing",
    "uniqueid": "1751179763.190082"
}

{
    "call_type": "external",
    "caller_id_name": "263-SUP10",
    "caller_id_num": "263",
    "cause": "16",
    "cause_description": "",
    "cause_txt": "",
    "channel": "SIP/263-00002b30",
    "connected_line_name": "<unknown>",
    "connected_line_num": "<unknown>",
    "direction": "in",
    "end_time": "2025-06-29T10:18:45",
    "extension_number": "263",
    "has_ringing": true,
    "linkedid": "1751179763.190074",
    "other_extension_number": "9120811466",
    "raw_event": {
        "AccountCode": "",
        "CallerIDName": "263-SUP10",
        "CallerIDNum": "263",
        "Cause": "16",
        "Cause-txt": "Normal Clearing",
        "Channel": "SIP/263-00002b30",
        "ChannelState": "5",
        "ChannelStateDesc": "Ringing",
        "ConnectedLineName": "9120811466",
        "ConnectedLineNum": "9120811466",
        "Context": "from-internal",
        "Event": "Hangup",
        "Exten": "263",
        "Language": "pr2",
        "Linkedid": "1751179763.190074",
        "Priority": "1",
        "Privilege": "call,all",
        "Uniqueid": "1751179763.190082"
    },
    "start_time": "2025-06-29T10:18:30",
    "status": "ringing",
    "timestamp": "2025-06-29T10:18:45",
    "type": "call_ended",
    "uniqueid": "1751179763.190082"
}

{
    "call_duration": 14,
    "call_type": "external",
    "caller_id_name": "263-SUP10",
    "caller_id_num": "263",
    "cause": "16",
    "cause_description": "",
    "cause_txt": "",
    "channel": "SIP/263-00002b30",
    "connected_line_name": "<unknown>",
    "connected_line_num": "<unknown>",
    "direction": "in",
    "end_time": "2025-06-29T10:18:45",
    "extension_number": "263",
    "has_ringing": true,
    "linkedid": "1751179763.190074",
    "other_extension_number": "9120811466",
    "raw_event": {
        "AccountCode": "",
        "CallerIDName": "263-SUP10",
        "CallerIDNum": "263",
        "Cause": "16",
        "Cause-txt": "Normal Clearing",
        "Channel": "SIP/263-00002b30",
        "ChannelState": "5",
        "ChannelStateDesc": "Ringing",
        "ConnectedLineName": "9120811466",
        "ConnectedLineNum": "9120811466",
        "Context": "from-internal",
        "Event": "Hangup",
        "Exten": "263",
        "Language": "pr2",
        "Linkedid": "1751179763.190074",
        "Priority": "1",
        "Privilege": "call,all",
        "Uniqueid": "1751179763.190082"
    },
    "start_time": "2025-06-29T10:18:30",
    "status": "ringing",
    "timestamp": "2025-06-29T10:18:45",
    "type": "call_summary",
    "uniqueid": "1751179763.190082"
}

{
    "call_type": "",
    "caller_id_name": "263-SUP10",
    "caller_id_num": "263",
    "channel": "SIP/263-00002b6f",
    "connected_line_name": "<unknown>",
    "connected_line_num": "<unknown>",
    "direction": "",
    "end_time": "",
    "extension_number": "263",
    "has_ringing": false,
    "linkedid": "1751182110.191382",
    "other_extension_number": "",
    "start_time": "2025-06-29T10:57:37",
    "status": "initiated",
    "timestamp": "2025-06-29T10:57:37",
    "type": "call_started",
    "uniqueid": "1751182110.191385"
}

{
    "channel": "SIP/263-00002b6f",
    "privilege": "call,all",
    "timestamp": "2025-06-29T10:57:37",
    "type": "call_ringing",
    "uniqueid": "1751182110.191385"
}

{
    "call_type": "internal",
    "caller_id_name": "263-SUP10",
    "caller_id_num": "263",
    "cause": "16",
    "cause_description": "",
    "cause_txt": "",
    "channel": "SIP/263-00002b6f",
    "connected_line_name": "<unknown>",
    "connected_line_num": "<unknown>",
    "direction": "in",
    "end_time": "2025-06-29T10:57:41",
    "extension_number": "263",
    "has_ringing": true,
    "linkedid": "1751182110.191382",
    "other_extension_number": "555",
    "raw_event": {
        "AccountCode": "",
        "CallerIDName": "263-SUP10",
        "CallerIDNum": "263",
        "Cause": "16",
        "Cause-txt": "Normal Clearing",
        "Channel": "SIP/263-00002b6f",
        "ChannelState": "5",
        "ChannelStateDesc": "Ringing",
        "ConnectedLineName": "555-TES",
        "ConnectedLineNum": "555",
        "Context": "from-internal",
        "Event": "Hangup",
        "Exten": "263",
        "Language": "pr2",
        "Linkedid": "1751182110.191382",
        "Priority": "1",
        "Privilege": "call,all",
        "Uniqueid": "1751182110.191385"
    },
    "start_time": "2025-06-29T10:57:37",
    "status": "ringing",
    "timestamp": "2025-06-29T10:57:41",
    "type": "call_ended",
    "uniqueid": "1751182110.191385"
}

{
    "call_duration": 3,
    "call_type": "internal",
    "caller_id_name": "263-SUP10",
    "caller_id_num": "263",
    "cause": "16",
    "cause_description": "",
    "cause_txt": "",
    "channel": "SIP/263-00002b6f",
    "connected_line_name": "<unknown>",
    "connected_line_num": "<unknown>",
    "direction": "in",
    "end_time": "2025-06-29T10:57:41",
    "extension_number": "263",
    "has_ringing": true,
    "linkedid": "1751182110.191382",
    "other_extension_number": "555",
    "raw_event": {
        "AccountCode": "",
        "CallerIDName": "263-SUP10",
        "CallerIDNum": "263",
        "Cause": "16",
        "Cause-txt": "Normal Clearing",
        "Channel": "SIP/263-00002b6f",
        "ChannelState": "5",
        "ChannelStateDesc": "Ringing",
        "ConnectedLineName": "555-TES",
        "ConnectedLineNum": "555",
        "Context": "from-internal",
        "Event": "Hangup",
        "Exten": "263",
        "Language": "pr2",
        "Linkedid": "1751182110.191382",
        "Priority": "1",
        "Privilege": "call,all",
        "Uniqueid": "1751182110.191385"
    },
    "start_time": "2025-06-29T10:57:37",
    "status": "ringing",
    "timestamp": "2025-06-29T10:57:41",
    "type": "call_summary",
    "uniqueid": "1751182110.191385"
}

{
    "call_type": "",
    "caller_id_name": "263-SUP10",
    "caller_id_num": "263",
    "channel": "SIP/263-00002b77",
    "connected_line_name": "<unknown>",
    "connected_line_num": "<unknown>",
    "direction": "",
    "end_time": "",
    "extension_number": "263",
    "has_ringing": false,
    "linkedid": "1751182719.191541",
    "other_extension_number": "",
    "start_time": "2025-06-29T11:08:48",
    "status": "initiated",
    "timestamp": "2025-06-29T11:08:48",
    "type": "call_started",
    "uniqueid": "1751182781.191576"
}

{
    "channel": "SIP/263-00002b77",
    "privilege": "call,all",
    "timestamp": "2025-06-29T11:08:48",
    "type": "call_ringing",
    "uniqueid": "1751182781.191576"
}

{
    "call_type": "external",
    "caller_id_name": "263-SUP10",
    "caller_id_num": "263",
    "cause": "16",
    "cause_description": "",
    "cause_txt": "",
    "channel": "SIP/263-00002b77",
    "connected_line_name": "<unknown>",
    "connected_line_num": "<unknown>",
    "direction": "in",
    "end_time": "2025-06-29T11:09:02",
    "extension_number": "263",
    "has_ringing": true,
    "linkedid": "1751182719.191541",
    "other_extension_number": "9108070313",
    "raw_event": {
        "AccountCode": "",
        "CallerIDName": "263-SUP10",
        "CallerIDNum": "263",
        "Cause": "16",
        "Cause-txt": "Normal Clearing",
        "Channel": "SIP/263-00002b77",
        "ChannelState": "5",
        "ChannelStateDesc": "Ringing",
        "ConnectedLineName": "9108070313",
        "ConnectedLineNum": "9108070313",
        "Context": "from-internal",
        "Event": "Hangup",
        "Exten": "263",
        "Language": "pr2",
        "Linkedid": "1751182719.191541",
        "Priority": "1",
        "Privilege": "call,all",
        "Uniqueid": "1751182781.191576"
    },
    "start_time": "2025-06-29T11:08:48",
    "status": "ringing",
    "timestamp": "2025-06-29T11:09:02",
    "type": "call_ended",
    "uniqueid": "1751182781.191576"
}

{
    "call_duration": 14,
    "call_type": "external",
    "caller_id_name": "263-SUP10",
    "caller_id_num": "263",
    "cause": "16",
    "cause_description": "",
    "cause_txt": "",
    "channel": "SIP/263-00002b77",
    "connected_line_name": "<unknown>",
    "connected_line_num": "<unknown>",
    "direction": "in",
    "end_time": "2025-06-29T11:09:02",
    "extension_number": "263",
    "has_ringing": true,
    "linkedid": "1751182719.191541",
    "other_extension_number": "9108070313",
    "raw_event": {
        "AccountCode": "",
        "CallerIDName": "263-SUP10",
        "CallerIDNum": "263",
        "Cause": "16",
        "Cause-txt": "Normal Clearing",
        "Channel": "SIP/263-00002b77",
        "ChannelState": "5",
        "ChannelStateDesc": "Ringing",
        "ConnectedLineName": "9108070313",
        "ConnectedLineNum": "9108070313",
        "Context": "from-internal",
        "Event": "Hangup",
        "Exten": "263",
        "Language": "pr2",
        "Linkedid": "1751182719.191541",
        "Priority": "1",
        "Privilege": "call,all",
        "Uniqueid": "1751182781.191576"
    },
    "start_time": "2025-06-29T11:08:48",
    "status": "ringing",
    "timestamp": "2025-06-29T11:09:02",
    "type": "call_summary",
    "uniqueid": "1751182781.191576"
}

{
    "call_type": "",
    "caller_id_name": "263-SUP10",
    "caller_id_num": "263",
    "channel": "SIP/263-00002b7d",
    "connected_line_name": "<unknown>",
    "connected_line_num": "<unknown>",
    "direction": "",
    "end_time": "",
    "extension_number": "263",
    "has_ringing": false,
    "linkedid": "1751182719.191541",
    "other_extension_number": "",
    "start_time": "2025-06-29T11:09:47",
    "status": "initiated",
    "timestamp": "2025-06-29T11:09:47",
    "type": "call_started",
    "uniqueid": "1751182841.191671"
}

{
    "channel": "SIP/263-00002b7d",
    "privilege": "call,all",
    "timestamp": "2025-06-29T11:09:47",
    "type": "call_ringing",
    "uniqueid": "1751182841.191671"
}

{
    "call_type": "external",
    "caller_id_name": "263-SUP10",
    "caller_id_num": "263",
    "cause": "16",
    "cause_description": "",
    "cause_txt": "",
    "channel": "SIP/263-00002b7d",
    "connected_line_name": "<unknown>",
    "connected_line_num": "<unknown>",
    "direction": "in",
    "end_time": "2025-06-29T11:10:02",
    "extension_number": "263",
    "has_ringing": true,
    "linkedid": "1751182719.191541",
    "other_extension_number": "9108070313",
    "raw_event": {
        "AccountCode": "",
        "CallerIDName": "263-SUP10",
        "CallerIDNum": "263",
        "Cause": "16",
        "Cause-txt": "Normal Clearing",
        "Channel": "SIP/263-00002b7d",
        "ChannelState": "5",
        "ChannelStateDesc": "Ringing",
        "ConnectedLineName": "9108070313",
        "ConnectedLineNum": "9108070313",
        "Context": "from-internal",
        "Event": "Hangup",
        "Exten": "263",
        "Language": "pr2",
        "Linkedid": "1751182719.191541",
        "Priority": "1",
        "Privilege": "call,all",
        "Uniqueid": "1751182841.191671"
    },
    "start_time": "2025-06-29T11:09:47",
    "status": "ringing",
    "timestamp": "2025-06-29T11:10:02",
    "type": "call_ended",
    "uniqueid": "1751182841.191671"
}

{
    "call_duration": 14,
    "call_type": "external",
    "caller_id_name": "263-SUP10",
    "caller_id_num": "263",
    "cause": "16",
    "cause_description": "",
    "cause_txt": "",
    "channel": "SIP/263-00002b7d",
    "connected_line_name": "<unknown>",
    "connected_line_num": "<unknown>",
    "direction": "in",
    "end_time": "2025-06-29T11:10:02",
    "extension_number": "263",
    "has_ringing": true,
    "linkedid": "1751182719.191541",
    "other_extension_number": "9108070313",
    "raw_event": {
        "AccountCode": "",
        "CallerIDName": "263-SUP10",
        "CallerIDNum": "263",
        "Cause": "16",
        "Cause-txt": "Normal Clearing",
        "Channel": "SIP/263-00002b7d",
        "ChannelState": "5",
        "ChannelStateDesc": "Ringing",
        "ConnectedLineName": "9108070313",
        "ConnectedLineNum": "9108070313",
        "Context": "from-internal",
        "Event": "Hangup",
        "Exten": "263",
        "Language": "pr2",
        "Linkedid": "1751182719.191541",
        "Priority": "1",
        "Privilege": "call,all",
        "Uniqueid": "1751182841.191671"
    },
    "start_time": "2025-06-29T11:09:47",
    "status": "ringing",
    "timestamp": "2025-06-29T11:10:02",
    "type": "call_summary",
    "uniqueid": "1751182841.191671"
}

{
    "call_type": "",
    "caller_id_name": "263-SUP10",
    "caller_id_num": "263",
    "channel": "SIP/263-00002b81",
    "connected_line_name": "<unknown>",
    "connected_line_num": "<unknown>",
    "direction": "",
    "end_time": "",
    "extension_number": "263",
    "has_ringing": false,
    "linkedid": "1751182719.191541",
    "other_extension_number": "",
    "start_time": "2025-06-29T11:10:47",
    "status": "initiated",
    "timestamp": "2025-06-29T11:10:47",
    "type": "call_started",
    "uniqueid": "1751182900.191764"
}

{
    "channel": "SIP/263-00002b81",
    "privilege": "call,all",
    "timestamp": "2025-06-29T11:10:47",
    "type": "call_ringing",
    "uniqueid": "1751182900.191764"
}

{
    "call_type": "external",
    "caller_id_name": "263-SUP10",
    "caller_id_num": "263",
    "cause": "16",
    "cause_description": "",
    "cause_txt": "",
    "channel": "SIP/263-00002b81",
    "connected_line_name": "<unknown>",
    "connected_line_num": "<unknown>",
    "direction": "in",
    "end_time": "2025-06-29T11:11:02",
    "extension_number": "263",
    "has_ringing": true,
    "linkedid": "1751182719.191541",
    "other_extension_number": "9108070313",
    "raw_event": {
        "AccountCode": "",
        "CallerIDName": "263-SUP10",
        "CallerIDNum": "263",
        "Cause": "16",
        "Cause-txt": "Normal Clearing",
        "Channel": "SIP/263-00002b81",
        "ChannelState": "5",
        "ChannelStateDesc": "Ringing",
        "ConnectedLineName": "9108070313",
        "ConnectedLineNum": "9108070313",
        "Context": "from-internal",
        "Event": "Hangup",
        "Exten": "263",
        "Language": "pr2",
        "Linkedid": "1751182719.191541",
        "Priority": "1",
        "Privilege": "call,all",
        "Uniqueid": "1751182900.191764"
    },
    "start_time": "2025-06-29T11:10:47",
    "status": "ringing",
    "timestamp": "2025-06-29T11:11:02",
    "type": "call_ended",
    "uniqueid": "1751182900.191764"
}

{
    "call_duration": 14,
    "call_type": "external",
    "caller_id_name": "263-SUP10",
    "caller_id_num": "263",
    "cause": "16",
    "cause_description": "",
    "cause_txt": "",
    "channel": "SIP/263-00002b81",
    "connected_line_name": "<unknown>",
    "connected_line_num": "<unknown>",
    "direction": "in",
    "end_time": "2025-06-29T11:11:02",
    "extension_number": "263",
    "has_ringing": true,
    "linkedid": "1751182719.191541",
    "other_extension_number": "9108070313",
    "raw_event": {
        "AccountCode": "",
        "CallerIDName": "263-SUP10",
        "CallerIDNum": "263",
        "Cause": "16",
        "Cause-txt": "Normal Clearing",
        "Channel": "SIP/263-00002b81",
        "ChannelState": "5",
        "ChannelStateDesc": "Ringing",
        "ConnectedLineName": "9108070313",
        "ConnectedLineNum": "9108070313",
        "Context": "from-internal",
        "Event": "Hangup",
        "Exten": "263",
        "Language": "pr2",
        "Linkedid": "1751182719.191541",
        "Priority": "1",
        "Privilege": "call,all",
        "Uniqueid": "1751182900.191764"
    },
    "start_time": "2025-06-29T11:10:47",
    "status": "ringing",
    "timestamp": "2025-06-29T11:11:02",
    "type": "call_summary",
    "uniqueid": "1751182900.191764"
}

{
    "call_type": "",
    "caller_id_name": "263-SUP10",
    "caller_id_num": "263",
    "channel": "SIP/263-00002b87",
    "connected_line_name": "<unknown>",
    "connected_line_num": "<unknown>",
    "direction": "",
    "end_time": "",
    "extension_number": "263",
    "has_ringing": false,
    "linkedid": "1751182719.191541",
    "other_extension_number": "",
    "start_time": "2025-06-29T11:11:47",
    "status": "initiated",
    "timestamp": "2025-06-29T11:11:47",
    "type": "call_started",
    "uniqueid": "1751182960.191887"
}

{
    "channel": "SIP/263-00002b87",
    "privilege": "call,all",
    "timestamp": "2025-06-29T11:11:47",
    "type": "call_ringing",
    "uniqueid": "1751182960.191887"
}

{
    "call_type": "external",
    "caller_id_name": "263-SUP10",
    "caller_id_num": "263",
    "cause": "16",
    "cause_description": "",
    "cause_txt": "",
    "channel": "SIP/263-00002b87",
    "connected_line_name": "<unknown>",
    "connected_line_num": "<unknown>",
    "direction": "in",
    "end_time": "2025-06-29T11:12:02",
    "extension_number": "263",
    "has_ringing": true,
    "linkedid": "1751182719.191541",
    "other_extension_number": "9108070313",
    "raw_event": {
        "AccountCode": "",
        "CallerIDName": "263-SUP10",
        "CallerIDNum": "263",
        "Cause": "16",
        "Cause-txt": "Normal Clearing",
        "Channel": "SIP/263-00002b87",
        "ChannelState": "5",
        "ChannelStateDesc": "Ringing",
        "ConnectedLineName": "9108070313",
        "ConnectedLineNum": "9108070313",
        "Context": "from-internal",
        "Event": "Hangup",
        "Exten": "263",
        "Language": "pr2",
        "Linkedid": "1751182719.191541",
        "Priority": "1",
        "Privilege": "call,all",
        "Uniqueid": "1751182960.191887"
    },
    "start_time": "2025-06-29T11:11:47",
    "status": "ringing",
    "timestamp": "2025-06-29T11:12:02",
    "type": "call_ended",
    "uniqueid": "1751182960.191887"
}

{
    "call_duration": 14,
    "call_type": "external",
    "caller_id_name": "263-SUP10",
    "caller_id_num": "263",
    "cause": "16",
    "cause_description": "",
    "cause_txt": "",
    "channel": "SIP/263-00002b87",
    "connected_line_name": "<unknown>",
    "connected_line_num": "<unknown>",
    "direction": "in",
    "end_time": "2025-06-29T11:12:02",
    "extension_number": "263",
    "has_ringing": true,
    "linkedid": "1751182719.191541",
    "other_extension_number": "9108070313",
    "raw_event": {
        "AccountCode": "",
        "CallerIDName": "263-SUP10",
        "CallerIDNum": "263",
        "Cause": "16",
        "Cause-txt": "Normal Clearing",
        "Channel": "SIP/263-00002b87",
        "ChannelState": "5",
        "ChannelStateDesc": "Ringing",
        "ConnectedLineName": "9108070313",
        "ConnectedLineNum": "9108070313",
        "Context": "from-internal",
        "Event": "Hangup",
        "Exten": "263",
        "Language": "pr2",
        "Linkedid": "1751182719.191541",
        "Priority": "1",
        "Privilege": "call,all",
        "Uniqueid": "1751182960.191887"
    },
    "start_time": "2025-06-29T11:11:47",
    "status": "ringing",
    "timestamp": "2025-06-29T11:12:02",
    "type": "call_summary",
    "uniqueid": "1751182960.191887"
}

{
    "call_type": "",
    "caller_id_name": "263-SUP10",
    "caller_id_num": "263",
    "channel": "SIP/263-00002b8d",
    "connected_line_name": "<unknown>",
    "connected_line_num": "<unknown>",
    "direction": "",
    "end_time": "",
    "extension_number": "263",
    "has_ringing": false,
    "linkedid": "1751182926.191808",
    "other_extension_number": "",
    "start_time": "2025-06-29T11:12:31",
    "status": "initiated",
    "timestamp": "2025-06-29T11:12:31",
    "type": "call_started",
    "uniqueid": "1751183005.192028"
}

{
    "channel": "SIP/263-00002b8d",
    "privilege": "call,all",
    "timestamp": "2025-06-29T11:12:31",
    "type": "call_ringing",
    "uniqueid": "1751183005.192028"
}

{
    "call_type": "external",
    "caller_id_name": "263-SUP10",
    "caller_id_num": "263",
    "cause": "16",
    "cause_description": "",
    "cause_txt": "",
    "channel": "SIP/263-00002b8d",
    "connected_line_name": "<unknown>",
    "connected_line_num": "<unknown>",
    "direction": "in",
    "end_time": "2025-06-29T11:12:46",
    "extension_number": "263",
    "has_ringing": true,
    "linkedid": "1751182926.191808",
    "other_extension_number": "9103100297",
    "raw_event": {
        "AccountCode": "",
        "CallerIDName": "263-SUP10",
        "CallerIDNum": "263",
        "Cause": "16",
        "Cause-txt": "Normal Clearing",
        "Channel": "SIP/263-00002b8d",
        "ChannelState": "5",
        "ChannelStateDesc": "Ringing",
        "ConnectedLineName": "9103100297",
        "ConnectedLineNum": "9103100297",
        "Context": "from-internal",
        "Event": "Hangup",
        "Exten": "263",
        "Language": "pr2",
        "Linkedid": "1751182926.191808",
        "Priority": "1",
        "Privilege": "call,all",
        "Uniqueid": "1751183005.192028"
    },
    "start_time": "2025-06-29T11:12:31",
    "status": "ringing",
    "timestamp": "2025-06-29T11:12:46",
    "type": "call_ended",
    "uniqueid": "1751183005.192028"
}

{
    "call_duration": 14,
    "call_type": "external",
    "caller_id_name": "263-SUP10",
    "caller_id_num": "263",
    "cause": "16",
    "cause_description": "",
    "cause_txt": "",
    "channel": "SIP/263-00002b8d",
    "connected_line_name": "<unknown>",
    "connected_line_num": "<unknown>",
    "direction": "in",
    "end_time": "2025-06-29T11:12:46",
    "extension_number": "263",
    "has_ringing": true,
    "linkedid": "1751182926.191808",
    "other_extension_number": "9103100297",
    "raw_event": {
        "AccountCode": "",
        "CallerIDName": "263-SUP10",
        "CallerIDNum": "263",
        "Cause": "16",
        "Cause-txt": "Normal Clearing",
        "Channel": "SIP/263-00002b8d",
        "ChannelState": "5",
        "ChannelStateDesc": "Ringing",
        "ConnectedLineName": "9103100297",
        "ConnectedLineNum": "9103100297",
        "Context": "from-internal",
        "Event": "Hangup",
        "Exten": "263",
        "Language": "pr2",
        "Linkedid": "1751182926.191808",
        "Priority": "1",
        "Privilege": "call,all",
        "Uniqueid": "1751183005.192028"
    },
    "start_time": "2025-06-29T11:12:31",
    "status": "ringing",
    "timestamp": "2025-06-29T11:12:46",
    "type": "call_summary",
    "uniqueid": "1751183005.192028"
}

{
    "call_type": "",
    "caller_id_name": "263-SUP10",
    "caller_id_num": "263",
    "channel": "SIP/263-00002b91",
    "connected_line_name": "<unknown>",
    "connected_line_num": "<unknown>",
    "direction": "",
    "end_time": "",
    "extension_number": "263",
    "has_ringing": false,
    "linkedid": "1751182926.191808",
    "other_extension_number": "",
    "start_time": "2025-06-29T11:13:31",
    "status": "initiated",
    "timestamp": "2025-06-29T11:13:31",
    "type": "call_started",
    "uniqueid": "1751183064.192090"
}

{
    "channel": "SIP/263-00002b91",
    "privilege": "call,all",
    "timestamp": "2025-06-29T11:13:31",
    "type": "call_ringing",
    "uniqueid": "1751183064.192090"
}

{
    "channel": "SIP/263-00002b91",
    "privilege": "call,all",
    "timestamp": "2025-06-29T11:13:37",
    "type": "call_answered",
    "uniqueid": "1751183064.192090"
}

{
    "call_type": "external",
    "caller_id_name": "263-SUP10",
    "caller_id_num": "263",
    "cause": "16",
    "cause_description": "",
    "cause_txt": "",
    "channel": "SIP/263-00002b91",
    "connected_line_name": "<unknown>",
    "connected_line_num": "<unknown>",
    "direction": "in",
    "end_time": "2025-06-29T11:15:28",
    "extension_number": "263",
    "has_ringing": true,
    "linkedid": "1751182926.191808",
    "other_extension_number": "9103100297",
    "raw_event": {
        "AccountCode": "",
        "CallerIDName": "263-SUP10",
        "CallerIDNum": "263",
        "Cause": "16",
        "Cause-txt": "Normal Clearing",
        "Channel": "SIP/263-00002b91",
        "ChannelState": "6",
        "ChannelStateDesc": "Up",
        "ConnectedLineName": "9103100297",
        "ConnectedLineNum": "9103100297",
        "Context": "macro-dial-one",
        "Event": "Hangup",
        "Exten": "s",
        "Language": "pr2",
        "Linkedid": "1751182926.191808",
        "Priority": "1",
        "Privilege": "call,all",
        "Uniqueid": "1751183064.192090"
    },
    "start_time": "2025-06-29T11:13:37",
    "status": "answered",
    "timestamp": "2025-06-29T11:15:28",
    "type": "call_ended",
    "uniqueid": "1751183064.192090"
}

{
    "call_duration": 111,
    "call_type": "external",
    "caller_id_name": "263-SUP10",
    "caller_id_num": "263",
    "cause": "16",
    "cause_description": "",
    "cause_txt": "",
    "channel": "SIP/263-00002b91",
    "connected_line_name": "<unknown>",
    "connected_line_num": "<unknown>",
    "direction": "in",
    "end_time": "2025-06-29T11:15:28",
    "extension_number": "263",
    "has_ringing": true,
    "linkedid": "1751182926.191808",
    "other_extension_number": "9103100297",
    "raw_event": {
        "AccountCode": "",
        "CallerIDName": "263-SUP10",
        "CallerIDNum": "263",
        "Cause": "16",
        "Cause-txt": "Normal Clearing",
        "Channel": "SIP/263-00002b91",
        "ChannelState": "6",
        "ChannelStateDesc": "Up",
        "ConnectedLineName": "9103100297",
        "ConnectedLineNum": "9103100297",
        "Context": "macro-dial-one",
        "Event": "Hangup",
        "Exten": "s",
        "Language": "pr2",
        "Linkedid": "1751182926.191808",
        "Priority": "1",
        "Privilege": "call,all",
        "Uniqueid": "1751183064.192090"
    },
    "start_time": "2025-06-29T11:13:37",
    "status": "answered",
    "timestamp": "2025-06-29T11:15:28",
    "type": "call_summary",
    "uniqueid": "1751183064.192090"
}

{
    "call_type": "",
    "caller_id_name": "263-SUP10",
    "caller_id_num": "263",
    "channel": "SIP/263-00002b9c",
    "connected_line_name": "<unknown>",
    "connected_line_num": "<unknown>",
    "direction": "",
    "end_time": "",
    "extension_number": "263",
    "has_ringing": false,
    "linkedid": "1751183173.192188",
    "other_extension_number": "",
    "start_time": "2025-06-29T11:16:50",
    "status": "initiated",
    "timestamp": "2025-06-29T11:16:50",
    "type": "call_started",
    "uniqueid": "1751183263.192292"
}

{
    "channel": "SIP/263-00002b9c",
    "privilege": "call,all",
    "timestamp": "2025-06-29T11:16:50",
    "type": "call_ringing",
    "uniqueid": "1751183263.192292"
}

{
    "channel": "SIP/263-00002b9c",
    "privilege": "call,all",
    "timestamp": "2025-06-29T11:16:53",
    "type": "call_answered",
    "uniqueid": "1751183263.192292"
}

{
    "call_type": "",
    "caller_id_name": "263-SUP10",
    "caller_id_num": "263",
    "channel": "SIP/263-00002bc4",
    "connected_line_name": "<unknown>",
    "connected_line_num": "<unknown>",
    "direction": "",
    "end_time": "",
    "extension_number": "263",
    "has_ringing": false,
    "linkedid": "1751183362.192410",
    "other_extension_number": "",
    "start_time": "2025-06-29T11:21:52",
    "status": "initiated",
    "timestamp": "2025-06-29T11:21:52",
    "type": "call_started",
    "uniqueid": "1751183565.192757"
}

{
    "channel": "SIP/263-00002bc4",
    "privilege": "call,all",
    "timestamp": "2025-06-29T11:21:52",
    "type": "call_ringing",
    "uniqueid": "1751183565.192757"
}

{
    "call_type": "external",
    "caller_id_name": "263-SUP10",
    "caller_id_num": "263",
    "cause": "16",
    "cause_description": "",
    "cause_txt": "",
    "channel": "SIP/263-00002bc4",
    "connected_line_name": "<unknown>",
    "connected_line_num": "<unknown>",
    "direction": "in",
    "end_time": "2025-06-29T11:22:07",
    "extension_number": "263",
    "has_ringing": true,
    "linkedid": "1751183362.192410",
    "other_extension_number": "9129617494",
    "raw_event": {
        "AccountCode": "",
        "CallerIDName": "263-SUP10",
        "CallerIDNum": "263",
        "Cause": "16",
        "Cause-txt": "Normal Clearing",
        "Channel": "SIP/263-00002bc4",
        "ChannelState": "5",
        "ChannelStateDesc": "Ringing",
        "ConnectedLineName": "9129617494",
        "ConnectedLineNum": "9129617494",
        "Context": "from-internal",
        "Event": "Hangup",
        "Exten": "263",
        "Language": "pr2",
        "Linkedid": "1751183362.192410",
        "Priority": "1",
        "Privilege": "call,all",
        "Uniqueid": "1751183565.192757"
    },
    "start_time": "2025-06-29T11:21:52",
    "status": "ringing",
    "timestamp": "2025-06-29T11:22:07",
    "type": "call_ended",
    "uniqueid": "1751183565.192757"
}

{
    "call_duration": 14,
    "call_type": "external",
    "caller_id_name": "263-SUP10",
    "caller_id_num": "263",
    "cause": "16",
    "cause_description": "",
    "cause_txt": "",
    "channel": "SIP/263-00002bc4",
    "connected_line_name": "<unknown>",
    "connected_line_num": "<unknown>",
    "direction": "in",
    "end_time": "2025-06-29T11:22:07",
    "extension_number": "263",
    "has_ringing": true,
    "linkedid": "1751183362.192410",
    "other_extension_number": "9129617494",
    "raw_event": {
        "AccountCode": "",
        "CallerIDName": "263-SUP10",
        "CallerIDNum": "263",
        "Cause": "16",
        "Cause-txt": "Normal Clearing",
        "Channel": "SIP/263-00002bc4",
        "ChannelState": "5",
        "ChannelStateDesc": "Ringing",
        "ConnectedLineName": "9129617494",
        "ConnectedLineNum": "9129617494",
        "Context": "from-internal",
        "Event": "Hangup",
        "Exten": "263",
        "Language": "pr2",
        "Linkedid": "1751183362.192410",
        "Priority": "1",
        "Privilege": "call,all",
        "Uniqueid": "1751183565.192757"
    },
    "start_time": "2025-06-29T11:21:52",
    "status": "ringing",
    "timestamp": "2025-06-29T11:22:07",
    "type": "call_summary",
    "uniqueid": "1751183565.192757"
}

{
    "call_type": "",
    "caller_id_name": "263-SUP10",
    "caller_id_num": "263",
    "channel": "SIP/263-00002bc9",
    "connected_line_name": "<unknown>",
    "connected_line_num": "<unknown>",
    "direction": "",
    "end_time": "",
    "extension_number": "263",
    "has_ringing": false,
    "linkedid": "1751183616.192840",
    "other_extension_number": "",
    "start_time": "2025-06-29T11:22:45",
    "status": "initiated",
    "timestamp": "2025-06-29T11:22:45",
    "type": "call_started",
    "uniqueid": "1751183616.192843"
}

{
    "channel": "SIP/263-00002bc9",
    "privilege": "call,all",
    "timestamp": "2025-06-29T11:22:45",
    "type": "call_ringing",
    "uniqueid": "1751183616.192843"
}

{
    "call_type": "internal",
    "caller_id_name": "263-SUP10",
    "caller_id_num": "263",
    "cause": "16",
    "cause_description": "",
    "cause_txt": "",
    "channel": "SIP/263-00002bc9",
    "connected_line_name": "<unknown>",
    "connected_line_num": "<unknown>",
    "direction": "in",
    "end_time": "2025-06-29T11:23:02",
    "extension_number": "263",
    "has_ringing": true,
    "linkedid": "1751183616.192840",
    "other_extension_number": "323",
    "raw_event": {
        "AccountCode": "",
        "CallerIDName": "263-SUP10",
        "CallerIDNum": "263",
        "Cause": "16",
        "Cause-txt": "Normal Clearing",
        "Channel": "SIP/263-00002bc9",
        "ChannelState": "5",
        "ChannelStateDesc": "Ringing",
        "ConnectedLineName": "323-WHS3",
        "ConnectedLineNum": "323",
        "Context": "from-internal",
        "Event": "Hangup",
        "Exten": "263",
        "Language": "pr2",
        "Linkedid": "1751183616.192840",
        "Priority": "1",
        "Privilege": "call,all",
        "Uniqueid": "1751183616.192843"
    },
    "start_time": "2025-06-29T11:22:45",
    "status": "ringing",
    "timestamp": "2025-06-29T11:23:02",
    "type": "call_ended",
    "uniqueid": "1751183616.192843"
}

{
    "call_duration": 17,
    "call_type": "internal",
    "caller_id_name": "263-SUP10",
    "caller_id_num": "263",
    "cause": "16",
    "cause_description": "",
    "cause_txt": "",
    "channel": "SIP/263-00002bc9",
    "connected_line_name": "<unknown>",
    "connected_line_num": "<unknown>",
    "direction": "in",
    "end_time": "2025-06-29T11:23:02",
    "extension_number": "263",
    "has_ringing": true,
    "linkedid": "1751183616.192840",
    "other_extension_number": "323",
    "raw_event": {
        "AccountCode": "",
        "CallerIDName": "263-SUP10",
        "CallerIDNum": "263",
        "Cause": "16",
        "Cause-txt": "Normal Clearing",
        "Channel": "SIP/263-00002bc9",
        "ChannelState": "5",
        "ChannelStateDesc": "Ringing",
        "ConnectedLineName": "323-WHS3",
        "ConnectedLineNum": "323",
        "Context": "from-internal",
        "Event": "Hangup",
        "Exten": "263",
        "Language": "pr2",
        "Linkedid": "1751183616.192840",
        "Priority": "1",
        "Privilege": "call,all",
        "Uniqueid": "1751183616.192843"
    },
    "start_time": "2025-06-29T11:22:45",
    "status": "ringing",
    "timestamp": "2025-06-29T11:23:02",
    "type": "call_summary",
    "uniqueid": "1751183616.192843"
}

{
    "call_type": "",
    "caller_id_name": "263-SUP10",
    "caller_id_num": "263",
    "channel": "SIP/263-00002bde",
    "connected_line_name": "<unknown>",
    "connected_line_num": "<unknown>",
    "direction": "",
    "end_time": "",
    "extension_number": "263",
    "has_ringing": false,
    "linkedid": "1751183762.193036",
    "other_extension_number": "",
    "start_time": "2025-06-29T11:26:03",
    "status": "initiated",
    "timestamp": "2025-06-29T11:26:03",
    "type": "call_started",
    "uniqueid": "1751183816.193114"
}

{
    "channel": "SIP/263-00002bde",
    "privilege": "call,all",
    "timestamp": "2025-06-29T11:26:03",
    "type": "call_ringing",
    "uniqueid": "1751183816.193114"
}

{
    "channel": "SIP/263-00002bde",
    "privilege": "call,all",
    "timestamp": "2025-06-29T11:26:10",
    "type": "call_answered",
    "uniqueid": "1751183816.193114"
}

{
    "call_type": "external",
    "caller_id_name": "263-SUP10",
    "caller_id_num": "263",
    "cause": "16",
    "cause_description": "",
    "cause_txt": "",
    "channel": "SIP/263-00002bde",
    "connected_line_name": "<unknown>",
    "connected_line_num": "<unknown>",
    "direction": "in",
    "end_time": "2025-06-29T11:27:52",
    "extension_number": "263",
    "has_ringing": true,
    "linkedid": "1751183762.193036",
    "other_extension_number": "9132172973",
    "raw_event": {
        "AccountCode": "",
        "CallerIDName": "263-SUP10",
        "CallerIDNum": "263",
        "Cause": "16",
        "Cause-txt": "Normal Clearing",
        "Channel": "SIP/263-00002bde",
        "ChannelState": "6",
        "ChannelStateDesc": "Up",
        "ConnectedLineName": "09132172973",
        "ConnectedLineNum": "9132172973",
        "Context": "macro-dial-one",
        "Event": "Hangup",
        "Exten": "s",
        "Language": "pr2",
        "Linkedid": "1751183762.193036",
        "Priority": "1",
        "Privilege": "call,all",
        "Uniqueid": "1751183816.193114"
    },
    "start_time": "2025-06-29T11:26:10",
    "status": "answered",
    "timestamp": "2025-06-29T11:27:52",
    "type": "call_ended",
    "uniqueid": "1751183816.193114"
}

{
    "call_duration": 102,
    "call_type": "external",
    "caller_id_name": "263-SUP10",
    "caller_id_num": "263",
    "cause": "16",
    "cause_description": "",
    "cause_txt": "",
    "channel": "SIP/263-00002bde",
    "connected_line_name": "<unknown>",
    "connected_line_num": "<unknown>",
    "direction": "in",
    "end_time": "2025-06-29T11:27:52",
    "extension_number": "263",
    "has_ringing": true,
    "linkedid": "1751183762.193036",
    "other_extension_number": "9132172973",
    "raw_event": {
        "AccountCode": "",
        "CallerIDName": "263-SUP10",
        "CallerIDNum": "263",
        "Cause": "16",
        "Cause-txt": "Normal Clearing",
        "Channel": "SIP/263-00002bde",
        "ChannelState": "6",
        "ChannelStateDesc": "Up",
        "ConnectedLineName": "09132172973",
        "ConnectedLineNum": "9132172973",
        "Context": "macro-dial-one",
        "Event": "Hangup",
        "Exten": "s",
        "Language": "pr2",
        "Linkedid": "1751183762.193036",
        "Priority": "1",
        "Privilege": "call,all",
        "Uniqueid": "1751183816.193114"
    },
    "start_time": "2025-06-29T11:26:10",
    "status": "answered",
    "timestamp": "2025-06-29T11:27:52",
    "type": "call_summary",
    "uniqueid": "1751183816.193114"
}

{
    "call_type": "",
    "caller_id_name": "263-SUP10",
    "caller_id_num": "263",
    "channel": "SIP/263-00002c51",
    "connected_line_name": "<unknown>",
    "connected_line_num": "<unknown>",
    "direction": "",
    "end_time": "",
    "extension_number": "263",
    "has_ringing": false,
    "linkedid": "1751184428.194318",
    "other_extension_number": "",
    "start_time": "2025-06-29T11:36:16",
    "status": "initiated",
    "timestamp": "2025-06-29T11:36:16",
    "type": "call_started",
    "uniqueid": "1751184428.194321"
}

{
    "channel": "SIP/263-00002c51",
    "privilege": "call,all",
    "timestamp": "2025-06-29T11:36:16",
    "type": "call_ringing",
    "uniqueid": "1751184428.194321"
}

{
    "call_type": "internal",
    "caller_id_name": "263-SUP10",
    "caller_id_num": "263",
    "cause": "16",
    "cause_description": "",
    "cause_txt": "",
    "channel": "SIP/263-00002c51",
    "connected_line_name": "<unknown>",
    "connected_line_num": "<unknown>",
    "direction": "in",
    "end_time": "2025-06-29T11:36:33",
    "extension_number": "263",
    "has_ringing": true,
    "linkedid": "1751184428.194318",
    "other_extension_number": "323",
    "raw_event": {
        "AccountCode": "",
        "CallerIDName": "263-SUP10",
        "CallerIDNum": "263",
        "Cause": "16",
        "Cause-txt": "Normal Clearing",
        "Channel": "SIP/263-00002c51",
        "ChannelState": "5",
        "ChannelStateDesc": "Ringing",
        "ConnectedLineName": "323-WHS3",
        "ConnectedLineNum": "323",
        "Context": "from-internal",
        "Event": "Hangup",
        "Exten": "263",
        "Language": "pr2",
        "Linkedid": "1751184428.194318",
        "Priority": "1",
        "Privilege": "call,all",
        "Uniqueid": "1751184428.194321"
    },
    "start_time": "2025-06-29T11:36:16",
    "status": "ringing",
    "timestamp": "2025-06-29T11:36:33",
    "type": "call_ended",
    "uniqueid": "1751184428.194321"
}

{
    "call_duration": 17,
    "call_type": "internal",
    "caller_id_name": "263-SUP10",
    "caller_id_num": "263",
    "cause": "16",
    "cause_description": "",
    "cause_txt": "",
    "channel": "SIP/263-00002c51",
    "connected_line_name": "<unknown>",
    "connected_line_num": "<unknown>",
    "direction": "in",
    "end_time": "2025-06-29T11:36:33",
    "extension_number": "263",
    "has_ringing": true,
    "linkedid": "1751184428.194318",
    "other_extension_number": "323",
    "raw_event": {
        "AccountCode": "",
        "CallerIDName": "263-SUP10",
        "CallerIDNum": "263",
        "Cause": "16",
        "Cause-txt": "Normal Clearing",
        "Channel": "SIP/263-00002c51",
        "ChannelState": "5",
        "ChannelStateDesc": "Ringing",
        "ConnectedLineName": "323-WHS3",
        "ConnectedLineNum": "323",
        "Context": "from-internal",
        "Event": "Hangup",
        "Exten": "263",
        "Language": "pr2",
        "Linkedid": "1751184428.194318",
        "Priority": "1",
        "Privilege": "call,all",
        "Uniqueid": "1751184428.194321"
    },
    "start_time": "2025-06-29T11:36:16",
    "status": "ringing",
    "timestamp": "2025-06-29T11:36:33",
    "type": "call_summary",
    "uniqueid": "1751184428.194321"
}

{
    "call_type": "",
    "caller_id_name": "263-SUP10",
    "caller_id_num": "263",
    "channel": "SIP/263-00002ca0",
    "connected_line_name": "<unknown>",
    "connected_line_num": "<unknown>",
    "direction": "",
    "end_time": "",
    "extension_number": "263",
    "has_ringing": false,
    "linkedid": "1751184968.195159",
    "other_extension_number": "",
    "start_time": "2025-06-29T11:45:15",
    "status": "initiated",
    "timestamp": "2025-06-29T11:45:15",
    "type": "call_started",
    "uniqueid": "1751184968.195159"
}

{
    "channel": "SIP/263-00002ca0",
    "privilege": "call,all",
    "timestamp": "2025-06-29T11:45:15",
    "type": "call_answered",
    "uniqueid": "1751184968.195159"
}

{
    "call_type": "internal",
    "caller_id_name": "263-SUP10",
    "caller_id_num": "263",
    "cause": "16",
    "cause_description": "",
    "cause_txt": "",
    "channel": "SIP/263-00002ca0",
    "connected_line_name": "<unknown>",
    "connected_line_num": "<unknown>",
    "direction": "out",
    "end_time": "2025-06-29T11:45:40",
    "extension_number": "263",
    "has_ringing": false,
    "linkedid": "1751184968.195159",
    "other_extension_number": "101",
    "raw_event": {
        "AccountCode": "",
        "CallerIDName": "263-SUP10",
        "CallerIDNum": "263",
        "Cause": "16",
        "Cause-txt": "Normal Clearing",
        "Channel": "SIP/263-00002ca0",
        "ChannelState": "6",
        "ChannelStateDesc": "Up",
        "ConnectedLineName": "haghighi",
        "ConnectedLineNum": "101",
        "Context": "from-internal",
        "Event": "Hangup",
        "Exten": "",
        "Language": "pr2",
        "Linkedid": "1751184960.195147",
        "Priority": "1",
        "Privilege": "call,all",
        "Uniqueid": "1751184968.195159"
    },
    "start_time": "2025-06-29T11:45:15",
    "status": "answered",
    "timestamp": "2025-06-29T11:45:40",
    "type": "call_ended",
    "uniqueid": "1751184968.195159"
}

{
    "call_duration": 25,
    "call_type": "internal",
    "caller_id_name": "263-SUP10",
    "caller_id_num": "263",
    "cause": "16",
    "cause_description": "",
    "cause_txt": "",
    "channel": "SIP/263-00002ca0",
    "connected_line_name": "<unknown>",
    "connected_line_num": "<unknown>",
    "direction": "out",
    "end_time": "2025-06-29T11:45:40",
    "extension_number": "263",
    "has_ringing": false,
    "linkedid": "1751184968.195159",
    "other_extension_number": "101",
    "raw_event": {
        "AccountCode": "",
        "CallerIDName": "263-SUP10",
        "CallerIDNum": "263",
        "Cause": "16",
        "Cause-txt": "Normal Clearing",
        "Channel": "SIP/263-00002ca0",
        "ChannelState": "6",
        "ChannelStateDesc": "Up",
        "ConnectedLineName": "haghighi",
        "ConnectedLineNum": "101",
        "Context": "from-internal",
        "Event": "Hangup",
        "Exten": "",
        "Language": "pr2",
        "Linkedid": "1751184960.195147",
        "Priority": "1",
        "Privilege": "call,all",
        "Uniqueid": "1751184968.195159"
    },
    "start_time": "2025-06-29T11:45:15",
    "status": "answered",
    "timestamp": "2025-06-29T11:45:40",
    "type": "call_summary",
    "uniqueid": "1751184968.195159"
}

{
    "call_type": "",
    "caller_id_name": "263-SUP10",
    "caller_id_num": "263",
    "channel": "SIP/263-00002ca4",
    "connected_line_name": "<unknown>",
    "connected_line_num": "<unknown>",
    "direction": "",
    "end_time": "",
    "extension_number": "263",
    "has_ringing": false,
    "linkedid": "1751184997.195211",
    "other_extension_number": "",
    "start_time": "2025-06-29T11:45:44",
    "status": "initiated",
    "timestamp": "2025-06-29T11:45:44",
    "type": "call_started",
    "uniqueid": "1751184997.195214"
}

{
    "channel": "SIP/263-00002ca4",
    "privilege": "call,all",
    "timestamp": "2025-06-29T11:45:44",
    "type": "call_ringing",
    "uniqueid": "1751184997.195214"
}

{
    "channel": "SIP/263-00002ca4",
    "privilege": "call,all",
    "timestamp": "2025-06-29T11:45:46",
    "type": "call_answered",
    "uniqueid": "1751184997.195214"
}

{
    "call_type": "internal",
    "caller_id_name": "263-SUP10",
    "caller_id_num": "263",
    "cause": "16",
    "cause_description": "",
    "cause_txt": "",
    "channel": "SIP/263-00002ca4",
    "connected_line_name": "<unknown>",
    "connected_line_num": "<unknown>",
    "direction": "in",
    "end_time": "2025-06-29T11:47:32",
    "extension_number": "263",
    "has_ringing": true,
    "linkedid": "1751184997.195211",
    "other_extension_number": "88571079",
    "raw_event": {
        "AccountCode": "",
        "CallerIDName": "263-SUP10",
        "CallerIDNum": "263",
        "Cause": "16",
        "Cause-txt": "Normal Clearing",
        "Channel": "SIP/263-00002ca4",
        "ChannelState": "6",
        "ChannelStateDesc": "Up",
        "ConnectedLineName": "<unknown>",
        "ConnectedLineNum": "88571079",
        "Context": "from-internal",
        "Event": "Hangup",
        "Exten": "",
        "Language": "pr2",
        "Linkedid": "1751184997.195211",
        "Priority": "1",
        "Privilege": "call,all",
        "Uniqueid": "1751184997.195214"
    },
    "start_time": "2025-06-29T11:45:46",
    "status": "answered",
    "timestamp": "2025-06-29T11:47:32",
    "type": "call_ended",
    "uniqueid": "1751184997.195214"
}

{
    "call_duration": 105,
    "call_type": "internal",
    "caller_id_name": "263-SUP10",
    "caller_id_num": "263",
    "cause": "16",
    "cause_description": "",
    "cause_txt": "",
    "channel": "SIP/263-00002ca4",
    "connected_line_name": "<unknown>",
    "connected_line_num": "<unknown>",
    "direction": "in",
    "end_time": "2025-06-29T11:47:32",
    "extension_number": "263",
    "has_ringing": true,
    "linkedid": "1751184997.195211",
    "other_extension_number": "88571079",
    "raw_event": {
        "AccountCode": "",
        "CallerIDName": "263-SUP10",
        "CallerIDNum": "263",
        "Cause": "16",
        "Cause-txt": "Normal Clearing",
        "Channel": "SIP/263-00002ca4",
        "ChannelState": "6",
        "ChannelStateDesc": "Up",
        "ConnectedLineName": "<unknown>",
        "ConnectedLineNum": "88571079",
        "Context": "from-internal",
        "Event": "Hangup",
        "Exten": "",
        "Language": "pr2",
        "Linkedid": "1751184997.195211",
        "Priority": "1",
        "Privilege": "call,all",
        "Uniqueid": "1751184997.195214"
    },
    "start_time": "2025-06-29T11:45:46",
    "status": "answered",
    "timestamp": "2025-06-29T11:47:32",
    "type": "call_summary",
    "uniqueid": "1751184997.195214"
}

{
    "call_type": "",
    "caller_id_name": "263-SUP10",
    "caller_id_num": "263",
    "channel": "SIP/263-00002cc2",
    "connected_line_name": "<unknown>",
    "connected_line_num": "<unknown>",
    "direction": "",
    "end_time": "",
    "extension_number": "263",
    "has_ringing": false,
    "linkedid": "1751185121.195515",
    "other_extension_number": "",
    "start_time": "2025-06-29T11:47:47",
    "status": "initiated",
    "timestamp": "2025-06-29T11:47:47",
    "type": "call_started",
    "uniqueid": "1751185121.195515"
}

{
    "channel": "SIP/263-00002cc2",
    "privilege": "call,all",
    "timestamp": "2025-06-29T11:47:51",
    "type": "call_answered",
    "uniqueid": "1751185121.195515"
}

{
    "call_type": "internal",
    "caller_id_name": "263-SUP10",
    "caller_id_num": "263",
    "cause": "16",
    "cause_description": "",
    "cause_txt": "",
    "channel": "SIP/263-00002cc2",
    "connected_line_name": "<unknown>",
    "connected_line_num": "<unknown>",
    "direction": "out",
    "end_time": "2025-06-29T11:48:41",
    "extension_number": "263",
    "has_ringing": false,
    "linkedid": "1751185121.195515",
    "other_extension_number": "256",
    "raw_event": {
        "AccountCode": "",
        "CallerIDName": "263-SUP10",
        "CallerIDNum": "263",
        "Cause": "16",
        "Cause-txt": "Normal Clearing",
        "Channel": "SIP/263-00002cc2",
        "ChannelState": "6",
        "ChannelStateDesc": "Up",
        "ConnectedLineName": "256-SUP6",
        "ConnectedLineNum": "256",
        "Context": "from-internal",
        "Event": "Hangup",
        "Exten": "h",
        "Language": "pr2",
        "Linkedid": "1751185121.195515",
        "Priority": "1",
        "Privilege": "call,all",
        "Uniqueid": "1751185121.195515"
    },
    "start_time": "2025-06-29T11:47:51",
    "status": "answered",
    "timestamp": "2025-06-29T11:48:41",
    "type": "call_ended",
    "uniqueid": "1751185121.195515"
}

{
    "call_duration": 50,
    "call_type": "internal",
    "caller_id_name": "263-SUP10",
    "caller_id_num": "263",
    "cause": "16",
    "cause_description": "",
    "cause_txt": "",
    "channel": "SIP/263-00002cc2",
    "connected_line_name": "<unknown>",
    "connected_line_num": "<unknown>",
    "direction": "out",
    "end_time": "2025-06-29T11:48:41",
    "extension_number": "263",
    "has_ringing": false,
    "linkedid": "1751185121.195515",
    "other_extension_number": "256",
    "raw_event": {
        "AccountCode": "",
        "CallerIDName": "263-SUP10",
        "CallerIDNum": "263",
        "Cause": "16",
        "Cause-txt": "Normal Clearing",
        "Channel": "SIP/263-00002cc2",
        "ChannelState": "6",
        "ChannelStateDesc": "Up",
        "ConnectedLineName": "256-SUP6",
        "ConnectedLineNum": "256",
        "Context": "from-internal",
        "Event": "Hangup",
        "Exten": "h",
        "Language": "pr2",
        "Linkedid": "1751185121.195515",
        "Priority": "1",
        "Privilege": "call,all",
        "Uniqueid": "1751185121.195515"
    },
    "start_time": "2025-06-29T11:47:51",
    "status": "answered",
    "timestamp": "2025-06-29T11:48:41",
    "type": "call_summary",
    "uniqueid": "1751185121.195515"
}

{
    "call_type": "",
    "caller_id_name": "263-SUP10",
    "caller_id_num": "263",
    "channel": "SIP/263-00002cde",
    "connected_line_name": "<unknown>",
    "connected_line_num": "<unknown>",
    "direction": "",
    "end_time": "",
    "extension_number": "263",
    "has_ringing": false,
    "linkedid": "1751185280.195824",
    "other_extension_number": "",
    "start_time": "2025-06-29T11:50:27",
    "status": "initiated",
    "timestamp": "2025-06-29T11:50:27",
    "type": "call_started",
    "uniqueid": "1751185280.195824"
}

{
    "channel": "SIP/263-00002cde",
    "privilege": "call,all",
    "timestamp": "2025-06-29T11:50:27",
    "type": "call_answered",
    "uniqueid": "1751185280.195824"
}

{
    "call_type": "external",
    "caller_id_name": "263-SUP10",
    "caller_id_num": "263",
    "cause": "0",
    "cause_description": "",
    "cause_txt": "",
    "channel": "SIP/263-00002cde",
    "connected_line_name": "<unknown>",
    "connected_line_num": "<unknown>",
    "direction": "out",
    "end_time": "2025-06-29T11:50:30",
    "extension_number": "263",
    "has_ringing": false,
    "linkedid": "1751185280.195824",
    "other_extension_number": "<unknown>",
    "raw_event": {
        "AccountCode": "",
        "CallerIDName": "263-SUP10",
        "CallerIDNum": "263",
        "Cause": "0",
        "Cause-txt": "Unknown",
        "Channel": "SIP/263-00002cde",
        "ChannelState": "6",
        "ChannelStateDesc": "Up",
        "ConnectedLineName": "<unknown>",
        "ConnectedLineNum": "<unknown>",
        "Context": "app-announcement-2",
        "Event": "Hangup",
        "Exten": "s",
        "Language": "pr2",
        "Linkedid": "1751185280.195824",
        "Priority": "5",
        "Privilege": "call,all",
        "Uniqueid": "1751185280.195824"
    },
    "start_time": "2025-06-29T11:50:27",
    "status": "answered",
    "timestamp": "2025-06-29T11:50:30",
    "type": "call_ended",
    "uniqueid": "1751185280.195824"
}

{
    "call_duration": 2,
    "call_type": "external",
    "caller_id_name": "263-SUP10",
    "caller_id_num": "263",
    "cause": "0",
    "cause_description": "",
    "cause_txt": "",
    "channel": "SIP/263-00002cde",
    "connected_line_name": "<unknown>",
    "connected_line_num": "<unknown>",
    "direction": "out",
    "end_time": "2025-06-29T11:50:30",
    "extension_number": "263",
    "has_ringing": false,
    "linkedid": "1751185280.195824",
    "other_extension_number": "<unknown>",
    "raw_event": {
        "AccountCode": "",
        "CallerIDName": "263-SUP10",
        "CallerIDNum": "263",
        "Cause": "0",
        "Cause-txt": "Unknown",
        "Channel": "SIP/263-00002cde",
        "ChannelState": "6",
        "ChannelStateDesc": "Up",
        "ConnectedLineName": "<unknown>",
        "ConnectedLineNum": "<unknown>",
        "Context": "app-announcement-2",
        "Event": "Hangup",
        "Exten": "s",
        "Language": "pr2",
        "Linkedid": "1751185280.195824",
        "Priority": "5",
        "Privilege": "call,all",
        "Uniqueid": "1751185280.195824"
    },
    "start_time": "2025-06-29T11:50:27",
    "status": "answered",
    "timestamp": "2025-06-29T11:50:30",
    "type": "call_summary",
    "uniqueid": "1751185280.195824"
}

{
    "call_type": "",
    "caller_id_name": "263-SUP10",
    "caller_id_num": "263",
    "channel": "SIP/263-00002cf5",
    "connected_line_name": "<unknown>",
    "connected_line_num": "<unknown>",
    "direction": "",
    "end_time": "",
    "extension_number": "263",
    "has_ringing": false,
    "linkedid": "1751185579.196101",
    "other_extension_number": "",
    "start_time": "2025-06-29T11:55:26",
    "status": "initiated",
    "timestamp": "2025-06-29T11:55:26",
    "type": "call_started",
    "uniqueid": "1751185579.196101"
}

{
    "channel": "SIP/263-00002cf5",
    "privilege": "call,all",
    "timestamp": "2025-06-29T11:55:37",
    "type": "call_answered",
    "uniqueid": "1751185579.196101"
}

{
    "call_type": "internal",
    "caller_id_name": "263-SUP10",
    "caller_id_num": "263",
    "cause": "16",
    "cause_description": "",
    "cause_txt": "",
    "channel": "SIP/263-00002cf5",
    "connected_line_name": "<unknown>",
    "connected_line_num": "<unknown>",
    "direction": "out",
    "end_time": "2025-06-29T11:56:09",
    "extension_number": "263",
    "has_ringing": false,
    "linkedid": "1751185579.196101",
    "other_extension_number": "323",
    "raw_event": {
        "AccountCode": "",
        "CallerIDName": "263-SUP10",
        "CallerIDNum": "263",
        "Cause": "16",
        "Cause-txt": "Normal Clearing",
        "Channel": "SIP/263-00002cf5",
        "ChannelState": "6",
        "ChannelStateDesc": "Up",
        "ConnectedLineName": "323-WHS3",
        "ConnectedLineNum": "323",
        "Context": "from-internal",
        "Event": "Hangup",
        "Exten": "h",
        "Language": "pr2",
        "Linkedid": "1751185579.196101",
        "Priority": "1",
        "Privilege": "call,all",
        "Uniqueid": "1751185579.196101"
    },
    "start_time": "2025-06-29T11:55:37",
    "status": "answered",
    "timestamp": "2025-06-29T11:56:09",
    "type": "call_ended",
    "uniqueid": "1751185579.196101"
}

{
    "call_duration": 31,
    "call_type": "internal",
    "caller_id_name": "263-SUP10",
    "caller_id_num": "263",
    "cause": "16",
    "cause_description": "",
    "cause_txt": "",
    "channel": "SIP/263-00002cf5",
    "connected_line_name": "<unknown>",
    "connected_line_num": "<unknown>",
    "direction": "out",
    "end_time": "2025-06-29T11:56:09",
    "extension_number": "263",
    "has_ringing": false,
    "linkedid": "1751185579.196101",
    "other_extension_number": "323",
    "raw_event": {
        "AccountCode": "",
        "CallerIDName": "263-SUP10",
        "CallerIDNum": "263",
        "Cause": "16",
        "Cause-txt": "Normal Clearing",
        "Channel": "SIP/263-00002cf5",
        "ChannelState": "6",
        "ChannelStateDesc": "Up",
        "ConnectedLineName": "323-WHS3",
        "ConnectedLineNum": "323",
        "Context": "from-internal",
        "Event": "Hangup",
        "Exten": "h",
        "Language": "pr2",
        "Linkedid": "1751185579.196101",
        "Priority": "1",
        "Privilege": "call,all",
        "Uniqueid": "1751185579.196101"
    },
    "start_time": "2025-06-29T11:55:37",
    "status": "answered",
    "timestamp": "2025-06-29T11:56:09",
    "type": "call_summary",
    "uniqueid": "1751185579.196101"
}

{
    "call_type": "",
    "caller_id_name": "263-SUP10",
    "caller_id_num": "263",
    "channel": "SIP/263-00002db5",
    "connected_line_name": "<unknown>",
    "connected_line_num": "<unknown>",
    "direction": "",
    "end_time": "",
    "extension_number": "263",
    "has_ringing": false,
    "linkedid": "1751186613.199454",
    "other_extension_number": "",
    "start_time": "2025-06-29T12:12:40",
    "status": "initiated",
    "timestamp": "2025-06-29T12:12:40",
    "type": "call_started",
    "uniqueid": "1751186613.199454"
}

{
    "channel": "SIP/263-00002db5",
    "privilege": "call,all",
    "timestamp": "2025-06-29T12:12:43",
    "type": "call_answered",
    "uniqueid": "1751186613.199454"
}

{
    "call_type": "internal",
    "caller_id_name": "263-SUP10",
    "caller_id_num": "263",
    "cause": "16",
    "cause_description": "",
    "cause_txt": "",
    "channel": "SIP/263-00002db5",
    "connected_line_name": "<unknown>",
    "connected_line_num": "<unknown>",
    "direction": "out",
    "end_time": "2025-06-29T12:13:55",
    "extension_number": "263",
    "has_ringing": false,
    "linkedid": "1751186613.199454",
    "other_extension_number": "212",
    "raw_event": {
        "AccountCode": "",
        "CallerIDName": "263-SUP10",
        "CallerIDNum": "263",
        "Cause": "16",
        "Cause-txt": "Normal Clearing",
        "Channel": "SIP/263-00002db5",
        "ChannelState": "6",
        "ChannelStateDesc": "Up",
        "ConnectedLineName": "212-HR6",
        "ConnectedLineNum": "212",
        "Context": "from-internal",
        "Event": "Hangup",
        "Exten": "h",
        "Language": "pr2",
        "Linkedid": "1751186613.199454",
        "Priority": "1",
        "Privilege": "call,all",
        "Uniqueid": "1751186613.199454"
    },
    "start_time": "2025-06-29T12:12:43",
    "status": "answered",
    "timestamp": "2025-06-29T12:13:55",
    "type": "call_ended",
    "uniqueid": "1751186613.199454"
}

{
    "call_duration": 72,
    "call_type": "internal",
    "caller_id_name": "263-SUP10",
    "caller_id_num": "263",
    "cause": "16",
    "cause_description": "",
    "cause_txt": "",
    "channel": "SIP/263-00002db5",
    "connected_line_name": "<unknown>",
    "connected_line_num": "<unknown>",
    "direction": "out",
    "end_time": "2025-06-29T12:13:55",
    "extension_number": "263",
    "has_ringing": false,
    "linkedid": "1751186613.199454",
    "other_extension_number": "212",
    "raw_event": {
        "AccountCode": "",
        "CallerIDName": "263-SUP10",
        "CallerIDNum": "263",
        "Cause": "16",
        "Cause-txt": "Normal Clearing",
        "Channel": "SIP/263-00002db5",
        "ChannelState": "6",
        "ChannelStateDesc": "Up",
        "ConnectedLineName": "212-HR6",
        "ConnectedLineNum": "212",
        "Context": "from-internal",
        "Event": "Hangup",
        "Exten": "h",
        "Language": "pr2",
        "Linkedid": "1751186613.199454",
        "Priority": "1",
        "Privilege": "call,all",
        "Uniqueid": "1751186613.199454"
    },
    "start_time": "2025-06-29T12:12:43",
    "status": "answered",
    "timestamp": "2025-06-29T12:13:55",
    "type": "call_summary",
    "uniqueid": "1751186613.199454"
}

{
    "call_type": "",
    "caller_id_name": "263-SUP10",
    "caller_id_num": "263",
    "channel": "SIP/263-00002e1e",
    "connected_line_name": "<unknown>",
    "connected_line_num": "<unknown>",
    "direction": "",
    "end_time": "",
    "extension_number": "263",
    "has_ringing": false,
    "linkedid": "1751187213.200710",
    "other_extension_number": "",
    "start_time": "2025-06-29T12:22:40",
    "status": "initiated",
    "timestamp": "2025-06-29T12:22:40",
    "type": "call_started",
    "uniqueid": "1751187213.200710"
}

{
    "channel": "SIP/263-00002e1e",
    "privilege": "call,all",
    "timestamp": "2025-06-29T12:22:47",
    "type": "call_answered",
    "uniqueid": "1751187213.200710"
}

{
    "call_type": "external",
    "caller_id_name": "263-SUP10",
    "caller_id_num": "263",
    "cause": "16",
    "cause_description": "",
    "cause_txt": "",
    "channel": "SIP/263-00002e1e",
    "connected_line_name": "<unknown>",
    "connected_line_num": "<unknown>",
    "direction": "out",
    "end_time": "2025-06-29T12:24:40",
    "extension_number": "263",
    "has_ringing": false,
    "linkedid": "1751187213.200710",
    "other_extension_number": "09112580649",
    "raw_event": {
        "AccountCode": "",
        "CallerIDName": "<unknown>",
        "CallerIDNum": "36944000",
        "Cause": "16",
        "Cause-txt": "Normal Clearing",
        "Channel": "SIP/263-00002e1e",
        "ChannelState": "6",
        "ChannelStateDesc": "Up",
        "ConnectedLineName": "CID:36944000",
        "ConnectedLineNum": "09112580649",
        "Context": "from-internal",
        "Event": "Hangup",
        "Exten": "h",
        "Language": "pr2",
        "Linkedid": "1751187213.200710",
        "Priority": "1",
        "Privilege": "call,all",
        "Uniqueid": "1751187213.200710"
    },
    "start_time": "2025-06-29T12:22:47",
    "status": "answered",
    "timestamp": "2025-06-29T12:24:40",
    "type": "call_ended",
    "uniqueid": "1751187213.200710"
}

{
    "call_duration": 112,
    "call_type": "external",
    "caller_id_name": "263-SUP10",
    "caller_id_num": "263",
    "cause": "16",
    "cause_description": "",
    "cause_txt": "",
    "channel": "SIP/263-00002e1e",
    "connected_line_name": "<unknown>",
    "connected_line_num": "<unknown>",
    "direction": "out",
    "end_time": "2025-06-29T12:24:40",
    "extension_number": "263",
    "has_ringing": false,
    "linkedid": "1751187213.200710",
    "other_extension_number": "09112580649",
    "raw_event": {
        "AccountCode": "",
        "CallerIDName": "<unknown>",
        "CallerIDNum": "36944000",
        "Cause": "16",
        "Cause-txt": "Normal Clearing",
        "Channel": "SIP/263-00002e1e",
        "ChannelState": "6",
        "ChannelStateDesc": "Up",
        "ConnectedLineName": "CID:36944000",
        "ConnectedLineNum": "09112580649",
        "Context": "from-internal",
        "Event": "Hangup",
        "Exten": "h",
        "Language": "pr2",
        "Linkedid": "1751187213.200710",
        "Priority": "1",
        "Privilege": "call,all",
        "Uniqueid": "1751187213.200710"
    },
    "start_time": "2025-06-29T12:22:47",
    "status": "answered",
    "timestamp": "2025-06-29T12:24:40",
    "type": "call_summary",
    "uniqueid": "1751187213.200710"
}

{
    "call_type": "",
    "caller_id_name": "263-SUP10",
    "caller_id_num": "263",
    "channel": "SIP/263-00002e62",
    "connected_line_name": "<unknown>",
    "connected_line_num": "<unknown>",
    "direction": "",
    "end_time": "",
    "extension_number": "263",
    "has_ringing": false,
    "linkedid": "1751187628.201510",
    "other_extension_number": "",
    "start_time": "2025-06-29T12:29:35",
    "status": "initiated",
    "timestamp": "2025-06-29T12:29:35",
    "type": "call_started",
    "uniqueid": "1751187628.201522"
}

{
    "channel": "SIP/263-00002e62",
    "privilege": "call,all",
    "timestamp": "2025-06-29T12:29:35",
    "type": "call_ringing",
    "uniqueid": "1751187628.201522"
}

{
    "channel": "SIP/263-00002e62",
    "privilege": "call,all",
    "timestamp": "2025-06-29T12:29:37",
    "type": "call_answered",
    "uniqueid": "1751187628.201522"
}

{
    "call_type": "internal",
    "caller_id_name": "263-SUP10",
    "caller_id_num": "263",
    "cause": "16",
    "cause_description": "",
    "cause_txt": "",
    "channel": "SIP/263-00002e62",
    "connected_line_name": "<unknown>",
    "connected_line_num": "<unknown>",
    "direction": "in",
    "end_time": "2025-06-29T12:29:42",
    "extension_number": "263",
    "has_ringing": true,
    "linkedid": "1751187628.201510",
    "other_extension_number": "262",
    "raw_event": {
        "AccountCode": "",
        "CallerIDName": "263-SUP10",
        "CallerIDNum": "263",
        "Cause": "16",
        "Cause-txt": "Normal Clearing",
        "Channel": "SIP/263-00002e62",
        "ChannelState": "6",
        "ChannelStateDesc": "Up",
        "ConnectedLineName": "262-SUP9",
        "ConnectedLineNum": "262",
        "Context": "macro-dial-one",
        "Event": "Hangup",
        "Exten": "s",
        "Language": "pr2",
        "Linkedid": "1751187628.201510",
        "Priority": "1",
        "Privilege": "call,all",
        "Uniqueid": "1751187628.201522"
    },
    "start_time": "2025-06-29T12:29:37",
    "status": "answered",
    "timestamp": "2025-06-29T12:29:42",
    "type": "call_ended",
    "uniqueid": "1751187628.201522"
}

{
    "call_duration": 5,
    "call_type": "internal",
    "caller_id_name": "263-SUP10",
    "caller_id_num": "263",
    "cause": "16",
    "cause_description": "",
    "cause_txt": "",
    "channel": "SIP/263-00002e62",
    "connected_line_name": "<unknown>",
    "connected_line_num": "<unknown>",
    "direction": "in",
    "end_time": "2025-06-29T12:29:42",
    "extension_number": "263",
    "has_ringing": true,
    "linkedid": "1751187628.201510",
    "other_extension_number": "262",
    "raw_event": {
        "AccountCode": "",
        "CallerIDName": "263-SUP10",
        "CallerIDNum": "263",
        "Cause": "16",
        "Cause-txt": "Normal Clearing",
        "Channel": "SIP/263-00002e62",
        "ChannelState": "6",
        "ChannelStateDesc": "Up",
        "ConnectedLineName": "262-SUP9",
        "ConnectedLineNum": "262",
        "Context": "macro-dial-one",
        "Event": "Hangup",
        "Exten": "s",
        "Language": "pr2",
        "Linkedid": "1751187628.201510",
        "Priority": "1",
        "Privilege": "call,all",
        "Uniqueid": "1751187628.201522"
    },
    "start_time": "2025-06-29T12:29:37",
    "status": "answered",
    "timestamp": "2025-06-29T12:29:42",
    "type": "call_summary",
    "uniqueid": "1751187628.201522"
}

{
    "call_type": "",
    "caller_id_name": "263-SUP10",
    "caller_id_num": "263",
    "channel": "SIP/263-00002e81",
    "connected_line_name": "<unknown>",
    "connected_line_num": "<unknown>",
    "direction": "",
    "end_time": "",
    "extension_number": "263",
    "has_ringing": false,
    "linkedid": "1751187756.201818",
    "other_extension_number": "",
    "start_time": "2025-06-29T12:31:43",
    "status": "initiated",
    "timestamp": "2025-06-29T12:31:43",
    "type": "call_started",
    "uniqueid": "1751187756.201821"
}

{
    "channel": "SIP/263-00002e81",
    "privilege": "call,all",
    "timestamp": "2025-06-29T12:31:44",
    "type": "call_ringing",
    "uniqueid": "1751187756.201821"
}

{
    "channel": "SIP/263-00002e81",
    "privilege": "call,all",
    "timestamp": "2025-06-29T12:31:45",
    "type": "call_answered",
    "uniqueid": "1751187756.201821"
}

{
    "call_type": "internal",
    "caller_id_name": "263-SUP10",
    "caller_id_num": "263",
    "cause": "16",
    "cause_description": "",
    "cause_txt": "",
    "channel": "SIP/263-00002e81",
    "connected_line_name": "<unknown>",
    "connected_line_num": "<unknown>",
    "direction": "in",
    "end_time": "2025-06-29T12:32:22",
    "extension_number": "263",
    "has_ringing": true,
    "linkedid": "1751187756.201818",
    "other_extension_number": "256",
    "raw_event": {
        "AccountCode": "",
        "CallerIDName": "263-SUP10",
        "CallerIDNum": "263",
        "Cause": "16",
        "Cause-txt": "Normal Clearing",
        "Channel": "SIP/263-00002e81",
        "ChannelState": "6",
        "ChannelStateDesc": "Up",
        "ConnectedLineName": "256-SUP6",
        "ConnectedLineNum": "256",
        "Context": "from-internal",
        "Event": "Hangup",
        "Exten": "",
        "Language": "pr2",
        "Linkedid": "1751187756.201818",
        "Priority": "1",
        "Privilege": "call,all",
        "Uniqueid": "1751187756.201821"
    },
    "start_time": "2025-06-29T12:31:45",
    "status": "answered",
    "timestamp": "2025-06-29T12:32:22",
    "type": "call_ended",
    "uniqueid": "1751187756.201821"
}

{
    "call_duration": 36,
    "call_type": "internal",
    "caller_id_name": "263-SUP10",
    "caller_id_num": "263",
    "cause": "16",
    "cause_description": "",
    "cause_txt": "",
    "channel": "SIP/263-00002e81",
    "connected_line_name": "<unknown>",
    "connected_line_num": "<unknown>",
    "direction": "in",
    "end_time": "2025-06-29T12:32:22",
    "extension_number": "263",
    "has_ringing": true,
    "linkedid": "1751187756.201818",
    "other_extension_number": "256",
    "raw_event": {
        "AccountCode": "",
        "CallerIDName": "263-SUP10",
        "CallerIDNum": "263",
        "Cause": "16",
        "Cause-txt": "Normal Clearing",
        "Channel": "SIP/263-00002e81",
        "ChannelState": "6",
        "ChannelStateDesc": "Up",
        "ConnectedLineName": "256-SUP6",
        "ConnectedLineNum": "256",
        "Context": "from-internal",
        "Event": "Hangup",
        "Exten": "",
        "Language": "pr2",
        "Linkedid": "1751187756.201818",
        "Priority": "1",
        "Privilege": "call,all",
        "Uniqueid": "1751187756.201821"
    },
    "start_time": "2025-06-29T12:31:45",
    "status": "answered",
    "timestamp": "2025-06-29T12:32:22",
    "type": "call_summary",
    "uniqueid": "1751187756.201821"
}

{
    "call_type": "",
    "caller_id_name": "263-SUP10",
    "caller_id_num": "263",
    "channel": "SIP/263-00002eeb",
    "connected_line_name": "<unknown>",
    "connected_line_num": "<unknown>",
    "direction": "",
    "end_time": "",
    "extension_number": "263",
    "has_ringing": false,
    "linkedid": "1751188362.202977",
    "other_extension_number": "",
    "start_time": "2025-06-29T12:41:50",
    "status": "initiated",
    "timestamp": "2025-06-29T12:41:50",
    "type": "call_started",
    "uniqueid": "1751188362.202989"
}

{
    "channel": "SIP/263-00002eeb",
    "privilege": "call,all",
    "timestamp": "2025-06-29T12:41:50",
    "type": "call_ringing",
    "uniqueid": "1751188362.202989"
}

{
    "call_type": "internal",
    "caller_id_name": "263-SUP10",
    "caller_id_num": "263",
    "cause": "16",
    "cause_description": "",
    "cause_txt": "",
    "channel": "SIP/263-00002eeb",
    "connected_line_name": "<unknown>",
    "connected_line_num": "<unknown>",
    "direction": "in",
    "end_time": "2025-06-29T12:41:51",
    "extension_number": "263",
    "has_ringing": true,
    "linkedid": "1751188362.202977",
    "other_extension_number": "265",
    "raw_event": {
        "AccountCode": "",
        "CallerIDName": "263-SUP10",
        "CallerIDNum": "263",
        "Cause": "16",
        "Cause-txt": "Normal Clearing",
        "Channel": "SIP/263-00002eeb",
        "ChannelState": "5",
        "ChannelStateDesc": "Ringing",
        "ConnectedLineName": "265-SUP12",
        "ConnectedLineNum": "265",
        "Context": "from-internal",
        "Event": "Hangup",
        "Exten": "263",
        "Language": "pr2",
        "Linkedid": "1751188362.202977",
        "Priority": "1",
        "Privilege": "call,all",
        "Uniqueid": "1751188362.202989"
    },
    "start_time": "2025-06-29T12:41:50",
    "status": "ringing",
    "timestamp": "2025-06-29T12:41:51",
    "type": "call_ended",
    "uniqueid": "1751188362.202989"
}

{
    "call_duration": 0,
    "call_type": "internal",
    "caller_id_name": "263-SUP10",
    "caller_id_num": "263",
    "cause": "16",
    "cause_description": "",
    "cause_txt": "",
    "channel": "SIP/263-00002eeb",
    "connected_line_name": "<unknown>",
    "connected_line_num": "<unknown>",
    "direction": "in",
    "end_time": "2025-06-29T12:41:51",
    "extension_number": "263",
    "has_ringing": true,
    "linkedid": "1751188362.202977",
    "other_extension_number": "265",
    "raw_event": {
        "AccountCode": "",
        "CallerIDName": "263-SUP10",
        "CallerIDNum": "263",
        "Cause": "16",
        "Cause-txt": "Normal Clearing",
        "Channel": "SIP/263-00002eeb",
        "ChannelState": "5",
        "ChannelStateDesc": "Ringing",
        "ConnectedLineName": "265-SUP12",
        "ConnectedLineNum": "265",
        "Context": "from-internal",
        "Event": "Hangup",
        "Exten": "263",
        "Language": "pr2",
        "Linkedid": "1751188362.202977",
        "Priority": "1",
        "Privilege": "call,all",
        "Uniqueid": "1751188362.202989"
    },
    "start_time": "2025-06-29T12:41:50",
    "status": "ringing",
    "timestamp": "2025-06-29T12:41:51",
    "type": "call_summary",
    "uniqueid": "1751188362.202989"
}

{
    "call_type": "",
    "caller_id_name": "263-SUP10",
    "caller_id_num": "263",
    "channel": "SIP/263-00002f42",
    "connected_line_name": "<unknown>",
    "connected_line_num": "<unknown>",
    "direction": "",
    "end_time": "",
    "extension_number": "263",
    "has_ringing": false,
    "linkedid": "1751188849.203985",
    "other_extension_number": "",
    "start_time": "2025-06-29T12:49:57",
    "status": "initiated",
    "timestamp": "2025-06-29T12:49:57",
    "type": "call_started",
    "uniqueid": "1751188849.203993"
}

{
    "channel": "SIP/263-00002f42",
    "privilege": "call,all",
    "timestamp": "2025-06-29T12:49:57",
    "type": "call_ringing",
    "uniqueid": "1751188849.203993"
}

{
    "channel": "SIP/263-00002f42",
    "privilege": "call,all",
    "timestamp": "2025-06-29T12:50:00",
    "type": "call_answered",
    "uniqueid": "1751188849.203993"
}

{
    "call_type": "external",
    "caller_id_name": "263-SUP10",
    "caller_id_num": "263",
    "cause": "16",
    "cause_description": "",
    "cause_txt": "",
    "channel": "SIP/263-00002f42",
    "connected_line_name": "<unknown>",
    "connected_line_num": "<unknown>",
    "direction": "in",
    "end_time": "2025-06-29T12:51:30",
    "extension_number": "263",
    "has_ringing": true,
    "linkedid": "1751188849.203985",
    "other_extension_number": "9111957278",
    "raw_event": {
        "AccountCode": "",
        "CallerIDName": "263-SUP10",
        "CallerIDNum": "263",
        "Cause": "16",
        "Cause-txt": "Normal Clearing",
        "Channel": "SIP/263-00002f42",
        "ChannelState": "6",
        "ChannelStateDesc": "Up",
        "ConnectedLineName": "9111957278",
        "ConnectedLineNum": "9111957278",
        "Context": "macro-dial-one",
        "Event": "Hangup",
        "Exten": "s",
        "Language": "pr2",
        "Linkedid": "1751188849.203985",
        "Priority": "1",
        "Privilege": "call,all",
        "Uniqueid": "1751188849.203993"
    },
    "start_time": "2025-06-29T12:50:00",
    "status": "answered",
    "timestamp": "2025-06-29T12:51:30",
    "type": "call_ended",
    "uniqueid": "1751188849.203993"
}

{
    "call_duration": 89,
    "call_type": "external",
    "caller_id_name": "263-SUP10",
    "caller_id_num": "263",
    "cause": "16",
    "cause_description": "",
    "cause_txt": "",
    "channel": "SIP/263-00002f42",
    "connected_line_name": "<unknown>",
    "connected_line_num": "<unknown>",
    "direction": "in",
    "end_time": "2025-06-29T12:51:30",
    "extension_number": "263",
    "has_ringing": true,
    "linkedid": "1751188849.203985",
    "other_extension_number": "9111957278",
    "raw_event": {
        "AccountCode": "",
        "CallerIDName": "263-SUP10",
        "CallerIDNum": "263",
        "Cause": "16",
        "Cause-txt": "Normal Clearing",
        "Channel": "SIP/263-00002f42",
        "ChannelState": "6",
        "ChannelStateDesc": "Up",
        "ConnectedLineName": "9111957278",
        "ConnectedLineNum": "9111957278",
        "Context": "macro-dial-one",
        "Event": "Hangup",
        "Exten": "s",
        "Language": "pr2",
        "Linkedid": "1751188849.203985",
        "Priority": "1",
        "Privilege": "call,all",
        "Uniqueid": "1751188849.203993"
    },
    "start_time": "2025-06-29T12:50:00",
    "status": "answered",
    "timestamp": "2025-06-29T12:51:30",
    "type": "call_summary",
    "uniqueid": "1751188849.203993"
}

{
    "call_type": "",
    "caller_id_name": "263-SUP10",
    "caller_id_num": "263",
    "channel": "SIP/263-00002f71",
    "connected_line_name": "<unknown>",
    "connected_line_num": "<unknown>",
    "direction": "",
    "end_time": "",
    "extension_number": "263",
    "has_ringing": false,
    "linkedid": "1751189103.204579",
    "other_extension_number": "",
    "start_time": "2025-06-29T12:54:10",
    "status": "initiated",
    "timestamp": "2025-06-29T12:54:10",
    "type": "call_started",
    "uniqueid": "1751189103.204579"
}

{
    "channel": "SIP/263-00002f71",
    "privilege": "call,all",
    "timestamp": "2025-06-29T12:54:22",
    "type": "call_answered",
    "uniqueid": "1751189103.204579"
}

{
    "call_type": "external",
    "caller_id_name": "263-SUP10",
    "caller_id_num": "263",
    "cause": "16",
    "cause_description": "",
    "cause_txt": "",
    "channel": "SIP/263-00002f71",
    "connected_line_name": "<unknown>",
    "connected_line_num": "<unknown>",
    "direction": "out",
    "end_time": "2025-06-29T12:55:55",
    "extension_number": "263",
    "has_ringing": false,
    "linkedid": "1751189103.204579",
    "other_extension_number": "09122646483",
    "raw_event": {
        "AccountCode": "",
        "CallerIDName": "<unknown>",
        "CallerIDNum": "36944000",
        "Cause": "16",
        "Cause-txt": "Normal Clearing",
        "Channel": "SIP/263-00002f71",
        "ChannelState": "6",
        "ChannelStateDesc": "Up",
        "ConnectedLineName": "CID:36944000",
        "ConnectedLineNum": "09122646483",
        "Context": "from-internal",
        "Event": "Hangup",
        "Exten": "h",
        "Language": "pr2",
        "Linkedid": "1751189103.204579",
        "Priority": "1",
        "Privilege": "call,all",
        "Uniqueid": "1751189103.204579"
    },
    "start_time": "2025-06-29T12:54:22",
    "status": "answered",
    "timestamp": "2025-06-29T12:55:55",
    "type": "call_ended",
    "uniqueid": "1751189103.204579"
}

{
    "call_duration": 93,
    "call_type": "external",
    "caller_id_name": "263-SUP10",
    "caller_id_num": "263",
    "cause": "16",
    "cause_description": "",
    "cause_txt": "",
    "channel": "SIP/263-00002f71",
    "connected_line_name": "<unknown>",
    "connected_line_num": "<unknown>",
    "direction": "out",
    "end_time": "2025-06-29T12:55:55",
    "extension_number": "263",
    "has_ringing": false,
    "linkedid": "1751189103.204579",
    "other_extension_number": "09122646483",
    "raw_event": {
        "AccountCode": "",
        "CallerIDName": "<unknown>",
        "CallerIDNum": "36944000",
        "Cause": "16",
        "Cause-txt": "Normal Clearing",
        "Channel": "SIP/263-00002f71",
        "ChannelState": "6",
        "ChannelStateDesc": "Up",
        "ConnectedLineName": "CID:36944000",
        "ConnectedLineNum": "09122646483",
        "Context": "from-internal",
        "Event": "Hangup",
        "Exten": "h",
        "Language": "pr2",
        "Linkedid": "1751189103.204579",
        "Priority": "1",
        "Privilege": "call,all",
        "Uniqueid": "1751189103.204579"
    },
    "start_time": "2025-06-29T12:54:22",
    "status": "answered",
    "timestamp": "2025-06-29T12:55:55",
    "type": "call_summary",
    "uniqueid": "1751189103.204579"
}

{
    "call_type": "",
    "caller_id_name": "263-SUP10",
    "caller_id_num": "263",
    "channel": "SIP/263-00002fa1",
    "connected_line_name": "<unknown>",
    "connected_line_num": "<unknown>",
    "direction": "",
    "end_time": "",
    "extension_number": "263",
    "has_ringing": false,
    "linkedid": "1751189355.205083",
    "other_extension_number": "",
    "start_time": "2025-06-29T12:58:40",
    "status": "initiated",
    "timestamp": "2025-06-29T12:58:40",
    "type": "call_started",
    "uniqueid": "1751189373.205125"
}

{
    "channel": "SIP/263-00002fa1",
    "privilege": "call,all",
    "timestamp": "2025-06-29T12:58:40",
    "type": "call_ringing",
    "uniqueid": "1751189373.205125"
}

{
    "channel": "SIP/263-00002fa1",
    "privilege": "call,all",
    "timestamp": "2025-06-29T12:58:50",
    "type": "call_answered",
    "uniqueid": "1751189373.205125"
}

{
    "call_type": "external",
    "caller_id_name": "263-SUP10",
    "caller_id_num": "263",
    "cause": "16",
    "cause_description": "",
    "cause_txt": "",
    "channel": "SIP/263-00002fa1",
    "connected_line_name": "<unknown>",
    "connected_line_num": "<unknown>",
    "direction": "in",
    "end_time": "2025-06-29T13:02:21",
    "extension_number": "263",
    "has_ringing": true,
    "linkedid": "1751189355.205083",
    "other_extension_number": "9108070313",
    "raw_event": {
        "AccountCode": "",
        "CallerIDName": "263-SUP10",
        "CallerIDNum": "263",
        "Cause": "16",
        "Cause-txt": "Normal Clearing",
        "Channel": "SIP/263-00002fa1",
        "ChannelState": "6",
        "ChannelStateDesc": "Up",
        "ConnectedLineName": "9108070313",
        "ConnectedLineNum": "9108070313",
        "Context": "macro-dial-one",
        "Event": "Hangup",
        "Exten": "s",
        "Language": "pr2",
        "Linkedid": "1751189355.205083",
        "Priority": "1",
        "Privilege": "call,all",
        "Uniqueid": "1751189373.205125"
    },
    "start_time": "2025-06-29T12:58:50",
    "status": "answered",
    "timestamp": "2025-06-29T13:02:21",
    "type": "call_ended",
    "uniqueid": "1751189373.205125"
}

{
    "call_duration": 211,
    "call_type": "external",
    "caller_id_name": "263-SUP10",
    "caller_id_num": "263",
    "cause": "16",
    "cause_description": "",
    "cause_txt": "",
    "channel": "SIP/263-00002fa1",
    "connected_line_name": "<unknown>",
    "connected_line_num": "<unknown>",
    "direction": "in",
    "end_time": "2025-06-29T13:02:21",
    "extension_number": "263",
    "has_ringing": true,
    "linkedid": "1751189355.205083",
    "other_extension_number": "9108070313",
    "raw_event": {
        "AccountCode": "",
        "CallerIDName": "263-SUP10",
        "CallerIDNum": "263",
        "Cause": "16",
        "Cause-txt": "Normal Clearing",
        "Channel": "SIP/263-00002fa1",
        "ChannelState": "6",
        "ChannelStateDesc": "Up",
        "ConnectedLineName": "9108070313",
        "ConnectedLineNum": "9108070313",
        "Context": "macro-dial-one",
        "Event": "Hangup",
        "Exten": "s",
        "Language": "pr2",
        "Linkedid": "1751189355.205083",
        "Priority": "1",
        "Privilege": "call,all",
        "Uniqueid": "1751189373.205125"
    },
    "start_time": "2025-06-29T12:58:50",
    "status": "answered",
    "timestamp": "2025-06-29T13:02:21",
    "type": "call_summary",
    "uniqueid": "1751189373.205125"
}

{
    "call_type": "",
    "caller_id_name": "263-SUP10",
    "caller_id_num": "263",
    "channel": "SIP/263-00002fc2",
    "connected_line_name": "<unknown>",
    "connected_line_num": "<unknown>",
    "direction": "",
    "end_time": "",
    "extension_number": "263",
    "has_ringing": false,
    "linkedid": "1751189607.205523",
    "other_extension_number": "",
    "start_time": "2025-06-29T13:02:34",
    "status": "initiated",
    "timestamp": "2025-06-29T13:02:34",
    "type": "call_started",
    "uniqueid": "1751189607.205523"
}

{
    "channel": "SIP/263-00002fc2",
    "privilege": "call,all",
    "timestamp": "2025-06-29T13:02:38",
    "type": "call_answered",
    "uniqueid": "1751189607.205523"
}

{
    "call_type": "internal",
    "caller_id_name": "263-SUP10",
    "caller_id_num": "263",
    "cause": "16",
    "cause_description": "",
    "cause_txt": "",
    "channel": "SIP/263-00002fc2",
    "connected_line_name": "<unknown>",
    "connected_line_num": "<unknown>",
    "direction": "out",
    "end_time": "2025-06-29T13:06:42",
    "extension_number": "263",
    "has_ringing": false,
    "linkedid": "1751189607.205523",
    "other_extension_number": "250",
    "raw_event": {
        "AccountCode": "",
        "CallerIDName": "263-SUP10",
        "CallerIDNum": "263",
        "Cause": "16",
        "Cause-txt": "Normal Clearing",
        "Channel": "SIP/263-00002fc2",
        "ChannelState": "6",
        "ChannelStateDesc": "Up",
        "ConnectedLineName": "250-SUP1",
        "ConnectedLineNum": "250",
        "Context": "from-internal",
        "Event": "Hangup",
        "Exten": "h",
        "Language": "pr2",
        "Linkedid": "1751189607.205523",
        "Priority": "1",
        "Privilege": "call,all",
        "Uniqueid": "1751189607.205523"
    },
    "start_time": "2025-06-29T13:02:38",
    "status": "answered",
    "timestamp": "2025-06-29T13:06:42",
    "type": "call_ended",
    "uniqueid": "1751189607.205523"
}

{
    "call_duration": 243,
    "call_type": "internal",
    "caller_id_name": "263-SUP10",
    "caller_id_num": "263",
    "cause": "16",
    "cause_description": "",
    "cause_txt": "",
    "channel": "SIP/263-00002fc2",
    "connected_line_name": "<unknown>",
    "connected_line_num": "<unknown>",
    "direction": "out",
    "end_time": "2025-06-29T13:06:42",
    "extension_number": "263",
    "has_ringing": false,
    "linkedid": "1751189607.205523",
    "other_extension_number": "250",
    "raw_event": {
        "AccountCode": "",
        "CallerIDName": "263-SUP10",
        "CallerIDNum": "263",
        "Cause": "16",
        "Cause-txt": "Normal Clearing",
        "Channel": "SIP/263-00002fc2",
        "ChannelState": "6",
        "ChannelStateDesc": "Up",
        "ConnectedLineName": "250-SUP1",
        "ConnectedLineNum": "250",
        "Context": "from-internal",
        "Event": "Hangup",
        "Exten": "h",
        "Language": "pr2",
        "Linkedid": "1751189607.205523",
        "Priority": "1",
        "Privilege": "call,all",
        "Uniqueid": "1751189607.205523"
    },
    "start_time": "2025-06-29T13:02:38",
    "status": "answered",
    "timestamp": "2025-06-29T13:06:42",
    "type": "call_summary",
    "uniqueid": "1751189607.205523"
}

{
    "call_type": "",
    "caller_id_name": "263-SUP10",
    "caller_id_num": "263",
    "channel": "SIP/263-00002fe9",
    "connected_line_name": "<unknown>",
    "connected_line_num": "<unknown>",
    "direction": "",
    "end_time": "",
    "extension_number": "263",
    "has_ringing": false,
    "linkedid": "1751189870.205924",
    "other_extension_number": "",
    "start_time": "2025-06-29T13:06:57",
    "status": "initiated",
    "timestamp": "2025-06-29T13:06:57",
    "type": "call_started",
    "uniqueid": "1751189870.205924"
}

{
    "call_type": "external",
    "caller_id_name": "263-SUP10",
    "caller_id_num": "263",
    "cause": "16",
    "cause_description": "",
    "cause_txt": "",
    "channel": "SIP/263-00002fe9",
    "connected_line_name": "<unknown>",
    "connected_line_num": "<unknown>",
    "direction": "out",
    "end_time": "2025-06-29T13:07:11",
    "extension_number": "263",
    "has_ringing": false,
    "linkedid": "1751189870.205924",
    "other_extension_number": "09108070313",
    "raw_event": {
        "AccountCode": "",
        "CallerIDName": "<unknown>",
        "CallerIDNum": "36944000",
        "Cause": "16",
        "Cause-txt": "Normal Clearing",
        "Channel": "SIP/263-00002fe9",
        "ChannelState": "4",
        "ChannelStateDesc": "Ring",
        "ConnectedLineName": "CID:36944000",
        "ConnectedLineNum": "09108070313",
        "Context": "from-internal",
        "Event": "Hangup",
        "Exten": "h",
        "Language": "pr2",
        "Linkedid": "1751189870.205924",
        "Priority": "1",
        "Privilege": "call,all",
        "Uniqueid": "1751189870.205924"
    },
    "start_time": "2025-06-29T13:06:57",
    "status": "initiated",
    "timestamp": "2025-06-29T13:07:11",
    "type": "call_ended",
    "uniqueid": "1751189870.205924"
}

{
    "call_duration": 14,
    "call_type": "external",
    "caller_id_name": "263-SUP10",
    "caller_id_num": "263",
    "cause": "16",
    "cause_description": "",
    "cause_txt": "",
    "channel": "SIP/263-00002fe9",
    "connected_line_name": "<unknown>",
    "connected_line_num": "<unknown>",
    "direction": "out",
    "end_time": "2025-06-29T13:07:11",
    "extension_number": "263",
    "has_ringing": false,
    "linkedid": "1751189870.205924",
    "other_extension_number": "09108070313",
    "raw_event": {
        "AccountCode": "",
        "CallerIDName": "<unknown>",
        "CallerIDNum": "36944000",
        "Cause": "16",
        "Cause-txt": "Normal Clearing",
        "Channel": "SIP/263-00002fe9",
        "ChannelState": "4",
        "ChannelStateDesc": "Ring",
        "ConnectedLineName": "CID:36944000",
        "ConnectedLineNum": "09108070313",
        "Context": "from-internal",
        "Event": "Hangup",
        "Exten": "h",
        "Language": "pr2",
        "Linkedid": "1751189870.205924",
        "Priority": "1",
        "Privilege": "call,all",
        "Uniqueid": "1751189870.205924"
    },
    "start_time": "2025-06-29T13:06:57",
    "status": "initiated",
    "timestamp": "2025-06-29T13:07:11",
    "type": "call_summary",
    "uniqueid": "1751189870.205924"
}

{
    "call_type": "",
    "caller_id_name": "263-SUP10",
    "caller_id_num": "263",
    "channel": "SIP/263-00002fec",
    "connected_line_name": "<unknown>",
    "connected_line_num": "<unknown>",
    "direction": "",
    "end_time": "",
    "extension_number": "263",
    "has_ringing": false,
    "linkedid": "1751189895.205972",
    "other_extension_number": "",
    "start_time": "2025-06-29T13:07:22",
    "status": "initiated",
    "timestamp": "2025-06-29T13:07:22",
    "type": "call_started",
    "uniqueid": "1751189895.205972"
}

{
    "channel": "SIP/263-00002fec",
    "privilege": "call,all",
    "timestamp": "2025-06-29T13:07:25",
    "type": "call_answered",
    "uniqueid": "1751189895.205972"
}

{
    "call_type": "internal",
    "caller_id_name": "263-SUP10",
    "caller_id_num": "263",
    "cause": "16",
    "cause_description": "",
    "cause_txt": "",
    "channel": "SIP/263-00002fec",
    "connected_line_name": "<unknown>",
    "connected_line_num": "<unknown>",
    "direction": "out",
    "end_time": "2025-06-29T13:10:15",
    "extension_number": "263",
    "has_ringing": false,
    "linkedid": "1751189895.205972",
    "other_extension_number": "365",
    "raw_event": {
        "AccountCode": "",
        "CallerIDName": "263-SUP10",
        "CallerIDNum": "263",
        "Cause": "16",
        "Cause-txt": "Normal Clearing",
        "Channel": "SIP/263-00002fec",
        "ChannelState": "6",
        "ChannelStateDesc": "Up",
        "ConnectedLineName": "365-TE6",
        "ConnectedLineNum": "365",
        "Context": "from-internal",
        "Event": "Hangup",
        "Exten": "h",
        "Language": "pr2",
        "Linkedid": "1751189895.205972",
        "Priority": "1",
        "Privilege": "call,all",
        "Uniqueid": "1751189895.205972"
    },
    "start_time": "2025-06-29T13:07:25",
    "status": "answered",
    "timestamp": "2025-06-29T13:10:15",
    "type": "call_ended",
    "uniqueid": "1751189895.205972"
}

{
    "call_duration": 169,
    "call_type": "internal",
    "caller_id_name": "263-SUP10",
    "caller_id_num": "263",
    "cause": "16",
    "cause_description": "",
    "cause_txt": "",
    "channel": "SIP/263-00002fec",
    "connected_line_name": "<unknown>",
    "connected_line_num": "<unknown>",
    "direction": "out",
    "end_time": "2025-06-29T13:10:15",
    "extension_number": "263",
    "has_ringing": false,
    "linkedid": "1751189895.205972",
    "other_extension_number": "365",
    "raw_event": {
        "AccountCode": "",
        "CallerIDName": "263-SUP10",
        "CallerIDNum": "263",
        "Cause": "16",
        "Cause-txt": "Normal Clearing",
        "Channel": "SIP/263-00002fec",
        "ChannelState": "6",
        "ChannelStateDesc": "Up",
        "ConnectedLineName": "365-TE6",
        "ConnectedLineNum": "365",
        "Context": "from-internal",
        "Event": "Hangup",
        "Exten": "h",
        "Language": "pr2",
        "Linkedid": "1751189895.205972",
        "Priority": "1",
        "Privilege": "call,all",
        "Uniqueid": "1751189895.205972"
    },
    "start_time": "2025-06-29T13:07:25",
    "status": "answered",
    "timestamp": "2025-06-29T13:10:15",
    "type": "call_summary",
    "uniqueid": "1751189895.205972"
}

{
    "call_type": "",
    "caller_id_name": "263-SUP10",
    "caller_id_num": "263",
    "channel": "SIP/263-00003005",
    "connected_line_name": "<unknown>",
    "connected_line_num": "<unknown>",
    "direction": "",
    "end_time": "",
    "extension_number": "263",
    "has_ringing": false,
    "linkedid": "1751190185.206441",
    "other_extension_number": "",
    "start_time": "2025-06-29T13:12:12",
    "status": "initiated",
    "timestamp": "2025-06-29T13:12:12",
    "type": "call_started",
    "uniqueid": "1751190185.206441"
}

{
    "channel": "SIP/263-00003005",
    "privilege": "call,all",
    "timestamp": "2025-06-29T13:12:19",
    "type": "call_answered",
    "uniqueid": "1751190185.206441"
}

{
    "call_type": "",
    "caller_id_name": "263-SUP10",
    "caller_id_num": "263",
    "channel": "SIP/263-0000300d",
    "connected_line_name": "<unknown>",
    "connected_line_num": "<unknown>",
    "direction": "",
    "end_time": "",
    "extension_number": "263",
    "has_ringing": false,
    "linkedid": "1751190297.206589",
    "other_extension_number": "",
    "start_time": "2025-06-29T13:14:04",
    "status": "initiated",
    "timestamp": "2025-06-29T13:14:04",
    "type": "call_started",
    "uniqueid": "1751190297.206589"
}

{
    "channel": "SIP/263-0000300d",
    "privilege": "call,all",
    "timestamp": "2025-06-29T13:14:04",
    "type": "call_answered",
    "uniqueid": "1751190297.206589"
}

{
    "call_type": "internal",
    "caller_id_name": "263-SUP10",
    "caller_id_num": "263",
    "cause": "16",
    "cause_description": "",
    "cause_txt": "",
    "channel": "SIP/263-0000300d",
    "connected_line_name": "<unknown>",
    "connected_line_num": "<unknown>",
    "direction": "out",
    "end_time": "2025-06-29T13:14:31",
    "extension_number": "263",
    "has_ringing": false,
    "linkedid": "1751190297.206589",
    "other_extension_number": "124",
    "raw_event": {
        "AccountCode": "",
        "CallerIDName": "263-SUP10",
        "CallerIDNum": "263",
        "Cause": "16",
        "Cause-txt": "Normal Clearing",
        "Channel": "SIP/263-0000300d",
        "ChannelState": "6",
        "ChannelStateDesc": "Up",
        "ConnectedLineName": "124-SAL4",
        "ConnectedLineNum": "124",
        "Context": "from-internal",
        "Event": "Hangup",
        "Exten": "h",
        "Language": "pr2",
        "Linkedid": "1751190297.206589",
        "Priority": "1",
        "Privilege": "call,all",
        "Uniqueid": "1751190297.206589"
    },
    "start_time": "2025-06-29T13:14:04",
    "status": "answered",
    "timestamp": "2025-06-29T13:14:31",
    "type": "call_ended",
    "uniqueid": "1751190297.206589"
}

{
    "call_duration": 27,
    "call_type": "internal",
    "caller_id_name": "263-SUP10",
    "caller_id_num": "263",
    "cause": "16",
    "cause_description": "",
    "cause_txt": "",
    "channel": "SIP/263-0000300d",
    "connected_line_name": "<unknown>",
    "connected_line_num": "<unknown>",
    "direction": "out",
    "end_time": "2025-06-29T13:14:31",
    "extension_number": "263",
    "has_ringing": false,
    "linkedid": "1751190297.206589",
    "other_extension_number": "124",
    "raw_event": {
        "AccountCode": "",
        "CallerIDName": "263-SUP10",
        "CallerIDNum": "263",
        "Cause": "16",
        "Cause-txt": "Normal Clearing",
        "Channel": "SIP/263-0000300d",
        "ChannelState": "6",
        "ChannelStateDesc": "Up",
        "ConnectedLineName": "124-SAL4",
        "ConnectedLineNum": "124",
        "Context": "from-internal",
        "Event": "Hangup",
        "Exten": "h",
        "Language": "pr2",
        "Linkedid": "1751190297.206589",
        "Priority": "1",
        "Privilege": "call,all",
        "Uniqueid": "1751190297.206589"
    },
    "start_time": "2025-06-29T13:14:04",
    "status": "answered",
    "timestamp": "2025-06-29T13:14:31",
    "type": "call_summary",
    "uniqueid": "1751190297.206589"
}

{
    "call_type": "external",
    "caller_id_name": "263-SUP10",
    "caller_id_num": "263",
    "cause": "16",
    "cause_description": "",
    "cause_txt": "",
    "channel": "SIP/263-00003005",
    "connected_line_name": "<unknown>",
    "connected_line_num": "<unknown>",
    "direction": "out",
    "end_time": "2025-06-29T13:14:35",
    "extension_number": "263",
    "has_ringing": false,
    "linkedid": "1751190185.206441",
    "other_extension_number": "09108070313",
    "raw_event": {
        "AccountCode": "",
        "CallerIDName": "<unknown>",
        "CallerIDNum": "36944000",
        "Cause": "16",
        "Cause-txt": "Normal Clearing",
        "Channel": "SIP/263-00003005",
        "ChannelState": "6",
        "ChannelStateDesc": "Up",
        "ConnectedLineName": "CID:36944000",
        "ConnectedLineNum": "09108070313",
        "Context": "from-internal",
        "Event": "Hangup",
        "Exten": "h",
        "Language": "pr2",
        "Linkedid": "1751190185.206441",
        "Priority": "1",
        "Privilege": "call,all",
        "Uniqueid": "1751190185.206441"
    },
    "start_time": "2025-06-29T13:12:19",
    "status": "answered",
    "timestamp": "2025-06-29T13:14:35",
    "type": "call_ended",
    "uniqueid": "1751190185.206441"
}

{
    "call_duration": 136,
    "call_type": "external",
    "caller_id_name": "263-SUP10",
    "caller_id_num": "263",
    "cause": "16",
    "cause_description": "",
    "cause_txt": "",
    "channel": "SIP/263-00003005",
    "connected_line_name": "<unknown>",
    "connected_line_num": "<unknown>",
    "direction": "out",
    "end_time": "2025-06-29T13:14:35",
    "extension_number": "263",
    "has_ringing": false,
    "linkedid": "1751190185.206441",
    "other_extension_number": "09108070313",
    "raw_event": {
        "AccountCode": "",
        "CallerIDName": "<unknown>",
        "CallerIDNum": "36944000",
        "Cause": "16",
        "Cause-txt": "Normal Clearing",
        "Channel": "SIP/263-00003005",
        "ChannelState": "6",
        "ChannelStateDesc": "Up",
        "ConnectedLineName": "CID:36944000",
        "ConnectedLineNum": "09108070313",
        "Context": "from-internal",
        "Event": "Hangup",
        "Exten": "h",
        "Language": "pr2",
        "Linkedid": "1751190185.206441",
        "Priority": "1",
        "Privilege": "call,all",
        "Uniqueid": "1751190185.206441"
    },
    "start_time": "2025-06-29T13:12:19",
    "status": "answered",
    "timestamp": "2025-06-29T13:14:35",
    "type": "call_summary",
    "uniqueid": "1751190185.206441"
}

{
    "call_type": "",
    "caller_id_name": "263-SUP10",
    "caller_id_num": "263",
    "channel": "SIP/263-00003030",
    "connected_line_name": "<unknown>",
    "connected_line_num": "<unknown>",
    "direction": "",
    "end_time": "",
    "extension_number": "263",
    "has_ringing": false,
    "linkedid": "1751190801.207035",
    "other_extension_number": "",
    "start_time": "2025-06-29T13:22:27",
    "status": "initiated",
    "timestamp": "2025-06-29T13:22:27",
    "type": "call_started",
    "uniqueid": "1751190801.207035"
}

{
    "channel": "SIP/263-00003030",
    "privilege": "call,all",
    "timestamp": "2025-06-29T13:22:43",
    "type": "call_answered",
    "uniqueid": "1751190801.207035"
}

{
    "call_type": "",
    "caller_id_name": "263-SUP10",
    "caller_id_num": "263",
    "channel": "SIP/263-00003043",
    "connected_line_name": "<unknown>",
    "connected_line_num": "<unknown>",
    "direction": "",
    "end_time": "",
    "extension_number": "263",
    "has_ringing": false,
    "linkedid": "1751190960.207232",
    "other_extension_number": "",
    "start_time": "2025-06-29T13:25:07",
    "status": "initiated",
    "timestamp": "2025-06-29T13:25:07",
    "type": "call_started",
    "uniqueid": "1751190960.207232"
}

{
    "channel": "SIP/263-00003043",
    "privilege": "call,all",
    "timestamp": "2025-06-29T13:25:09",
    "type": "call_answered",
    "uniqueid": "1751190960.207232"
}

{
    "call_type": "internal",
    "caller_id_name": "263-SUP10",
    "caller_id_num": "263",
    "cause": "16",
    "cause_description": "",
    "cause_txt": "",
    "channel": "SIP/263-00003043",
    "connected_line_name": "<unknown>",
    "connected_line_num": "<unknown>",
    "direction": "out",
    "end_time": "2025-06-29T13:26:03",
    "extension_number": "263",
    "has_ringing": false,
    "linkedid": "1751190960.207232",
    "other_extension_number": "256",
    "raw_event": {
        "AccountCode": "",
        "CallerIDName": "263-SUP10",
        "CallerIDNum": "263",
        "Cause": "16",
        "Cause-txt": "Normal Clearing",
        "Channel": "SIP/263-00003043",
        "ChannelState": "6",
        "ChannelStateDesc": "Up",
        "ConnectedLineName": "256-SUP6",
        "ConnectedLineNum": "256",
        "Context": "from-internal",
        "Event": "Hangup",
        "Exten": "h",
        "Language": "pr2",
        "Linkedid": "1751190960.207232",
        "Priority": "1",
        "Privilege": "call,all",
        "Uniqueid": "1751190960.207232"
    },
    "start_time": "2025-06-29T13:25:09",
    "status": "answered",
    "timestamp": "2025-06-29T13:26:03",
    "type": "call_ended",
    "uniqueid": "1751190960.207232"
}

{
    "call_duration": 53,
    "call_type": "internal",
    "caller_id_name": "263-SUP10",
    "caller_id_num": "263",
    "cause": "16",
    "cause_description": "",
    "cause_txt": "",
    "channel": "SIP/263-00003043",
    "connected_line_name": "<unknown>",
    "connected_line_num": "<unknown>",
    "direction": "out",
    "end_time": "2025-06-29T13:26:03",
    "extension_number": "263",
    "has_ringing": false,
    "linkedid": "1751190960.207232",
    "other_extension_number": "256",
    "raw_event": {
        "AccountCode": "",
        "CallerIDName": "263-SUP10",
        "CallerIDNum": "263",
        "Cause": "16",
        "Cause-txt": "Normal Clearing",
        "Channel": "SIP/263-00003043",
        "ChannelState": "6",
        "ChannelStateDesc": "Up",
        "ConnectedLineName": "256-SUP6",
        "ConnectedLineNum": "256",
        "Context": "from-internal",
        "Event": "Hangup",
        "Exten": "h",
        "Language": "pr2",
        "Linkedid": "1751190960.207232",
        "Priority": "1",
        "Privilege": "call,all",
        "Uniqueid": "1751190960.207232"
    },
    "start_time": "2025-06-29T13:25:09",
    "status": "answered",
    "timestamp": "2025-06-29T13:26:03",
    "type": "call_summary",
    "uniqueid": "1751190960.207232"
}

{
    "call_type": "external",
    "caller_id_name": "263-SUP10",
    "caller_id_num": "263",
    "cause": "16",
    "cause_description": "",
    "cause_txt": "",
    "channel": "SIP/263-00003030",
    "connected_line_name": "<unknown>",
    "connected_line_num": "<unknown>",
    "direction": "out",
    "end_time": "2025-06-29T13:27:43",
    "extension_number": "263",
    "has_ringing": false,
    "linkedid": "1751190801.207035",
    "other_extension_number": "09116048486",
    "raw_event": {
        "AccountCode": "",
        "CallerIDName": "<unknown>",
        "CallerIDNum": "36944000",
        "Cause": "16",
        "Cause-txt": "Normal Clearing",
        "Channel": "SIP/263-00003030",
        "ChannelState": "6",
        "ChannelStateDesc": "Up",
        "ConnectedLineName": "CID:36944000",
        "ConnectedLineNum": "09116048486",
        "Context": "from-internal",
        "Event": "Hangup",
        "Exten": "h",
        "Language": "pr2",
        "Linkedid": "1751190801.207035",
        "Priority": "1",
        "Privilege": "call,all",
        "Uniqueid": "1751190801.207035"
    },
    "start_time": "2025-06-29T13:22:43",
    "status": "answered",
    "timestamp": "2025-06-29T13:27:43",
    "type": "call_ended",
    "uniqueid": "1751190801.207035"
}

{
    "call_duration": 299,
    "call_type": "external",
    "caller_id_name": "263-SUP10",
    "caller_id_num": "263",
    "cause": "16",
    "cause_description": "",
    "cause_txt": "",
    "channel": "SIP/263-00003030",
    "connected_line_name": "<unknown>",
    "connected_line_num": "<unknown>",
    "direction": "out",
    "end_time": "2025-06-29T13:27:43",
    "extension_number": "263",
    "has_ringing": false,
    "linkedid": "1751190801.207035",
    "other_extension_number": "09116048486",
    "raw_event": {
        "AccountCode": "",
        "CallerIDName": "<unknown>",
        "CallerIDNum": "36944000",
        "Cause": "16",
        "Cause-txt": "Normal Clearing",
        "Channel": "SIP/263-00003030",
        "ChannelState": "6",
        "ChannelStateDesc": "Up",
        "ConnectedLineName": "CID:36944000",
        "ConnectedLineNum": "09116048486",
        "Context": "from-internal",
        "Event": "Hangup",
        "Exten": "h",
        "Language": "pr2",
        "Linkedid": "1751190801.207035",
        "Priority": "1",
        "Privilege": "call,all",
        "Uniqueid": "1751190801.207035"
    },
    "start_time": "2025-06-29T13:22:43",
    "status": "answered",
    "timestamp": "2025-06-29T13:27:43",
    "type": "call_summary",
    "uniqueid": "1751190801.207035"
}

{
    "call_type": "",
    "caller_id_name": "263-SUP10",
    "caller_id_num": "263",
    "channel": "SIP/263-0000304b",
    "connected_line_name": "<unknown>",
    "connected_line_num": "<unknown>",
    "direction": "",
    "end_time": "",
    "extension_number": "263",
    "has_ringing": false,
    "linkedid": "1751191118.207336",
    "other_extension_number": "",
    "start_time": "2025-06-29T13:27:44",
    "status": "initiated",
    "timestamp": "2025-06-29T13:27:44",
    "type": "call_started",
    "uniqueid": "1751191118.207336"
}

{
    "channel": "SIP/263-0000304b",
    "privilege": "call,all",
    "timestamp": "2025-06-29T13:27:53",
    "type": "call_answered",
    "uniqueid": "1751191118.207336"
}

{
    "call_type": "external",
    "caller_id_name": "263-SUP10",
    "caller_id_num": "263",
    "cause": "16",
    "cause_description": "",
    "cause_txt": "",
    "channel": "SIP/263-0000304b",
    "connected_line_name": "<unknown>",
    "connected_line_num": "<unknown>",
    "direction": "out",
    "end_time": "2025-06-29T13:31:42",
    "extension_number": "263",
    "has_ringing": false,
    "linkedid": "1751191118.207336",
    "other_extension_number": "09120287824",
    "raw_event": {
        "AccountCode": "",
        "CallerIDName": "<unknown>",
        "CallerIDNum": "36944000",
        "Cause": "16",
        "Cause-txt": "Normal Clearing",
        "Channel": "SIP/263-0000304b",
        "ChannelState": "6",
        "ChannelStateDesc": "Up",
        "ConnectedLineName": "CID:36944000",
        "ConnectedLineNum": "09120287824",
        "Context": "from-internal",
        "Event": "Hangup",
        "Exten": "h",
        "Language": "pr2",
        "Linkedid": "1751191118.207336",
        "Priority": "1",
        "Privilege": "call,all",
        "Uniqueid": "1751191118.207336"
    },
    "start_time": "2025-06-29T13:27:53",
    "status": "answered",
    "timestamp": "2025-06-29T13:31:42",
    "type": "call_ended",
    "uniqueid": "1751191118.207336"
}

{
    "call_duration": 228,
    "call_type": "external",
    "caller_id_name": "263-SUP10",
    "caller_id_num": "263",
    "cause": "16",
    "cause_description": "",
    "cause_txt": "",
    "channel": "SIP/263-0000304b",
    "connected_line_name": "<unknown>",
    "connected_line_num": "<unknown>",
    "direction": "out",
    "end_time": "2025-06-29T13:31:42",
    "extension_number": "263",
    "has_ringing": false,
    "linkedid": "1751191118.207336",
    "other_extension_number": "09120287824",
    "raw_event": {
        "AccountCode": "",
        "CallerIDName": "<unknown>",
        "CallerIDNum": "36944000",
        "Cause": "16",
        "Cause-txt": "Normal Clearing",
        "Channel": "SIP/263-0000304b",
        "ChannelState": "6",
        "ChannelStateDesc": "Up",
        "ConnectedLineName": "CID:36944000",
        "ConnectedLineNum": "09120287824",
        "Context": "from-internal",
        "Event": "Hangup",
        "Exten": "h",
        "Language": "pr2",
        "Linkedid": "1751191118.207336",
        "Priority": "1",
        "Privilege": "call,all",
        "Uniqueid": "1751191118.207336"
    },
    "start_time": "2025-06-29T13:27:53",
    "status": "answered",
    "timestamp": "2025-06-29T13:31:42",
    "type": "call_summary",
    "uniqueid": "1751191118.207336"
}

{
    "call_type": "",
    "caller_id_name": "263-SUP10",
    "caller_id_num": "263",
    "channel": "SIP/263-00003089",
    "connected_line_name": "<unknown>",
    "connected_line_num": "<unknown>",
    "direction": "",
    "end_time": "",
    "extension_number": "263",
    "has_ringing": false,
    "linkedid": "1751191668.208064",
    "other_extension_number": "",
    "start_time": "2025-06-29T13:36:57",
    "status": "initiated",
    "timestamp": "2025-06-29T13:36:57",
    "type": "call_started",
    "uniqueid": "1751191668.208072"
}

{
    "channel": "SIP/263-00003089",
    "privilege": "call,all",
    "timestamp": "2025-06-29T13:36:57",
    "type": "call_ringing",
    "uniqueid": "1751191668.208072"
}

{
    "channel": "SIP/263-00003089",
    "privilege": "call,all",
    "timestamp": "2025-06-29T13:37:03",
    "type": "call_answered",
    "uniqueid": "1751191668.208072"
}

{
    "call_type": "external",
    "caller_id_name": "263-SUP10",
    "caller_id_num": "263",
    "cause": "16",
    "cause_description": "",
    "cause_txt": "",
    "channel": "SIP/263-00003089",
    "connected_line_name": "<unknown>",
    "connected_line_num": "<unknown>",
    "direction": "in",
    "end_time": "2025-06-29T13:37:06",
    "extension_number": "263",
    "has_ringing": true,
    "linkedid": "1751191668.208064",
    "other_extension_number": "9910630592",
    "raw_event": {
        "AccountCode": "",
        "CallerIDName": "263-SUP10",
        "CallerIDNum": "263",
        "Cause": "16",
        "Cause-txt": "Normal Clearing",
        "Channel": "SIP/263-00003089",
        "ChannelState": "6",
        "ChannelStateDesc": "Up",
        "ConnectedLineName": "9910630592",
        "ConnectedLineNum": "9910630592",
        "Context": "macro-dial-one",
        "Event": "Hangup",
        "Exten": "s",
        "Language": "pr2",
        "Linkedid": "1751191668.208064",
        "Priority": "1",
        "Privilege": "call,all",
        "Uniqueid": "1751191668.208072"
    },
    "start_time": "2025-06-29T13:37:03",
    "status": "answered",
    "timestamp": "2025-06-29T13:37:06",
    "type": "call_ended",
    "uniqueid": "1751191668.208072"
}

{
    "call_duration": 3,
    "call_type": "external",
    "caller_id_name": "263-SUP10",
    "caller_id_num": "263",
    "cause": "16",
    "cause_description": "",
    "cause_txt": "",
    "channel": "SIP/263-00003089",
    "connected_line_name": "<unknown>",
    "connected_line_num": "<unknown>",
    "direction": "in",
    "end_time": "2025-06-29T13:37:06",
    "extension_number": "263",
    "has_ringing": true,
    "linkedid": "1751191668.208064",
    "other_extension_number": "9910630592",
    "raw_event": {
        "AccountCode": "",
        "CallerIDName": "263-SUP10",
        "CallerIDNum": "263",
        "Cause": "16",
        "Cause-txt": "Normal Clearing",
        "Channel": "SIP/263-00003089",
        "ChannelState": "6",
        "ChannelStateDesc": "Up",
        "ConnectedLineName": "9910630592",
        "ConnectedLineNum": "9910630592",
        "Context": "macro-dial-one",
        "Event": "Hangup",
        "Exten": "s",
        "Language": "pr2",
        "Linkedid": "1751191668.208064",
        "Priority": "1",
        "Privilege": "call,all",
        "Uniqueid": "1751191668.208072"
    },
    "start_time": "2025-06-29T13:37:03",
    "status": "answered",
    "timestamp": "2025-06-29T13:37:06",
    "type": "call_summary",
    "uniqueid": "1751191668.208072"
}

{
    "call_type": "",
    "caller_id_name": "263-SUP10",
    "caller_id_num": "263",
    "channel": "SIP/263-000031be",
    "connected_line_name": "<unknown>",
    "connected_line_num": "<unknown>",
    "direction": "",
    "end_time": "",
    "extension_number": "263",
    "has_ringing": false,
    "linkedid": "1751194739.211745",
    "other_extension_number": "",
    "start_time": "2025-06-29T14:28:16",
    "status": "initiated",
    "timestamp": "2025-06-29T14:28:16",
    "type": "call_started",
    "uniqueid": "1751194749.211764"
}

{
    "channel": "SIP/263-000031be",
    "privilege": "call,all",
    "timestamp": "2025-06-29T14:28:16",
    "type": "call_ringing",
    "uniqueid": "1751194749.211764"
}

{
    "channel": "SIP/263-000031be",
    "privilege": "call,all",
    "timestamp": "2025-06-29T14:28:20",
    "type": "call_answered",
    "uniqueid": "1751194749.211764"
}

{
    "call_type": "external",
    "caller_id_name": "263-SUP10",
    "caller_id_num": "263",
    "cause": "16",
    "cause_description": "",
    "cause_txt": "",
    "channel": "SIP/263-000031be",
    "connected_line_name": "<unknown>",
    "connected_line_num": "<unknown>",
    "direction": "in",
    "end_time": "2025-06-29T14:29:34",
    "extension_number": "263",
    "has_ringing": true,
    "linkedid": "1751194739.211745",
    "other_extension_number": "2188367179",
    "raw_event": {
        "AccountCode": "",
        "CallerIDName": "263-SUP10",
        "CallerIDNum": "263",
        "Cause": "16",
        "Cause-txt": "Normal Clearing",
        "Channel": "SIP/263-000031be",
        "ChannelState": "6",
        "ChannelStateDesc": "Up",
        "ConnectedLineName": "2188367179",
        "ConnectedLineNum": "2188367179",
        "Context": "macro-dial-one",
        "Event": "Hangup",
        "Exten": "s",
        "Language": "pr2",
        "Linkedid": "1751194739.211745",
        "Priority": "1",
        "Privilege": "call,all",
        "Uniqueid": "1751194749.211764"
    },
    "start_time": "2025-06-29T14:28:20",
    "status": "answered",
    "timestamp": "2025-06-29T14:29:34",
    "type": "call_ended",
    "uniqueid": "1751194749.211764"
}

{
    "call_duration": 74,
    "call_type": "external",
    "caller_id_name": "263-SUP10",
    "caller_id_num": "263",
    "cause": "16",
    "cause_description": "",
    "cause_txt": "",
    "channel": "SIP/263-000031be",
    "connected_line_name": "<unknown>",
    "connected_line_num": "<unknown>",
    "direction": "in",
    "end_time": "2025-06-29T14:29:34",
    "extension_number": "263",
    "has_ringing": true,
    "linkedid": "1751194739.211745",
    "other_extension_number": "2188367179",
    "raw_event": {
        "AccountCode": "",
        "CallerIDName": "263-SUP10",
        "CallerIDNum": "263",
        "Cause": "16",
        "Cause-txt": "Normal Clearing",
        "Channel": "SIP/263-000031be",
        "ChannelState": "6",
        "ChannelStateDesc": "Up",
        "ConnectedLineName": "2188367179",
        "ConnectedLineNum": "2188367179",
        "Context": "macro-dial-one",
        "Event": "Hangup",
        "Exten": "s",
        "Language": "pr2",
        "Linkedid": "1751194739.211745",
        "Priority": "1",
        "Privilege": "call,all",
        "Uniqueid": "1751194749.211764"
    },
    "start_time": "2025-06-29T14:28:20",
    "status": "answered",
    "timestamp": "2025-06-29T14:29:34",
    "type": "call_summary",
    "uniqueid": "1751194749.211764"
}

{
    "call_type": "",
    "caller_id_name": "263-SUP10",
    "caller_id_num": "263",
    "channel": "SIP/263-000031db",
    "connected_line_name": "<unknown>",
    "connected_line_num": "<unknown>",
    "direction": "",
    "end_time": "",
    "extension_number": "263",
    "has_ringing": false,
    "linkedid": "1751195174.212144",
    "other_extension_number": "",
    "start_time": "2025-06-29T14:35:21",
    "status": "initiated",
    "timestamp": "2025-06-29T14:35:21",
    "type": "call_started",
    "uniqueid": "1751195174.212144"
}

{
    "channel": "SIP/263-000031db",
    "privilege": "call,all",
    "timestamp": "2025-06-29T14:35:21",
    "type": "call_answered",
    "uniqueid": "1751195174.212144"
}

{
    "call_type": "external",
    "caller_id_name": "263-SUP10",
    "caller_id_num": "263",
    "cause": "0",
    "cause_description": "",
    "cause_txt": "",
    "channel": "SIP/263-000031db",
    "connected_line_name": "<unknown>",
    "connected_line_num": "<unknown>",
    "direction": "out",
    "end_time": "2025-06-29T14:35:23",
    "extension_number": "263",
    "has_ringing": false,
    "linkedid": "1751195174.212144",
    "other_extension_number": "<unknown>",
    "raw_event": {
        "AccountCode": "",
        "CallerIDName": "263-SUP10",
        "CallerIDNum": "263",
        "Cause": "0",
        "Cause-txt": "Unknown",
        "Channel": "SIP/263-000031db",
        "ChannelState": "6",
        "ChannelStateDesc": "Up",
        "ConnectedLineName": "<unknown>",
        "ConnectedLineNum": "<unknown>",
        "Context": "app-announcement-2",
        "Event": "Hangup",
        "Exten": "s",
        "Language": "pr2",
        "Linkedid": "1751195174.212144",
        "Priority": "5",
        "Privilege": "call,all",
        "Uniqueid": "1751195174.212144"
    },
    "start_time": "2025-06-29T14:35:21",
    "status": "answered",
    "timestamp": "2025-06-29T14:35:23",
    "type": "call_ended",
    "uniqueid": "1751195174.212144"
}

{
    "call_duration": 1,
    "call_type": "external",
    "caller_id_name": "263-SUP10",
    "caller_id_num": "263",
    "cause": "0",
    "cause_description": "",
    "cause_txt": "",
    "channel": "SIP/263-000031db",
    "connected_line_name": "<unknown>",
    "connected_line_num": "<unknown>",
    "direction": "out",
    "end_time": "2025-06-29T14:35:23",
    "extension_number": "263",
    "has_ringing": false,
    "linkedid": "1751195174.212144",
    "other_extension_number": "<unknown>",
    "raw_event": {
        "AccountCode": "",
        "CallerIDName": "263-SUP10",
        "CallerIDNum": "263",
        "Cause": "0",
        "Cause-txt": "Unknown",
        "Channel": "SIP/263-000031db",
        "ChannelState": "6",
        "ChannelStateDesc": "Up",
        "ConnectedLineName": "<unknown>",
        "ConnectedLineNum": "<unknown>",
        "Context": "app-announcement-2",
        "Event": "Hangup",
        "Exten": "s",
        "Language": "pr2",
        "Linkedid": "1751195174.212144",
        "Priority": "5",
        "Privilege": "call,all",
        "Uniqueid": "1751195174.212144"
    },
    "start_time": "2025-06-29T14:35:21",
    "status": "answered",
    "timestamp": "2025-06-29T14:35:23",
    "type": "call_summary",
    "uniqueid": "1751195174.212144"
}

{
    "call_type": "",
    "caller_id_name": "263-SUP10",
    "caller_id_num": "263",
    "channel": "SIP/263-000031ea",
    "connected_line_name": "<unknown>",
    "connected_line_num": "<unknown>",
    "direction": "",
    "end_time": "",
    "extension_number": "263",
    "has_ringing": false,
    "linkedid": "1751195331.212308",
    "other_extension_number": "",
    "start_time": "2025-06-29T14:37:58",
    "status": "initiated",
    "timestamp": "2025-06-29T14:37:58",
    "type": "call_started",
    "uniqueid": "1751195331.212308"
}

{
    "channel": "SIP/263-000031ea",
    "privilege": "call,all",
    "timestamp": "2025-06-29T14:37:58",
    "type": "call_answered",
    "uniqueid": "1751195331.212308"
}

{
    "call_type": "external",
    "caller_id_name": "263-SUP10",
    "caller_id_num": "263",
    "cause": "0",
    "cause_description": "",
    "cause_txt": "",
    "channel": "SIP/263-000031ea",
    "connected_line_name": "<unknown>",
    "connected_line_num": "<unknown>",
    "direction": "out",
    "end_time": "2025-06-29T14:38:00",
    "extension_number": "263",
    "has_ringing": false,
    "linkedid": "1751195331.212308",
    "other_extension_number": "<unknown>",
    "raw_event": {
        "AccountCode": "",
        "CallerIDName": "263-SUP10",
        "CallerIDNum": "263",
        "Cause": "0",
        "Cause-txt": "Unknown",
        "Channel": "SIP/263-000031ea",
        "ChannelState": "6",
        "ChannelStateDesc": "Up",
        "ConnectedLineName": "<unknown>",
        "ConnectedLineNum": "<unknown>",
        "Context": "app-announcement-2",
        "Event": "Hangup",
        "Exten": "s",
        "Language": "pr2",
        "Linkedid": "1751195331.212308",
        "Priority": "5",
        "Privilege": "call,all",
        "Uniqueid": "1751195331.212308"
    },
    "start_time": "2025-06-29T14:37:58",
    "status": "answered",
    "timestamp": "2025-06-29T14:38:00",
    "type": "call_ended",
    "uniqueid": "1751195331.212308"
}

{
    "call_duration": 1,
    "call_type": "external",
    "caller_id_name": "263-SUP10",
    "caller_id_num": "263",
    "cause": "0",
    "cause_description": "",
    "cause_txt": "",
    "channel": "SIP/263-000031ea",
    "connected_line_name": "<unknown>",
    "connected_line_num": "<unknown>",
    "direction": "out",
    "end_time": "2025-06-29T14:38:00",
    "extension_number": "263",
    "has_ringing": false,
    "linkedid": "1751195331.212308",
    "other_extension_number": "<unknown>",
    "raw_event": {
        "AccountCode": "",
        "CallerIDName": "263-SUP10",
        "CallerIDNum": "263",
        "Cause": "0",
        "Cause-txt": "Unknown",
        "Channel": "SIP/263-000031ea",
        "ChannelState": "6",
        "ChannelStateDesc": "Up",
        "ConnectedLineName": "<unknown>",
        "ConnectedLineNum": "<unknown>",
        "Context": "app-announcement-2",
        "Event": "Hangup",
        "Exten": "s",
        "Language": "pr2",
        "Linkedid": "1751195331.212308",
        "Priority": "5",
        "Privilege": "call,all",
        "Uniqueid": "1751195331.212308"
    },
    "start_time": "2025-06-29T14:37:58",
    "status": "answered",
    "timestamp": "2025-06-29T14:38:00",
    "type": "call_summary",
    "uniqueid": "1751195331.212308"
}

{
    "call_type": "",
    "caller_id_name": "263-SUP10",
    "caller_id_num": "263",
    "channel": "SIP/263-000032dc",
    "connected_line_name": "<unknown>",
    "connected_line_num": "<unknown>",
    "direction": "",
    "end_time": "",
    "extension_number": "263",
    "has_ringing": false,
    "linkedid": "1751197151.214785",
    "other_extension_number": "",
    "start_time": "2025-06-29T15:08:18",
    "status": "initiated",
    "timestamp": "2025-06-29T15:08:18",
    "type": "call_started",
    "uniqueid": "1751197151.214793"
}

{
    "channel": "SIP/263-000032dc",
    "privilege": "call,all",
    "timestamp": "2025-06-29T15:08:18",
    "type": "call_ringing",
    "uniqueid": "1751197151.214793"
}

{
    "call_type": "internal",
    "caller_id_name": "263-SUP10",
    "caller_id_num": "263",
    "cause": "16",
    "cause_description": "",
    "cause_txt": "",
    "channel": "SIP/263-000032dc",
    "connected_line_name": "<unknown>",
    "connected_line_num": "<unknown>",
    "direction": "in",
    "end_time": "2025-06-29T15:08:32",
    "extension_number": "263",
    "has_ringing": true,
    "linkedid": "1751197151.214785",
    "other_extension_number": "88688608",
    "raw_event": {
        "AccountCode": "",
        "CallerIDName": "263-SUP10",
        "CallerIDNum": "263",
        "Cause": "16",
        "Cause-txt": "Normal Clearing",
        "Channel": "SIP/263-000032dc",
        "ChannelState": "5",
        "ChannelStateDesc": "Ringing",
        "ConnectedLineName": "88688608",
        "ConnectedLineNum": "88688608",
        "Context": "from-internal",
        "Event": "Hangup",
        "Exten": "263",
        "Language": "pr2",
        "Linkedid": "1751197151.214785",
        "Priority": "1",
        "Privilege": "call,all",
        "Uniqueid": "1751197151.214793"
    },
    "start_time": "2025-06-29T15:08:18",
    "status": "ringing",
    "timestamp": "2025-06-29T15:08:32",
    "type": "call_ended",
    "uniqueid": "1751197151.214793"
}

{
    "call_duration": 13,
    "call_type": "internal",
    "caller_id_name": "263-SUP10",
    "caller_id_num": "263",
    "cause": "16",
    "cause_description": "",
    "cause_txt": "",
    "channel": "SIP/263-000032dc",
    "connected_line_name": "<unknown>",
    "connected_line_num": "<unknown>",
    "direction": "in",
    "end_time": "2025-06-29T15:08:32",
    "extension_number": "263",
    "has_ringing": true,
    "linkedid": "1751197151.214785",
    "other_extension_number": "88688608",
    "raw_event": {
        "AccountCode": "",
        "CallerIDName": "263-SUP10",
        "CallerIDNum": "263",
        "Cause": "16",
        "Cause-txt": "Normal Clearing",
        "Channel": "SIP/263-000032dc",
        "ChannelState": "5",
        "ChannelStateDesc": "Ringing",
        "ConnectedLineName": "88688608",
        "ConnectedLineNum": "88688608",
        "Context": "from-internal",
        "Event": "Hangup",
        "Exten": "263",
        "Language": "pr2",
        "Linkedid": "1751197151.214785",
        "Priority": "1",
        "Privilege": "call,all",
        "Uniqueid": "1751197151.214793"
    },
    "start_time": "2025-06-29T15:08:18",
    "status": "ringing",
    "timestamp": "2025-06-29T15:08:32",
    "type": "call_summary",
    "uniqueid": "1751197151.214793"
}

{
    "call_type": "",
    "caller_id_name": "263-SUP10",
    "caller_id_num": "263",
    "channel": "SIP/263-000032e8",
    "connected_line_name": "<unknown>",
    "connected_line_num": "<unknown>",
    "direction": "",
    "end_time": "",
    "extension_number": "263",
    "has_ringing": false,
    "linkedid": "1751197275.214947",
    "other_extension_number": "",
    "start_time": "2025-06-29T15:10:22",
    "status": "initiated",
    "timestamp": "2025-06-29T15:10:22",
    "type": "call_started",
    "uniqueid": "1751197275.214947"
}

{
    "channel": "SIP/263-000032e8",
    "privilege": "call,all",
    "timestamp": "2025-06-29T15:10:42",
    "type": "call_answered",
    "uniqueid": "1751197275.214947"
}

{
    "call_type": "internal",
    "caller_id_name": "263-SUP10",
    "caller_id_num": "263",
    "cause": "0",
    "cause_description": "",
    "cause_txt": "",
    "channel": "SIP/263-000032e8",
    "connected_line_name": "<unknown>",
    "connected_line_num": "<unknown>",
    "direction": "out",
    "end_time": "2025-06-29T15:10:46",
    "extension_number": "263",
    "has_ringing": false,
    "linkedid": "1751197275.214947",
    "other_extension_number": "513",
    "raw_event": {
        "AccountCode": "",
        "CallerIDName": "263-SUP10",
        "CallerIDNum": "263",
        "Cause": "0",
        "Cause-txt": "Unknown",
        "Channel": "SIP/263-000032e8",
        "ChannelState": "6",
        "ChannelStateDesc": "Up",
        "ConnectedLineName": "513-ICT4",
        "ConnectedLineNum": "513",
        "Context": "app-announcement-4",
        "Event": "Hangup",
        "Exten": "s",
        "Language": "pr2",
        "Linkedid": "1751197275.214947",
        "Priority": "5",
        "Privilege": "call,all",
        "Uniqueid": "1751197275.214947"
    },
    "start_time": "2025-06-29T15:10:42",
    "status": "answered",
    "timestamp": "2025-06-29T15:10:46",
    "type": "call_ended",
    "uniqueid": "1751197275.214947"
}

{
    "call_duration": 3,
    "call_type": "internal",
    "caller_id_name": "263-SUP10",
    "caller_id_num": "263",
    "cause": "0",
    "cause_description": "",
    "cause_txt": "",
    "channel": "SIP/263-000032e8",
    "connected_line_name": "<unknown>",
    "connected_line_num": "<unknown>",
    "direction": "out",
    "end_time": "2025-06-29T15:10:46",
    "extension_number": "263",
    "has_ringing": false,
    "linkedid": "1751197275.214947",
    "other_extension_number": "513",
    "raw_event": {
        "AccountCode": "",
        "CallerIDName": "263-SUP10",
        "CallerIDNum": "263",
        "Cause": "0",
        "Cause-txt": "Unknown",
        "Channel": "SIP/263-000032e8",
        "ChannelState": "6",
        "ChannelStateDesc": "Up",
        "ConnectedLineName": "513-ICT4",
        "ConnectedLineNum": "513",
        "Context": "app-announcement-4",
        "Event": "Hangup",
        "Exten": "s",
        "Language": "pr2",
        "Linkedid": "1751197275.214947",
        "Priority": "5",
        "Privilege": "call,all",
        "Uniqueid": "1751197275.214947"
    },
    "start_time": "2025-06-29T15:10:42",
    "status": "answered",
    "timestamp": "2025-06-29T15:10:46",
    "type": "call_summary",
    "uniqueid": "1751197275.214947"
}

{
    "call_type": "",
    "caller_id_name": "263-SUP10",
    "caller_id_num": "263",
    "channel": "SIP/263-000032f0",
    "connected_line_name": "<unknown>",
    "connected_line_num": "<unknown>",
    "direction": "",
    "end_time": "",
    "extension_number": "263",
    "has_ringing": false,
    "linkedid": "1751197377.215035",
    "other_extension_number": "",
    "start_time": "2025-06-29T15:12:04",
    "status": "initiated",
    "timestamp": "2025-06-29T15:12:04",
    "type": "call_started",
    "uniqueid": "1751197377.215038"
}

{
    "channel": "SIP/263-000032f0",
    "privilege": "call,all",
    "timestamp": "2025-06-29T15:12:04",
    "type": "call_ringing",
    "uniqueid": "1751197377.215038"
}

{
    "channel": "SIP/263-000032f0",
    "privilege": "call,all",
    "timestamp": "2025-06-29T15:12:07",
    "type": "call_answered",
    "uniqueid": "1751197377.215038"
}

{
    "call_type": "internal",
    "caller_id_name": "263-SUP10",
    "caller_id_num": "263",
    "cause": "16",
    "cause_description": "",
    "cause_txt": "",
    "channel": "SIP/263-000032f0",
    "connected_line_name": "<unknown>",
    "connected_line_num": "<unknown>",
    "direction": "in",
    "end_time": "2025-06-29T15:13:52",
    "extension_number": "263",
    "has_ringing": true,
    "linkedid": "1751197377.215035",
    "other_extension_number": "513",
    "raw_event": {
        "AccountCode": "",
        "CallerIDName": "263-SUP10",
        "CallerIDNum": "263",
        "Cause": "16",
        "Cause-txt": "Normal Clearing",
        "Channel": "SIP/263-000032f0",
        "ChannelState": "6",
        "ChannelStateDesc": "Up",
        "ConnectedLineName": "513-ICT4",
        "ConnectedLineNum": "513",
        "Context": "from-internal",
        "Event": "Hangup",
        "Exten": "",
        "Language": "pr2",
        "Linkedid": "1751197377.215035",
        "Priority": "1",
        "Privilege": "call,all",
        "Uniqueid": "1751197377.215038"
    },
    "start_time": "2025-06-29T15:12:07",
    "status": "answered",
    "timestamp": "2025-06-29T15:13:52",
    "type": "call_ended",
    "uniqueid": "1751197377.215038"
}

{
    "call_duration": 105,
    "call_type": "internal",
    "caller_id_name": "263-SUP10",
    "caller_id_num": "263",
    "cause": "16",
    "cause_description": "",
    "cause_txt": "",
    "channel": "SIP/263-000032f0",
    "connected_line_name": "<unknown>",
    "connected_line_num": "<unknown>",
    "direction": "in",
    "end_time": "2025-06-29T15:13:52",
    "extension_number": "263",
    "has_ringing": true,
    "linkedid": "1751197377.215035",
    "other_extension_number": "513",
    "raw_event": {
        "AccountCode": "",
        "CallerIDName": "263-SUP10",
        "CallerIDNum": "263",
        "Cause": "16",
        "Cause-txt": "Normal Clearing",
        "Channel": "SIP/263-000032f0",
        "ChannelState": "6",
        "ChannelStateDesc": "Up",
        "ConnectedLineName": "513-ICT4",
        "ConnectedLineNum": "513",
        "Context": "from-internal",
        "Event": "Hangup",
        "Exten": "",
        "Language": "pr2",
        "Linkedid": "1751197377.215035",
        "Priority": "1",
        "Privilege": "call,all",
        "Uniqueid": "1751197377.215038"
    },
    "start_time": "2025-06-29T15:12:07",
    "status": "answered",
    "timestamp": "2025-06-29T15:13:52",
    "type": "call_summary",
    "uniqueid": "1751197377.215038"
}

{
    "call_type": "",
    "caller_id_name": "263-SUP10",
    "caller_id_num": "263",
    "channel": "SIP/263-00003305",
    "connected_line_name": "<unknown>",
    "connected_line_num": "<unknown>",
    "direction": "",
    "end_time": "",
    "extension_number": "263",
    "has_ringing": false,
    "linkedid": "1751197517.215222",
    "other_extension_number": "",
    "start_time": "2025-06-29T15:14:24",
    "status": "initiated",
    "timestamp": "2025-06-29T15:14:24",
    "type": "call_started",
    "uniqueid": "1751197517.215225"
}

{
    "channel": "SIP/263-00003305",
    "privilege": "call,all",
    "timestamp": "2025-06-29T15:14:25",
    "type": "call_ringing",
    "uniqueid": "1751197517.215225"
}

{
    "call_type": "internal",
    "caller_id_name": "263-SUP10",
    "caller_id_num": "263",
    "cause": "16",
    "cause_description": "",
    "cause_txt": "",
    "channel": "SIP/263-00003305",
    "connected_line_name": "<unknown>",
    "connected_line_num": "<unknown>",
    "direction": "in",
    "end_time": "2025-06-29T15:14:27",
    "extension_number": "263",
    "has_ringing": true,
    "linkedid": "1751197517.215222",
    "other_extension_number": "513",
    "raw_event": {
        "AccountCode": "",
        "CallerIDName": "263-SUP10",
        "CallerIDNum": "263",
        "Cause": "16",
        "Cause-txt": "Normal Clearing",
        "Channel": "SIP/263-00003305",
        "ChannelState": "5",
        "ChannelStateDesc": "Ringing",
        "ConnectedLineName": "513-ICT4",
        "ConnectedLineNum": "513",
        "Context": "from-internal",
        "Event": "Hangup",
        "Exten": "263",
        "Language": "pr2",
        "Linkedid": "1751197517.215222",
        "Priority": "1",
        "Privilege": "call,all",
        "Uniqueid": "1751197517.215225"
    },
    "start_time": "2025-06-29T15:14:24",
    "status": "ringing",
    "timestamp": "2025-06-29T15:14:27",
    "type": "call_ended",
    "uniqueid": "1751197517.215225"
}

{
    "call_duration": 3,
    "call_type": "internal",
    "caller_id_name": "263-SUP10",
    "caller_id_num": "263",
    "cause": "16",
    "cause_description": "",
    "cause_txt": "",
    "channel": "SIP/263-00003305",
    "connected_line_name": "<unknown>",
    "connected_line_num": "<unknown>",
    "direction": "in",
    "end_time": "2025-06-29T15:14:27",
    "extension_number": "263",
    "has_ringing": true,
    "linkedid": "1751197517.215222",
    "other_extension_number": "513",
    "raw_event": {
        "AccountCode": "",
        "CallerIDName": "263-SUP10",
        "CallerIDNum": "263",
        "Cause": "16",
        "Cause-txt": "Normal Clearing",
        "Channel": "SIP/263-00003305",
        "ChannelState": "5",
        "ChannelStateDesc": "Ringing",
        "ConnectedLineName": "513-ICT4",
        "ConnectedLineNum": "513",
        "Context": "from-internal",
        "Event": "Hangup",
        "Exten": "263",
        "Language": "pr2",
        "Linkedid": "1751197517.215222",
        "Priority": "1",
        "Privilege": "call,all",
        "Uniqueid": "1751197517.215225"
    },
    "start_time": "2025-06-29T15:14:24",
    "status": "ringing",
    "timestamp": "2025-06-29T15:14:27",
    "type": "call_summary",
    "uniqueid": "1751197517.215225"
}

{
    "call_type": "",
    "caller_id_name": "263-SUP10",
    "caller_id_num": "263",
    "channel": "SIP/263-00003320",
    "connected_line_name": "<unknown>",
    "connected_line_num": "<unknown>",
    "direction": "",
    "end_time": "",
    "extension_number": "263",
    "has_ringing": false,
    "linkedid": "1751197817.215486",
    "other_extension_number": "",
    "start_time": "2025-06-29T15:19:25",
    "status": "initiated",
    "timestamp": "2025-06-29T15:19:25",
    "type": "call_started",
    "uniqueid": "1751197817.215489"
}

{
    "channel": "SIP/263-00003320",
    "privilege": "call,all",
    "timestamp": "2025-06-29T15:19:25",
    "type": "call_ringing",
    "uniqueid": "1751197817.215489"
}

{
    "channel": "SIP/263-00003320",
    "privilege": "call,all",
    "timestamp": "2025-06-29T15:19:28",
    "type": "call_answered",
    "uniqueid": "1751197817.215489"
}

{
    "call_type": "internal",
    "caller_id_name": "263-SUP10",
    "caller_id_num": "263",
    "cause": "16",
    "cause_description": "",
    "cause_txt": "",
    "channel": "SIP/263-00003320",
    "connected_line_name": "<unknown>",
    "connected_line_num": "<unknown>",
    "direction": "in",
    "end_time": "2025-06-29T15:19:59",
    "extension_number": "263",
    "has_ringing": true,
    "linkedid": "1751197817.215486",
    "other_extension_number": "513",
    "raw_event": {
        "AccountCode": "",
        "CallerIDName": "263-SUP10",
        "CallerIDNum": "263",
        "Cause": "16",
        "Cause-txt": "Normal Clearing",
        "Channel": "SIP/263-00003320",
        "ChannelState": "6",
        "ChannelStateDesc": "Up",
        "ConnectedLineName": "513-ICT4",
        "ConnectedLineNum": "513",
        "Context": "from-internal",
        "Event": "Hangup",
        "Exten": "",
        "Language": "pr2",
        "Linkedid": "1751197817.215486",
        "Priority": "1",
        "Privilege": "call,all",
        "Uniqueid": "1751197817.215489"
    },
    "start_time": "2025-06-29T15:19:28",
    "status": "answered",
    "timestamp": "2025-06-29T15:19:59",
    "type": "call_ended",
    "uniqueid": "1751197817.215489"
}

{
    "call_duration": 31,
    "call_type": "internal",
    "caller_id_name": "263-SUP10",
    "caller_id_num": "263",
    "cause": "16",
    "cause_description": "",
    "cause_txt": "",
    "channel": "SIP/263-00003320",
    "connected_line_name": "<unknown>",
    "connected_line_num": "<unknown>",
    "direction": "in",
    "end_time": "2025-06-29T15:19:59",
    "extension_number": "263",
    "has_ringing": true,
    "linkedid": "1751197817.215486",
    "other_extension_number": "513",
    "raw_event": {
        "AccountCode": "",
        "CallerIDName": "263-SUP10",
        "CallerIDNum": "263",
        "Cause": "16",
        "Cause-txt": "Normal Clearing",
        "Channel": "SIP/263-00003320",
        "ChannelState": "6",
        "ChannelStateDesc": "Up",
        "ConnectedLineName": "513-ICT4",
        "ConnectedLineNum": "513",
        "Context": "from-internal",
        "Event": "Hangup",
        "Exten": "",
        "Language": "pr2",
        "Linkedid": "1751197817.215486",
        "Priority": "1",
        "Privilege": "call,all",
        "Uniqueid": "1751197817.215489"
    },
    "start_time": "2025-06-29T15:19:28",
    "status": "answered",
    "timestamp": "2025-06-29T15:19:59",
    "type": "call_summary",
    "uniqueid": "1751197817.215489"
}

{
    "call_type": "",
    "caller_id_name": "263-SUP10",
    "caller_id_num": "263",
    "channel": "SIP/263-00003360",
    "connected_line_name": "<unknown>",
    "connected_line_num": "<unknown>",
    "direction": "",
    "end_time": "",
    "extension_number": "263",
    "has_ringing": false,
    "linkedid": "1751198394.216119",
    "other_extension_number": "",
    "start_time": "2025-06-29T15:29:01",
    "status": "initiated",
    "timestamp": "2025-06-29T15:29:01",
    "type": "call_started",
    "uniqueid": "1751198394.216127"
}

{
    "channel": "SIP/263-00003360",
    "privilege": "call,all",
    "timestamp": "2025-06-29T15:29:01",
    "type": "call_ringing",
    "uniqueid": "1751198394.216127"
}

{
    "call_type": "internal",
    "caller_id_name": "263-SUP10",
    "caller_id_num": "263",
    "cause": "16",
    "cause_description": "",
    "cause_txt": "",
    "channel": "SIP/263-00003360",
    "connected_line_name": "<unknown>",
    "connected_line_num": "<unknown>",
    "direction": "in",
    "end_time": "2025-06-29T15:29:04",
    "extension_number": "263",
    "has_ringing": true,
    "linkedid": "1751198394.216119",
    "other_extension_number": "88688608",
    "raw_event": {
        "AccountCode": "",
        "CallerIDName": "263-SUP10",
        "CallerIDNum": "263",
        "Cause": "16",
        "Cause-txt": "Normal Clearing",
        "Channel": "SIP/263-00003360",
        "ChannelState": "5",
        "ChannelStateDesc": "Ringing",
        "ConnectedLineName": "88688608",
        "ConnectedLineNum": "88688608",
        "Context": "from-internal",
        "Event": "Hangup",
        "Exten": "263",
        "Language": "pr2",
        "Linkedid": "1751198394.216119",
        "Priority": "1",
        "Privilege": "call,all",
        "Uniqueid": "1751198394.216127"
    },
    "start_time": "2025-06-29T15:29:01",
    "status": "ringing",
    "timestamp": "2025-06-29T15:29:04",
    "type": "call_ended",
    "uniqueid": "1751198394.216127"
}

{
    "call_duration": 2,
    "call_type": "internal",
    "caller_id_name": "263-SUP10",
    "caller_id_num": "263",
    "cause": "16",
    "cause_description": "",
    "cause_txt": "",
    "channel": "SIP/263-00003360",
    "connected_line_name": "<unknown>",
    "connected_line_num": "<unknown>",
    "direction": "in",
    "end_time": "2025-06-29T15:29:04",
    "extension_number": "263",
    "has_ringing": true,
    "linkedid": "1751198394.216119",
    "other_extension_number": "88688608",
    "raw_event": {
        "AccountCode": "",
        "CallerIDName": "263-SUP10",
        "CallerIDNum": "263",
        "Cause": "16",
        "Cause-txt": "Normal Clearing",
        "Channel": "SIP/263-00003360",
        "ChannelState": "5",
        "ChannelStateDesc": "Ringing",
        "ConnectedLineName": "88688608",
        "ConnectedLineNum": "88688608",
        "Context": "from-internal",
        "Event": "Hangup",
        "Exten": "263",
        "Language": "pr2",
        "Linkedid": "1751198394.216119",
        "Priority": "1",
        "Privilege": "call,all",
        "Uniqueid": "1751198394.216127"
    },
    "start_time": "2025-06-29T15:29:01",
    "status": "ringing",
    "timestamp": "2025-06-29T15:29:04",
    "type": "call_summary",
    "uniqueid": "1751198394.216127"
}

{
    "call_type": "",
    "caller_id_name": "263-SUP10",
    "caller_id_num": "263",
    "channel": "SIP/263-00003371",
    "connected_line_name": "<unknown>",
    "connected_line_num": "<unknown>",
    "direction": "",
    "end_time": "",
    "extension_number": "263",
    "has_ringing": false,
    "linkedid": "1751198555.216258",
    "other_extension_number": "",
    "start_time": "2025-06-29T15:31:41",
    "status": "initiated",
    "timestamp": "2025-06-29T15:31:41",
    "type": "call_started",
    "uniqueid": "1751198555.216258"
}

{
    "call_type": "internal",
    "caller_id_name": "263-SUP10",
    "caller_id_num": "263",
    "cause": "16",
    "cause_description": "",
    "cause_txt": "",
    "channel": "SIP/263-00003371",
    "connected_line_name": "<unknown>",
    "connected_line_num": "<unknown>",
    "direction": "out",
    "end_time": "2025-06-29T15:31:57",
    "extension_number": "263",
    "has_ringing": false,
    "linkedid": "1751198555.216258",
    "other_extension_number": "102",
    "raw_event": {
        "AccountCode": "",
        "CallerIDName": "263-SUP10",
        "CallerIDNum": "263",
        "Cause": "16",
        "Cause-txt": "Normal Clearing",
        "Channel": "SIP/263-00003371",
        "ChannelState": "4",
        "ChannelStateDesc": "Ring",
        "ConnectedLineName": "CID:263",
        "ConnectedLineNum": "102",
        "Context": "from-internal",
        "Event": "Hangup",
        "Exten": "h",
        "Language": "pr2",
        "Linkedid": "1751198555.216258",
        "Priority": "1",
        "Privilege": "call,all",
        "Uniqueid": "1751198555.216258"
    },
    "start_time": "2025-06-29T15:31:41",
    "status": "initiated",
    "timestamp": "2025-06-29T15:31:57",
    "type": "call_ended",
    "uniqueid": "1751198555.216258"
}

{
    "call_duration": 15,
    "call_type": "internal",
    "caller_id_name": "263-SUP10",
    "caller_id_num": "263",
    "cause": "16",
    "cause_description": "",
    "cause_txt": "",
    "channel": "SIP/263-00003371",
    "connected_line_name": "<unknown>",
    "connected_line_num": "<unknown>",
    "direction": "out",
    "end_time": "2025-06-29T15:31:57",
    "extension_number": "263",
    "has_ringing": false,
    "linkedid": "1751198555.216258",
    "other_extension_number": "102",
    "raw_event": {
        "AccountCode": "",
        "CallerIDName": "263-SUP10",
        "CallerIDNum": "263",
        "Cause": "16",
        "Cause-txt": "Normal Clearing",
        "Channel": "SIP/263-00003371",
        "ChannelState": "4",
        "ChannelStateDesc": "Ring",
        "ConnectedLineName": "CID:263",
        "ConnectedLineNum": "102",
        "Context": "from-internal",
        "Event": "Hangup",
        "Exten": "h",
        "Language": "pr2",
        "Linkedid": "1751198555.216258",
        "Priority": "1",
        "Privilege": "call,all",
        "Uniqueid": "1751198555.216258"
    },
    "start_time": "2025-06-29T15:31:41",
    "status": "initiated",
    "timestamp": "2025-06-29T15:31:57",
    "type": "call_summary",
    "uniqueid": "1751198555.216258"
}

{
    "call_type": "",
    "caller_id_name": "263-SUP10",
    "caller_id_num": "263",
    "channel": "SIP/263-000033d0",
    "connected_line_name": "<unknown>",
    "connected_line_num": "<unknown>",
    "direction": "",
    "end_time": "",
    "extension_number": "263",
    "has_ringing": false,
    "linkedid": "1751199184.217290",
    "other_extension_number": "",
    "start_time": "2025-06-29T15:42:11",
    "status": "initiated",
    "timestamp": "2025-06-29T15:42:11",
    "type": "call_started",
    "uniqueid": "1751199184.217290"
}

{
    "channel": "SIP/263-000033d0",
    "privilege": "call,all",
    "timestamp": "2025-06-29T15:42:23",
    "type": "call_answered",
    "uniqueid": "1751199184.217290"
}

{
    "call_type": "external",
    "caller_id_name": "263-SUP10",
    "caller_id_num": "263",
    "cause": "16",
    "cause_description": "",
    "cause_txt": "",
    "channel": "SIP/263-000033d0",
    "connected_line_name": "<unknown>",
    "connected_line_num": "<unknown>",
    "direction": "out",
    "end_time": "2025-06-29T15:43:29",
    "extension_number": "263",
    "has_ringing": false,
    "linkedid": "1751199184.217290",
    "other_extension_number": "09108723144",
    "raw_event": {
        "AccountCode": "",
        "CallerIDName": "<unknown>",
        "CallerIDNum": "36944000",
        "Cause": "16",
        "Cause-txt": "Normal Clearing",
        "Channel": "SIP/263-000033d0",
        "ChannelState": "6",
        "ChannelStateDesc": "Up",
        "ConnectedLineName": "CID:36944000",
        "ConnectedLineNum": "09108723144",
        "Context": "from-internal",
        "Event": "Hangup",
        "Exten": "h",
        "Language": "pr2",
        "Linkedid": "1751199184.217290",
        "Priority": "1",
        "Privilege": "call,all",
        "Uniqueid": "1751199184.217290"
    },
    "start_time": "2025-06-29T15:42:23",
    "status": "answered",
    "timestamp": "2025-06-29T15:43:29",
    "type": "call_ended",
    "uniqueid": "1751199184.217290"
}

{
    "call_duration": 65,
    "call_type": "external",
    "caller_id_name": "263-SUP10",
    "caller_id_num": "263",
    "cause": "16",
    "cause_description": "",
    "cause_txt": "",
    "channel": "SIP/263-000033d0",
    "connected_line_name": "<unknown>",
    "connected_line_num": "<unknown>",
    "direction": "out",
    "end_time": "2025-06-29T15:43:29",
    "extension_number": "263",
    "has_ringing": false,
    "linkedid": "1751199184.217290",
    "other_extension_number": "09108723144",
    "raw_event": {
        "AccountCode": "",
        "CallerIDName": "<unknown>",
        "CallerIDNum": "36944000",
        "Cause": "16",
        "Cause-txt": "Normal Clearing",
        "Channel": "SIP/263-000033d0",
        "ChannelState": "6",
        "ChannelStateDesc": "Up",
        "ConnectedLineName": "CID:36944000",
        "ConnectedLineNum": "09108723144",
        "Context": "from-internal",
        "Event": "Hangup",
        "Exten": "h",
        "Language": "pr2",
        "Linkedid": "1751199184.217290",
        "Priority": "1",
        "Privilege": "call,all",
        "Uniqueid": "1751199184.217290"
    },
    "start_time": "2025-06-29T15:42:23",
    "status": "answered",
    "timestamp": "2025-06-29T15:43:29",
    "type": "call_summary",
    "uniqueid": "1751199184.217290"
}

{
    "call_type": "",
    "caller_id_name": "263-SUP10",
    "caller_id_num": "263",
    "channel": "SIP/263-000033eb",
    "connected_line_name": "<unknown>",
    "connected_line_num": "<unknown>",
    "direction": "",
    "end_time": "",
    "extension_number": "263",
    "has_ringing": false,
    "linkedid": "1751199383.217573",
    "other_extension_number": "",
    "start_time": "2025-06-29T15:45:30",
    "status": "initiated",
    "timestamp": "2025-06-29T15:45:30",
    "type": "call_started",
    "uniqueid": "1751199383.217573"
}

{
    "channel": "SIP/263-000033eb",
    "privilege": "call,all",
    "timestamp": "2025-06-29T15:45:32",
    "type": "call_answered",
    "uniqueid": "1751199383.217573"
}

{
    "call_type": "internal",
    "caller_id_name": "263-SUP10",
    "caller_id_num": "263",
    "cause": "16",
    "cause_description": "",
    "cause_txt": "",
    "channel": "SIP/263-000033eb",
    "connected_line_name": "<unknown>",
    "connected_line_num": "<unknown>",
    "direction": "out",
    "end_time": "2025-06-29T15:46:05",
    "extension_number": "263",
    "has_ringing": false,
    "linkedid": "1751199383.217573",
    "other_extension_number": "256",
    "raw_event": {
        "AccountCode": "",
        "CallerIDName": "263-SUP10",
        "CallerIDNum": "263",
        "Cause": "16",
        "Cause-txt": "Normal Clearing",
        "Channel": "SIP/263-000033eb",
        "ChannelState": "6",
        "ChannelStateDesc": "Up",
        "ConnectedLineName": "256-SUP6",
        "ConnectedLineNum": "256",
        "Context": "from-internal",
        "Event": "Hangup",
        "Exten": "h",
        "Language": "pr2",
        "Linkedid": "1751199383.217573",
        "Priority": "1",
        "Privilege": "call,all",
        "Uniqueid": "1751199383.217573"
    },
    "start_time": "2025-06-29T15:45:32",
    "status": "answered",
    "timestamp": "2025-06-29T15:46:05",
    "type": "call_ended",
    "uniqueid": "1751199383.217573"
}

{
    "call_duration": 32,
    "call_type": "internal",
    "caller_id_name": "263-SUP10",
    "caller_id_num": "263",
    "cause": "16",
    "cause_description": "",
    "cause_txt": "",
    "channel": "SIP/263-000033eb",
    "connected_line_name": "<unknown>",
    "connected_line_num": "<unknown>",
    "direction": "out",
    "end_time": "2025-06-29T15:46:05",
    "extension_number": "263",
    "has_ringing": false,
    "linkedid": "1751199383.217573",
    "other_extension_number": "256",
    "raw_event": {
        "AccountCode": "",
        "CallerIDName": "263-SUP10",
        "CallerIDNum": "263",
        "Cause": "16",
        "Cause-txt": "Normal Clearing",
        "Channel": "SIP/263-000033eb",
        "ChannelState": "6",
        "ChannelStateDesc": "Up",
        "ConnectedLineName": "256-SUP6",
        "ConnectedLineNum": "256",
        "Context": "from-internal",
        "Event": "Hangup",
        "Exten": "h",
        "Language": "pr2",
        "Linkedid": "1751199383.217573",
        "Priority": "1",
        "Privilege": "call,all",
        "Uniqueid": "1751199383.217573"
    },
    "start_time": "2025-06-29T15:45:32",
    "status": "answered",
    "timestamp": "2025-06-29T15:46:05",
    "type": "call_summary",
    "uniqueid": "1751199383.217573"
}

{
    "call_type": "",
    "caller_id_name": "263-SUP10",
    "caller_id_num": "263",
    "channel": "SIP/263-00003449",
    "connected_line_name": "<unknown>",
    "connected_line_num": "<unknown>",
    "direction": "",
    "end_time": "",
    "extension_number": "263",
    "has_ringing": false,
    "linkedid": "1751200192.218572",
    "other_extension_number": "",
    "start_time": "2025-06-29T15:58:59",
    "status": "initiated",
    "timestamp": "2025-06-29T15:58:59",
    "type": "call_started",
    "uniqueid": "1751200192.218572"
}

{
    "channel": "SIP/263-00003449",
    "privilege": "call,all",
    "timestamp": "2025-06-29T15:58:59",
    "type": "call_answered",
    "uniqueid": "1751200192.218572"
}

{
    "call_type": "external",
    "caller_id_name": "263-SUP10",
    "caller_id_num": "263",
    "cause": "16",
    "cause_description": "",
    "cause_txt": "",
    "channel": "SIP/263-00003449",
    "connected_line_name": "<unknown>",
    "connected_line_num": "<unknown>",
    "direction": "out",
    "end_time": "2025-06-29T16:00:26",
    "extension_number": "263",
    "has_ringing": false,
    "linkedid": "1751200192.218572",
    "other_extension_number": "9161164016",
    "raw_event": {
        "AccountCode": "",
        "CallerIDName": "263-SUP10",
        "CallerIDNum": "263",
        "Cause": "16",
        "Cause-txt": "Normal Clearing",
        "Channel": "SIP/263-00003449",
        "ChannelState": "6",
        "ChannelStateDesc": "Up",
        "ConnectedLineName": "9161164016",
        "ConnectedLineNum": "9161164016",
        "Context": "macro-dial-one",
        "Event": "Hangup",
        "Exten": "s",
        "Language": "pr2",
        "Linkedid": "1751200183.218562",
        "Priority": "1",
        "Privilege": "call,all",
        "Uniqueid": "1751200192.218572"
    },
    "start_time": "2025-06-29T15:58:59",
    "status": "answered",
    "timestamp": "2025-06-29T16:00:26",
    "type": "call_ended",
    "uniqueid": "1751200192.218572"
}

{
    "call_duration": 87,
    "call_type": "external",
    "caller_id_name": "263-SUP10",
    "caller_id_num": "263",
    "cause": "16",
    "cause_description": "",
    "cause_txt": "",
    "channel": "SIP/263-00003449",
    "connected_line_name": "<unknown>",
    "connected_line_num": "<unknown>",
    "direction": "out",
    "end_time": "2025-06-29T16:00:26",
    "extension_number": "263",
    "has_ringing": false,
    "linkedid": "1751200192.218572",
    "other_extension_number": "9161164016",
    "raw_event": {
        "AccountCode": "",
        "CallerIDName": "263-SUP10",
        "CallerIDNum": "263",
        "Cause": "16",
        "Cause-txt": "Normal Clearing",
        "Channel": "SIP/263-00003449",
        "ChannelState": "6",
        "ChannelStateDesc": "Up",
        "ConnectedLineName": "9161164016",
        "ConnectedLineNum": "9161164016",
        "Context": "macro-dial-one",
        "Event": "Hangup",
        "Exten": "s",
        "Language": "pr2",
        "Linkedid": "1751200183.218562",
        "Priority": "1",
        "Privilege": "call,all",
        "Uniqueid": "1751200192.218572"
    },
    "start_time": "2025-06-29T15:58:59",
    "status": "answered",
    "timestamp": "2025-06-29T16:00:26",
    "type": "call_summary",
    "uniqueid": "1751200192.218572"
}

{
    "call_type": "",
    "caller_id_name": "263-SUP10",
    "caller_id_num": "263",
    "channel": "SIP/263-000034bb",
    "connected_line_name": "<unknown>",
    "connected_line_num": "<unknown>",
    "direction": "",
    "end_time": "",
    "extension_number": "263",
    "has_ringing": false,
    "linkedid": "1751200796.219694",
    "other_extension_number": "",
    "start_time": "2025-06-29T16:09:02",
    "status": "initiated",
    "timestamp": "2025-06-29T16:09:02",
    "type": "call_started",
    "uniqueid": "1751200796.219694"
}

{
    "call_type": "external",
    "caller_id_name": "263-SUP10",
    "caller_id_num": "263",
    "cause": "16",
    "cause_description": "",
    "cause_txt": "",
    "channel": "SIP/263-000034bb",
    "connected_line_name": "<unknown>",
    "connected_line_num": "<unknown>",
    "direction": "out",
    "end_time": "2025-06-29T16:09:29",
    "extension_number": "263",
    "has_ringing": false,
    "linkedid": "1751200796.219694",
    "other_extension_number": "09036234881",
    "raw_event": {
        "AccountCode": "",
        "CallerIDName": "<unknown>",
        "CallerIDNum": "36944000",
        "Cause": "16",
        "Cause-txt": "Normal Clearing",
        "Channel": "SIP/263-000034bb",
        "ChannelState": "4",
        "ChannelStateDesc": "Ring",
        "ConnectedLineName": "CID:36944000",
        "ConnectedLineNum": "09036234881",
        "Context": "from-internal",
        "Event": "Hangup",
        "Exten": "h",
        "Language": "pr2",
        "Linkedid": "1751200796.219694",
        "Priority": "1",
        "Privilege": "call,all",
        "Uniqueid": "1751200796.219694"
    },
    "start_time": "2025-06-29T16:09:02",
    "status": "initiated",
    "timestamp": "2025-06-29T16:09:29",
    "type": "call_ended",
    "uniqueid": "1751200796.219694"
}

{
    "call_duration": 26,
    "call_type": "external",
    "caller_id_name": "263-SUP10",
    "caller_id_num": "263",
    "cause": "16",
    "cause_description": "",
    "cause_txt": "",
    "channel": "SIP/263-000034bb",
    "connected_line_name": "<unknown>",
    "connected_line_num": "<unknown>",
    "direction": "out",
    "end_time": "2025-06-29T16:09:29",
    "extension_number": "263",
    "has_ringing": false,
    "linkedid": "1751200796.219694",
    "other_extension_number": "09036234881",
    "raw_event": {
        "AccountCode": "",
        "CallerIDName": "<unknown>",
        "CallerIDNum": "36944000",
        "Cause": "16",
        "Cause-txt": "Normal Clearing",
        "Channel": "SIP/263-000034bb",
        "ChannelState": "4",
        "ChannelStateDesc": "Ring",
        "ConnectedLineName": "CID:36944000",
        "ConnectedLineNum": "09036234881",
        "Context": "from-internal",
        "Event": "Hangup",
        "Exten": "h",
        "Language": "pr2",
        "Linkedid": "1751200796.219694",
        "Priority": "1",
        "Privilege": "call,all",
        "Uniqueid": "1751200796.219694"
    },
    "start_time": "2025-06-29T16:09:02",
    "status": "initiated",
    "timestamp": "2025-06-29T16:09:29",
    "type": "call_summary",
    "uniqueid": "1751200796.219694"
}

{
    "call_type": "",
    "caller_id_name": "263-SUP10",
    "caller_id_num": "263",
    "channel": "SIP/263-000034c5",
    "connected_line_name": "<unknown>",
    "connected_line_num": "<unknown>",
    "direction": "",
    "end_time": "",
    "extension_number": "263",
    "has_ringing": false,
    "linkedid": "1751200862.219785",
    "other_extension_number": "",
    "start_time": "2025-06-29T16:10:09",
    "status": "initiated",
    "timestamp": "2025-06-29T16:10:09",
    "type": "call_started",
    "uniqueid": "1751200862.219785"
}

{
    "channel": "SIP/263-000034c5",
    "privilege": "call,all",
    "timestamp": "2025-06-29T16:10:23",
    "type": "call_answered",
    "uniqueid": "1751200862.219785"
}

{
    "call_type": "external",
    "caller_id_name": "263-SUP10",
    "caller_id_num": "263",
    "cause": "16",
    "cause_description": "",
    "cause_txt": "",
    "channel": "SIP/263-000034c5",
    "connected_line_name": "<unknown>",
    "connected_line_num": "<unknown>",
    "direction": "out",
    "end_time": "2025-06-29T16:11:49",
    "extension_number": "263",
    "has_ringing": false,
    "linkedid": "1751200862.219785",
    "other_extension_number": "09161164016",
    "raw_event": {
        "AccountCode": "",
        "CallerIDName": "<unknown>",
        "CallerIDNum": "36944000",
        "Cause": "16",
        "Cause-txt": "Normal Clearing",
        "Channel": "SIP/263-000034c5",
        "ChannelState": "6",
        "ChannelStateDesc": "Up",
        "ConnectedLineName": "CID:36944000",
        "ConnectedLineNum": "09161164016",
        "Context": "from-internal",
        "Event": "Hangup",
        "Exten": "h",
        "Language": "pr2",
        "Linkedid": "1751200862.219785",
        "Priority": "1",
        "Privilege": "call,all",
        "Uniqueid": "1751200862.219785"
    },
    "start_time": "2025-06-29T16:10:23",
    "status": "answered",
    "timestamp": "2025-06-29T16:11:49",
    "type": "call_ended",
    "uniqueid": "1751200862.219785"
}

{
    "call_duration": 86,
    "call_type": "external",
    "caller_id_name": "263-SUP10",
    "caller_id_num": "263",
    "cause": "16",
    "cause_description": "",
    "cause_txt": "",
    "channel": "SIP/263-000034c5",
    "connected_line_name": "<unknown>",
    "connected_line_num": "<unknown>",
    "direction": "out",
    "end_time": "2025-06-29T16:11:49",
    "extension_number": "263",
    "has_ringing": false,
    "linkedid": "1751200862.219785",
    "other_extension_number": "09161164016",
    "raw_event": {
        "AccountCode": "",
        "CallerIDName": "<unknown>",
        "CallerIDNum": "36944000",
        "Cause": "16",
        "Cause-txt": "Normal Clearing",
        "Channel": "SIP/263-000034c5",
        "ChannelState": "6",
        "ChannelStateDesc": "Up",
        "ConnectedLineName": "CID:36944000",
        "ConnectedLineNum": "09161164016",
        "Context": "from-internal",
        "Event": "Hangup",
        "Exten": "h",
        "Language": "pr2",
        "Linkedid": "1751200862.219785",
        "Priority": "1",
        "Privilege": "call,all",
        "Uniqueid": "1751200862.219785"
    },
    "start_time": "2025-06-29T16:10:23",
    "status": "answered",
    "timestamp": "2025-06-29T16:11:49",
    "type": "call_summary",
    "uniqueid": "1751200862.219785"
}

{
    "extension": "263",
    "privilege": "call,all",
    "timestamp": "2025-06-30T15:59:25",
    "type": "monitor_initialized"
}

{
    "extension": "263",
    "privilege": "call,all",
    "timestamp": "2025-06-30T20:41:40",
    "type": "monitor_initialized"
}

{
    "call_type": "",
    "caller_id_name": "263-SUP10",
    "caller_id_num": "263",
    "channel": "SIP/263-000004d5",
    "connected_line_name": "<unknown>",
    "connected_line_num": "<unknown>",
    "direction": "",
    "end_time": "",
    "extension_number": "263",
    "has_ringing": false,
    "linkedid": "1751345836.23097",
    "other_extension_number": "",
    "start_time": "2025-07-01T08:26:23",
    "status": "initiated",
    "timestamp": "2025-07-01T08:26:23",
    "type": "call_started",
    "uniqueid": "1751345836.23100"
}

{
    "channel": "SIP/263-000004d5",
    "privilege": "call,all",
    "timestamp": "2025-07-01T08:26:23",
    "type": "call_ringing",
    "uniqueid": "1751345836.23100"
}

{
    "channel": "SIP/263-000004d5",
    "privilege": "call,all",
    "timestamp": "2025-07-01T08:26:27",
    "type": "call_answered",
    "uniqueid": "1751345836.23100"
}

{
    "call_type": "internal",
    "caller_id_name": "263-SUP10",
    "caller_id_num": "263",
    "cause": "16",
    "cause_description": "",
    "cause_txt": "",
    "channel": "SIP/263-000004d5",
    "connected_line_name": "<unknown>",
    "connected_line_num": "<unknown>",
    "direction": "in",
    "end_time": "2025-07-01T08:27:20",
    "extension_number": "263",
    "has_ringing": true,
    "linkedid": "1751345836.23097",
    "other_extension_number": "415",
    "raw_event": {
        "AccountCode": "",
        "CallerIDName": "263-SUP10",
        "CallerIDNum": "263",
        "Cause": "16",
        "Cause-txt": "Normal Clearing",
        "Channel": "SIP/263-000004d5",
        "ChannelState": "6",
        "ChannelStateDesc": "Up",
        "ConnectedLineName": "415-RD-SW4",
        "ConnectedLineNum": "415",
        "Context": "from-internal",
        "Event": "Hangup",
        "Exten": "",
        "Language": "pr2",
        "Linkedid": "1751345836.23097",
        "Priority": "1",
        "Privilege": "call,all",
        "Uniqueid": "1751345836.23100"
    },
    "start_time": "2025-07-01T08:26:27",
    "status": "answered",
    "timestamp": "2025-07-01T08:27:20",
    "type": "call_ended",
    "uniqueid": "1751345836.23100"
}

{
    "call_duration": 53,
    "call_type": "internal",
    "caller_id_name": "263-SUP10",
    "caller_id_num": "263",
    "cause": "16",
    "cause_description": "",
    "cause_txt": "",
    "channel": "SIP/263-000004d5",
    "connected_line_name": "<unknown>",
    "connected_line_num": "<unknown>",
    "direction": "in",
    "end_time": "2025-07-01T08:27:20",
    "extension_number": "263",
    "has_ringing": true,
    "linkedid": "1751345836.23097",
    "other_extension_number": "415",
    "raw_event": {
        "AccountCode": "",
        "CallerIDName": "263-SUP10",
        "CallerIDNum": "263",
        "Cause": "16",
        "Cause-txt": "Normal Clearing",
        "Channel": "SIP/263-000004d5",
        "ChannelState": "6",
        "ChannelStateDesc": "Up",
        "ConnectedLineName": "415-RD-SW4",
        "ConnectedLineNum": "415",
        "Context": "from-internal",
        "Event": "Hangup",
        "Exten": "",
        "Language": "pr2",
        "Linkedid": "1751345836.23097",
        "Priority": "1",
        "Privilege": "call,all",
        "Uniqueid": "1751345836.23100"
    },
    "start_time": "2025-07-01T08:26:27",
    "status": "answered",
    "timestamp": "2025-07-01T08:27:20",
    "type": "call_summary",
    "uniqueid": "1751345836.23100"
}

{
    "call_type": "",
    "caller_id_name": "263-SUP10",
    "caller_id_num": "263",
    "channel": "SIP/263-000004fc",
    "connected_line_name": "<unknown>",
    "connected_line_num": "<unknown>",
    "direction": "",
    "end_time": "",
    "extension_number": "263",
    "has_ringing": false,
    "linkedid": "1751346071.23487",
    "other_extension_number": "",
    "start_time": "2025-07-01T08:30:19",
    "status": "initiated",
    "timestamp": "2025-07-01T08:30:19",
    "type": "call_started",
    "uniqueid": "1751346071.23487"
}

{
    "channel": "SIP/263-000004fc",
    "privilege": "call,all",
    "timestamp": "2025-07-01T08:30:19",
    "type": "call_answered",
    "uniqueid": "1751346071.23487"
}

{
    "call_type": "external",
    "caller_id_name": "263-SUP10",
    "caller_id_num": "263",
    "cause": "0",
    "cause_description": "",
    "cause_txt": "",
    "channel": "SIP/263-000004fc",
    "connected_line_name": "<unknown>",
    "connected_line_num": "<unknown>",
    "direction": "out",
    "end_time": "2025-07-01T08:30:22",
    "extension_number": "263",
    "has_ringing": false,
    "linkedid": "1751346071.23487",
    "other_extension_number": "<unknown>",
    "raw_event": {
        "AccountCode": "",
        "CallerIDName": "263-SUP10",
        "CallerIDNum": "263",
        "Cause": "0",
        "Cause-txt": "Unknown",
        "Channel": "SIP/263-000004fc",
        "ChannelState": "6",
        "ChannelStateDesc": "Up",
        "ConnectedLineName": "<unknown>",
        "ConnectedLineNum": "<unknown>",
        "Context": "app-announcement-2",
        "Event": "Hangup",
        "Exten": "s",
        "Language": "pr2",
        "Linkedid": "1751346071.23487",
        "Priority": "5",
        "Privilege": "call,all",
        "Uniqueid": "1751346071.23487"
    },
    "start_time": "2025-07-01T08:30:19",
    "status": "answered",
    "timestamp": "2025-07-01T08:30:22",
    "type": "call_ended",
    "uniqueid": "1751346071.23487"
}

{
    "call_duration": 2,
    "call_type": "external",
    "caller_id_name": "263-SUP10",
    "caller_id_num": "263",
    "cause": "0",
    "cause_description": "",
    "cause_txt": "",
    "channel": "SIP/263-000004fc",
    "connected_line_name": "<unknown>",
    "connected_line_num": "<unknown>",
    "direction": "out",
    "end_time": "2025-07-01T08:30:22",
    "extension_number": "263",
    "has_ringing": false,
    "linkedid": "1751346071.23487",
    "other_extension_number": "<unknown>",
    "raw_event": {
        "AccountCode": "",
        "CallerIDName": "263-SUP10",
        "CallerIDNum": "263",
        "Cause": "0",
        "Cause-txt": "Unknown",
        "Channel": "SIP/263-000004fc",
        "ChannelState": "6",
        "ChannelStateDesc": "Up",
        "ConnectedLineName": "<unknown>",
        "ConnectedLineNum": "<unknown>",
        "Context": "app-announcement-2",
        "Event": "Hangup",
        "Exten": "s",
        "Language": "pr2",
        "Linkedid": "1751346071.23487",
        "Priority": "5",
        "Privilege": "call,all",
        "Uniqueid": "1751346071.23487"
    },
    "start_time": "2025-07-01T08:30:19",
    "status": "answered",
    "timestamp": "2025-07-01T08:30:22",
    "type": "call_summary",
    "uniqueid": "1751346071.23487"
}

{
    "call_type": "",
    "caller_id_name": "263-SUP10",
    "caller_id_num": "263",
    "channel": "SIP/263-00000507",
    "connected_line_name": "<unknown>",
    "connected_line_num": "<unknown>",
    "direction": "",
    "end_time": "",
    "extension_number": "263",
    "has_ringing": false,
    "linkedid": "1751346117.23546",
    "other_extension_number": "",
    "start_time": "2025-07-01T08:31:05",
    "status": "initiated",
    "timestamp": "2025-07-01T08:31:05",
    "type": "call_started",
    "uniqueid": "1751346117.23546"
}

{
    "channel": "SIP/263-00000507",
    "privilege": "call,all",
    "timestamp": "2025-07-01T08:31:05",
    "type": "call_answered",
    "uniqueid": "1751346117.23546"
}

{
    "call_type": "external",
    "caller_id_name": "263-SUP10",
    "caller_id_num": "263",
    "cause": "0",
    "cause_description": "",
    "cause_txt": "",
    "channel": "SIP/263-00000507",
    "connected_line_name": "<unknown>",
    "connected_line_num": "<unknown>",
    "direction": "out",
    "end_time": "2025-07-01T08:31:07",
    "extension_number": "263",
    "has_ringing": false,
    "linkedid": "1751346117.23546",
    "other_extension_number": "<unknown>",
    "raw_event": {
        "AccountCode": "",
        "CallerIDName": "263-SUP10",
        "CallerIDNum": "263",
        "Cause": "0",
        "Cause-txt": "Unknown",
        "Channel": "SIP/263-00000507",
        "ChannelState": "6",
        "ChannelStateDesc": "Up",
        "ConnectedLineName": "<unknown>",
        "ConnectedLineNum": "<unknown>",
        "Context": "app-announcement-2",
        "Event": "Hangup",
        "Exten": "s",
        "Language": "pr2",
        "Linkedid": "1751346117.23546",
        "Priority": "5",
        "Privilege": "call,all",
        "Uniqueid": "1751346117.23546"
    },
    "start_time": "2025-07-01T08:31:05",
    "status": "answered",
    "timestamp": "2025-07-01T08:31:07",
    "type": "call_ended",
    "uniqueid": "1751346117.23546"
}

{
    "call_duration": 2,
    "call_type": "external",
    "caller_id_name": "263-SUP10",
    "caller_id_num": "263",
    "cause": "0",
    "cause_description": "",
    "cause_txt": "",
    "channel": "SIP/263-00000507",
    "connected_line_name": "<unknown>",
    "connected_line_num": "<unknown>",
    "direction": "out",
    "end_time": "2025-07-01T08:31:07",
    "extension_number": "263",
    "has_ringing": false,
    "linkedid": "1751346117.23546",
    "other_extension_number": "<unknown>",
    "raw_event": {
        "AccountCode": "",
        "CallerIDName": "263-SUP10",
        "CallerIDNum": "263",
        "Cause": "0",
        "Cause-txt": "Unknown",
        "Channel": "SIP/263-00000507",
        "ChannelState": "6",
        "ChannelStateDesc": "Up",
        "ConnectedLineName": "<unknown>",
        "ConnectedLineNum": "<unknown>",
        "Context": "app-announcement-2",
        "Event": "Hangup",
        "Exten": "s",
        "Language": "pr2",
        "Linkedid": "1751346117.23546",
        "Priority": "5",
        "Privilege": "call,all",
        "Uniqueid": "1751346117.23546"
    },
    "start_time": "2025-07-01T08:31:05",
    "status": "answered",
    "timestamp": "2025-07-01T08:31:07",
    "type": "call_summary",
    "uniqueid": "1751346117.23546"
}

{
    "call_type": "",
    "caller_id_name": "263-SUP10",
    "caller_id_num": "263",
    "channel": "SIP/263-0000050e",
    "connected_line_name": "<unknown>",
    "connected_line_num": "<unknown>",
    "direction": "",
    "end_time": "",
    "extension_number": "263",
    "has_ringing": false,
    "linkedid": "1751346179.23639",
    "other_extension_number": "",
    "start_time": "2025-07-01T08:32:07",
    "status": "initiated",
    "timestamp": "2025-07-01T08:32:07",
    "type": "call_started",
    "uniqueid": "1751346179.23639"
}

{
    "channel": "SIP/263-0000050e",
    "privilege": "call,all",
    "timestamp": "2025-07-01T08:32:07",
    "type": "call_answered",
    "uniqueid": "1751346179.23639"
}

{
    "call_type": "external",
    "caller_id_name": "263-SUP10",
    "caller_id_num": "263",
    "cause": "0",
    "cause_description": "",
    "cause_txt": "",
    "channel": "SIP/263-0000050e",
    "connected_line_name": "<unknown>",
    "connected_line_num": "<unknown>",
    "direction": "out",
    "end_time": "2025-07-01T08:32:08",
    "extension_number": "263",
    "has_ringing": false,
    "linkedid": "1751346179.23639",
    "other_extension_number": "<unknown>",
    "raw_event": {
        "AccountCode": "",
        "CallerIDName": "263-SUP10",
        "CallerIDNum": "263",
        "Cause": "0",
        "Cause-txt": "Unknown",
        "Channel": "SIP/263-0000050e",
        "ChannelState": "6",
        "ChannelStateDesc": "Up",
        "ConnectedLineName": "<unknown>",
        "ConnectedLineNum": "<unknown>",
        "Context": "app-announcement-2",
        "Event": "Hangup",
        "Exten": "s",
        "Language": "pr2",
        "Linkedid": "1751346179.23639",
        "Priority": "5",
        "Privilege": "call,all",
        "Uniqueid": "1751346179.23639"
    },
    "start_time": "2025-07-01T08:32:07",
    "status": "answered",
    "timestamp": "2025-07-01T08:32:08",
    "type": "call_ended",
    "uniqueid": "1751346179.23639"
}

{
    "call_duration": 1,
    "call_type": "external",
    "caller_id_name": "263-SUP10",
    "caller_id_num": "263",
    "cause": "0",
    "cause_description": "",
    "cause_txt": "",
    "channel": "SIP/263-0000050e",
    "connected_line_name": "<unknown>",
    "connected_line_num": "<unknown>",
    "direction": "out",
    "end_time": "2025-07-01T08:32:08",
    "extension_number": "263",
    "has_ringing": false,
    "linkedid": "1751346179.23639",
    "other_extension_number": "<unknown>",
    "raw_event": {
        "AccountCode": "",
        "CallerIDName": "263-SUP10",
        "CallerIDNum": "263",
        "Cause": "0",
        "Cause-txt": "Unknown",
        "Channel": "SIP/263-0000050e",
        "ChannelState": "6",
        "ChannelStateDesc": "Up",
        "ConnectedLineName": "<unknown>",
        "ConnectedLineNum": "<unknown>",
        "Context": "app-announcement-2",
        "Event": "Hangup",
        "Exten": "s",
        "Language": "pr2",
        "Linkedid": "1751346179.23639",
        "Priority": "5",
        "Privilege": "call,all",
        "Uniqueid": "1751346179.23639"
    },
    "start_time": "2025-07-01T08:32:07",
    "status": "answered",
    "timestamp": "2025-07-01T08:32:08",
    "type": "call_summary",
    "uniqueid": "1751346179.23639"
}

{
    "call_type": "",
    "caller_id_name": "263-SUP10",
    "caller_id_num": "263",
    "channel": "SIP/263-00000587",
    "connected_line_name": "<unknown>",
    "connected_line_num": "<unknown>",
    "direction": "",
    "end_time": "",
    "extension_number": "263",
    "has_ringing": false,
    "linkedid": "1751346825.24901",
    "other_extension_number": "",
    "start_time": "2025-07-01T08:42:54",
    "status": "initiated",
    "timestamp": "2025-07-01T08:42:54",
    "type": "call_started",
    "uniqueid": "1751346826.24909"
}

{
    "channel": "SIP/263-00000587",
    "privilege": "call,all",
    "timestamp": "2025-07-01T08:42:54",
    "type": "call_ringing",
    "uniqueid": "1751346826.24909"
}

{
    "channel": "SIP/263-00000587",
    "privilege": "call,all",
    "timestamp": "2025-07-01T08:42:58",
    "type": "call_answered",
    "uniqueid": "1751346826.24909"
}

{
    "call_type": "external",
    "caller_id_name": "263-SUP10",
    "caller_id_num": "263",
    "cause": "16",
    "cause_description": "",
    "cause_txt": "",
    "channel": "SIP/263-00000587",
    "connected_line_name": "<unknown>",
    "connected_line_num": "<unknown>",
    "direction": "in",
    "end_time": "2025-07-01T08:45:41",
    "extension_number": "263",
    "has_ringing": true,
    "linkedid": "1751346825.24901",
    "other_extension_number": "9191272145",
    "raw_event": {
        "AccountCode": "",
        "CallerIDName": "263-SUP10",
        "CallerIDNum": "263",
        "Cause": "16",
        "Cause-txt": "Normal Clearing",
        "Channel": "SIP/263-00000587",
        "ChannelState": "6",
        "ChannelStateDesc": "Up",
        "ConnectedLineName": "9191272145",
        "ConnectedLineNum": "9191272145",
        "Context": "macro-dial-one",
        "Event": "Hangup",
        "Exten": "s",
        "Language": "pr2",
        "Linkedid": "1751346825.24901",
        "Priority": "1",
        "Privilege": "call,all",
        "Uniqueid": "1751346826.24909"
    },
    "start_time": "2025-07-01T08:42:58",
    "status": "answered",
    "timestamp": "2025-07-01T08:45:41",
    "type": "call_ended",
    "uniqueid": "1751346826.24909"
}

{
    "call_duration": 163,
    "call_type": "external",
    "caller_id_name": "263-SUP10",
    "caller_id_num": "263",
    "cause": "16",
    "cause_description": "",
    "cause_txt": "",
    "channel": "SIP/263-00000587",
    "connected_line_name": "<unknown>",
    "connected_line_num": "<unknown>",
    "direction": "in",
    "end_time": "2025-07-01T08:45:41",
    "extension_number": "263",
    "has_ringing": true,
    "linkedid": "1751346825.24901",
    "other_extension_number": "9191272145",
    "raw_event": {
        "AccountCode": "",
        "CallerIDName": "263-SUP10",
        "CallerIDNum": "263",
        "Cause": "16",
        "Cause-txt": "Normal Clearing",
        "Channel": "SIP/263-00000587",
        "ChannelState": "6",
        "ChannelStateDesc": "Up",
        "ConnectedLineName": "9191272145",
        "ConnectedLineNum": "9191272145",
        "Context": "macro-dial-one",
        "Event": "Hangup",
        "Exten": "s",
        "Language": "pr2",
        "Linkedid": "1751346825.24901",
        "Priority": "1",
        "Privilege": "call,all",
        "Uniqueid": "1751346826.24909"
    },
    "start_time": "2025-07-01T08:42:58",
    "status": "answered",
    "timestamp": "2025-07-01T08:45:41",
    "type": "call_summary",
    "uniqueid": "1751346826.24909"
}

{
    "call_type": "",
    "caller_id_name": "263-SUP10",
    "caller_id_num": "263",
    "channel": "SIP/263-000005c5",
    "connected_line_name": "<unknown>",
    "connected_line_num": "<unknown>",
    "direction": "",
    "end_time": "",
    "extension_number": "263",
    "has_ringing": false,
    "linkedid": "1751347269.25559",
    "other_extension_number": "",
    "start_time": "2025-07-01T08:50:17",
    "status": "initiated",
    "timestamp": "2025-07-01T08:50:17",
    "type": "call_started",
    "uniqueid": "1751347269.25559"
}

{
    "channel": "SIP/263-000005c5",
    "privilege": "call,all",
    "timestamp": "2025-07-01T08:50:19",
    "type": "call_answered",
    "uniqueid": "1751347269.25559"
}

{
    "call_type": "internal",
    "caller_id_name": "263-SUP10",
    "caller_id_num": "263",
    "cause": "16",
    "cause_description": "",
    "cause_txt": "",
    "channel": "SIP/263-000005c5",
    "connected_line_name": "<unknown>",
    "connected_line_num": "<unknown>",
    "direction": "out",
    "end_time": "2025-07-01T08:51:31",
    "extension_number": "263",
    "has_ringing": false,
    "linkedid": "1751347269.25559",
    "other_extension_number": "415",
    "raw_event": {
        "AccountCode": "",
        "CallerIDName": "263-SUP10",
        "CallerIDNum": "263",
        "Cause": "16",
        "Cause-txt": "Normal Clearing",
        "Channel": "SIP/263-000005c5",
        "ChannelState": "6",
        "ChannelStateDesc": "Up",
        "ConnectedLineName": "415-RD-SW4",
        "ConnectedLineNum": "415",
        "Context": "from-internal",
        "Event": "Hangup",
        "Exten": "h",
        "Language": "pr2",
        "Linkedid": "1751347269.25559",
        "Priority": "1",
        "Privilege": "call,all",
        "Uniqueid": "1751347269.25559"
    },
    "start_time": "2025-07-01T08:50:19",
    "status": "answered",
    "timestamp": "2025-07-01T08:51:31",
    "type": "call_ended",
    "uniqueid": "1751347269.25559"
}

{
    "call_duration": 72,
    "call_type": "internal",
    "caller_id_name": "263-SUP10",
    "caller_id_num": "263",
    "cause": "16",
    "cause_description": "",
    "cause_txt": "",
    "channel": "SIP/263-000005c5",
    "connected_line_name": "<unknown>",
    "connected_line_num": "<unknown>",
    "direction": "out",
    "end_time": "2025-07-01T08:51:31",
    "extension_number": "263",
    "has_ringing": false,
    "linkedid": "1751347269.25559",
    "other_extension_number": "415",
    "raw_event": {
        "AccountCode": "",
        "CallerIDName": "263-SUP10",
        "CallerIDNum": "263",
        "Cause": "16",
        "Cause-txt": "Normal Clearing",
        "Channel": "SIP/263-000005c5",
        "ChannelState": "6",
        "ChannelStateDesc": "Up",
        "ConnectedLineName": "415-RD-SW4",
        "ConnectedLineNum": "415",
        "Context": "from-internal",
        "Event": "Hangup",
        "Exten": "h",
        "Language": "pr2",
        "Linkedid": "1751347269.25559",
        "Priority": "1",
        "Privilege": "call,all",
        "Uniqueid": "1751347269.25559"
    },
    "start_time": "2025-07-01T08:50:19",
    "status": "answered",
    "timestamp": "2025-07-01T08:51:31",
    "type": "call_summary",
    "uniqueid": "1751347269.25559"
}

{
    "call_type": "",
    "caller_id_name": "263-SUP10",
    "caller_id_num": "263",
    "channel": "SIP/263-000005ec",
    "connected_line_name": "<unknown>",
    "connected_line_num": "<unknown>",
    "direction": "",
    "end_time": "",
    "extension_number": "263",
    "has_ringing": false,
    "linkedid": "1751347392.25737",
    "other_extension_number": "",
    "start_time": "2025-07-01T08:54:02",
    "status": "initiated",
    "timestamp": "2025-07-01T08:54:02",
    "type": "call_started",
    "uniqueid": "1751347494.25950"
}

{
    "channel": "SIP/263-000005ec",
    "privilege": "call,all",
    "timestamp": "2025-07-01T08:54:02",
    "type": "call_ringing",
    "uniqueid": "1751347494.25950"
}

{
    "channel": "SIP/263-000005ec",
    "privilege": "call,all",
    "timestamp": "2025-07-01T08:54:10",
    "type": "call_answered",
    "uniqueid": "1751347494.25950"
}

{
    "call_type": "external",
    "caller_id_name": "263-SUP10",
    "caller_id_num": "263",
    "cause": "16",
    "cause_description": "",
    "cause_txt": "",
    "channel": "SIP/263-000005ec",
    "connected_line_name": "<unknown>",
    "connected_line_num": "<unknown>",
    "direction": "in",
    "end_time": "2025-07-01T08:54:57",
    "extension_number": "263",
    "has_ringing": true,
    "linkedid": "1751347392.25737",
    "other_extension_number": "9121889471",
    "raw_event": {
        "AccountCode": "",
        "CallerIDName": "263-SUP10",
        "CallerIDNum": "263",
        "Cause": "16",
        "Cause-txt": "Normal Clearing",
        "Channel": "SIP/263-000005ec",
        "ChannelState": "6",
        "ChannelStateDesc": "Up",
        "ConnectedLineName": "9121889471",
        "ConnectedLineNum": "9121889471",
        "Context": "macro-dial-one",
        "Event": "Hangup",
        "Exten": "s",
        "Language": "pr2",
        "Linkedid": "1751347392.25737",
        "Priority": "1",
        "Privilege": "call,all",
        "Uniqueid": "1751347494.25950"
    },
    "start_time": "2025-07-01T08:54:10",
    "status": "answered",
    "timestamp": "2025-07-01T08:54:57",
    "type": "call_ended",
    "uniqueid": "1751347494.25950"
}

{
    "call_duration": 47,
    "call_type": "external",
    "caller_id_name": "263-SUP10",
    "caller_id_num": "263",
    "cause": "16",
    "cause_description": "",
    "cause_txt": "",
    "channel": "SIP/263-000005ec",
    "connected_line_name": "<unknown>",
    "connected_line_num": "<unknown>",
    "direction": "in",
    "end_time": "2025-07-01T08:54:57",
    "extension_number": "263",
    "has_ringing": true,
    "linkedid": "1751347392.25737",
    "other_extension_number": "9121889471",
    "raw_event": {
        "AccountCode": "",
        "CallerIDName": "263-SUP10",
        "CallerIDNum": "263",
        "Cause": "16",
        "Cause-txt": "Normal Clearing",
        "Channel": "SIP/263-000005ec",
        "ChannelState": "6",
        "ChannelStateDesc": "Up",
        "ConnectedLineName": "9121889471",
        "ConnectedLineNum": "9121889471",
        "Context": "macro-dial-one",
        "Event": "Hangup",
        "Exten": "s",
        "Language": "pr2",
        "Linkedid": "1751347392.25737",
        "Priority": "1",
        "Privilege": "call,all",
        "Uniqueid": "1751347494.25950"
    },
    "start_time": "2025-07-01T08:54:10",
    "status": "answered",
    "timestamp": "2025-07-01T08:54:57",
    "type": "call_summary",
    "uniqueid": "1751347494.25950"
}

{
    "call_type": "",
    "caller_id_name": "263-SUP10",
    "caller_id_num": "263",
    "channel": "SIP/263-00000616",
    "connected_line_name": "<unknown>",
    "connected_line_num": "<unknown>",
    "direction": "",
    "end_time": "",
    "extension_number": "263",
    "has_ringing": false,
    "linkedid": "1751347689.26343",
    "other_extension_number": "",
    "start_time": "2025-07-01T08:57:17",
    "status": "initiated",
    "timestamp": "2025-07-01T08:57:17",
    "type": "call_started",
    "uniqueid": "1751347689.26343"
}

{
    "channel": "SIP/263-00000616",
    "privilege": "call,all",
    "timestamp": "2025-07-01T08:57:25",
    "type": "call_answered",
    "uniqueid": "1751347689.26343"
}

{
    "call_type": "external",
    "caller_id_name": "263-SUP10",
    "caller_id_num": "263",
    "cause": "16",
    "cause_description": "",
    "cause_txt": "",
    "channel": "SIP/263-00000616",
    "connected_line_name": "<unknown>",
    "connected_line_num": "<unknown>",
    "direction": "out",
    "end_time": "2025-07-01T08:58:56",
    "extension_number": "263",
    "has_ringing": false,
    "linkedid": "1751347689.26343",
    "other_extension_number": "09173822613",
    "raw_event": {
        "AccountCode": "",
        "CallerIDName": "<unknown>",
        "CallerIDNum": "36944000",
        "Cause": "16",
        "Cause-txt": "Normal Clearing",
        "Channel": "SIP/263-00000616",
        "ChannelState": "6",
        "ChannelStateDesc": "Up",
        "ConnectedLineName": "CID:36944000",
        "ConnectedLineNum": "09173822613",
        "Context": "from-internal",
        "Event": "Hangup",
        "Exten": "h",
        "Language": "pr2",
        "Linkedid": "1751347689.26343",
        "Priority": "1",
        "Privilege": "call,all",
        "Uniqueid": "1751347689.26343"
    },
    "start_time": "2025-07-01T08:57:25",
    "status": "answered",
    "timestamp": "2025-07-01T08:58:56",
    "type": "call_ended",
    "uniqueid": "1751347689.26343"
}

{
    "call_duration": 90,
    "call_type": "external",
    "caller_id_name": "263-SUP10",
    "caller_id_num": "263",
    "cause": "16",
    "cause_description": "",
    "cause_txt": "",
    "channel": "SIP/263-00000616",
    "connected_line_name": "<unknown>",
    "connected_line_num": "<unknown>",
    "direction": "out",
    "end_time": "2025-07-01T08:58:56",
    "extension_number": "263",
    "has_ringing": false,
    "linkedid": "1751347689.26343",
    "other_extension_number": "09173822613",
    "raw_event": {
        "AccountCode": "",
        "CallerIDName": "<unknown>",
        "CallerIDNum": "36944000",
        "Cause": "16",
        "Cause-txt": "Normal Clearing",
        "Channel": "SIP/263-00000616",
        "ChannelState": "6",
        "ChannelStateDesc": "Up",
        "ConnectedLineName": "CID:36944000",
        "ConnectedLineNum": "09173822613",
        "Context": "from-internal",
        "Event": "Hangup",
        "Exten": "h",
        "Language": "pr2",
        "Linkedid": "1751347689.26343",
        "Priority": "1",
        "Privilege": "call,all",
        "Uniqueid": "1751347689.26343"
    },
    "start_time": "2025-07-01T08:57:25",
    "status": "answered",
    "timestamp": "2025-07-01T08:58:56",
    "type": "call_summary",
    "uniqueid": "1751347689.26343"
}

{
    "call_type": "",
    "caller_id_name": "263-SUP10",
    "caller_id_num": "263",
    "channel": "SIP/263-00000627",
    "connected_line_name": "<unknown>",
    "connected_line_num": "<unknown>",
    "direction": "",
    "end_time": "",
    "extension_number": "263",
    "has_ringing": false,
    "linkedid": "1751347859.26556",
    "other_extension_number": "",
    "start_time": "2025-07-01T09:00:06",
    "status": "initiated",
    "timestamp": "2025-07-01T09:00:06",
    "type": "call_started",
    "uniqueid": "1751347859.26556"
}

{
    "call_type": "external",
    "caller_id_name": "263-SUP10",
    "caller_id_num": "263",
    "cause": "16",
    "cause_description": "",
    "cause_txt": "",
    "channel": "SIP/263-00000627",
    "connected_line_name": "<unknown>",
    "connected_line_num": "<unknown>",
    "direction": "out",
    "end_time": "2025-07-01T09:00:34",
    "extension_number": "263",
    "has_ringing": false,
    "linkedid": "1751347859.26556",
    "other_extension_number": "09131190835",
    "raw_event": {
        "AccountCode": "",
        "CallerIDName": "<unknown>",
        "CallerIDNum": "36944000",
        "Cause": "16",
        "Cause-txt": "Normal Clearing",
        "Channel": "SIP/263-00000627",
        "ChannelState": "4",
        "ChannelStateDesc": "Ring",
        "ConnectedLineName": "CID:36944000",
        "ConnectedLineNum": "09131190835",
        "Context": "from-internal",
        "Event": "Hangup",
        "Exten": "h",
        "Language": "pr2",
        "Linkedid": "1751347859.26556",
        "Priority": "1",
        "Privilege": "call,all",
        "Uniqueid": "1751347859.26556"
    },
    "start_time": "2025-07-01T09:00:06",
    "status": "initiated",
    "timestamp": "2025-07-01T09:00:34",
    "type": "call_ended",
    "uniqueid": "1751347859.26556"
}

{
    "call_duration": 28,
    "call_type": "external",
    "caller_id_name": "263-SUP10",
    "caller_id_num": "263",
    "cause": "16",
    "cause_description": "",
    "cause_txt": "",
    "channel": "SIP/263-00000627",
    "connected_line_name": "<unknown>",
    "connected_line_num": "<unknown>",
    "direction": "out",
    "end_time": "2025-07-01T09:00:34",
    "extension_number": "263",
    "has_ringing": false,
    "linkedid": "1751347859.26556",
    "other_extension_number": "09131190835",
    "raw_event": {
        "AccountCode": "",
        "CallerIDName": "<unknown>",
        "CallerIDNum": "36944000",
        "Cause": "16",
        "Cause-txt": "Normal Clearing",
        "Channel": "SIP/263-00000627",
        "ChannelState": "4",
        "ChannelStateDesc": "Ring",
        "ConnectedLineName": "CID:36944000",
        "ConnectedLineNum": "09131190835",
        "Context": "from-internal",
        "Event": "Hangup",
        "Exten": "h",
        "Language": "pr2",
        "Linkedid": "1751347859.26556",
        "Priority": "1",
        "Privilege": "call,all",
        "Uniqueid": "1751347859.26556"
    },
    "start_time": "2025-07-01T09:00:06",
    "status": "initiated",
    "timestamp": "2025-07-01T09:00:34",
    "type": "call_summary",
    "uniqueid": "1751347859.26556"
}

{
    "call_type": "",
    "caller_id_name": "263-SUP10",
    "caller_id_num": "263",
    "channel": "SIP/263-0000062a",
    "connected_line_name": "<unknown>",
    "connected_line_num": "<unknown>",
    "direction": "",
    "end_time": "",
    "extension_number": "263",
    "has_ringing": false,
    "linkedid": "1751347915.26599",
    "other_extension_number": "",
    "start_time": "2025-07-01T09:01:03",
    "status": "initiated",
    "timestamp": "2025-07-01T09:01:03",
    "type": "call_started",
    "uniqueid": "1751347915.26599"
}

{
    "channel": "SIP/263-0000062a",
    "privilege": "call,all",
    "timestamp": "2025-07-01T09:01:20",
    "type": "call_answered",
    "uniqueid": "1751347915.26599"
}

{
    "call_type": "external",
    "caller_id_name": "263-SUP10",
    "caller_id_num": "263",
    "cause": "16",
    "cause_description": "",
    "cause_txt": "",
    "channel": "SIP/263-0000062a",
    "connected_line_name": "<unknown>",
    "connected_line_num": "<unknown>",
    "direction": "out",
    "end_time": "2025-07-01T09:02:26",
    "extension_number": "263",
    "has_ringing": false,
    "linkedid": "1751347915.26599",
    "other_extension_number": "09121733668",
    "raw_event": {
        "AccountCode": "",
        "CallerIDName": "<unknown>",
        "CallerIDNum": "36944000",
        "Cause": "16",
        "Cause-txt": "Normal Clearing",
        "Channel": "SIP/263-0000062a",
        "ChannelState": "6",
        "ChannelStateDesc": "Up",
        "ConnectedLineName": "CID:36944000",
        "ConnectedLineNum": "09121733668",
        "Context": "from-internal",
        "Event": "Hangup",
        "Exten": "h",
        "Language": "pr2",
        "Linkedid": "1751347915.26599",
        "Priority": "1",
        "Privilege": "call,all",
        "Uniqueid": "1751347915.26599"
    },
    "start_time": "2025-07-01T09:01:20",
    "status": "answered",
    "timestamp": "2025-07-01T09:02:26",
    "type": "call_ended",
    "uniqueid": "1751347915.26599"
}

{
    "call_duration": 66,
    "call_type": "external",
    "caller_id_name": "263-SUP10",
    "caller_id_num": "263",
    "cause": "16",
    "cause_description": "",
    "cause_txt": "",
    "channel": "SIP/263-0000062a",
    "connected_line_name": "<unknown>",
    "connected_line_num": "<unknown>",
    "direction": "out",
    "end_time": "2025-07-01T09:02:26",
    "extension_number": "263",
    "has_ringing": false,
    "linkedid": "1751347915.26599",
    "other_extension_number": "09121733668",
    "raw_event": {
        "AccountCode": "",
        "CallerIDName": "<unknown>",
        "CallerIDNum": "36944000",
        "Cause": "16",
        "Cause-txt": "Normal Clearing",
        "Channel": "SIP/263-0000062a",
        "ChannelState": "6",
        "ChannelStateDesc": "Up",
        "ConnectedLineName": "CID:36944000",
        "ConnectedLineNum": "09121733668",
        "Context": "from-internal",
        "Event": "Hangup",
        "Exten": "h",
        "Language": "pr2",
        "Linkedid": "1751347915.26599",
        "Priority": "1",
        "Privilege": "call,all",
        "Uniqueid": "1751347915.26599"
    },
    "start_time": "2025-07-01T09:01:20",
    "status": "answered",
    "timestamp": "2025-07-01T09:02:26",
    "type": "call_summary",
    "uniqueid": "1751347915.26599"
}

{
    "call_type": "",
    "caller_id_name": "263-SUP10",
    "caller_id_num": "263",
    "channel": "SIP/263-00000662",
    "connected_line_name": "<unknown>",
    "connected_line_num": "<unknown>",
    "direction": "",
    "end_time": "",
    "extension_number": "263",
    "has_ringing": false,
    "linkedid": "1751348207.27081",
    "other_extension_number": "",
    "start_time": "2025-07-01T09:06:31",
    "status": "initiated",
    "timestamp": "2025-07-01T09:06:31",
    "type": "call_started",
    "uniqueid": "1751348243.27179"
}

{
    "channel": "SIP/263-00000662",
    "privilege": "call,all",
    "timestamp": "2025-07-01T09:06:31",
    "type": "call_ringing",
    "uniqueid": "1751348243.27179"
}

{
    "channel": "SIP/263-00000662",
    "privilege": "call,all",
    "timestamp": "2025-07-01T09:06:33",
    "type": "call_answered",
    "uniqueid": "1751348243.27179"
}

{
    "call_type": "",
    "caller_id_name": "263-SUP10",
    "caller_id_num": "263",
    "channel": "SIP/263-00000666",
    "connected_line_name": "<unknown>",
    "connected_line_num": "<unknown>",
    "direction": "",
    "end_time": "",
    "extension_number": "263",
    "has_ringing": false,
    "linkedid": "1751348303.27247",
    "other_extension_number": "",
    "start_time": "2025-07-01T09:07:30",
    "status": "initiated",
    "timestamp": "2025-07-01T09:07:30",
    "type": "call_started",
    "uniqueid": "1751348303.27247"
}

{
    "channel": "SIP/263-00000666",
    "privilege": "call,all",
    "timestamp": "2025-07-01T09:07:36",
    "type": "call_answered",
    "uniqueid": "1751348303.27247"
}

{
    "call_type": "internal",
    "caller_id_name": "263-SUP10",
    "caller_id_num": "263",
    "cause": "16",
    "cause_description": "",
    "cause_txt": "",
    "channel": "SIP/263-00000666",
    "connected_line_name": "<unknown>",
    "connected_line_num": "<unknown>",
    "direction": "out",
    "end_time": "2025-07-01T09:08:46",
    "extension_number": "263",
    "has_ringing": false,
    "linkedid": "1751348303.27247",
    "other_extension_number": "251",
    "raw_event": {
        "AccountCode": "",
        "CallerIDName": "263-SUP10",
        "CallerIDNum": "263",
        "Cause": "16",
        "Cause-txt": "Normal Clearing",
        "Channel": "SIP/263-00000666",
        "ChannelState": "6",
        "ChannelStateDesc": "Up",
        "ConnectedLineName": "251-SUP2",
        "ConnectedLineNum": "251",
        "Context": "from-internal",
        "Event": "Hangup",
        "Exten": "h",
        "Language": "pr2",
        "Linkedid": "1751348303.27247",
        "Priority": "1",
        "Privilege": "call,all",
        "Uniqueid": "1751348303.27247"
    },
    "start_time": "2025-07-01T09:07:36",
    "status": "answered",
    "timestamp": "2025-07-01T09:08:46",
    "type": "call_ended",
    "uniqueid": "1751348303.27247"
}

{
    "call_duration": 69,
    "call_type": "internal",
    "caller_id_name": "263-SUP10",
    "caller_id_num": "263",
    "cause": "16",
    "cause_description": "",
    "cause_txt": "",
    "channel": "SIP/263-00000666",
    "connected_line_name": "<unknown>",
    "connected_line_num": "<unknown>",
    "direction": "out",
    "end_time": "2025-07-01T09:08:46",
    "extension_number": "263",
    "has_ringing": false,
    "linkedid": "1751348303.27247",
    "other_extension_number": "251",
    "raw_event": {
        "AccountCode": "",
        "CallerIDName": "263-SUP10",
        "CallerIDNum": "263",
        "Cause": "16",
        "Cause-txt": "Normal Clearing",
        "Channel": "SIP/263-00000666",
        "ChannelState": "6",
        "ChannelStateDesc": "Up",
        "ConnectedLineName": "251-SUP2",
        "ConnectedLineNum": "251",
        "Context": "from-internal",
        "Event": "Hangup",
        "Exten": "h",
        "Language": "pr2",
        "Linkedid": "1751348303.27247",
        "Priority": "1",
        "Privilege": "call,all",
        "Uniqueid": "1751348303.27247"
    },
    "start_time": "2025-07-01T09:07:36",
    "status": "answered",
    "timestamp": "2025-07-01T09:08:46",
    "type": "call_summary",
    "uniqueid": "1751348303.27247"
}

{
    "call_type": "external",
    "caller_id_name": "263-SUP10",
    "caller_id_num": "263",
    "cause": "16",
    "cause_description": "",
    "cause_txt": "",
    "channel": "SIP/263-00000662",
    "connected_line_name": "<unknown>",
    "connected_line_num": "<unknown>",
    "direction": "in",
    "end_time": "2025-07-01T09:11:23",
    "extension_number": "263",
    "has_ringing": true,
    "linkedid": "1751348207.27081",
    "other_extension_number": "9359256748",
    "raw_event": {
        "AccountCode": "",
        "CallerIDName": "263-SUP10",
        "CallerIDNum": "263",
        "Cause": "16",
        "Cause-txt": "Normal Clearing",
        "Channel": "SIP/263-00000662",
        "ChannelState": "6",
        "ChannelStateDesc": "Up",
        "ConnectedLineName": "9359256748",
        "ConnectedLineNum": "9359256748",
        "Context": "macro-dial-one",
        "Event": "Hangup",
        "Exten": "s",
        "Language": "pr2",
        "Linkedid": "1751348207.27081",
        "Priority": "1",
        "Privilege": "call,all",
        "Uniqueid": "1751348243.27179"
    },
    "start_time": "2025-07-01T09:06:33",
    "status": "answered",
    "timestamp": "2025-07-01T09:11:23",
    "type": "call_ended",
    "uniqueid": "1751348243.27179"
}

{
    "call_duration": 290,
    "call_type": "external",
    "caller_id_name": "263-SUP10",
    "caller_id_num": "263",
    "cause": "16",
    "cause_description": "",
    "cause_txt": "",
    "channel": "SIP/263-00000662",
    "connected_line_name": "<unknown>",
    "connected_line_num": "<unknown>",
    "direction": "in",
    "end_time": "2025-07-01T09:11:23",
    "extension_number": "263",
    "has_ringing": true,
    "linkedid": "1751348207.27081",
    "other_extension_number": "9359256748",
    "raw_event": {
        "AccountCode": "",
        "CallerIDName": "263-SUP10",
        "CallerIDNum": "263",
        "Cause": "16",
        "Cause-txt": "Normal Clearing",
        "Channel": "SIP/263-00000662",
        "ChannelState": "6",
        "ChannelStateDesc": "Up",
        "ConnectedLineName": "9359256748",
        "ConnectedLineNum": "9359256748",
        "Context": "macro-dial-one",
        "Event": "Hangup",
        "Exten": "s",
        "Language": "pr2",
        "Linkedid": "1751348207.27081",
        "Priority": "1",
        "Privilege": "call,all",
        "Uniqueid": "1751348243.27179"
    },
    "start_time": "2025-07-01T09:06:33",
    "status": "answered",
    "timestamp": "2025-07-01T09:11:23",
    "type": "call_summary",
    "uniqueid": "1751348243.27179"
}

{
    "call_type": "",
    "caller_id_name": "263-SUP10",
    "caller_id_num": "263",
    "channel": "SIP/263-00000690",
    "connected_line_name": "<unknown>",
    "connected_line_num": "<unknown>",
    "direction": "",
    "end_time": "",
    "extension_number": "263",
    "has_ringing": false,
    "linkedid": "1751348596.27824",
    "other_extension_number": "",
    "start_time": "2025-07-01T09:12:24",
    "status": "initiated",
    "timestamp": "2025-07-01T09:12:24",
    "type": "call_started",
    "uniqueid": "1751348596.27824"
}

{
    "channel": "SIP/263-00000690",
    "privilege": "call,all",
    "timestamp": "2025-07-01T09:12:37",
    "type": "call_answered",
    "uniqueid": "1751348596.27824"
}

{
    "call_type": "external",
    "caller_id_name": "263-SUP10",
    "caller_id_num": "263",
    "cause": "16",
    "cause_description": "",
    "cause_txt": "",
    "channel": "SIP/263-00000690",
    "connected_line_name": "<unknown>",
    "connected_line_num": "<unknown>",
    "direction": "out",
    "end_time": "2025-07-01T09:14:56",
    "extension_number": "263",
    "has_ringing": false,
    "linkedid": "1751348596.27824",
    "other_extension_number": "09131267336",
    "raw_event": {
        "AccountCode": "",
        "CallerIDName": "<unknown>",
        "CallerIDNum": "36944000",
        "Cause": "16",
        "Cause-txt": "Normal Clearing",
        "Channel": "SIP/263-00000690",
        "ChannelState": "6",
        "ChannelStateDesc": "Up",
        "ConnectedLineName": "CID:36944000",
        "ConnectedLineNum": "09131267336",
        "Context": "from-internal",
        "Event": "Hangup",
        "Exten": "h",
        "Language": "pr2",
        "Linkedid": "1751348596.27824",
        "Priority": "1",
        "Privilege": "call,all",
        "Uniqueid": "1751348596.27824"
    },
    "start_time": "2025-07-01T09:12:37",
    "status": "answered",
    "timestamp": "2025-07-01T09:14:56",
    "type": "call_ended",
    "uniqueid": "1751348596.27824"
}

{
    "call_duration": 139,
    "call_type": "external",
    "caller_id_name": "263-SUP10",
    "caller_id_num": "263",
    "cause": "16",
    "cause_description": "",
    "cause_txt": "",
    "channel": "SIP/263-00000690",
    "connected_line_name": "<unknown>",
    "connected_line_num": "<unknown>",
    "direction": "out",
    "end_time": "2025-07-01T09:14:56",
    "extension_number": "263",
    "has_ringing": false,
    "linkedid": "1751348596.27824",
    "other_extension_number": "09131267336",
    "raw_event": {
        "AccountCode": "",
        "CallerIDName": "<unknown>",
        "CallerIDNum": "36944000",
        "Cause": "16",
        "Cause-txt": "Normal Clearing",
        "Channel": "SIP/263-00000690",
        "ChannelState": "6",
        "ChannelStateDesc": "Up",
        "ConnectedLineName": "CID:36944000",
        "ConnectedLineNum": "09131267336",
        "Context": "from-internal",
        "Event": "Hangup",
        "Exten": "h",
        "Language": "pr2",
        "Linkedid": "1751348596.27824",
        "Priority": "1",
        "Privilege": "call,all",
        "Uniqueid": "1751348596.27824"
    },
    "start_time": "2025-07-01T09:12:37",
    "status": "answered",
    "timestamp": "2025-07-01T09:14:56",
    "type": "call_summary",
    "uniqueid": "1751348596.27824"
}

{
    "call_type": "",
    "caller_id_name": "263-SUP10",
    "caller_id_num": "263",
    "channel": "SIP/263-000006b5",
    "connected_line_name": "<unknown>",
    "connected_line_num": "<unknown>",
    "direction": "",
    "end_time": "",
    "extension_number": "263",
    "has_ringing": false,
    "linkedid": "1751349009.28232",
    "other_extension_number": "",
    "start_time": "2025-07-01T09:19:17",
    "status": "initiated",
    "timestamp": "2025-07-01T09:19:17",
    "type": "call_started",
    "uniqueid": "1751349009.28232"
}

{
    "call_type": "external",
    "caller_id_name": "263-SUP10",
    "caller_id_num": "263",
    "cause": "16",
    "cause_description": "",
    "cause_txt": "",
    "channel": "SIP/263-000006b5",
    "connected_line_name": "<unknown>",
    "connected_line_num": "<unknown>",
    "direction": "out",
    "end_time": "2025-07-01T09:19:28",
    "extension_number": "263",
    "has_ringing": false,
    "linkedid": "1751349009.28232",
    "other_extension_number": "09181310751",
    "raw_event": {
        "AccountCode": "",
        "CallerIDName": "<unknown>",
        "CallerIDNum": "36944000",
        "Cause": "16",
        "Cause-txt": "Normal Clearing",
        "Channel": "SIP/263-000006b5",
        "ChannelState": "4",
        "ChannelStateDesc": "Ring",
        "ConnectedLineName": "CID:36944000",
        "ConnectedLineNum": "09181310751",
        "Context": "from-internal",
        "Event": "Hangup",
        "Exten": "h",
        "Language": "pr2",
        "Linkedid": "1751349009.28232",
        "Priority": "1",
        "Privilege": "call,all",
        "Uniqueid": "1751349009.28232"
    },
    "start_time": "2025-07-01T09:19:17",
    "status": "initiated",
    "timestamp": "2025-07-01T09:19:28",
    "type": "call_ended",
    "uniqueid": "1751349009.28232"
}

{
    "call_duration": 10,
    "call_type": "external",
    "caller_id_name": "263-SUP10",
    "caller_id_num": "263",
    "cause": "16",
    "cause_description": "",
    "cause_txt": "",
    "channel": "SIP/263-000006b5",
    "connected_line_name": "<unknown>",
    "connected_line_num": "<unknown>",
    "direction": "out",
    "end_time": "2025-07-01T09:19:28",
    "extension_number": "263",
    "has_ringing": false,
    "linkedid": "1751349009.28232",
    "other_extension_number": "09181310751",
    "raw_event": {
        "AccountCode": "",
        "CallerIDName": "<unknown>",
        "CallerIDNum": "36944000",
        "Cause": "16",
        "Cause-txt": "Normal Clearing",
        "Channel": "SIP/263-000006b5",
        "ChannelState": "4",
        "ChannelStateDesc": "Ring",
        "ConnectedLineName": "CID:36944000",
        "ConnectedLineNum": "09181310751",
        "Context": "from-internal",
        "Event": "Hangup",
        "Exten": "h",
        "Language": "pr2",
        "Linkedid": "1751349009.28232",
        "Priority": "1",
        "Privilege": "call,all",
        "Uniqueid": "1751349009.28232"
    },
    "start_time": "2025-07-01T09:19:17",
    "status": "initiated",
    "timestamp": "2025-07-01T09:19:28",
    "type": "call_summary",
    "uniqueid": "1751349009.28232"
}

{
    "call_type": "",
    "caller_id_name": "263-SUP10",
    "caller_id_num": "263",
    "channel": "SIP/263-000006bb",
    "connected_line_name": "<unknown>",
    "connected_line_num": "<unknown>",
    "direction": "",
    "end_time": "",
    "extension_number": "263",
    "has_ringing": false,
    "linkedid": "1751349054.28295",
    "other_extension_number": "",
    "start_time": "2025-07-01T09:20:02",
    "status": "initiated",
    "timestamp": "2025-07-01T09:20:02",
    "type": "call_started",
    "uniqueid": "1751349054.28295"
}

{
    "channel": "SIP/263-000006bb",
    "privilege": "call,all",
    "timestamp": "2025-07-01T09:20:11",
    "type": "call_answered",
    "uniqueid": "1751349054.28295"
}

{
    "call_type": "external",
    "caller_id_name": "263-SUP10",
    "caller_id_num": "263",
    "cause": "16",
    "cause_description": "",
    "cause_txt": "",
    "channel": "SIP/263-000006bb",
    "connected_line_name": "<unknown>",
    "connected_line_num": "<unknown>",
    "direction": "out",
    "end_time": "2025-07-01T09:22:40",
    "extension_number": "263",
    "has_ringing": false,
    "linkedid": "1751349054.28295",
    "other_extension_number": "09132810054",
    "raw_event": {
        "AccountCode": "",
        "CallerIDName": "<unknown>",
        "CallerIDNum": "36944000",
        "Cause": "16",
        "Cause-txt": "Normal Clearing",
        "Channel": "SIP/263-000006bb",
        "ChannelState": "6",
        "ChannelStateDesc": "Up",
        "ConnectedLineName": "CID:36944000",
        "ConnectedLineNum": "09132810054",
        "Context": "from-internal",
        "Event": "Hangup",
        "Exten": "h",
        "Language": "pr2",
        "Linkedid": "1751349054.28295",
        "Priority": "1",
        "Privilege": "call,all",
        "Uniqueid": "1751349054.28295"
    },
    "start_time": "2025-07-01T09:20:11",
    "status": "answered",
    "timestamp": "2025-07-01T09:22:40",
    "type": "call_ended",
    "uniqueid": "1751349054.28295"
}

{
    "call_duration": 149,
    "call_type": "external",
    "caller_id_name": "263-SUP10",
    "caller_id_num": "263",
    "cause": "16",
    "cause_description": "",
    "cause_txt": "",
    "channel": "SIP/263-000006bb",
    "connected_line_name": "<unknown>",
    "connected_line_num": "<unknown>",
    "direction": "out",
    "end_time": "2025-07-01T09:22:40",
    "extension_number": "263",
    "has_ringing": false,
    "linkedid": "1751349054.28295",
    "other_extension_number": "09132810054",
    "raw_event": {
        "AccountCode": "",
        "CallerIDName": "<unknown>",
        "CallerIDNum": "36944000",
        "Cause": "16",
        "Cause-txt": "Normal Clearing",
        "Channel": "SIP/263-000006bb",
        "ChannelState": "6",
        "ChannelStateDesc": "Up",
        "ConnectedLineName": "CID:36944000",
        "ConnectedLineNum": "09132810054",
        "Context": "from-internal",
        "Event": "Hangup",
        "Exten": "h",
        "Language": "pr2",
        "Linkedid": "1751349054.28295",
        "Priority": "1",
        "Privilege": "call,all",
        "Uniqueid": "1751349054.28295"
    },
    "start_time": "2025-07-01T09:20:11",
    "status": "answered",
    "timestamp": "2025-07-01T09:22:40",
    "type": "call_summary",
    "uniqueid": "1751349054.28295"
}

{
    "call_type": "",
    "caller_id_name": "263-SUP10",
    "caller_id_num": "263",
    "channel": "SIP/263-000006e6",
    "connected_line_name": "<unknown>",
    "connected_line_num": "<unknown>",
    "direction": "",
    "end_time": "",
    "extension_number": "263",
    "has_ringing": false,
    "linkedid": "1751349323.28770",
    "other_extension_number": "",
    "start_time": "2025-07-01T09:24:30",
    "status": "initiated",
    "timestamp": "2025-07-01T09:24:30",
    "type": "call_started",
    "uniqueid": "1751349323.28770"
}

{
    "channel": "SIP/263-000006e6",
    "privilege": "call,all",
    "timestamp": "2025-07-01T09:24:51",
    "type": "call_answered",
    "uniqueid": "1751349323.28770"
}

{
    "call_type": "external",
    "caller_id_name": "263-SUP10",
    "caller_id_num": "263",
    "cause": "16",
    "cause_description": "",
    "cause_txt": "",
    "channel": "SIP/263-000006e6",
    "connected_line_name": "<unknown>",
    "connected_line_num": "<unknown>",
    "direction": "out",
    "end_time": "2025-07-01T09:25:51",
    "extension_number": "263",
    "has_ringing": false,
    "linkedid": "1751349323.28770",
    "other_extension_number": "09126205413",
    "raw_event": {
        "AccountCode": "",
        "CallerIDName": "<unknown>",
        "CallerIDNum": "36944000",
        "Cause": "16",
        "Cause-txt": "Normal Clearing",
        "Channel": "SIP/263-000006e6",
        "ChannelState": "6",
        "ChannelStateDesc": "Up",
        "ConnectedLineName": "CID:36944000",
        "ConnectedLineNum": "09126205413",
        "Context": "from-internal",
        "Event": "Hangup",
        "Exten": "h",
        "Language": "pr2",
        "Linkedid": "1751349323.28770",
        "Priority": "1",
        "Privilege": "call,all",
        "Uniqueid": "1751349323.28770"
    },
    "start_time": "2025-07-01T09:24:51",
    "status": "answered",
    "timestamp": "2025-07-01T09:25:51",
    "type": "call_ended",
    "uniqueid": "1751349323.28770"
}

{
    "call_duration": 60,
    "call_type": "external",
    "caller_id_name": "263-SUP10",
    "caller_id_num": "263",
    "cause": "16",
    "cause_description": "",
    "cause_txt": "",
    "channel": "SIP/263-000006e6",
    "connected_line_name": "<unknown>",
    "connected_line_num": "<unknown>",
    "direction": "out",
    "end_time": "2025-07-01T09:25:51",
    "extension_number": "263",
    "has_ringing": false,
    "linkedid": "1751349323.28770",
    "other_extension_number": "09126205413",
    "raw_event": {
        "AccountCode": "",
        "CallerIDName": "<unknown>",
        "CallerIDNum": "36944000",
        "Cause": "16",
        "Cause-txt": "Normal Clearing",
        "Channel": "SIP/263-000006e6",
        "ChannelState": "6",
        "ChannelStateDesc": "Up",
        "ConnectedLineName": "CID:36944000",
        "ConnectedLineNum": "09126205413",
        "Context": "from-internal",
        "Event": "Hangup",
        "Exten": "h",
        "Language": "pr2",
        "Linkedid": "1751349323.28770",
        "Priority": "1",
        "Privilege": "call,all",
        "Uniqueid": "1751349323.28770"
    },
    "start_time": "2025-07-01T09:24:51",
    "status": "answered",
    "timestamp": "2025-07-01T09:25:51",
    "type": "call_summary",
    "uniqueid": "1751349323.28770"
}

{
    "call_type": "",
    "caller_id_name": "263-SUP10",
    "caller_id_num": "263",
    "channel": "SIP/263-00000704",
    "connected_line_name": "<unknown>",
    "connected_line_num": "<unknown>",
    "direction": "",
    "end_time": "",
    "extension_number": "263",
    "has_ringing": false,
    "linkedid": "1751349569.29079",
    "other_extension_number": "",
    "start_time": "2025-07-01T09:28:36",
    "status": "initiated",
    "timestamp": "2025-07-01T09:28:36",
    "type": "call_started",
    "uniqueid": "1751349569.29079"
}

{
    "channel": "SIP/263-00000704",
    "privilege": "call,all",
    "timestamp": "2025-07-01T09:28:49",
    "type": "call_answered",
    "uniqueid": "1751349569.29079"
}

{
    "call_type": "external",
    "caller_id_name": "263-SUP10",
    "caller_id_num": "263",
    "cause": "16",
    "cause_description": "",
    "cause_txt": "",
    "channel": "SIP/263-00000704",
    "connected_line_name": "<unknown>",
    "connected_line_num": "<unknown>",
    "direction": "out",
    "end_time": "2025-07-01T09:30:01",
    "extension_number": "263",
    "has_ringing": false,
    "linkedid": "1751349569.29079",
    "other_extension_number": "09111522293",
    "raw_event": {
        "AccountCode": "",
        "CallerIDName": "<unknown>",
        "CallerIDNum": "36944000",
        "Cause": "16",
        "Cause-txt": "Normal Clearing",
        "Channel": "SIP/263-00000704",
        "ChannelState": "6",
        "ChannelStateDesc": "Up",
        "ConnectedLineName": "CID:36944000",
        "ConnectedLineNum": "09111522293",
        "Context": "from-internal",
        "Event": "Hangup",
        "Exten": "h",
        "Language": "pr2",
        "Linkedid": "1751349569.29079",
        "Priority": "1",
        "Privilege": "call,all",
        "Uniqueid": "1751349569.29079"
    },
    "start_time": "2025-07-01T09:28:49",
    "status": "answered",
    "timestamp": "2025-07-01T09:30:01",
    "type": "call_ended",
    "uniqueid": "1751349569.29079"
}

{
    "call_duration": 72,
    "call_type": "external",
    "caller_id_name": "263-SUP10",
    "caller_id_num": "263",
    "cause": "16",
    "cause_description": "",
    "cause_txt": "",
    "channel": "SIP/263-00000704",
    "connected_line_name": "<unknown>",
    "connected_line_num": "<unknown>",
    "direction": "out",
    "end_time": "2025-07-01T09:30:01",
    "extension_number": "263",
    "has_ringing": false,
    "linkedid": "1751349569.29079",
    "other_extension_number": "09111522293",
    "raw_event": {
        "AccountCode": "",
        "CallerIDName": "<unknown>",
        "CallerIDNum": "36944000",
        "Cause": "16",
        "Cause-txt": "Normal Clearing",
        "Channel": "SIP/263-00000704",
        "ChannelState": "6",
        "ChannelStateDesc": "Up",
        "ConnectedLineName": "CID:36944000",
        "ConnectedLineNum": "09111522293",
        "Context": "from-internal",
        "Event": "Hangup",
        "Exten": "h",
        "Language": "pr2",
        "Linkedid": "1751349569.29079",
        "Priority": "1",
        "Privilege": "call,all",
        "Uniqueid": "1751349569.29079"
    },
    "start_time": "2025-07-01T09:28:49",
    "status": "answered",
    "timestamp": "2025-07-01T09:30:01",
    "type": "call_summary",
    "uniqueid": "1751349569.29079"
}

{
    "call_type": "",
    "caller_id_name": "263-SUP10",
    "caller_id_num": "263",
    "channel": "SIP/263-00000713",
    "connected_line_name": "<unknown>",
    "connected_line_num": "<unknown>",
    "direction": "",
    "end_time": "",
    "extension_number": "263",
    "has_ringing": false,
    "linkedid": "1751349742.29225",
    "other_extension_number": "",
    "start_time": "2025-07-01T09:31:29",
    "status": "initiated",
    "timestamp": "2025-07-01T09:31:29",
    "type": "call_started",
    "uniqueid": "1751349742.29225"
}

{
    "call_type": "external",
    "caller_id_name": "263-SUP10",
    "caller_id_num": "263",
    "cause": "16",
    "cause_description": "",
    "cause_txt": "",
    "channel": "SIP/263-00000713",
    "connected_line_name": "<unknown>",
    "connected_line_num": "<unknown>",
    "direction": "out",
    "end_time": "2025-07-01T09:32:06",
    "extension_number": "263",
    "has_ringing": false,
    "linkedid": "1751349742.29225",
    "other_extension_number": "09114743405",
    "raw_event": {
        "AccountCode": "",
        "CallerIDName": "<unknown>",
        "CallerIDNum": "36944000",
        "Cause": "16",
        "Cause-txt": "Normal Clearing",
        "Channel": "SIP/263-00000713",
        "ChannelState": "4",
        "ChannelStateDesc": "Ring",
        "ConnectedLineName": "CID:36944000",
        "ConnectedLineNum": "09114743405",
        "Context": "from-internal",
        "Event": "Hangup",
        "Exten": "h",
        "Language": "pr2",
        "Linkedid": "1751349742.29225",
        "Priority": "1",
        "Privilege": "call,all",
        "Uniqueid": "1751349742.29225"
    },
    "start_time": "2025-07-01T09:31:29",
    "status": "initiated",
    "timestamp": "2025-07-01T09:32:06",
    "type": "call_ended",
    "uniqueid": "1751349742.29225"
}

{
    "call_duration": 36,
    "call_type": "external",
    "caller_id_name": "263-SUP10",
    "caller_id_num": "263",
    "cause": "16",
    "cause_description": "",
    "cause_txt": "",
    "channel": "SIP/263-00000713",
    "connected_line_name": "<unknown>",
    "connected_line_num": "<unknown>",
    "direction": "out",
    "end_time": "2025-07-01T09:32:06",
    "extension_number": "263",
    "has_ringing": false,
    "linkedid": "1751349742.29225",
    "other_extension_number": "09114743405",
    "raw_event": {
        "AccountCode": "",
        "CallerIDName": "<unknown>",
        "CallerIDNum": "36944000",
        "Cause": "16",
        "Cause-txt": "Normal Clearing",
        "Channel": "SIP/263-00000713",
        "ChannelState": "4",
        "ChannelStateDesc": "Ring",
        "ConnectedLineName": "CID:36944000",
        "ConnectedLineNum": "09114743405",
        "Context": "from-internal",
        "Event": "Hangup",
        "Exten": "h",
        "Language": "pr2",
        "Linkedid": "1751349742.29225",
        "Priority": "1",
        "Privilege": "call,all",
        "Uniqueid": "1751349742.29225"
    },
    "start_time": "2025-07-01T09:31:29",
    "status": "initiated",
    "timestamp": "2025-07-01T09:32:06",
    "type": "call_summary",
    "uniqueid": "1751349742.29225"
}

{
    "call_type": "",
    "caller_id_name": "263-SUP10",
    "caller_id_num": "263",
    "channel": "SIP/263-0000071c",
    "connected_line_name": "<unknown>",
    "connected_line_num": "<unknown>",
    "direction": "",
    "end_time": "",
    "extension_number": "263",
    "has_ringing": false,
    "linkedid": "1751349838.29312",
    "other_extension_number": "",
    "start_time": "2025-07-01T09:33:05",
    "status": "initiated",
    "timestamp": "2025-07-01T09:33:05",
    "type": "call_started",
    "uniqueid": "1751349838.29312"
}

{
    "channel": "SIP/263-0000071c",
    "privilege": "call,all",
    "timestamp": "2025-07-01T09:33:27",
    "type": "call_answered",
    "uniqueid": "1751349838.29312"
}

{
    "call_type": "external",
    "caller_id_name": "263-SUP10",
    "caller_id_num": "263",
    "cause": "16",
    "cause_description": "",
    "cause_txt": "",
    "channel": "SIP/263-0000071c",
    "connected_line_name": "<unknown>",
    "connected_line_num": "<unknown>",
    "direction": "out",
    "end_time": "2025-07-01T09:34:44",
    "extension_number": "263",
    "has_ringing": false,
    "linkedid": "1751349838.29312",
    "other_extension_number": "09114698569",
    "raw_event": {
        "AccountCode": "",
        "CallerIDName": "<unknown>",
        "CallerIDNum": "36944000",
        "Cause": "16",
        "Cause-txt": "Normal Clearing",
        "Channel": "SIP/263-0000071c",
        "ChannelState": "6",
        "ChannelStateDesc": "Up",
        "ConnectedLineName": "CID:36944000",
        "ConnectedLineNum": "09114698569",
        "Context": "from-internal",
        "Event": "Hangup",
        "Exten": "h",
        "Language": "pr2",
        "Linkedid": "1751349838.29312",
        "Priority": "1",
        "Privilege": "call,all",
        "Uniqueid": "1751349838.29312"
    },
    "start_time": "2025-07-01T09:33:27",
    "status": "answered",
    "timestamp": "2025-07-01T09:34:44",
    "type": "call_ended",
    "uniqueid": "1751349838.29312"
}

{
    "call_duration": 77,
    "call_type": "external",
    "caller_id_name": "263-SUP10",
    "caller_id_num": "263",
    "cause": "16",
    "cause_description": "",
    "cause_txt": "",
    "channel": "SIP/263-0000071c",
    "connected_line_name": "<unknown>",
    "connected_line_num": "<unknown>",
    "direction": "out",
    "end_time": "2025-07-01T09:34:44",
    "extension_number": "263",
    "has_ringing": false,
    "linkedid": "1751349838.29312",
    "other_extension_number": "09114698569",
    "raw_event": {
        "AccountCode": "",
        "CallerIDName": "<unknown>",
        "CallerIDNum": "36944000",
        "Cause": "16",
        "Cause-txt": "Normal Clearing",
        "Channel": "SIP/263-0000071c",
        "ChannelState": "6",
        "ChannelStateDesc": "Up",
        "ConnectedLineName": "CID:36944000",
        "ConnectedLineNum": "09114698569",
        "Context": "from-internal",
        "Event": "Hangup",
        "Exten": "h",
        "Language": "pr2",
        "Linkedid": "1751349838.29312",
        "Priority": "1",
        "Privilege": "call,all",
        "Uniqueid": "1751349838.29312"
    },
    "start_time": "2025-07-01T09:33:27",
    "status": "answered",
    "timestamp": "2025-07-01T09:34:44",
    "type": "call_summary",
    "uniqueid": "1751349838.29312"
}

{
    "call_type": "",
    "caller_id_name": "263-SUP10",
    "caller_id_num": "263",
    "channel": "SIP/263-00000726",
    "connected_line_name": "<unknown>",
    "connected_line_num": "<unknown>",
    "direction": "",
    "end_time": "",
    "extension_number": "263",
    "has_ringing": false,
    "linkedid": "1751349849.29328",
    "other_extension_number": "",
    "start_time": "2025-07-01T09:34:45",
    "status": "initiated",
    "timestamp": "2025-07-01T09:34:45",
    "type": "call_started",
    "uniqueid": "1751349938.30125"
}

{
    "channel": "SIP/263-00000726",
    "privilege": "call,all",
    "timestamp": "2025-07-01T09:34:45",
    "type": "call_ringing",
    "uniqueid": "1751349938.30125"
}

{
    "channel": "SIP/263-00000726",
    "privilege": "call,all",
    "timestamp": "2025-07-01T09:34:47",
    "type": "call_answered",
    "uniqueid": "1751349938.30125"
}

{
    "call_type": "",
    "caller_id_name": "263-SUP10",
    "caller_id_num": "263",
    "channel": "SIP/263-0000072d",
    "connected_line_name": "<unknown>",
    "connected_line_num": "<unknown>",
    "direction": "",
    "end_time": "",
    "extension_number": "263",
    "has_ringing": false,
    "linkedid": "1751350003.30609",
    "other_extension_number": "",
    "start_time": "2025-07-01T09:35:50",
    "status": "initiated",
    "timestamp": "2025-07-01T09:35:50",
    "type": "call_started",
    "uniqueid": "1751350003.30609"
}

{
    "channel": "SIP/263-0000072d",
    "privilege": "call,all",
    "timestamp": "2025-07-01T09:35:53",
    "type": "call_answered",
    "uniqueid": "1751350003.30609"
}

{
    "call_type": "external",
    "caller_id_name": "263-SUP10",
    "caller_id_num": "263",
    "cause": "16",
    "cause_description": "",
    "cause_txt": "",
    "channel": "SIP/263-00000726",
    "connected_line_name": "<unknown>",
    "connected_line_num": "<unknown>",
    "direction": "in",
    "end_time": "2025-07-01T09:35:54",
    "extension_number": "263",
    "has_ringing": true,
    "linkedid": "1751349849.29328",
    "other_extension_number": "9124288436",
    "raw_event": {
        "AccountCode": "",
        "CallerIDName": "263-SUP10",
        "CallerIDNum": "263",
        "Cause": "16",
        "Cause-txt": "Normal Clearing",
        "Channel": "SIP/263-00000726",
        "ChannelState": "6",
        "ChannelStateDesc": "Up",
        "ConnectedLineName": "9124288436",
        "ConnectedLineNum": "9124288436",
        "Context": "macro-dial-one",
        "Event": "Hangup",
        "Exten": "s",
        "Language": "pr2",
        "Linkedid": "1751349849.29328",
        "Priority": "1",
        "Privilege": "call,all",
        "Uniqueid": "1751349938.30125"
    },
    "start_time": "2025-07-01T09:34:47",
    "status": "answered",
    "timestamp": "2025-07-01T09:35:54",
    "type": "call_ended",
    "uniqueid": "1751349938.30125"
}

{
    "call_duration": 66,
    "call_type": "external",
    "caller_id_name": "263-SUP10",
    "caller_id_num": "263",
    "cause": "16",
    "cause_description": "",
    "cause_txt": "",
    "channel": "SIP/263-00000726",
    "connected_line_name": "<unknown>",
    "connected_line_num": "<unknown>",
    "direction": "in",
    "end_time": "2025-07-01T09:35:54",
    "extension_number": "263",
    "has_ringing": true,
    "linkedid": "1751349849.29328",
    "other_extension_number": "9124288436",
    "raw_event": {
        "AccountCode": "",
        "CallerIDName": "263-SUP10",
        "CallerIDNum": "263",
        "Cause": "16",
        "Cause-txt": "Normal Clearing",
        "Channel": "SIP/263-00000726",
        "ChannelState": "6",
        "ChannelStateDesc": "Up",
        "ConnectedLineName": "9124288436",
        "ConnectedLineNum": "9124288436",
        "Context": "macro-dial-one",
        "Event": "Hangup",
        "Exten": "s",
        "Language": "pr2",
        "Linkedid": "1751349849.29328",
        "Priority": "1",
        "Privilege": "call,all",
        "Uniqueid": "1751349938.30125"
    },
    "start_time": "2025-07-01T09:34:47",
    "status": "answered",
    "timestamp": "2025-07-01T09:35:54",
    "type": "call_summary",
    "uniqueid": "1751349938.30125"
}

{
    "call_type": "internal",
    "caller_id_name": "263-SUP10",
    "caller_id_num": "263",
    "cause": "16",
    "cause_description": "",
    "cause_txt": "",
    "channel": "SIP/263-0000072d",
    "connected_line_name": "<unknown>",
    "connected_line_num": "<unknown>",
    "direction": "out",
    "end_time": "2025-07-01T09:36:17",
    "extension_number": "263",
    "has_ringing": false,
    "linkedid": "1751350003.30609",
    "other_extension_number": "115",
    "raw_event": {
        "AccountCode": "",
        "CallerIDName": "263-SUP10",
        "CallerIDNum": "263",
        "Cause": "16",
        "Cause-txt": "Normal Clearing",
        "Channel": "SIP/263-0000072d",
        "ChannelState": "6",
        "ChannelStateDesc": "Up",
        "ConnectedLineName": "CID:263",
        "ConnectedLineNum": "115",
        "Context": "from-internal",
        "Event": "Hangup",
        "Exten": "h",
        "Language": "pr2",
        "Linkedid": "1751350003.30609",
        "Priority": "1",
        "Privilege": "call,all",
        "Uniqueid": "1751350003.30609"
    },
    "start_time": "2025-07-01T09:35:53",
    "status": "answered",
    "timestamp": "2025-07-01T09:36:17",
    "type": "call_ended",
    "uniqueid": "1751350003.30609"
}

{
    "call_duration": 23,
    "call_type": "internal",
    "caller_id_name": "263-SUP10",
    "caller_id_num": "263",
    "cause": "16",
    "cause_description": "",
    "cause_txt": "",
    "channel": "SIP/263-0000072d",
    "connected_line_name": "<unknown>",
    "connected_line_num": "<unknown>",
    "direction": "out",
    "end_time": "2025-07-01T09:36:17",
    "extension_number": "263",
    "has_ringing": false,
    "linkedid": "1751350003.30609",
    "other_extension_number": "115",
    "raw_event": {
        "AccountCode": "",
        "CallerIDName": "263-SUP10",
        "CallerIDNum": "263",
        "Cause": "16",
        "Cause-txt": "Normal Clearing",
        "Channel": "SIP/263-0000072d",
        "ChannelState": "6",
        "ChannelStateDesc": "Up",
        "ConnectedLineName": "CID:263",
        "ConnectedLineNum": "115",
        "Context": "from-internal",
        "Event": "Hangup",
        "Exten": "h",
        "Language": "pr2",
        "Linkedid": "1751350003.30609",
        "Priority": "1",
        "Privilege": "call,all",
        "Uniqueid": "1751350003.30609"
    },
    "start_time": "2025-07-01T09:35:53",
    "status": "answered",
    "timestamp": "2025-07-01T09:36:17",
    "type": "call_summary",
    "uniqueid": "1751350003.30609"
}

{
    "call_type": "",
    "caller_id_name": "263-SUP10",
    "caller_id_num": "263",
    "channel": "SIP/263-0000072e",
    "connected_line_name": "<unknown>",
    "connected_line_num": "<unknown>",
    "direction": "",
    "end_time": "",
    "extension_number": "263",
    "has_ringing": false,
    "linkedid": "1751349887.29644",
    "other_extension_number": "",
    "start_time": "2025-07-01T09:36:27",
    "status": "initiated",
    "timestamp": "2025-07-01T09:36:27",
    "type": "call_started",
    "uniqueid": "1751350039.31196"
}

{
    "channel": "SIP/263-0000072e",
    "privilege": "call,all",
    "timestamp": "2025-07-01T09:36:27",
    "type": "call_ringing",
    "uniqueid": "1751350039.31196"
}

{
    "channel": "SIP/263-0000072e",
    "privilege": "call,all",
    "timestamp": "2025-07-01T09:36:29",
    "type": "call_answered",
    "uniqueid": "1751350039.31196"
}

{
    "call_type": "external",
    "caller_id_name": "263-SUP10",
    "caller_id_num": "263",
    "cause": "16",
    "cause_description": "",
    "cause_txt": "",
    "channel": "SIP/263-0000072e",
    "connected_line_name": "<unknown>",
    "connected_line_num": "<unknown>",
    "direction": "in",
    "end_time": "2025-07-01T09:40:07",
    "extension_number": "263",
    "has_ringing": true,
    "linkedid": "1751349887.29644",
    "other_extension_number": "9176269311",
    "raw_event": {
        "AccountCode": "",
        "CallerIDName": "263-SUP10",
        "CallerIDNum": "263",
        "Cause": "16",
        "Cause-txt": "Normal Clearing",
        "Channel": "SIP/263-0000072e",
        "ChannelState": "6",
        "ChannelStateDesc": "Up",
        "ConnectedLineName": "9176269311",
        "ConnectedLineNum": "9176269311",
        "Context": "macro-dial-one",
        "Event": "Hangup",
        "Exten": "s",
        "Language": "pr2",
        "Linkedid": "1751349887.29644",
        "Priority": "1",
        "Privilege": "call,all",
        "Uniqueid": "1751350039.31196"
    },
    "start_time": "2025-07-01T09:36:29",
    "status": "answered",
    "timestamp": "2025-07-01T09:40:07",
    "type": "call_ended",
    "uniqueid": "1751350039.31196"
}

{
    "call_duration": 218,
    "call_type": "external",
    "caller_id_name": "263-SUP10",
    "caller_id_num": "263",
    "cause": "16",
    "cause_description": "",
    "cause_txt": "",
    "channel": "SIP/263-0000072e",
    "connected_line_name": "<unknown>",
    "connected_line_num": "<unknown>",
    "direction": "in",
    "end_time": "2025-07-01T09:40:07",
    "extension_number": "263",
    "has_ringing": true,
    "linkedid": "1751349887.29644",
    "other_extension_number": "9176269311",
    "raw_event": {
        "AccountCode": "",
        "CallerIDName": "263-SUP10",
        "CallerIDNum": "263",
        "Cause": "16",
        "Cause-txt": "Normal Clearing",
        "Channel": "SIP/263-0000072e",
        "ChannelState": "6",
        "ChannelStateDesc": "Up",
        "ConnectedLineName": "9176269311",
        "ConnectedLineNum": "9176269311",
        "Context": "macro-dial-one",
        "Event": "Hangup",
        "Exten": "s",
        "Language": "pr2",
        "Linkedid": "1751349887.29644",
        "Priority": "1",
        "Privilege": "call,all",
        "Uniqueid": "1751350039.31196"
    },
    "start_time": "2025-07-01T09:36:29",
    "status": "answered",
    "timestamp": "2025-07-01T09:40:07",
    "type": "call_summary",
    "uniqueid": "1751350039.31196"
}

{
    "call_type": "",
    "caller_id_name": "263-SUP10",
    "caller_id_num": "263",
    "channel": "SIP/263-00000744",
    "connected_line_name": "<unknown>",
    "connected_line_num": "<unknown>",
    "direction": "",
    "end_time": "",
    "extension_number": "263",
    "has_ringing": false,
    "linkedid": "1751350259.31798",
    "other_extension_number": "",
    "start_time": "2025-07-01T09:40:46",
    "status": "initiated",
    "timestamp": "2025-07-01T09:40:46",
    "type": "call_started",
    "uniqueid": "1751350298.32061"
}

{
    "channel": "SIP/263-00000744",
    "privilege": "call,all",
    "timestamp": "2025-07-01T09:40:46",
    "type": "call_ringing",
    "uniqueid": "1751350298.32061"
}

{
    "channel": "SIP/263-00000744",
    "privilege": "call,all",
    "timestamp": "2025-07-01T09:40:52",
    "type": "call_answered",
    "uniqueid": "1751350298.32061"
}

{
    "call_type": "external",
    "caller_id_name": "263-SUP10",
    "caller_id_num": "263",
    "cause": "16",
    "cause_description": "",
    "cause_txt": "",
    "channel": "SIP/263-00000744",
    "connected_line_name": "<unknown>",
    "connected_line_num": "<unknown>",
    "direction": "in",
    "end_time": "2025-07-01T09:41:06",
    "extension_number": "263",
    "has_ringing": true,
    "linkedid": "1751350259.31798",
    "other_extension_number": "9123587694",
    "raw_event": {
        "AccountCode": "",
        "CallerIDName": "263-SUP10",
        "CallerIDNum": "263",
        "Cause": "16",
        "Cause-txt": "Normal Clearing",
        "Channel": "SIP/263-00000744",
        "ChannelState": "6",
        "ChannelStateDesc": "Up",
        "ConnectedLineName": "9123587694",
        "ConnectedLineNum": "9123587694",
        "Context": "macro-dial-one",
        "Event": "Hangup",
        "Exten": "s",
        "Language": "pr2",
        "Linkedid": "1751350259.31798",
        "Priority": "1",
        "Privilege": "call,all",
        "Uniqueid": "1751350298.32061"
    },
    "start_time": "2025-07-01T09:40:52",
    "status": "answered",
    "timestamp": "2025-07-01T09:41:06",
    "type": "call_ended",
    "uniqueid": "1751350298.32061"
}

{
    "call_duration": 14,
    "call_type": "external",
    "caller_id_name": "263-SUP10",
    "caller_id_num": "263",
    "cause": "16",
    "cause_description": "",
    "cause_txt": "",
    "channel": "SIP/263-00000744",
    "connected_line_name": "<unknown>",
    "connected_line_num": "<unknown>",
    "direction": "in",
    "end_time": "2025-07-01T09:41:06",
    "extension_number": "263",
    "has_ringing": true,
    "linkedid": "1751350259.31798",
    "other_extension_number": "9123587694",
    "raw_event": {
        "AccountCode": "",
        "CallerIDName": "263-SUP10",
        "CallerIDNum": "263",
        "Cause": "16",
        "Cause-txt": "Normal Clearing",
        "Channel": "SIP/263-00000744",
        "ChannelState": "6",
        "ChannelStateDesc": "Up",
        "ConnectedLineName": "9123587694",
        "ConnectedLineNum": "9123587694",
        "Context": "macro-dial-one",
        "Event": "Hangup",
        "Exten": "s",
        "Language": "pr2",
        "Linkedid": "1751350259.31798",
        "Priority": "1",
        "Privilege": "call,all",
        "Uniqueid": "1751350298.32061"
    },
    "start_time": "2025-07-01T09:40:52",
    "status": "answered",
    "timestamp": "2025-07-01T09:41:06",
    "type": "call_summary",
    "uniqueid": "1751350298.32061"
}

{
    "call_type": "",
    "caller_id_name": "263-SUP10",
    "caller_id_num": "263",
    "channel": "SIP/263-00000747",
    "connected_line_name": "<unknown>",
    "connected_line_num": "<unknown>",
    "direction": "",
    "end_time": "",
    "extension_number": "263",
    "has_ringing": false,
    "linkedid": "1751350295.32044",
    "other_extension_number": "",
    "start_time": "2025-07-01T09:41:18",
    "status": "initiated",
    "timestamp": "2025-07-01T09:41:18",
    "type": "call_started",
    "uniqueid": "1751350331.32124"
}

{
    "channel": "SIP/263-00000747",
    "privilege": "call,all",
    "timestamp": "2025-07-01T09:41:18",
    "type": "call_ringing",
    "uniqueid": "1751350331.32124"
}

{
    "channel": "SIP/263-00000747",
    "privilege": "call,all",
    "timestamp": "2025-07-01T09:41:21",
    "type": "call_answered",
    "uniqueid": "1751350331.32124"
}

{
    "call_type": "external",
    "caller_id_name": "263-SUP10",
    "caller_id_num": "263",
    "cause": "16",
    "cause_description": "",
    "cause_txt": "",
    "channel": "SIP/263-00000747",
    "connected_line_name": "<unknown>",
    "connected_line_num": "<unknown>",
    "direction": "in",
    "end_time": "2025-07-01T09:42:44",
    "extension_number": "263",
    "has_ringing": true,
    "linkedid": "1751350295.32044",
    "other_extension_number": "9166912463",
    "raw_event": {
        "AccountCode": "",
        "CallerIDName": "263-SUP10",
        "CallerIDNum": "263",
        "Cause": "16",
        "Cause-txt": "Normal Clearing",
        "Channel": "SIP/263-00000747",
        "ChannelState": "6",
        "ChannelStateDesc": "Up",
        "ConnectedLineName": "9166912463",
        "ConnectedLineNum": "9166912463",
        "Context": "macro-dial-one",
        "Event": "Hangup",
        "Exten": "s",
        "Language": "pr2",
        "Linkedid": "1751350295.32044",
        "Priority": "1",
        "Privilege": "call,all",
        "Uniqueid": "1751350331.32124"
    },
    "start_time": "2025-07-01T09:41:21",
    "status": "answered",
    "timestamp": "2025-07-01T09:42:44",
    "type": "call_ended",
    "uniqueid": "1751350331.32124"
}

{
    "call_duration": 83,
    "call_type": "external",
    "caller_id_name": "263-SUP10",
    "caller_id_num": "263",
    "cause": "16",
    "cause_description": "",
    "cause_txt": "",
    "channel": "SIP/263-00000747",
    "connected_line_name": "<unknown>",
    "connected_line_num": "<unknown>",
    "direction": "in",
    "end_time": "2025-07-01T09:42:44",
    "extension_number": "263",
    "has_ringing": true,
    "linkedid": "1751350295.32044",
    "other_extension_number": "9166912463",
    "raw_event": {
        "AccountCode": "",
        "CallerIDName": "263-SUP10",
        "CallerIDNum": "263",
        "Cause": "16",
        "Cause-txt": "Normal Clearing",
        "Channel": "SIP/263-00000747",
        "ChannelState": "6",
        "ChannelStateDesc": "Up",
        "ConnectedLineName": "9166912463",
        "ConnectedLineNum": "9166912463",
        "Context": "macro-dial-one",
        "Event": "Hangup",
        "Exten": "s",
        "Language": "pr2",
        "Linkedid": "1751350295.32044",
        "Priority": "1",
        "Privilege": "call,all",
        "Uniqueid": "1751350331.32124"
    },
    "start_time": "2025-07-01T09:41:21",
    "status": "answered",
    "timestamp": "2025-07-01T09:42:44",
    "type": "call_summary",
    "uniqueid": "1751350331.32124"
}

{
    "call_type": "",
    "caller_id_name": "263-SUP10",
    "caller_id_num": "263",
    "channel": "SIP/263-00000758",
    "connected_line_name": "<unknown>",
    "connected_line_num": "<unknown>",
    "direction": "",
    "end_time": "",
    "extension_number": "263",
    "has_ringing": false,
    "linkedid": "1751350529.32350",
    "other_extension_number": "",
    "start_time": "2025-07-01T09:44:37",
    "status": "initiated",
    "timestamp": "2025-07-01T09:44:37",
    "type": "call_started",
    "uniqueid": "1751350529.32350"
}

{
    "call_type": "external",
    "caller_id_name": "263-SUP10",
    "caller_id_num": "263",
    "cause": "16",
    "cause_description": "",
    "cause_txt": "",
    "channel": "SIP/263-00000758",
    "connected_line_name": "<unknown>",
    "connected_line_num": "<unknown>",
    "direction": "out",
    "end_time": "2025-07-01T09:44:51",
    "extension_number": "263",
    "has_ringing": false,
    "linkedid": "1751350529.32350",
    "other_extension_number": "09359195437",
    "raw_event": {
        "AccountCode": "",
        "CallerIDName": "<unknown>",
        "CallerIDNum": "36944000",
        "Cause": "16",
        "Cause-txt": "Normal Clearing",
        "Channel": "SIP/263-00000758",
        "ChannelState": "4",
        "ChannelStateDesc": "Ring",
        "ConnectedLineName": "CID:36944000",
        "ConnectedLineNum": "09359195437",
        "Context": "from-internal",
        "Event": "Hangup",
        "Exten": "h",
        "Language": "pr2",
        "Linkedid": "1751350529.32350",
        "Priority": "1",
        "Privilege": "call,all",
        "Uniqueid": "1751350529.32350"
    },
    "start_time": "2025-07-01T09:44:37",
    "status": "initiated",
    "timestamp": "2025-07-01T09:44:51",
    "type": "call_ended",
    "uniqueid": "1751350529.32350"
}

{
    "call_duration": 13,
    "call_type": "external",
    "caller_id_name": "263-SUP10",
    "caller_id_num": "263",
    "cause": "16",
    "cause_description": "",
    "cause_txt": "",
    "channel": "SIP/263-00000758",
    "connected_line_name": "<unknown>",
    "connected_line_num": "<unknown>",
    "direction": "out",
    "end_time": "2025-07-01T09:44:51",
    "extension_number": "263",
    "has_ringing": false,
    "linkedid": "1751350529.32350",
    "other_extension_number": "09359195437",
    "raw_event": {
        "AccountCode": "",
        "CallerIDName": "<unknown>",
        "CallerIDNum": "36944000",
        "Cause": "16",
        "Cause-txt": "Normal Clearing",
        "Channel": "SIP/263-00000758",
        "ChannelState": "4",
        "ChannelStateDesc": "Ring",
        "ConnectedLineName": "CID:36944000",
        "ConnectedLineNum": "09359195437",
        "Context": "from-internal",
        "Event": "Hangup",
        "Exten": "h",
        "Language": "pr2",
        "Linkedid": "1751350529.32350",
        "Priority": "1",
        "Privilege": "call,all",
        "Uniqueid": "1751350529.32350"
    },
    "start_time": "2025-07-01T09:44:37",
    "status": "initiated",
    "timestamp": "2025-07-01T09:44:51",
    "type": "call_summary",
    "uniqueid": "1751350529.32350"
}

{
    "call_type": "",
    "caller_id_name": "263-SUP10",
    "caller_id_num": "263",
    "channel": "SIP/263-00000779",
    "connected_line_name": "<unknown>",
    "connected_line_num": "<unknown>",
    "direction": "",
    "end_time": "",
    "extension_number": "263",
    "has_ringing": false,
    "linkedid": "1751350925.32690",
    "other_extension_number": "",
    "start_time": "2025-07-01T09:51:12",
    "status": "initiated",
    "timestamp": "2025-07-01T09:51:12",
    "type": "call_started",
    "uniqueid": "1751350925.32690"
}

{
    "channel": "SIP/263-00000779",
    "privilege": "call,all",
    "timestamp": "2025-07-01T09:51:24",
    "type": "call_answered",
    "uniqueid": "1751350925.32690"
}

{
    "call_type": "external",
    "caller_id_name": "263-SUP10",
    "caller_id_num": "263",
    "cause": "16",
    "cause_description": "",
    "cause_txt": "",
    "channel": "SIP/263-00000779",
    "connected_line_name": "<unknown>",
    "connected_line_num": "<unknown>",
    "direction": "out",
    "end_time": "2025-07-01T09:52:44",
    "extension_number": "263",
    "has_ringing": false,
    "linkedid": "1751350925.32690",
    "other_extension_number": "09357374933",
    "raw_event": {
        "AccountCode": "",
        "CallerIDName": "<unknown>",
        "CallerIDNum": "36944000",
        "Cause": "16",
        "Cause-txt": "Normal Clearing",
        "Channel": "SIP/263-00000779",
        "ChannelState": "6",
        "ChannelStateDesc": "Up",
        "ConnectedLineName": "CID:36944000",
        "ConnectedLineNum": "09357374933",
        "Context": "from-internal",
        "Event": "Hangup",
        "Exten": "h",
        "Language": "pr2",
        "Linkedid": "1751350925.32690",
        "Priority": "1",
        "Privilege": "call,all",
        "Uniqueid": "1751350925.32690"
    },
    "start_time": "2025-07-01T09:51:24",
    "status": "answered",
    "timestamp": "2025-07-01T09:52:44",
    "type": "call_ended",
    "uniqueid": "1751350925.32690"
}

{
    "call_duration": 79,
    "call_type": "external",
    "caller_id_name": "263-SUP10",
    "caller_id_num": "263",
    "cause": "16",
    "cause_description": "",
    "cause_txt": "",
    "channel": "SIP/263-00000779",
    "connected_line_name": "<unknown>",
    "connected_line_num": "<unknown>",
    "direction": "out",
    "end_time": "2025-07-01T09:52:44",
    "extension_number": "263",
    "has_ringing": false,
    "linkedid": "1751350925.32690",
    "other_extension_number": "09357374933",
    "raw_event": {
        "AccountCode": "",
        "CallerIDName": "<unknown>",
        "CallerIDNum": "36944000",
        "Cause": "16",
        "Cause-txt": "Normal Clearing",
        "Channel": "SIP/263-00000779",
        "ChannelState": "6",
        "ChannelStateDesc": "Up",
        "ConnectedLineName": "CID:36944000",
        "ConnectedLineNum": "09357374933",
        "Context": "from-internal",
        "Event": "Hangup",
        "Exten": "h",
        "Language": "pr2",
        "Linkedid": "1751350925.32690",
        "Priority": "1",
        "Privilege": "call,all",
        "Uniqueid": "1751350925.32690"
    },
    "start_time": "2025-07-01T09:51:24",
    "status": "answered",
    "timestamp": "2025-07-01T09:52:44",
    "type": "call_summary",
    "uniqueid": "1751350925.32690"
}

{
    "call_type": "",
    "caller_id_name": "263-SUP10",
    "caller_id_num": "263",
    "channel": "SIP/263-000007b1",
    "connected_line_name": "<unknown>",
    "connected_line_num": "<unknown>",
    "direction": "",
    "end_time": "",
    "extension_number": "263",
    "has_ringing": false,
    "linkedid": "1751351284.33309",
    "other_extension_number": "",
    "start_time": "2025-07-01T09:57:11",
    "status": "initiated",
    "timestamp": "2025-07-01T09:57:11",
    "type": "call_started",
    "uniqueid": "1751351284.33309"
}

{
    "channel": "SIP/263-000007b1",
    "privilege": "call,all",
    "timestamp": "2025-07-01T09:57:18",
    "type": "call_answered",
    "uniqueid": "1751351284.33309"
}

{
    "call_type": "external",
    "caller_id_name": "263-SUP10",
    "caller_id_num": "263",
    "cause": "16",
    "cause_description": "",
    "cause_txt": "",
    "channel": "SIP/263-000007b1",
    "connected_line_name": "<unknown>",
    "connected_line_num": "<unknown>",
    "direction": "out",
    "end_time": "2025-07-01T09:59:34",
    "extension_number": "263",
    "has_ringing": false,
    "linkedid": "1751351284.33309",
    "other_extension_number": "09134097240",
    "raw_event": {
        "AccountCode": "",
        "CallerIDName": "<unknown>",
        "CallerIDNum": "36944000",
        "Cause": "16",
        "Cause-txt": "Normal Clearing",
        "Channel": "SIP/263-000007b1",
        "ChannelState": "6",
        "ChannelStateDesc": "Up",
        "ConnectedLineName": "CID:36944000",
        "ConnectedLineNum": "09134097240",
        "Context": "from-internal",
        "Event": "Hangup",
        "Exten": "h",
        "Language": "pr2",
        "Linkedid": "1751351284.33309",
        "Priority": "1",
        "Privilege": "call,all",
        "Uniqueid": "1751351284.33309"
    },
    "start_time": "2025-07-01T09:57:18",
    "status": "answered",
    "timestamp": "2025-07-01T09:59:34",
    "type": "call_ended",
    "uniqueid": "1751351284.33309"
}

{
    "call_duration": 135,
    "call_type": "external",
    "caller_id_name": "263-SUP10",
    "caller_id_num": "263",
    "cause": "16",
    "cause_description": "",
    "cause_txt": "",
    "channel": "SIP/263-000007b1",
    "connected_line_name": "<unknown>",
    "connected_line_num": "<unknown>",
    "direction": "out",
    "end_time": "2025-07-01T09:59:34",
    "extension_number": "263",
    "has_ringing": false,
    "linkedid": "1751351284.33309",
    "other_extension_number": "09134097240",
    "raw_event": {
        "AccountCode": "",
        "CallerIDName": "<unknown>",
        "CallerIDNum": "36944000",
        "Cause": "16",
        "Cause-txt": "Normal Clearing",
        "Channel": "SIP/263-000007b1",
        "ChannelState": "6",
        "ChannelStateDesc": "Up",
        "ConnectedLineName": "CID:36944000",
        "ConnectedLineNum": "09134097240",
        "Context": "from-internal",
        "Event": "Hangup",
        "Exten": "h",
        "Language": "pr2",
        "Linkedid": "1751351284.33309",
        "Priority": "1",
        "Privilege": "call,all",
        "Uniqueid": "1751351284.33309"
    },
    "start_time": "2025-07-01T09:57:18",
    "status": "answered",
    "timestamp": "2025-07-01T09:59:34",
    "type": "call_summary",
    "uniqueid": "1751351284.33309"
}

{
    "call_type": "",
    "caller_id_name": "263-SUP10",
    "caller_id_num": "263",
    "channel": "SIP/263-00000841",
    "connected_line_name": "<unknown>",
    "connected_line_num": "<unknown>",
    "direction": "",
    "end_time": "",
    "extension_number": "263",
    "has_ringing": false,
    "linkedid": "1751352809.35561",
    "other_extension_number": "",
    "start_time": "2025-07-01T10:22:37",
    "status": "initiated",
    "timestamp": "2025-07-01T10:22:37",
    "type": "call_started",
    "uniqueid": "1751352809.35561"
}

{
    "call_type": "external",
    "caller_id_name": "263-SUP10",
    "caller_id_num": "263",
    "cause": "17",
    "cause_description": "",
    "cause_txt": "",
    "channel": "SIP/263-00000841",
    "connected_line_name": "<unknown>",
    "connected_line_num": "<unknown>",
    "direction": "out",
    "end_time": "2025-07-01T10:23:26",
    "extension_number": "263",
    "has_ringing": false,
    "linkedid": "1751352809.35561",
    "other_extension_number": "09126590157",
    "raw_event": {
        "AccountCode": "",
        "CallerIDName": "<unknown>",
        "CallerIDNum": "36944000",
        "Cause": "17",
        "Cause-txt": "User busy",
        "Channel": "SIP/263-00000841",
        "ChannelState": "7",
        "ChannelStateDesc": "Busy",
        "ConnectedLineName": "CID:36944000",
        "ConnectedLineNum": "09126590157",
        "Context": "from-internal",
        "Event": "Hangup",
        "Exten": "h",
        "Language": "pr2",
        "Linkedid": "1751352809.35561",
        "Priority": "1",
        "Privilege": "call,all",
        "Uniqueid": "1751352809.35561"
    },
    "start_time": "2025-07-01T10:22:37",
    "status": "initiated",
    "timestamp": "2025-07-01T10:23:26",
    "type": "call_ended",
    "uniqueid": "1751352809.35561"
}

{
    "call_duration": 49,
    "call_type": "external",
    "caller_id_name": "263-SUP10",
    "caller_id_num": "263",
    "cause": "17",
    "cause_description": "",
    "cause_txt": "",
    "channel": "SIP/263-00000841",
    "connected_line_name": "<unknown>",
    "connected_line_num": "<unknown>",
    "direction": "out",
    "end_time": "2025-07-01T10:23:26",
    "extension_number": "263",
    "has_ringing": false,
    "linkedid": "1751352809.35561",
    "other_extension_number": "09126590157",
    "raw_event": {
        "AccountCode": "",
        "CallerIDName": "<unknown>",
        "CallerIDNum": "36944000",
        "Cause": "17",
        "Cause-txt": "User busy",
        "Channel": "SIP/263-00000841",
        "ChannelState": "7",
        "ChannelStateDesc": "Busy",
        "ConnectedLineName": "CID:36944000",
        "ConnectedLineNum": "09126590157",
        "Context": "from-internal",
        "Event": "Hangup",
        "Exten": "h",
        "Language": "pr2",
        "Linkedid": "1751352809.35561",
        "Priority": "1",
        "Privilege": "call,all",
        "Uniqueid": "1751352809.35561"
    },
    "start_time": "2025-07-01T10:22:37",
    "status": "initiated",
    "timestamp": "2025-07-01T10:23:26",
    "type": "call_summary",
    "uniqueid": "1751352809.35561"
}

{
    "call_type": "",
    "caller_id_name": "263-SUP10",
    "caller_id_num": "263",
    "channel": "SIP/263-00000848",
    "connected_line_name": "<unknown>",
    "connected_line_num": "<unknown>",
    "direction": "",
    "end_time": "",
    "extension_number": "263",
    "has_ringing": false,
    "linkedid": "1751352892.35647",
    "other_extension_number": "",
    "start_time": "2025-07-01T10:23:59",
    "status": "initiated",
    "timestamp": "2025-07-01T10:23:59",
    "type": "call_started",
    "uniqueid": "1751352892.35647"
}

{
    "channel": "SIP/263-00000848",
    "privilege": "call,all",
    "timestamp": "2025-07-01T10:24:11",
    "type": "call_answered",
    "uniqueid": "1751352892.35647"
}

{
    "call_type": "external",
    "caller_id_name": "263-SUP10",
    "caller_id_num": "263",
    "cause": "16",
    "cause_description": "",
    "cause_txt": "",
    "channel": "SIP/263-00000848",
    "connected_line_name": "<unknown>",
    "connected_line_num": "<unknown>",
    "direction": "out",
    "end_time": "2025-07-01T10:26:02",
    "extension_number": "263",
    "has_ringing": false,
    "linkedid": "1751352892.35647",
    "other_extension_number": "09179099044",
    "raw_event": {
        "AccountCode": "",
        "CallerIDName": "<unknown>",
        "CallerIDNum": "36944000",
        "Cause": "16",
        "Cause-txt": "Normal Clearing",
        "Channel": "SIP/263-00000848",
        "ChannelState": "6",
        "ChannelStateDesc": "Up",
        "ConnectedLineName": "CID:36944000",
        "ConnectedLineNum": "09179099044",
        "Context": "from-internal",
        "Event": "Hangup",
        "Exten": "h",
        "Language": "pr2",
        "Linkedid": "1751352892.35647",
        "Priority": "1",
        "Privilege": "call,all",
        "Uniqueid": "1751352892.35647"
    },
    "start_time": "2025-07-01T10:24:11",
    "status": "answered",
    "timestamp": "2025-07-01T10:26:02",
    "type": "call_ended",
    "uniqueid": "1751352892.35647"
}

{
    "call_duration": 111,
    "call_type": "external",
    "caller_id_name": "263-SUP10",
    "caller_id_num": "263",
    "cause": "16",
    "cause_description": "",
    "cause_txt": "",
    "channel": "SIP/263-00000848",
    "connected_line_name": "<unknown>",
    "connected_line_num": "<unknown>",
    "direction": "out",
    "end_time": "2025-07-01T10:26:02",
    "extension_number": "263",
    "has_ringing": false,
    "linkedid": "1751352892.35647",
    "other_extension_number": "09179099044",
    "raw_event": {
        "AccountCode": "",
        "CallerIDName": "<unknown>",
        "CallerIDNum": "36944000",
        "Cause": "16",
        "Cause-txt": "Normal Clearing",
        "Channel": "SIP/263-00000848",
        "ChannelState": "6",
        "ChannelStateDesc": "Up",
        "ConnectedLineName": "CID:36944000",
        "ConnectedLineNum": "09179099044",
        "Context": "from-internal",
        "Event": "Hangup",
        "Exten": "h",
        "Language": "pr2",
        "Linkedid": "1751352892.35647",
        "Priority": "1",
        "Privilege": "call,all",
        "Uniqueid": "1751352892.35647"
    },
    "start_time": "2025-07-01T10:24:11",
    "status": "answered",
    "timestamp": "2025-07-01T10:26:02",
    "type": "call_summary",
    "uniqueid": "1751352892.35647"
}

{
    "call_type": "",
    "caller_id_name": "263-SUP10",
    "caller_id_num": "263",
    "channel": "SIP/263-00000864",
    "connected_line_name": "<unknown>",
    "connected_line_num": "<unknown>",
    "direction": "",
    "end_time": "",
    "extension_number": "263",
    "has_ringing": false,
    "linkedid": "1751353228.35969",
    "other_extension_number": "",
    "start_time": "2025-07-01T10:29:36",
    "status": "initiated",
    "timestamp": "2025-07-01T10:29:36",
    "type": "call_started",
    "uniqueid": "1751353228.35969"
}

{
    "channel": "SIP/263-00000864",
    "privilege": "call,all",
    "timestamp": "2025-07-01T10:29:51",
    "type": "call_answered",
    "uniqueid": "1751353228.35969"
}

{
    "call_type": "external",
    "caller_id_name": "263-SUP10",
    "caller_id_num": "263",
    "cause": "16",
    "cause_description": "",
    "cause_txt": "",
    "channel": "SIP/263-00000864",
    "connected_line_name": "<unknown>",
    "connected_line_num": "<unknown>",
    "direction": "out",
    "end_time": "2025-07-01T10:31:15",
    "extension_number": "263",
    "has_ringing": false,
    "linkedid": "1751353228.35969",
    "other_extension_number": "09143823356",
    "raw_event": {
        "AccountCode": "",
        "CallerIDName": "<unknown>",
        "CallerIDNum": "36944000",
        "Cause": "16",
        "Cause-txt": "Normal Clearing",
        "Channel": "SIP/263-00000864",
        "ChannelState": "6",
        "ChannelStateDesc": "Up",
        "ConnectedLineName": "CID:36944000",
        "ConnectedLineNum": "09143823356",
        "Context": "from-internal",
        "Event": "Hangup",
        "Exten": "h",
        "Language": "pr2",
        "Linkedid": "1751353228.35969",
        "Priority": "1",
        "Privilege": "call,all",
        "Uniqueid": "1751353228.35969"
    },
    "start_time": "2025-07-01T10:29:51",
    "status": "answered",
    "timestamp": "2025-07-01T10:31:15",
    "type": "call_ended",
    "uniqueid": "1751353228.35969"
}

{
    "call_duration": 83,
    "call_type": "external",
    "caller_id_name": "263-SUP10",
    "caller_id_num": "263",
    "cause": "16",
    "cause_description": "",
    "cause_txt": "",
    "channel": "SIP/263-00000864",
    "connected_line_name": "<unknown>",
    "connected_line_num": "<unknown>",
    "direction": "out",
    "end_time": "2025-07-01T10:31:15",
    "extension_number": "263",
    "has_ringing": false,
    "linkedid": "1751353228.35969",
    "other_extension_number": "09143823356",
    "raw_event": {
        "AccountCode": "",
        "CallerIDName": "<unknown>",
        "CallerIDNum": "36944000",
        "Cause": "16",
        "Cause-txt": "Normal Clearing",
        "Channel": "SIP/263-00000864",
        "ChannelState": "6",
        "ChannelStateDesc": "Up",
        "ConnectedLineName": "CID:36944000",
        "ConnectedLineNum": "09143823356",
        "Context": "from-internal",
        "Event": "Hangup",
        "Exten": "h",
        "Language": "pr2",
        "Linkedid": "1751353228.35969",
        "Priority": "1",
        "Privilege": "call,all",
        "Uniqueid": "1751353228.35969"
    },
    "start_time": "2025-07-01T10:29:51",
    "status": "answered",
    "timestamp": "2025-07-01T10:31:15",
    "type": "call_summary",
    "uniqueid": "1751353228.35969"
}

{
    "call_type": "",
    "caller_id_name": "263-SUP10",
    "caller_id_num": "263",
    "channel": "SIP/263-0000089d",
    "connected_line_name": "<unknown>",
    "connected_line_num": "<unknown>",
    "direction": "",
    "end_time": "",
    "extension_number": "263",
    "has_ringing": false,
    "linkedid": "1751353577.36600",
    "other_extension_number": "",
    "start_time": "2025-07-01T10:35:24",
    "status": "initiated",
    "timestamp": "2025-07-01T10:35:24",
    "type": "call_started",
    "uniqueid": "1751353577.36600"
}

{
    "channel": "SIP/263-0000089d",
    "privilege": "call,all",
    "timestamp": "2025-07-01T10:35:41",
    "type": "call_answered",
    "uniqueid": "1751353577.36600"
}

{
    "call_type": "external",
    "caller_id_name": "263-SUP10",
    "caller_id_num": "263",
    "cause": "16",
    "cause_description": "",
    "cause_txt": "",
    "channel": "SIP/263-0000089d",
    "connected_line_name": "<unknown>",
    "connected_line_num": "<unknown>",
    "direction": "out",
    "end_time": "2025-07-01T10:36:40",
    "extension_number": "263",
    "has_ringing": false,
    "linkedid": "1751353577.36600",
    "other_extension_number": "09111354077",
    "raw_event": {
        "AccountCode": "",
        "CallerIDName": "<unknown>",
        "CallerIDNum": "36944000",
        "Cause": "16",
        "Cause-txt": "Normal Clearing",
        "Channel": "SIP/263-0000089d",
        "ChannelState": "6",
        "ChannelStateDesc": "Up",
        "ConnectedLineName": "CID:36944000",
        "ConnectedLineNum": "09111354077",
        "Context": "from-internal",
        "Event": "Hangup",
        "Exten": "h",
        "Language": "pr2",
        "Linkedid": "1751353577.36600",
        "Priority": "1",
        "Privilege": "call,all",
        "Uniqueid": "1751353577.36600"
    },
    "start_time": "2025-07-01T10:35:41",
    "status": "answered",
    "timestamp": "2025-07-01T10:36:40",
    "type": "call_ended",
    "uniqueid": "1751353577.36600"
}

{
    "call_duration": 58,
    "call_type": "external",
    "caller_id_name": "263-SUP10",
    "caller_id_num": "263",
    "cause": "16",
    "cause_description": "",
    "cause_txt": "",
    "channel": "SIP/263-0000089d",
    "connected_line_name": "<unknown>",
    "connected_line_num": "<unknown>",
    "direction": "out",
    "end_time": "2025-07-01T10:36:40",
    "extension_number": "263",
    "has_ringing": false,
    "linkedid": "1751353577.36600",
    "other_extension_number": "09111354077",
    "raw_event": {
        "AccountCode": "",
        "CallerIDName": "<unknown>",
        "CallerIDNum": "36944000",
        "Cause": "16",
        "Cause-txt": "Normal Clearing",
        "Channel": "SIP/263-0000089d",
        "ChannelState": "6",
        "ChannelStateDesc": "Up",
        "ConnectedLineName": "CID:36944000",
        "ConnectedLineNum": "09111354077",
        "Context": "from-internal",
        "Event": "Hangup",
        "Exten": "h",
        "Language": "pr2",
        "Linkedid": "1751353577.36600",
        "Priority": "1",
        "Privilege": "call,all",
        "Uniqueid": "1751353577.36600"
    },
    "start_time": "2025-07-01T10:35:41",
    "status": "answered",
    "timestamp": "2025-07-01T10:36:40",
    "type": "call_summary",
    "uniqueid": "1751353577.36600"
}

{
    "call_type": "",
    "caller_id_name": "263-SUP10",
    "caller_id_num": "263",
    "channel": "SIP/263-000008cf",
    "connected_line_name": "<unknown>",
    "connected_line_num": "<unknown>",
    "direction": "",
    "end_time": "",
    "extension_number": "263",
    "has_ringing": false,
    "linkedid": "1751353719.37084",
    "other_extension_number": "",
    "start_time": "2025-07-01T10:37:46",
    "status": "initiated",
    "timestamp": "2025-07-01T10:37:46",
    "type": "call_started",
    "uniqueid": "1751353719.37084"
}

{
    "call_type": "external",
    "caller_id_name": "263-SUP10",
    "caller_id_num": "263",
    "cause": "16",
    "cause_description": "",
    "cause_txt": "",
    "channel": "SIP/263-000008cf",
    "connected_line_name": "<unknown>",
    "connected_line_num": "<unknown>",
    "direction": "out",
    "end_time": "2025-07-01T10:37:49",
    "extension_number": "263",
    "has_ringing": false,
    "linkedid": "1751353719.37084",
    "other_extension_number": "09111323426",
    "raw_event": {
        "AccountCode": "",
        "CallerIDName": "<unknown>",
        "CallerIDNum": "36944000",
        "Cause": "16",
        "Cause-txt": "Normal Clearing",
        "Channel": "SIP/263-000008cf",
        "ChannelState": "4",
        "ChannelStateDesc": "Ring",
        "ConnectedLineName": "CID:36944000",
        "ConnectedLineNum": "09111323426",
        "Context": "from-internal",
        "Event": "Hangup",
        "Exten": "h",
        "Language": "pr2",
        "Linkedid": "1751353719.37084",
        "Priority": "1",
        "Privilege": "call,all",
        "Uniqueid": "1751353719.37084"
    },
    "start_time": "2025-07-01T10:37:46",
    "status": "initiated",
    "timestamp": "2025-07-01T10:37:49",
    "type": "call_ended",
    "uniqueid": "1751353719.37084"
}

{
    "call_duration": 2,
    "call_type": "external",
    "caller_id_name": "263-SUP10",
    "caller_id_num": "263",
    "cause": "16",
    "cause_description": "",
    "cause_txt": "",
    "channel": "SIP/263-000008cf",
    "connected_line_name": "<unknown>",
    "connected_line_num": "<unknown>",
    "direction": "out",
    "end_time": "2025-07-01T10:37:49",
    "extension_number": "263",
    "has_ringing": false,
    "linkedid": "1751353719.37084",
    "other_extension_number": "09111323426",
    "raw_event": {
        "AccountCode": "",
        "CallerIDName": "<unknown>",
        "CallerIDNum": "36944000",
        "Cause": "16",
        "Cause-txt": "Normal Clearing",
        "Channel": "SIP/263-000008cf",
        "ChannelState": "4",
        "ChannelStateDesc": "Ring",
        "ConnectedLineName": "CID:36944000",
        "ConnectedLineNum": "09111323426",
        "Context": "from-internal",
        "Event": "Hangup",
        "Exten": "h",
        "Language": "pr2",
        "Linkedid": "1751353719.37084",
        "Priority": "1",
        "Privilege": "call,all",
        "Uniqueid": "1751353719.37084"
    },
    "start_time": "2025-07-01T10:37:46",
    "status": "initiated",
    "timestamp": "2025-07-01T10:37:49",
    "type": "call_summary",
    "uniqueid": "1751353719.37084"
}

{
    "call_type": "",
    "caller_id_name": "263-SUP10",
    "caller_id_num": "263",
    "channel": "SIP/263-000008d4",
    "connected_line_name": "<unknown>",
    "connected_line_num": "<unknown>",
    "direction": "",
    "end_time": "",
    "extension_number": "263",
    "has_ringing": false,
    "linkedid": "1751353754.37159",
    "other_extension_number": "",
    "start_time": "2025-07-01T10:38:22",
    "status": "initiated",
    "timestamp": "2025-07-01T10:38:22",
    "type": "call_started",
    "uniqueid": "1751353754.37159"
}

{
    "channel": "SIP/263-000008d4",
    "privilege": "call,all",
    "timestamp": "2025-07-01T10:38:47",
    "type": "call_answered",
    "uniqueid": "1751353754.37159"
}

{
    "call_type": "external",
    "caller_id_name": "263-SUP10",
    "caller_id_num": "263",
    "cause": "16",
    "cause_description": "",
    "cause_txt": "",
    "channel": "SIP/263-000008d4",
    "connected_line_name": "<unknown>",
    "connected_line_num": "<unknown>",
    "direction": "out",
    "end_time": "2025-07-01T10:39:58",
    "extension_number": "263",
    "has_ringing": false,
    "linkedid": "1751353754.37159",
    "other_extension_number": "09173119335",
    "raw_event": {
        "AccountCode": "",
        "CallerIDName": "<unknown>",
        "CallerIDNum": "36944000",
        "Cause": "16",
        "Cause-txt": "Normal Clearing",
        "Channel": "SIP/263-000008d4",
        "ChannelState": "6",
        "ChannelStateDesc": "Up",
        "ConnectedLineName": "CID:36944000",
        "ConnectedLineNum": "09173119335",
        "Context": "from-internal",
        "Event": "Hangup",
        "Exten": "h",
        "Language": "pr2",
        "Linkedid": "1751353754.37159",
        "Priority": "1",
        "Privilege": "call,all",
        "Uniqueid": "1751353754.37159"
    },
    "start_time": "2025-07-01T10:38:47",
    "status": "answered",
    "timestamp": "2025-07-01T10:39:58",
    "type": "call_ended",
    "uniqueid": "1751353754.37159"
}

{
    "call_duration": 70,
    "call_type": "external",
    "caller_id_name": "263-SUP10",
    "caller_id_num": "263",
    "cause": "16",
    "cause_description": "",
    "cause_txt": "",
    "channel": "SIP/263-000008d4",
    "connected_line_name": "<unknown>",
    "connected_line_num": "<unknown>",
    "direction": "out",
    "end_time": "2025-07-01T10:39:58",
    "extension_number": "263",
    "has_ringing": false,
    "linkedid": "1751353754.37159",
    "other_extension_number": "09173119335",
    "raw_event": {
        "AccountCode": "",
        "CallerIDName": "<unknown>",
        "CallerIDNum": "36944000",
        "Cause": "16",
        "Cause-txt": "Normal Clearing",
        "Channel": "SIP/263-000008d4",
        "ChannelState": "6",
        "ChannelStateDesc": "Up",
        "ConnectedLineName": "CID:36944000",
        "ConnectedLineNum": "09173119335",
        "Context": "from-internal",
        "Event": "Hangup",
        "Exten": "h",
        "Language": "pr2",
        "Linkedid": "1751353754.37159",
        "Priority": "1",
        "Privilege": "call,all",
        "Uniqueid": "1751353754.37159"
    },
    "start_time": "2025-07-01T10:38:47",
    "status": "answered",
    "timestamp": "2025-07-01T10:39:58",
    "type": "call_summary",
    "uniqueid": "1751353754.37159"
}

{
    "call_type": "",
    "caller_id_name": "263-SUP10",
    "caller_id_num": "263",
    "channel": "SIP/263-000008e0",
    "connected_line_name": "<unknown>",
    "connected_line_num": "<unknown>",
    "direction": "",
    "end_time": "",
    "extension_number": "263",
    "has_ringing": false,
    "linkedid": "1751353864.37349",
    "other_extension_number": "",
    "start_time": "2025-07-01T10:40:52",
    "status": "initiated",
    "timestamp": "2025-07-01T10:40:52",
    "type": "call_started",
    "uniqueid": "1751353904.37406"
}

{
    "channel": "SIP/263-000008e0",
    "privilege": "call,all",
    "timestamp": "2025-07-01T10:40:52",
    "type": "call_ringing",
    "uniqueid": "1751353904.37406"
}

{
    "channel": "SIP/263-000008e0",
    "privilege": "call,all",
    "timestamp": "2025-07-01T10:40:54",
    "type": "call_answered",
    "uniqueid": "1751353904.37406"
}

{
    "call_type": "",
    "caller_id_name": "263-SUP10",
    "caller_id_num": "263",
    "channel": "SIP/263-000008e1",
    "connected_line_name": "<unknown>",
    "connected_line_num": "<unknown>",
    "direction": "",
    "end_time": "",
    "extension_number": "263",
    "has_ringing": false,
    "linkedid": "1751353920.37436",
    "other_extension_number": "",
    "start_time": "2025-07-01T10:41:07",
    "status": "initiated",
    "timestamp": "2025-07-01T10:41:07",
    "type": "call_started",
    "uniqueid": "1751353920.37436"
}

{
    "channel": "SIP/263-000008e1",
    "privilege": "call,all",
    "timestamp": "2025-07-01T10:41:16",
    "type": "call_answered",
    "uniqueid": "1751353920.37436"
}

{
    "call_type": "internal",
    "caller_id_name": "263-SUP10",
    "caller_id_num": "263",
    "cause": "16",
    "cause_description": "",
    "cause_txt": "",
    "channel": "SIP/263-000008e1",
    "connected_line_name": "<unknown>",
    "connected_line_num": "<unknown>",
    "direction": "out",
    "end_time": "2025-07-01T10:41:35",
    "extension_number": "263",
    "has_ringing": false,
    "linkedid": "1751353920.37436",
    "other_extension_number": "123",
    "raw_event": {
        "AccountCode": "",
        "CallerIDName": "263-SUP10",
        "CallerIDNum": "263",
        "Cause": "16",
        "Cause-txt": "Normal Clearing",
        "Channel": "SIP/263-000008e1",
        "ChannelState": "6",
        "ChannelStateDesc": "Up",
        "ConnectedLineName": "123-SAL11",
        "ConnectedLineNum": "123",
        "Context": "from-internal",
        "Event": "Hangup",
        "Exten": "h",
        "Language": "pr2",
        "Linkedid": "1751353920.37436",
        "Priority": "1",
        "Privilege": "call,all",
        "Uniqueid": "1751353920.37436"
    },
    "start_time": "2025-07-01T10:41:16",
    "status": "answered",
    "timestamp": "2025-07-01T10:41:35",
    "type": "call_ended",
    "uniqueid": "1751353920.37436"
}

{
    "call_duration": 19,
    "call_type": "internal",
    "caller_id_name": "263-SUP10",
    "caller_id_num": "263",
    "cause": "16",
    "cause_description": "",
    "cause_txt": "",
    "channel": "SIP/263-000008e1",
    "connected_line_name": "<unknown>",
    "connected_line_num": "<unknown>",
    "direction": "out",
    "end_time": "2025-07-01T10:41:35",
    "extension_number": "263",
    "has_ringing": false,
    "linkedid": "1751353920.37436",
    "other_extension_number": "123",
    "raw_event": {
        "AccountCode": "",
        "CallerIDName": "263-SUP10",
        "CallerIDNum": "263",
        "Cause": "16",
        "Cause-txt": "Normal Clearing",
        "Channel": "SIP/263-000008e1",
        "ChannelState": "6",
        "ChannelStateDesc": "Up",
        "ConnectedLineName": "123-SAL11",
        "ConnectedLineNum": "123",
        "Context": "from-internal",
        "Event": "Hangup",
        "Exten": "h",
        "Language": "pr2",
        "Linkedid": "1751353920.37436",
        "Priority": "1",
        "Privilege": "call,all",
        "Uniqueid": "1751353920.37436"
    },
    "start_time": "2025-07-01T10:41:16",
    "status": "answered",
    "timestamp": "2025-07-01T10:41:35",
    "type": "call_summary",
    "uniqueid": "1751353920.37436"
}

{
    "call_type": "external",
    "caller_id_name": "263-SUP10",
    "caller_id_num": "263",
    "cause": "16",
    "cause_description": "",
    "cause_txt": "",
    "channel": "SIP/263-000008e0",
    "connected_line_name": "<unknown>",
    "connected_line_num": "<unknown>",
    "direction": "in",
    "end_time": "2025-07-01T10:41:39",
    "extension_number": "263",
    "has_ringing": true,
    "linkedid": "1751353864.37349",
    "other_extension_number": "989141000967",
    "raw_event": {
        "AccountCode": "",
        "CallerIDName": "263-SUP10",
        "CallerIDNum": "263",
        "Cause": "16",
        "Cause-txt": "Normal Clearing",
        "Channel": "SIP/263-000008e0",
        "ChannelState": "6",
        "ChannelStateDesc": "Up",
        "ConnectedLineName": "989141000967",
        "ConnectedLineNum": "989141000967",
        "Context": "macro-dial-one",
        "Event": "Hangup",
        "Exten": "s",
        "Language": "pr2",
        "Linkedid": "1751353864.37349",
        "Priority": "1",
        "Privilege": "call,all",
        "Uniqueid": "1751353904.37406"
    },
    "start_time": "2025-07-01T10:40:54",
    "status": "answered",
    "timestamp": "2025-07-01T10:41:39",
    "type": "call_ended",
    "uniqueid": "1751353904.37406"
}

{
    "call_duration": 44,
    "call_type": "external",
    "caller_id_name": "263-SUP10",
    "caller_id_num": "263",
    "cause": "16",
    "cause_description": "",
    "cause_txt": "",
    "channel": "SIP/263-000008e0",
    "connected_line_name": "<unknown>",
    "connected_line_num": "<unknown>",
    "direction": "in",
    "end_time": "2025-07-01T10:41:39",
    "extension_number": "263",
    "has_ringing": true,
    "linkedid": "1751353864.37349",
    "other_extension_number": "989141000967",
    "raw_event": {
        "AccountCode": "",
        "CallerIDName": "263-SUP10",
        "CallerIDNum": "263",
        "Cause": "16",
        "Cause-txt": "Normal Clearing",
        "Channel": "SIP/263-000008e0",
        "ChannelState": "6",
        "ChannelStateDesc": "Up",
        "ConnectedLineName": "989141000967",
        "ConnectedLineNum": "989141000967",
        "Context": "macro-dial-one",
        "Event": "Hangup",
        "Exten": "s",
        "Language": "pr2",
        "Linkedid": "1751353864.37349",
        "Priority": "1",
        "Privilege": "call,all",
        "Uniqueid": "1751353904.37406"
    },
    "start_time": "2025-07-01T10:40:54",
    "status": "answered",
    "timestamp": "2025-07-01T10:41:39",
    "type": "call_summary",
    "uniqueid": "1751353904.37406"
}

{
    "call_type": "",
    "caller_id_name": "263-SUP10",
    "caller_id_num": "263",
    "channel": "SIP/263-000008eb",
    "connected_line_name": "<unknown>",
    "connected_line_num": "<unknown>",
    "direction": "",
    "end_time": "",
    "extension_number": "263",
    "has_ringing": false,
    "linkedid": "1751354003.37542",
    "other_extension_number": "",
    "start_time": "2025-07-01T10:42:30",
    "status": "initiated",
    "timestamp": "2025-07-01T10:42:30",
    "type": "call_started",
    "uniqueid": "1751354003.37542"
}

{
    "call_type": "external",
    "caller_id_name": "263-SUP10",
    "caller_id_num": "263",
    "cause": "16",
    "cause_description": "",
    "cause_txt": "",
    "channel": "SIP/263-000008eb",
    "connected_line_name": "<unknown>",
    "connected_line_num": "<unknown>",
    "direction": "out",
    "end_time": "2025-07-01T10:42:51",
    "extension_number": "263",
    "has_ringing": false,
    "linkedid": "1751354003.37542",
    "other_extension_number": "09177521272",
    "raw_event": {
        "AccountCode": "",
        "CallerIDName": "<unknown>",
        "CallerIDNum": "36944000",
        "Cause": "16",
        "Cause-txt": "Normal Clearing",
        "Channel": "SIP/263-000008eb",
        "ChannelState": "4",
        "ChannelStateDesc": "Ring",
        "ConnectedLineName": "CID:36944000",
        "ConnectedLineNum": "09177521272",
        "Context": "from-internal",
        "Event": "Hangup",
        "Exten": "h",
        "Language": "pr2",
        "Linkedid": "1751354003.37542",
        "Priority": "1",
        "Privilege": "call,all",
        "Uniqueid": "1751354003.37542"
    },
    "start_time": "2025-07-01T10:42:30",
    "status": "initiated",
    "timestamp": "2025-07-01T10:42:51",
    "type": "call_ended",
    "uniqueid": "1751354003.37542"
}

{
    "call_duration": 20,
    "call_type": "external",
    "caller_id_name": "263-SUP10",
    "caller_id_num": "263",
    "cause": "16",
    "cause_description": "",
    "cause_txt": "",
    "channel": "SIP/263-000008eb",
    "connected_line_name": "<unknown>",
    "connected_line_num": "<unknown>",
    "direction": "out",
    "end_time": "2025-07-01T10:42:51",
    "extension_number": "263",
    "has_ringing": false,
    "linkedid": "1751354003.37542",
    "other_extension_number": "09177521272",
    "raw_event": {
        "AccountCode": "",
        "CallerIDName": "<unknown>",
        "CallerIDNum": "36944000",
        "Cause": "16",
        "Cause-txt": "Normal Clearing",
        "Channel": "SIP/263-000008eb",
        "ChannelState": "4",
        "ChannelStateDesc": "Ring",
        "ConnectedLineName": "CID:36944000",
        "ConnectedLineNum": "09177521272",
        "Context": "from-internal",
        "Event": "Hangup",
        "Exten": "h",
        "Language": "pr2",
        "Linkedid": "1751354003.37542",
        "Priority": "1",
        "Privilege": "call,all",
        "Uniqueid": "1751354003.37542"
    },
    "start_time": "2025-07-01T10:42:30",
    "status": "initiated",
    "timestamp": "2025-07-01T10:42:51",
    "type": "call_summary",
    "uniqueid": "1751354003.37542"
}

{
    "call_type": "",
    "caller_id_name": "263-SUP10",
    "caller_id_num": "263",
    "channel": "SIP/263-000008f8",
    "connected_line_name": "<unknown>",
    "connected_line_num": "<unknown>",
    "direction": "",
    "end_time": "",
    "extension_number": "263",
    "has_ringing": false,
    "linkedid": "1751354058.37675",
    "other_extension_number": "",
    "start_time": "2025-07-01T10:43:26",
    "status": "initiated",
    "timestamp": "2025-07-01T10:43:26",
    "type": "call_started",
    "uniqueid": "1751354058.37675"
}

{
    "channel": "SIP/263-000008f8",
    "privilege": "call,all",
    "timestamp": "2025-07-01T10:43:42",
    "type": "call_answered",
    "uniqueid": "1751354058.37675"
}

{
    "call_type": "external",
    "caller_id_name": "263-SUP10",
    "caller_id_num": "263",
    "cause": "16",
    "cause_description": "",
    "cause_txt": "",
    "channel": "SIP/263-000008f8",
    "connected_line_name": "<unknown>",
    "connected_line_num": "<unknown>",
    "direction": "out",
    "end_time": "2025-07-01T10:44:41",
    "extension_number": "263",
    "has_ringing": false,
    "linkedid": "1751354058.37675",
    "other_extension_number": "09123780095",
    "raw_event": {
        "AccountCode": "",
        "CallerIDName": "<unknown>",
        "CallerIDNum": "36944000",
        "Cause": "16",
        "Cause-txt": "Normal Clearing",
        "Channel": "SIP/263-000008f8",
        "ChannelState": "6",
        "ChannelStateDesc": "Up",
        "ConnectedLineName": "CID:36944000",
        "ConnectedLineNum": "09123780095",
        "Context": "from-internal",
        "Event": "Hangup",
        "Exten": "h",
        "Language": "pr2",
        "Linkedid": "1751354058.37675",
        "Priority": "1",
        "Privilege": "call,all",
        "Uniqueid": "1751354058.37675"
    },
    "start_time": "2025-07-01T10:43:42",
    "status": "answered",
    "timestamp": "2025-07-01T10:44:41",
    "type": "call_ended",
    "uniqueid": "1751354058.37675"
}

{
    "call_duration": 58,
    "call_type": "external",
    "caller_id_name": "263-SUP10",
    "caller_id_num": "263",
    "cause": "16",
    "cause_description": "",
    "cause_txt": "",
    "channel": "SIP/263-000008f8",
    "connected_line_name": "<unknown>",
    "connected_line_num": "<unknown>",
    "direction": "out",
    "end_time": "2025-07-01T10:44:41",
    "extension_number": "263",
    "has_ringing": false,
    "linkedid": "1751354058.37675",
    "other_extension_number": "09123780095",
    "raw_event": {
        "AccountCode": "",
        "CallerIDName": "<unknown>",
        "CallerIDNum": "36944000",
        "Cause": "16",
        "Cause-txt": "Normal Clearing",
        "Channel": "SIP/263-000008f8",
        "ChannelState": "6",
        "ChannelStateDesc": "Up",
        "ConnectedLineName": "CID:36944000",
        "ConnectedLineNum": "09123780095",
        "Context": "from-internal",
        "Event": "Hangup",
        "Exten": "h",
        "Language": "pr2",
        "Linkedid": "1751354058.37675",
        "Priority": "1",
        "Privilege": "call,all",
        "Uniqueid": "1751354058.37675"
    },
    "start_time": "2025-07-01T10:43:42",
    "status": "answered",
    "timestamp": "2025-07-01T10:44:41",
    "type": "call_summary",
    "uniqueid": "1751354058.37675"
}

{
    "call_type": "",
    "caller_id_name": "263-SUP10",
    "caller_id_num": "263",
    "channel": "SIP/263-00000942",
    "connected_line_name": "<unknown>",
    "connected_line_num": "<unknown>",
    "direction": "",
    "end_time": "",
    "extension_number": "263",
    "has_ringing": false,
    "linkedid": "1751354474.38434",
    "other_extension_number": "",
    "start_time": "2025-07-01T10:50:21",
    "status": "initiated",
    "timestamp": "2025-07-01T10:50:21",
    "type": "call_started",
    "uniqueid": "1751354474.38434"
}

{
    "call_type": "external",
    "caller_id_name": "263-SUP10",
    "caller_id_num": "263",
    "cause": "17",
    "cause_description": "",
    "cause_txt": "",
    "channel": "SIP/263-00000942",
    "connected_line_name": "<unknown>",
    "connected_line_num": "<unknown>",
    "direction": "out",
    "end_time": "2025-07-01T10:51:10",
    "extension_number": "263",
    "has_ringing": false,
    "linkedid": "1751354474.38434",
    "other_extension_number": "09151418856",
    "raw_event": {
        "AccountCode": "",
        "CallerIDName": "<unknown>",
        "CallerIDNum": "36944000",
        "Cause": "17",
        "Cause-txt": "User busy",
        "Channel": "SIP/263-00000942",
        "ChannelState": "7",
        "ChannelStateDesc": "Busy",
        "ConnectedLineName": "CID:36944000",
        "ConnectedLineNum": "09151418856",
        "Context": "from-internal",
        "Event": "Hangup",
        "Exten": "h",
        "Language": "pr2",
        "Linkedid": "1751354474.38434",
        "Priority": "1",
        "Privilege": "call,all",
        "Uniqueid": "1751354474.38434"
    },
    "start_time": "2025-07-01T10:50:21",
    "status": "initiated",
    "timestamp": "2025-07-01T10:51:10",
    "type": "call_ended",
    "uniqueid": "1751354474.38434"
}

{
    "call_duration": 48,
    "call_type": "external",
    "caller_id_name": "263-SUP10",
    "caller_id_num": "263",
    "cause": "17",
    "cause_description": "",
    "cause_txt": "",
    "channel": "SIP/263-00000942",
    "connected_line_name": "<unknown>",
    "connected_line_num": "<unknown>",
    "direction": "out",
    "end_time": "2025-07-01T10:51:10",
    "extension_number": "263",
    "has_ringing": false,
    "linkedid": "1751354474.38434",
    "other_extension_number": "09151418856",
    "raw_event": {
        "AccountCode": "",
        "CallerIDName": "<unknown>",
        "CallerIDNum": "36944000",
        "Cause": "17",
        "Cause-txt": "User busy",
        "Channel": "SIP/263-00000942",
        "ChannelState": "7",
        "ChannelStateDesc": "Busy",
        "ConnectedLineName": "CID:36944000",
        "ConnectedLineNum": "09151418856",
        "Context": "from-internal",
        "Event": "Hangup",
        "Exten": "h",
        "Language": "pr2",
        "Linkedid": "1751354474.38434",
        "Priority": "1",
        "Privilege": "call,all",
        "Uniqueid": "1751354474.38434"
    },
    "start_time": "2025-07-01T10:50:21",
    "status": "initiated",
    "timestamp": "2025-07-01T10:51:10",
    "type": "call_summary",
    "uniqueid": "1751354474.38434"
}

{
    "call_type": "",
    "caller_id_name": "263-SUP10",
    "caller_id_num": "263",
    "channel": "SIP/263-00000952",
    "connected_line_name": "<unknown>",
    "connected_line_num": "<unknown>",
    "direction": "",
    "end_time": "",
    "extension_number": "263",
    "has_ringing": false,
    "linkedid": "1751354639.38611",
    "other_extension_number": "",
    "start_time": "2025-07-01T10:53:17",
    "status": "initiated",
    "timestamp": "2025-07-01T10:53:17",
    "type": "call_started",
    "uniqueid": "1751354649.38630"
}

{
    "channel": "SIP/263-00000952",
    "privilege": "call,all",
    "timestamp": "2025-07-01T10:53:17",
    "type": "call_ringing",
    "uniqueid": "1751354649.38630"
}

{
    "channel": "SIP/263-00000952",
    "privilege": "call,all",
    "timestamp": "2025-07-01T10:53:19",
    "type": "call_answered",
    "uniqueid": "1751354649.38630"
}

{
    "call_type": "external",
    "caller_id_name": "263-SUP10",
    "caller_id_num": "263",
    "cause": "16",
    "cause_description": "",
    "cause_txt": "",
    "channel": "SIP/263-00000952",
    "connected_line_name": "<unknown>",
    "connected_line_num": "<unknown>",
    "direction": "in",
    "end_time": "2025-07-01T10:54:10",
    "extension_number": "263",
    "has_ringing": true,
    "linkedid": "1751354639.38611",
    "other_extension_number": "9132163916",
    "raw_event": {
        "AccountCode": "",
        "CallerIDName": "263-SUP10",
        "CallerIDNum": "263",
        "Cause": "16",
        "Cause-txt": "Normal Clearing",
        "Channel": "SIP/263-00000952",
        "ChannelState": "6",
        "ChannelStateDesc": "Up",
        "ConnectedLineName": "9132163916",
        "ConnectedLineNum": "9132163916",
        "Context": "macro-dial-one",
        "Event": "Hangup",
        "Exten": "s",
        "Language": "pr2",
        "Linkedid": "1751354639.38611",
        "Priority": "1",
        "Privilege": "call,all",
        "Uniqueid": "1751354649.38630"
    },
    "start_time": "2025-07-01T10:53:19",
    "status": "answered",
    "timestamp": "2025-07-01T10:54:10",
    "type": "call_ended",
    "uniqueid": "1751354649.38630"
}

{
    "call_duration": 51,
    "call_type": "external",
    "caller_id_name": "263-SUP10",
    "caller_id_num": "263",
    "cause": "16",
    "cause_description": "",
    "cause_txt": "",
    "channel": "SIP/263-00000952",
    "connected_line_name": "<unknown>",
    "connected_line_num": "<unknown>",
    "direction": "in",
    "end_time": "2025-07-01T10:54:10",
    "extension_number": "263",
    "has_ringing": true,
    "linkedid": "1751354639.38611",
    "other_extension_number": "9132163916",
    "raw_event": {
        "AccountCode": "",
        "CallerIDName": "263-SUP10",
        "CallerIDNum": "263",
        "Cause": "16",
        "Cause-txt": "Normal Clearing",
        "Channel": "SIP/263-00000952",
        "ChannelState": "6",
        "ChannelStateDesc": "Up",
        "ConnectedLineName": "9132163916",
        "ConnectedLineNum": "9132163916",
        "Context": "macro-dial-one",
        "Event": "Hangup",
        "Exten": "s",
        "Language": "pr2",
        "Linkedid": "1751354639.38611",
        "Priority": "1",
        "Privilege": "call,all",
        "Uniqueid": "1751354649.38630"
    },
    "start_time": "2025-07-01T10:53:19",
    "status": "answered",
    "timestamp": "2025-07-01T10:54:10",
    "type": "call_summary",
    "uniqueid": "1751354649.38630"
}

{
    "call_type": "",
    "caller_id_name": "263-SUP10",
    "caller_id_num": "263",
    "channel": "SIP/263-00000a08",
    "connected_line_name": "<unknown>",
    "connected_line_num": "<unknown>",
    "direction": "",
    "end_time": "",
    "extension_number": "263",
    "has_ringing": false,
    "linkedid": "1751356140.40598",
    "other_extension_number": "",
    "start_time": "2025-07-01T11:18:08",
    "status": "initiated",
    "timestamp": "2025-07-01T11:18:08",
    "type": "call_started",
    "uniqueid": "1751356140.40606"
}

{
    "channel": "SIP/263-00000a08",
    "privilege": "call,all",
    "timestamp": "2025-07-01T11:18:08",
    "type": "call_ringing",
    "uniqueid": "1751356140.40606"
}

{
    "channel": "SIP/263-00000a08",
    "privilege": "call,all",
    "timestamp": "2025-07-01T11:18:10",
    "type": "call_answered",
    "uniqueid": "1751356140.40606"
}

{
    "call_type": "",
    "caller_id_name": "263-SUP10",
    "caller_id_num": "263",
    "channel": "SIP/263-00000a0e",
    "connected_line_name": "<unknown>",
    "connected_line_num": "<unknown>",
    "direction": "",
    "end_time": "",
    "extension_number": "263",
    "has_ringing": false,
    "linkedid": "1751356219.40729",
    "other_extension_number": "",
    "start_time": "2025-07-01T11:19:26",
    "status": "initiated",
    "timestamp": "2025-07-01T11:19:26",
    "type": "call_started",
    "uniqueid": "1751356219.40729"
}

{
    "call_type": "internal",
    "caller_id_name": "263-SUP10",
    "caller_id_num": "263",
    "cause": "16",
    "cause_description": "",
    "cause_txt": "",
    "channel": "SIP/263-00000a0e",
    "connected_line_name": "<unknown>",
    "connected_line_num": "<unknown>",
    "direction": "out",
    "end_time": "2025-07-01T11:19:39",
    "extension_number": "263",
    "has_ringing": false,
    "linkedid": "1751356219.40729",
    "other_extension_number": "122",
    "raw_event": {
        "AccountCode": "",
        "CallerIDName": "263-SUP10",
        "CallerIDNum": "263",
        "Cause": "16",
        "Cause-txt": "Normal Clearing",
        "Channel": "SIP/263-00000a0e",
        "ChannelState": "4",
        "ChannelStateDesc": "Ring",
        "ConnectedLineName": "122-SAL3",
        "ConnectedLineNum": "122",
        "Context": "from-internal",
        "Event": "Hangup",
        "Exten": "h",
        "Language": "pr2",
        "Linkedid": "1751356219.40729",
        "Priority": "1",
        "Privilege": "call,all",
        "Uniqueid": "1751356219.40729"
    },
    "start_time": "2025-07-01T11:19:26",
    "status": "initiated",
    "timestamp": "2025-07-01T11:19:39",
    "type": "call_ended",
    "uniqueid": "1751356219.40729"
}

{
    "call_duration": 12,
    "call_type": "internal",
    "caller_id_name": "263-SUP10",
    "caller_id_num": "263",
    "cause": "16",
    "cause_description": "",
    "cause_txt": "",
    "channel": "SIP/263-00000a0e",
    "connected_line_name": "<unknown>",
    "connected_line_num": "<unknown>",
    "direction": "out",
    "end_time": "2025-07-01T11:19:39",
    "extension_number": "263",
    "has_ringing": false,
    "linkedid": "1751356219.40729",
    "other_extension_number": "122",
    "raw_event": {
        "AccountCode": "",
        "CallerIDName": "263-SUP10",
        "CallerIDNum": "263",
        "Cause": "16",
        "Cause-txt": "Normal Clearing",
        "Channel": "SIP/263-00000a0e",
        "ChannelState": "4",
        "ChannelStateDesc": "Ring",
        "ConnectedLineName": "122-SAL3",
        "ConnectedLineNum": "122",
        "Context": "from-internal",
        "Event": "Hangup",
        "Exten": "h",
        "Language": "pr2",
        "Linkedid": "1751356219.40729",
        "Priority": "1",
        "Privilege": "call,all",
        "Uniqueid": "1751356219.40729"
    },
    "start_time": "2025-07-01T11:19:26",
    "status": "initiated",
    "timestamp": "2025-07-01T11:19:39",
    "type": "call_summary",
    "uniqueid": "1751356219.40729"
}

{
    "call_type": "",
    "caller_id_name": "263-SUP10",
    "caller_id_num": "263",
    "channel": "SIP/263-00000a10",
    "connected_line_name": "<unknown>",
    "connected_line_num": "<unknown>",
    "direction": "",
    "end_time": "",
    "extension_number": "263",
    "has_ringing": false,
    "linkedid": "1751356234.40753",
    "other_extension_number": "",
    "start_time": "2025-07-01T11:19:42",
    "status": "initiated",
    "timestamp": "2025-07-01T11:19:42",
    "type": "call_started",
    "uniqueid": "1751356234.40753"
}

{
    "channel": "SIP/263-00000a10",
    "privilege": "call,all",
    "timestamp": "2025-07-01T11:19:51",
    "type": "call_answered",
    "uniqueid": "1751356234.40753"
}

{
    "call_type": "internal",
    "caller_id_name": "263-SUP10",
    "caller_id_num": "263",
    "cause": "16",
    "cause_description": "",
    "cause_txt": "",
    "channel": "SIP/263-00000a10",
    "connected_line_name": "<unknown>",
    "connected_line_num": "<unknown>",
    "direction": "out",
    "end_time": "2025-07-01T11:20:20",
    "extension_number": "263",
    "has_ringing": false,
    "linkedid": "1751356234.40753",
    "other_extension_number": "123",
    "raw_event": {
        "AccountCode": "",
        "CallerIDName": "263-SUP10",
        "CallerIDNum": "263",
        "Cause": "16",
        "Cause-txt": "Normal Clearing",
        "Channel": "SIP/263-00000a10",
        "ChannelState": "6",
        "ChannelStateDesc": "Up",
        "ConnectedLineName": "123-SAL11",
        "ConnectedLineNum": "123",
        "Context": "from-internal",
        "Event": "Hangup",
        "Exten": "h",
        "Language": "pr2",
        "Linkedid": "1751356234.40753",
        "Priority": "1",
        "Privilege": "call,all",
        "Uniqueid": "1751356234.40753"
    },
    "start_time": "2025-07-01T11:19:51",
    "status": "answered",
    "timestamp": "2025-07-01T11:20:20",
    "type": "call_ended",
    "uniqueid": "1751356234.40753"
}

{
    "call_duration": 29,
    "call_type": "internal",
    "caller_id_name": "263-SUP10",
    "caller_id_num": "263",
    "cause": "16",
    "cause_description": "",
    "cause_txt": "",
    "channel": "SIP/263-00000a10",
    "connected_line_name": "<unknown>",
    "connected_line_num": "<unknown>",
    "direction": "out",
    "end_time": "2025-07-01T11:20:20",
    "extension_number": "263",
    "has_ringing": false,
    "linkedid": "1751356234.40753",
    "other_extension_number": "123",
    "raw_event": {
        "AccountCode": "",
        "CallerIDName": "263-SUP10",
        "CallerIDNum": "263",
        "Cause": "16",
        "Cause-txt": "Normal Clearing",
        "Channel": "SIP/263-00000a10",
        "ChannelState": "6",
        "ChannelStateDesc": "Up",
        "ConnectedLineName": "123-SAL11",
        "ConnectedLineNum": "123",
        "Context": "from-internal",
        "Event": "Hangup",
        "Exten": "h",
        "Language": "pr2",
        "Linkedid": "1751356234.40753",
        "Priority": "1",
        "Privilege": "call,all",
        "Uniqueid": "1751356234.40753"
    },
    "start_time": "2025-07-01T11:19:51",
    "status": "answered",
    "timestamp": "2025-07-01T11:20:20",
    "type": "call_summary",
    "uniqueid": "1751356234.40753"
}

{
    "call_type": "external",
    "caller_id_name": "263-SUP10",
    "caller_id_num": "263",
    "cause": "16",
    "cause_description": "",
    "cause_txt": "",
    "channel": "SIP/263-00000a08",
    "connected_line_name": "<unknown>",
    "connected_line_num": "<unknown>",
    "direction": "in",
    "end_time": "2025-07-01T11:20:23",
    "extension_number": "263",
    "has_ringing": true,
    "linkedid": "1751356140.40598",
    "other_extension_number": "9171032885",
    "raw_event": {
        "AccountCode": "",
        "CallerIDName": "263-SUP10",
        "CallerIDNum": "263",
        "Cause": "16",
        "Cause-txt": "Normal Clearing",
        "Channel": "SIP/263-00000a08",
        "ChannelState": "6",
        "ChannelStateDesc": "Up",
        "ConnectedLineName": "9171032885",
        "ConnectedLineNum": "9171032885",
        "Context": "macro-dial-one",
        "Event": "Hangup",
        "Exten": "s",
        "Language": "pr2",
        "Linkedid": "1751356140.40598",
        "Priority": "1",
        "Privilege": "call,all",
        "Uniqueid": "1751356140.40606"
    },
    "start_time": "2025-07-01T11:18:10",
    "status": "answered",
    "timestamp": "2025-07-01T11:20:23",
    "type": "call_ended",
    "uniqueid": "1751356140.40606"
}

{
    "call_duration": 132,
    "call_type": "external",
    "caller_id_name": "263-SUP10",
    "caller_id_num": "263",
    "cause": "16",
    "cause_description": "",
    "cause_txt": "",
    "channel": "SIP/263-00000a08",
    "connected_line_name": "<unknown>",
    "connected_line_num": "<unknown>",
    "direction": "in",
    "end_time": "2025-07-01T11:20:23",
    "extension_number": "263",
    "has_ringing": true,
    "linkedid": "1751356140.40598",
    "other_extension_number": "9171032885",
    "raw_event": {
        "AccountCode": "",
        "CallerIDName": "263-SUP10",
        "CallerIDNum": "263",
        "Cause": "16",
        "Cause-txt": "Normal Clearing",
        "Channel": "SIP/263-00000a08",
        "ChannelState": "6",
        "ChannelStateDesc": "Up",
        "ConnectedLineName": "9171032885",
        "ConnectedLineNum": "9171032885",
        "Context": "macro-dial-one",
        "Event": "Hangup",
        "Exten": "s",
        "Language": "pr2",
        "Linkedid": "1751356140.40598",
        "Priority": "1",
        "Privilege": "call,all",
        "Uniqueid": "1751356140.40606"
    },
    "start_time": "2025-07-01T11:18:10",
    "status": "answered",
    "timestamp": "2025-07-01T11:20:23",
    "type": "call_summary",
    "uniqueid": "1751356140.40606"
}

{
    "call_type": "",
    "caller_id_name": "263-SUP10",
    "caller_id_num": "263",
    "channel": "SIP/263-00000a6f",
    "connected_line_name": "<unknown>",
    "connected_line_num": "<unknown>",
    "direction": "",
    "end_time": "",
    "extension_number": "263",
    "has_ringing": false,
    "linkedid": "1751356807.41753",
    "other_extension_number": "",
    "start_time": "2025-07-01T11:29:15",
    "status": "initiated",
    "timestamp": "2025-07-01T11:29:15",
    "type": "call_started",
    "uniqueid": "1751356807.41761"
}

{
    "channel": "SIP/263-00000a6f",
    "privilege": "call,all",
    "timestamp": "2025-07-01T11:29:15",
    "type": "call_ringing",
    "uniqueid": "1751356807.41761"
}

{
    "channel": "SIP/263-00000a6f",
    "privilege": "call,all",
    "timestamp": "2025-07-01T11:29:18",
    "type": "call_answered",
    "uniqueid": "1751356807.41761"
}

{
    "call_type": "internal",
    "caller_id_name": "263-SUP10",
    "caller_id_num": "263",
    "cause": "16",
    "cause_description": "",
    "cause_txt": "",
    "channel": "SIP/263-00000a6f",
    "connected_line_name": "<unknown>",
    "connected_line_num": "<unknown>",
    "direction": "in",
    "end_time": "2025-07-01T11:30:49",
    "extension_number": "263",
    "has_ringing": true,
    "linkedid": "1751356807.41753",
    "other_extension_number": "56349676",
    "raw_event": {
        "AccountCode": "",
        "CallerIDName": "263-SUP10",
        "CallerIDNum": "263",
        "Cause": "16",
        "Cause-txt": "Normal Clearing",
        "Channel": "SIP/263-00000a6f",
        "ChannelState": "6",
        "ChannelStateDesc": "Up",
        "ConnectedLineName": "56349676",
        "ConnectedLineNum": "56349676",
        "Context": "macro-dial-one",
        "Event": "Hangup",
        "Exten": "s",
        "Language": "pr2",
        "Linkedid": "1751356807.41753",
        "Priority": "1",
        "Privilege": "call,all",
        "Uniqueid": "1751356807.41761"
    },
    "start_time": "2025-07-01T11:29:18",
    "status": "answered",
    "timestamp": "2025-07-01T11:30:49",
    "type": "call_ended",
    "uniqueid": "1751356807.41761"
}

{
    "call_duration": 91,
    "call_type": "internal",
    "caller_id_name": "263-SUP10",
    "caller_id_num": "263",
    "cause": "16",
    "cause_description": "",
    "cause_txt": "",
    "channel": "SIP/263-00000a6f",
    "connected_line_name": "<unknown>",
    "connected_line_num": "<unknown>",
    "direction": "in",
    "end_time": "2025-07-01T11:30:49",
    "extension_number": "263",
    "has_ringing": true,
    "linkedid": "1751356807.41753",
    "other_extension_number": "56349676",
    "raw_event": {
        "AccountCode": "",
        "CallerIDName": "263-SUP10",
        "CallerIDNum": "263",
        "Cause": "16",
        "Cause-txt": "Normal Clearing",
        "Channel": "SIP/263-00000a6f",
        "ChannelState": "6",
        "ChannelStateDesc": "Up",
        "ConnectedLineName": "56349676",
        "ConnectedLineNum": "56349676",
        "Context": "macro-dial-one",
        "Event": "Hangup",
        "Exten": "s",
        "Language": "pr2",
        "Linkedid": "1751356807.41753",
        "Priority": "1",
        "Privilege": "call,all",
        "Uniqueid": "1751356807.41761"
    },
    "start_time": "2025-07-01T11:29:18",
    "status": "answered",
    "timestamp": "2025-07-01T11:30:49",
    "type": "call_summary",
    "uniqueid": "1751356807.41761"
}

{
    "call_type": "",
    "caller_id_name": "263-SUP10",
    "caller_id_num": "263",
    "channel": "SIP/263-00000bd7",
    "connected_line_name": "<unknown>",
    "connected_line_num": "<unknown>",
    "direction": "",
    "end_time": "",
    "extension_number": "263",
    "has_ringing": false,
    "linkedid": "1751359198.45604",
    "other_extension_number": "",
    "start_time": "2025-07-01T12:09:06",
    "status": "initiated",
    "timestamp": "2025-07-01T12:09:06",
    "type": "call_started",
    "uniqueid": "1751359198.45622"
}

{
    "channel": "SIP/263-00000bd7",
    "privilege": "call,all",
    "timestamp": "2025-07-01T12:09:06",
    "type": "call_ringing",
    "uniqueid": "1751359198.45622"
}

{
    "channel": "SIP/263-00000bd7",
    "privilege": "call,all",
    "timestamp": "2025-07-01T12:09:14",
    "type": "call_answered",
    "uniqueid": "1751359198.45622"
}

{
    "call_type": "external",
    "caller_id_name": "263-SUP10",
    "caller_id_num": "263",
    "cause": "16",
    "cause_description": "",
    "cause_txt": "",
    "channel": "SIP/263-00000bd7",
    "connected_line_name": "<unknown>",
    "connected_line_num": "<unknown>",
    "direction": "in",
    "end_time": "2025-07-01T12:10:39",
    "extension_number": "263",
    "has_ringing": true,
    "linkedid": "1751359198.45604",
    "other_extension_number": "9125715565",
    "raw_event": {
        "AccountCode": "",
        "CallerIDName": "263-SUP10",
        "CallerIDNum": "263",
        "Cause": "16",
        "Cause-txt": "Normal Clearing",
        "Channel": "SIP/263-00000bd7",
        "ChannelState": "6",
        "ChannelStateDesc": "Up",
        "ConnectedLineName": "9125715565",
        "ConnectedLineNum": "9125715565",
        "Context": "macro-dial-one",
        "Event": "Hangup",
        "Exten": "s",
        "Language": "pr2",
        "Linkedid": "1751359198.45604",
        "Priority": "1",
        "Privilege": "call,all",
        "Uniqueid": "1751359198.45622"
    },
    "start_time": "2025-07-01T12:09:14",
    "status": "answered",
    "timestamp": "2025-07-01T12:10:39",
    "type": "call_ended",
    "uniqueid": "1751359198.45622"
}

{
    "call_duration": 84,
    "call_type": "external",
    "caller_id_name": "263-SUP10",
    "caller_id_num": "263",
    "cause": "16",
    "cause_description": "",
    "cause_txt": "",
    "channel": "SIP/263-00000bd7",
    "connected_line_name": "<unknown>",
    "connected_line_num": "<unknown>",
    "direction": "in",
    "end_time": "2025-07-01T12:10:39",
    "extension_number": "263",
    "has_ringing": true,
    "linkedid": "1751359198.45604",
    "other_extension_number": "9125715565",
    "raw_event": {
        "AccountCode": "",
        "CallerIDName": "263-SUP10",
        "CallerIDNum": "263",
        "Cause": "16",
        "Cause-txt": "Normal Clearing",
        "Channel": "SIP/263-00000bd7",
        "ChannelState": "6",
        "ChannelStateDesc": "Up",
        "ConnectedLineName": "9125715565",
        "ConnectedLineNum": "9125715565",
        "Context": "macro-dial-one",
        "Event": "Hangup",
        "Exten": "s",
        "Language": "pr2",
        "Linkedid": "1751359198.45604",
        "Priority": "1",
        "Privilege": "call,all",
        "Uniqueid": "1751359198.45622"
    },
    "start_time": "2025-07-01T12:09:14",
    "status": "answered",
    "timestamp": "2025-07-01T12:10:39",
    "type": "call_summary",
    "uniqueid": "1751359198.45622"
}

{
    "call_type": "",
    "caller_id_name": "263-SUP10",
    "caller_id_num": "263",
    "channel": "SIP/263-00000be1",
    "connected_line_name": "<unknown>",
    "connected_line_num": "<unknown>",
    "direction": "",
    "end_time": "",
    "extension_number": "263",
    "has_ringing": false,
    "linkedid": "1751359297.45765",
    "other_extension_number": "",
    "start_time": "2025-07-01T12:10:45",
    "status": "initiated",
    "timestamp": "2025-07-01T12:10:45",
    "type": "call_started",
    "uniqueid": "1751359297.45765"
}

{
    "call_type": "external",
    "caller_id_name": "263-SUP10",
    "caller_id_num": "263",
    "cause": "20",
    "cause_description": "",
    "cause_txt": "",
    "channel": "SIP/263-00000be1",
    "connected_line_name": "<unknown>",
    "connected_line_num": "<unknown>",
    "direction": "out",
    "end_time": "2025-07-01T12:10:47",
    "extension_number": "263",
    "has_ringing": false,
    "linkedid": "1751359297.45765",
    "other_extension_number": "09125715565",
    "raw_event": {
        "AccountCode": "",
        "CallerIDName": "<unknown>",
        "CallerIDNum": "263",
        "Cause": "20",
        "Cause-txt": "Subscriber absent",
        "Channel": "SIP/263-00000be1",
        "ChannelState": "4",
        "ChannelStateDesc": "Ring",
        "ConnectedLineName": "CID:36944000",
        "ConnectedLineNum": "09125715565",
        "Context": "from-internal",
        "Event": "Hangup",
        "Exten": "h",
        "Language": "pr2",
        "Linkedid": "1751359297.45765",
        "Priority": "1",
        "Privilege": "call,all",
        "Uniqueid": "1751359297.45765"
    },
    "start_time": "2025-07-01T12:10:45",
    "status": "initiated",
    "timestamp": "2025-07-01T12:10:47",
    "type": "call_ended",
    "uniqueid": "1751359297.45765"
}

{
    "call_duration": 2,
    "call_type": "external",
    "caller_id_name": "263-SUP10",
    "caller_id_num": "263",
    "cause": "20",
    "cause_description": "",
    "cause_txt": "",
    "channel": "SIP/263-00000be1",
    "connected_line_name": "<unknown>",
    "connected_line_num": "<unknown>",
    "direction": "out",
    "end_time": "2025-07-01T12:10:47",
    "extension_number": "263",
    "has_ringing": false,
    "linkedid": "1751359297.45765",
    "other_extension_number": "09125715565",
    "raw_event": {
        "AccountCode": "",
        "CallerIDName": "<unknown>",
        "CallerIDNum": "263",
        "Cause": "20",
        "Cause-txt": "Subscriber absent",
        "Channel": "SIP/263-00000be1",
        "ChannelState": "4",
        "ChannelStateDesc": "Ring",
        "ConnectedLineName": "CID:36944000",
        "ConnectedLineNum": "09125715565",
        "Context": "from-internal",
        "Event": "Hangup",
        "Exten": "h",
        "Language": "pr2",
        "Linkedid": "1751359297.45765",
        "Priority": "1",
        "Privilege": "call,all",
        "Uniqueid": "1751359297.45765"
    },
    "start_time": "2025-07-01T12:10:45",
    "status": "initiated",
    "timestamp": "2025-07-01T12:10:47",
    "type": "call_summary",
    "uniqueid": "1751359297.45765"
}

{
    "call_type": "",
    "caller_id_name": "263-SUP10",
    "caller_id_num": "263",
    "channel": "SIP/263-00000be2",
    "connected_line_name": "<unknown>",
    "connected_line_num": "<unknown>",
    "direction": "",
    "end_time": "",
    "extension_number": "263",
    "has_ringing": false,
    "linkedid": "1751359305.45774",
    "other_extension_number": "",
    "start_time": "2025-07-01T12:10:53",
    "status": "initiated",
    "timestamp": "2025-07-01T12:10:53",
    "type": "call_started",
    "uniqueid": "1751359305.45774"
}

{
    "channel": "SIP/263-00000be2",
    "privilege": "call,all",
    "timestamp": "2025-07-01T12:11:04",
    "type": "call_answered",
    "uniqueid": "1751359305.45774"
}

{
    "call_type": "external",
    "caller_id_name": "263-SUP10",
    "caller_id_num": "263",
    "cause": "16",
    "cause_description": "",
    "cause_txt": "",
    "channel": "SIP/263-00000be2",
    "connected_line_name": "<unknown>",
    "connected_line_num": "<unknown>",
    "direction": "out",
    "end_time": "2025-07-01T12:12:47",
    "extension_number": "263",
    "has_ringing": false,
    "linkedid": "1751359305.45774",
    "other_extension_number": "09125715565",
    "raw_event": {
        "AccountCode": "",
        "CallerIDName": "<unknown>",
        "CallerIDNum": "3195015574",
        "Cause": "16",
        "Cause-txt": "Normal Clearing",
        "Channel": "SIP/263-00000be2",
        "ChannelState": "6",
        "ChannelStateDesc": "Up",
        "ConnectedLineName": "CID:3195015574",
        "ConnectedLineNum": "09125715565",
        "Context": "from-internal",
        "Event": "Hangup",
        "Exten": "h",
        "Language": "pr2",
        "Linkedid": "1751359305.45774",
        "Priority": "1",
        "Privilege": "call,all",
        "Uniqueid": "1751359305.45774"
    },
    "start_time": "2025-07-01T12:11:04",
    "status": "answered",
    "timestamp": "2025-07-01T12:12:47",
    "type": "call_ended",
    "uniqueid": "1751359305.45774"
}

{
    "call_duration": 103,
    "call_type": "external",
    "caller_id_name": "263-SUP10",
    "caller_id_num": "263",
    "cause": "16",
    "cause_description": "",
    "cause_txt": "",
    "channel": "SIP/263-00000be2",
    "connected_line_name": "<unknown>",
    "connected_line_num": "<unknown>",
    "direction": "out",
    "end_time": "2025-07-01T12:12:47",
    "extension_number": "263",
    "has_ringing": false,
    "linkedid": "1751359305.45774",
    "other_extension_number": "09125715565",
    "raw_event": {
        "AccountCode": "",
        "CallerIDName": "<unknown>",
        "CallerIDNum": "3195015574",
        "Cause": "16",
        "Cause-txt": "Normal Clearing",
        "Channel": "SIP/263-00000be2",
        "ChannelState": "6",
        "ChannelStateDesc": "Up",
        "ConnectedLineName": "CID:3195015574",
        "ConnectedLineNum": "09125715565",
        "Context": "from-internal",
        "Event": "Hangup",
        "Exten": "h",
        "Language": "pr2",
        "Linkedid": "1751359305.45774",
        "Priority": "1",
        "Privilege": "call,all",
        "Uniqueid": "1751359305.45774"
    },
    "start_time": "2025-07-01T12:11:04",
    "status": "answered",
    "timestamp": "2025-07-01T12:12:47",
    "type": "call_summary",
    "uniqueid": "1751359305.45774"
}

{
    "call_type": "",
    "caller_id_name": "263-SUP10",
    "caller_id_num": "263",
    "channel": "SIP/263-00000c05",
    "connected_line_name": "<unknown>",
    "connected_line_num": "<unknown>",
    "direction": "",
    "end_time": "",
    "extension_number": "263",
    "has_ringing": false,
    "linkedid": "1751359758.46235",
    "other_extension_number": "",
    "start_time": "2025-07-01T12:18:26",
    "status": "initiated",
    "timestamp": "2025-07-01T12:18:26",
    "type": "call_started",
    "uniqueid": "1751359758.46243"
}

{
    "channel": "SIP/263-00000c05",
    "privilege": "call,all",
    "timestamp": "2025-07-01T12:18:26",
    "type": "call_ringing",
    "uniqueid": "1751359758.46243"
}

{
    "channel": "SIP/263-00000c05",
    "privilege": "call,all",
    "timestamp": "2025-07-01T12:18:28",
    "type": "call_answered",
    "uniqueid": "1751359758.46243"
}

{
    "call_type": "external",
    "caller_id_name": "263-SUP10",
    "caller_id_num": "263",
    "cause": "16",
    "cause_description": "",
    "cause_txt": "",
    "channel": "SIP/263-00000c05",
    "connected_line_name": "<unknown>",
    "connected_line_num": "<unknown>",
    "direction": "in",
    "end_time": "2025-07-01T12:19:29",
    "extension_number": "263",
    "has_ringing": true,
    "linkedid": "1751359758.46235",
    "other_extension_number": "9143949641",
    "raw_event": {
        "AccountCode": "",
        "CallerIDName": "263-SUP10",
        "CallerIDNum": "263",
        "Cause": "16",
        "Cause-txt": "Normal Clearing",
        "Channel": "SIP/263-00000c05",
        "ChannelState": "6",
        "ChannelStateDesc": "Up",
        "ConnectedLineName": "9143949641",
        "ConnectedLineNum": "9143949641",
        "Context": "macro-dial-one",
        "Event": "Hangup",
        "Exten": "s",
        "Language": "pr2",
        "Linkedid": "1751359758.46235",
        "Priority": "1",
        "Privilege": "call,all",
        "Uniqueid": "1751359758.46243"
    },
    "start_time": "2025-07-01T12:18:28",
    "status": "answered",
    "timestamp": "2025-07-01T12:19:29",
    "type": "call_ended",
    "uniqueid": "1751359758.46243"
}

{
    "call_duration": 61,
    "call_type": "external",
    "caller_id_name": "263-SUP10",
    "caller_id_num": "263",
    "cause": "16",
    "cause_description": "",
    "cause_txt": "",
    "channel": "SIP/263-00000c05",
    "connected_line_name": "<unknown>",
    "connected_line_num": "<unknown>",
    "direction": "in",
    "end_time": "2025-07-01T12:19:29",
    "extension_number": "263",
    "has_ringing": true,
    "linkedid": "1751359758.46235",
    "other_extension_number": "9143949641",
    "raw_event": {
        "AccountCode": "",
        "CallerIDName": "263-SUP10",
        "CallerIDNum": "263",
        "Cause": "16",
        "Cause-txt": "Normal Clearing",
        "Channel": "SIP/263-00000c05",
        "ChannelState": "6",
        "ChannelStateDesc": "Up",
        "ConnectedLineName": "9143949641",
        "ConnectedLineNum": "9143949641",
        "Context": "macro-dial-one",
        "Event": "Hangup",
        "Exten": "s",
        "Language": "pr2",
        "Linkedid": "1751359758.46235",
        "Priority": "1",
        "Privilege": "call,all",
        "Uniqueid": "1751359758.46243"
    },
    "start_time": "2025-07-01T12:18:28",
    "status": "answered",
    "timestamp": "2025-07-01T12:19:29",
    "type": "call_summary",
    "uniqueid": "1751359758.46243"
}

{
    "extension": "263",
    "privilege": "call,all",
    "timestamp": "2025-07-01T12:49:38",
    "type": "monitor_initialized"
}

{
    "call_type": "",
    "caller_id_name": "263-SUP10",
    "caller_id_num": "263",
    "channel": "SIP/263-00000d3e",
    "connected_line_name": "<unknown>",
    "connected_line_num": "<unknown>",
    "direction": "",
    "end_time": "",
    "extension_number": "263",
    "has_ringing": false,
    "linkedid": "1751362629.50388",
    "other_extension_number": "",
    "start_time": "2025-07-01T13:06:17",
    "status": "initiated",
    "timestamp": "2025-07-01T13:06:17",
    "type": "call_started",
    "uniqueid": "1751362629.50391"
}

{
    "channel": "SIP/263-00000d3e",
    "privilege": "call,all",
    "timestamp": "2025-07-01T13:06:17",
    "type": "call_ringing",
    "uniqueid": "1751362629.50391"
}

{
    "call_type": "internal",
    "caller_id_name": "263-SUP10",
    "caller_id_num": "263",
    "cause": "16",
    "cause_description": "",
    "cause_txt": "",
    "channel": "SIP/263-00000d3e",
    "connected_line_name": "259-SUP9",
    "connected_line_num": "259",
    "direction": "in",
    "end_time": "2025-07-01T13:06:36",
    "extension_number": "263",
    "has_ringing": true,
    "linkedid": "1751362629.50388",
    "other_extension_number": "259",
    "raw_event": {
        "AccountCode": "",
        "CallerIDName": "263-SUP10",
        "CallerIDNum": "263",
        "Cause": "16",
        "Cause-txt": "Normal Clearing",
        "Channel": "SIP/263-00000d3e",
        "ChannelState": "5",
        "ChannelStateDesc": "Ringing",
        "ConnectedLineName": "259-SUP9",
        "ConnectedLineNum": "259",
        "Context": "from-internal",
        "Event": "Hangup",
        "Exten": "263",
        "Language": "pr2",
        "Linkedid": "1751362629.50388",
        "Priority": "1",
        "Privilege": "call,all",
        "Uniqueid": "1751362629.50391"
    },
    "start_time": "2025-07-01T13:06:17",
    "status": "ringing",
    "timestamp": "2025-07-01T13:06:36",
    "type": "call_ended",
    "uniqueid": "1751362629.50391"
}

{
    "call_duration": 19,
    "call_type": "internal",
    "caller_id_name": "263-SUP10",
    "caller_id_num": "263",
    "cause": "16",
    "cause_description": "",
    "cause_txt": "",
    "channel": "SIP/263-00000d3e",
    "connected_line_name": "259-SUP9",
    "connected_line_num": "259",
    "direction": "in",
    "end_time": "2025-07-01T13:06:36",
    "extension_number": "263",
    "has_ringing": true,
    "linkedid": "1751362629.50388",
    "other_extension_number": "259",
    "raw_event": {
        "AccountCode": "",
        "CallerIDName": "263-SUP10",
        "CallerIDNum": "263",
        "Cause": "16",
        "Cause-txt": "Normal Clearing",
        "Channel": "SIP/263-00000d3e",
        "ChannelState": "5",
        "ChannelStateDesc": "Ringing",
        "ConnectedLineName": "259-SUP9",
        "ConnectedLineNum": "259",
        "Context": "from-internal",
        "Event": "Hangup",
        "Exten": "263",
        "Language": "pr2",
        "Linkedid": "1751362629.50388",
        "Priority": "1",
        "Privilege": "call,all",
        "Uniqueid": "1751362629.50391"
    },
    "start_time": "2025-07-01T13:06:17",
    "status": "ringing",
    "timestamp": "2025-07-01T13:06:36",
    "type": "call_summary",
    "uniqueid": "1751362629.50391"
}

{
    "call_type": "",
    "caller_id_name": "263-SUP10",
    "caller_id_num": "263",
    "channel": "SIP/263-00000e06",
    "connected_line_name": "<unknown>",
    "connected_line_num": "<unknown>",
    "direction": "",
    "end_time": "",
    "extension_number": "263",
    "has_ringing": false,
    "linkedid": "1751364809.52736",
    "other_extension_number": "",
    "start_time": "2025-07-01T13:42:37",
    "status": "initiated",
    "timestamp": "2025-07-01T13:42:37",
    "type": "call_started",
    "uniqueid": "1751364809.52739"
}

{
    "channel": "SIP/263-00000e06",
    "privilege": "call,all",
    "timestamp": "2025-07-01T13:42:37",
    "type": "call_ringing",
    "uniqueid": "1751364809.52739"
}

{
    "call_type": "internal",
    "caller_id_name": "263-SUP10",
    "caller_id_num": "263",
    "cause": "16",
    "cause_description": "",
    "cause_txt": "",
    "channel": "SIP/263-00000e06",
    "connected_line_name": "123-SAL11",
    "connected_line_num": "123",
    "direction": "in",
    "end_time": "2025-07-01T13:42:56",
    "extension_number": "263",
    "has_ringing": true,
    "linkedid": "1751364809.52736",
    "other_extension_number": "123",
    "raw_event": {
        "AccountCode": "",
        "CallerIDName": "263-SUP10",
        "CallerIDNum": "263",
        "Cause": "16",
        "Cause-txt": "Normal Clearing",
        "Channel": "SIP/263-00000e06",
        "ChannelState": "5",
        "ChannelStateDesc": "Ringing",
        "ConnectedLineName": "123-SAL11",
        "ConnectedLineNum": "123",
        "Context": "from-internal",
        "Event": "Hangup",
        "Exten": "263",
        "Language": "pr2",
        "Linkedid": "1751364809.52736",
        "Priority": "1",
        "Privilege": "call,all",
        "Uniqueid": "1751364809.52739"
    },
    "start_time": "2025-07-01T13:42:37",
    "status": "ringing",
    "timestamp": "2025-07-01T13:42:56",
    "type": "call_ended",
    "uniqueid": "1751364809.52739"
}

{
    "call_duration": 18,
    "call_type": "internal",
    "caller_id_name": "263-SUP10",
    "caller_id_num": "263",
    "cause": "16",
    "cause_description": "",
    "cause_txt": "",
    "channel": "SIP/263-00000e06",
    "connected_line_name": "123-SAL11",
    "connected_line_num": "123",
    "direction": "in",
    "end_time": "2025-07-01T13:42:56",
    "extension_number": "263",
    "has_ringing": true,
    "linkedid": "1751364809.52736",
    "other_extension_number": "123",
    "raw_event": {
        "AccountCode": "",
        "CallerIDName": "263-SUP10",
        "CallerIDNum": "263",
        "Cause": "16",
        "Cause-txt": "Normal Clearing",
        "Channel": "SIP/263-00000e06",
        "ChannelState": "5",
        "ChannelStateDesc": "Ringing",
        "ConnectedLineName": "123-SAL11",
        "ConnectedLineNum": "123",
        "Context": "from-internal",
        "Event": "Hangup",
        "Exten": "263",
        "Language": "pr2",
        "Linkedid": "1751364809.52736",
        "Priority": "1",
        "Privilege": "call,all",
        "Uniqueid": "1751364809.52739"
    },
    "start_time": "2025-07-01T13:42:37",
    "status": "ringing",
    "timestamp": "2025-07-01T13:42:56",
    "type": "call_summary",
    "uniqueid": "1751364809.52739"
}

{
    "call_type": "",
    "caller_id_name": "263-SUP10",
    "caller_id_num": "263",
    "channel": "SIP/263-00000e7a",
    "connected_line_name": "<unknown>",
    "connected_line_num": "<unknown>",
    "direction": "",
    "end_time": "",
    "extension_number": "263",
    "has_ringing": false,
    "linkedid": "1751365890.53943",
    "other_extension_number": "",
    "start_time": "2025-07-01T14:01:02",
    "status": "initiated",
    "timestamp": "2025-07-01T14:01:02",
    "type": "call_started",
    "uniqueid": "1751365914.54000"
}

{
    "channel": "SIP/263-00000e7a",
    "privilege": "call,all",
    "timestamp": "2025-07-01T14:01:02",
    "type": "call_ringing",
    "uniqueid": "1751365914.54000"
}

{
    "call_type": "external",
    "caller_id_name": "263-SUP10",
    "caller_id_num": "263",
    "cause": "16",
    "cause_description": "",
    "cause_txt": "",
    "channel": "SIP/263-00000e7a",
    "connected_line_name": "9935999439",
    "connected_line_num": "9935999439",
    "direction": "in",
    "end_time": "2025-07-01T14:01:16",
    "extension_number": "263",
    "has_ringing": true,
    "linkedid": "1751365890.53943",
    "other_extension_number": "9935999439",
    "raw_event": {
        "AccountCode": "",
        "CallerIDName": "263-SUP10",
        "CallerIDNum": "263",
        "Cause": "16",
        "Cause-txt": "Normal Clearing",
        "Channel": "SIP/263-00000e7a",
        "ChannelState": "5",
        "ChannelStateDesc": "Ringing",
        "ConnectedLineName": "9935999439",
        "ConnectedLineNum": "9935999439",
        "Context": "from-internal",
        "Event": "Hangup",
        "Exten": "263",
        "Language": "pr2",
        "Linkedid": "1751365890.53943",
        "Priority": "1",
        "Privilege": "call,all",
        "Uniqueid": "1751365914.54000"
    },
    "start_time": "2025-07-01T14:01:02",
    "status": "ringing",
    "timestamp": "2025-07-01T14:01:16",
    "type": "call_ended",
    "uniqueid": "1751365914.54000"
}

{
    "call_duration": 14,
    "call_type": "external",
    "caller_id_name": "263-SUP10",
    "caller_id_num": "263",
    "cause": "16",
    "cause_description": "",
    "cause_txt": "",
    "channel": "SIP/263-00000e7a",
    "connected_line_name": "9935999439",
    "connected_line_num": "9935999439",
    "direction": "in",
    "end_time": "2025-07-01T14:01:16",
    "extension_number": "263",
    "has_ringing": true,
    "linkedid": "1751365890.53943",
    "other_extension_number": "9935999439",
    "raw_event": {
        "AccountCode": "",
        "CallerIDName": "263-SUP10",
        "CallerIDNum": "263",
        "Cause": "16",
        "Cause-txt": "Normal Clearing",
        "Channel": "SIP/263-00000e7a",
        "ChannelState": "5",
        "ChannelStateDesc": "Ringing",
        "ConnectedLineName": "9935999439",
        "ConnectedLineNum": "9935999439",
        "Context": "from-internal",
        "Event": "Hangup",
        "Exten": "263",
        "Language": "pr2",
        "Linkedid": "1751365890.53943",
        "Priority": "1",
        "Privilege": "call,all",
        "Uniqueid": "1751365914.54000"
    },
    "start_time": "2025-07-01T14:01:02",
    "status": "ringing",
    "timestamp": "2025-07-01T14:01:16",
    "type": "call_summary",
    "uniqueid": "1751365914.54000"
}

{
    "call_type": "",
    "caller_id_name": "263-SUP10",
    "caller_id_num": "263",
    "channel": "SIP/263-00000172",
    "connected_line_name": "<unknown>",
    "connected_line_num": "<unknown>",
    "direction": "",
    "end_time": "",
    "extension_number": "263",
    "has_ringing": false,
    "linkedid": "1751369753.4010",
    "other_extension_number": "",
    "start_time": "2025-07-01T15:05:00",
    "status": "initiated",
    "timestamp": "2025-07-01T15:05:00",
    "type": "call_started",
    "uniqueid": "1751369753.4010"
}

{
    "channel": "SIP/263-00000172",
    "privilege": "call,all",
    "timestamp": "2025-07-01T15:05:20",
    "type": "call_answered",
    "uniqueid": "1751369753.4010"
}

{
    "call_type": "external",
    "caller_id_name": "<unknown>",
    "caller_id_num": "36944000",
    "cause": "16",
    "cause_description": "",
    "cause_txt": "",
    "channel": "SIP/263-00000172",
    "connected_line_name": "CID:36944000",
    "connected_line_num": "09123201939",
    "direction": "out",
    "end_time": "2025-07-01T15:06:13",
    "extension_number": "263",
    "has_ringing": false,
    "linkedid": "1751369753.4010",
    "other_extension_number": "09123201939",
    "raw_event": {
        "AccountCode": "",
        "CallerIDName": "<unknown>",
        "CallerIDNum": "36944000",
        "Cause": "16",
        "Cause-txt": "Normal Clearing",
        "Channel": "SIP/263-00000172",
        "ChannelState": "6",
        "ChannelStateDesc": "Up",
        "ConnectedLineName": "CID:36944000",
        "ConnectedLineNum": "09123201939",
        "Context": "from-internal",
        "Event": "Hangup",
        "Exten": "h",
        "Language": "pr2",
        "Linkedid": "1751369753.4010",
        "Priority": "1",
        "Privilege": "call,all",
        "Uniqueid": "1751369753.4010"
    },
    "start_time": "2025-07-01T15:05:20",
    "status": "answered",
    "timestamp": "2025-07-01T15:06:13",
    "type": "call_ended",
    "uniqueid": "1751369753.4010"
}

{
    "call_duration": 52,
    "call_type": "external",
    "caller_id_name": "<unknown>",
    "caller_id_num": "36944000",
    "cause": "16",
    "cause_description": "",
    "cause_txt": "",
    "channel": "SIP/263-00000172",
    "connected_line_name": "CID:36944000",
    "connected_line_num": "09123201939",
    "direction": "out",
    "end_time": "2025-07-01T15:06:13",
    "extension_number": "263",
    "has_ringing": false,
    "linkedid": "1751369753.4010",
    "other_extension_number": "09123201939",
    "raw_event": {
        "AccountCode": "",
        "CallerIDName": "<unknown>",
        "CallerIDNum": "36944000",
        "Cause": "16",
        "Cause-txt": "Normal Clearing",
        "Channel": "SIP/263-00000172",
        "ChannelState": "6",
        "ChannelStateDesc": "Up",
        "ConnectedLineName": "CID:36944000",
        "ConnectedLineNum": "09123201939",
        "Context": "from-internal",
        "Event": "Hangup",
        "Exten": "h",
        "Language": "pr2",
        "Linkedid": "1751369753.4010",
        "Priority": "1",
        "Privilege": "call,all",
        "Uniqueid": "1751369753.4010"
    },
    "start_time": "2025-07-01T15:05:20",
    "status": "answered",
    "timestamp": "2025-07-01T15:06:13",
    "type": "call_summary",
    "uniqueid": "1751369753.4010"
}

{
    "call_type": "",
    "caller_id_name": "263-SUP10",
    "caller_id_num": "263",
    "channel": "SIP/263-000001ba",
    "connected_line_name": "<unknown>",
    "connected_line_num": "<unknown>",
    "direction": "",
    "end_time": "",
    "extension_number": "263",
    "has_ringing": false,
    "linkedid": "1751370292.4720",
    "other_extension_number": "",
    "start_time": "2025-07-01T15:13:59",
    "status": "initiated",
    "timestamp": "2025-07-01T15:13:59",
    "type": "call_started",
    "uniqueid": "1751370292.4720"
}

{
    "channel": "SIP/263-000001ba",
    "privilege": "call,all",
    "timestamp": "2025-07-01T15:13:59",
    "type": "call_answered",
    "uniqueid": "1751370292.4720"
}

{
    "call_type": "internal",
    "caller_id_name": "263-SUP10",
    "caller_id_num": "263",
    "cause": "16",
    "cause_description": "",
    "cause_txt": "",
    "channel": "SIP/263-000001ba",
    "connected_line_name": "251-SUP2",
    "connected_line_num": "251",
    "direction": "out",
    "end_time": "2025-07-01T15:14:25",
    "extension_number": "263",
    "has_ringing": false,
    "linkedid": "1751370275.4691",
    "other_extension_number": "251",
    "raw_event": {
        "AccountCode": "",
        "CallerIDName": "263-SUP10",
        "CallerIDNum": "263",
        "Cause": "16",
        "Cause-txt": "Normal Clearing",
        "Channel": "SIP/263-000001ba",
        "ChannelState": "6",
        "ChannelStateDesc": "Up",
        "ConnectedLineName": "251-SUP2",
        "ConnectedLineNum": "251",
        "Context": "from-internal",
        "Event": "Hangup",
        "Exten": "",
        "Language": "pr2",
        "Linkedid": "1751370275.4691",
        "Priority": "1",
        "Privilege": "call,all",
        "Uniqueid": "1751370292.4720"
    },
    "start_time": "2025-07-01T15:13:59",
    "status": "answered",
    "timestamp": "2025-07-01T15:14:25",
    "type": "call_ended",
    "uniqueid": "1751370292.4720"
}

{
    "call_duration": 25,
    "call_type": "internal",
    "caller_id_name": "263-SUP10",
    "caller_id_num": "263",
    "cause": "16",
    "cause_description": "",
    "cause_txt": "",
    "channel": "SIP/263-000001ba",
    "connected_line_name": "251-SUP2",
    "connected_line_num": "251",
    "direction": "out",
    "end_time": "2025-07-01T15:14:25",
    "extension_number": "263",
    "has_ringing": false,
    "linkedid": "1751370275.4691",
    "other_extension_number": "251",
    "raw_event": {
        "AccountCode": "",
        "CallerIDName": "263-SUP10",
        "CallerIDNum": "263",
        "Cause": "16",
        "Cause-txt": "Normal Clearing",
        "Channel": "SIP/263-000001ba",
        "ChannelState": "6",
        "ChannelStateDesc": "Up",
        "ConnectedLineName": "251-SUP2",
        "ConnectedLineNum": "251",
        "Context": "from-internal",
        "Event": "Hangup",
        "Exten": "",
        "Language": "pr2",
        "Linkedid": "1751370275.4691",
        "Priority": "1",
        "Privilege": "call,all",
        "Uniqueid": "1751370292.4720"
    },
    "start_time": "2025-07-01T15:13:59",
    "status": "answered",
    "timestamp": "2025-07-01T15:14:25",
    "type": "call_summary",
    "uniqueid": "1751370292.4720"
}

{
    "call_type": "",
    "caller_id_name": "263-SUP10",
    "caller_id_num": "263",
    "channel": "SIP/263-000003f6",
    "connected_line_name": "<unknown>",
    "connected_line_num": "<unknown>",
    "direction": "",
    "end_time": "",
    "extension_number": "263",
    "has_ringing": false,
    "linkedid": "1751374609.10625",
    "other_extension_number": "",
    "start_time": "2025-07-01T16:25:56",
    "status": "initiated",
    "timestamp": "2025-07-01T16:25:56",
    "type": "call_started",
    "uniqueid": "1751374609.10625"
}

{
    "channel": "SIP/263-000003f6",
    "privilege": "call,all",
    "timestamp": "2025-07-01T16:26:06",
    "type": "call_answered",
    "uniqueid": "1751374609.10625"
}

{
    "call_type": "external",
    "caller_id_name": "<unknown>",
    "caller_id_num": "36944000",
    "cause": "16",
    "cause_description": "",
    "cause_txt": "",
    "channel": "SIP/263-000003f6",
    "connected_line_name": "CID:36944000",
    "connected_line_num": "09127961963",
    "direction": "out",
    "end_time": "2025-07-01T16:30:55",
    "extension_number": "263",
    "has_ringing": false,
    "linkedid": "1751374609.10625",
    "other_extension_number": "09127961963",
    "raw_event": {
        "AccountCode": "",
        "CallerIDName": "<unknown>",
        "CallerIDNum": "36944000",
        "Cause": "16",
        "Cause-txt": "Normal Clearing",
        "Channel": "SIP/263-000003f6",
        "ChannelState": "6",
        "ChannelStateDesc": "Up",
        "ConnectedLineName": "CID:36944000",
        "ConnectedLineNum": "09127961963",
        "Context": "from-internal",
        "Event": "Hangup",
        "Exten": "h",
        "Language": "pr2",
        "Linkedid": "1751374609.10625",
        "Priority": "1",
        "Privilege": "call,all",
        "Uniqueid": "1751374609.10625"
    },
    "start_time": "2025-07-01T16:26:06",
    "status": "answered",
    "timestamp": "2025-07-01T16:30:55",
    "type": "call_ended",
    "uniqueid": "1751374609.10625"
}

{
    "call_duration": 288,
    "call_type": "external",
    "caller_id_name": "<unknown>",
    "caller_id_num": "36944000",
    "cause": "16",
    "cause_description": "",
    "cause_txt": "",
    "channel": "SIP/263-000003f6",
    "connected_line_name": "CID:36944000",
    "connected_line_num": "09127961963",
    "direction": "out",
    "end_time": "2025-07-01T16:30:55",
    "extension_number": "263",
    "has_ringing": false,
    "linkedid": "1751374609.10625",
    "other_extension_number": "09127961963",
    "raw_event": {
        "AccountCode": "",
        "CallerIDName": "<unknown>",
        "CallerIDNum": "36944000",
        "Cause": "16",
        "Cause-txt": "Normal Clearing",
        "Channel": "SIP/263-000003f6",
        "ChannelState": "6",
        "ChannelStateDesc": "Up",
        "ConnectedLineName": "CID:36944000",
        "ConnectedLineNum": "09127961963",
        "Context": "from-internal",
        "Event": "Hangup",
        "Exten": "h",
        "Language": "pr2",
        "Linkedid": "1751374609.10625",
        "Priority": "1",
        "Privilege": "call,all",
        "Uniqueid": "1751374609.10625"
    },
    "start_time": "2025-07-01T16:26:06",
    "status": "answered",
    "timestamp": "2025-07-01T16:30:55",
    "type": "call_summary",
    "uniqueid": "1751374609.10625"
}

{
    "call_type": "",
    "caller_id_name": "263-SUP10",
    "caller_id_num": "263",
    "channel": "SIP/263-0000041f",
    "connected_line_name": "<unknown>",
    "connected_line_num": "<unknown>",
    "direction": "",
    "end_time": "",
    "extension_number": "263",
    "has_ringing": false,
    "linkedid": "1751374930.11151",
    "other_extension_number": "",
    "start_time": "2025-07-01T16:31:18",
    "status": "initiated",
    "timestamp": "2025-07-01T16:31:18",
    "type": "call_started",
    "uniqueid": "1751374930.11151"
}

{
    "channel": "SIP/263-0000041f",
    "privilege": "call,all",
    "timestamp": "2025-07-01T16:31:24",
    "type": "call_answered",
    "uniqueid": "1751374930.11151"
}

{
    "call_type": "internal",
    "caller_id_name": "263-SUP10",
    "caller_id_num": "263",
    "cause": "16",
    "cause_description": "",
    "cause_txt": "",
    "channel": "SIP/263-0000041f",
    "connected_line_name": "255-SUP5",
    "connected_line_num": "255",
    "direction": "out",
    "end_time": "2025-07-01T16:32:08",
    "extension_number": "263",
    "has_ringing": false,
    "linkedid": "1751374930.11151",
    "other_extension_number": "255",
    "raw_event": {
        "AccountCode": "",
        "CallerIDName": "263-SUP10",
        "CallerIDNum": "263",
        "Cause": "16",
        "Cause-txt": "Normal Clearing",
        "Channel": "SIP/263-0000041f",
        "ChannelState": "6",
        "ChannelStateDesc": "Up",
        "ConnectedLineName": "255-SUP5",
        "ConnectedLineNum": "255",
        "Context": "from-internal",
        "Event": "Hangup",
        "Exten": "h",
        "Language": "pr2",
        "Linkedid": "1751374930.11151",
        "Priority": "1",
        "Privilege": "call,all",
        "Uniqueid": "1751374930.11151"
    },
    "start_time": "2025-07-01T16:31:24",
    "status": "answered",
    "timestamp": "2025-07-01T16:32:08",
    "type": "call_ended",
    "uniqueid": "1751374930.11151"
}

{
    "call_duration": 43,
    "call_type": "internal",
    "caller_id_name": "263-SUP10",
    "caller_id_num": "263",
    "cause": "16",
    "cause_description": "",
    "cause_txt": "",
    "channel": "SIP/263-0000041f",
    "connected_line_name": "255-SUP5",
    "connected_line_num": "255",
    "direction": "out",
    "end_time": "2025-07-01T16:32:08",
    "extension_number": "263",
    "has_ringing": false,
    "linkedid": "1751374930.11151",
    "other_extension_number": "255",
    "raw_event": {
        "AccountCode": "",
        "CallerIDName": "263-SUP10",
        "CallerIDNum": "263",
        "Cause": "16",
        "Cause-txt": "Normal Clearing",
        "Channel": "SIP/263-0000041f",
        "ChannelState": "6",
        "ChannelStateDesc": "Up",
        "ConnectedLineName": "255-SUP5",
        "ConnectedLineNum": "255",
        "Context": "from-internal",
        "Event": "Hangup",
        "Exten": "h",
        "Language": "pr2",
        "Linkedid": "1751374930.11151",
        "Priority": "1",
        "Privilege": "call,all",
        "Uniqueid": "1751374930.11151"
    },
    "start_time": "2025-07-01T16:31:24",
    "status": "answered",
    "timestamp": "2025-07-01T16:32:08",
    "type": "call_summary",
    "uniqueid": "1751374930.11151"
}

{
    "extension": "263",
    "privilege": "call,all",
    "timestamp": "2025-07-01T17:25:31",
    "type": "monitor_initialized"
}

{
    "extension": "263",
    "privilege": "call,all",
    "timestamp": "2025-07-01T22:10:29",
    "type": "monitor_initialized"
}

{
    "extension": "263",
    "privilege": "call,all",
    "timestamp": "2025-07-01T22:10:49",
    "type": "monitor_initialized"
}

{
    "extension": "263",
    "privilege": "call,all",
    "timestamp": "2025-07-01T22:12:24",
    "type": "monitor_initialized"
}

{
    "extension": "263",
    "privilege": "call,all",
    "timestamp": "2025-07-01T22:13:46",
    "type": "monitor_initialized"
}

{
    "extension": "263",
    "privilege": "call,all",
    "timestamp": "2025-07-01T22:21:57",
    "type": "monitor_initialized"
}

{
    "extension": "263",
    "privilege": "call,all",
    "timestamp": "2025-07-01T22:24:21",
    "type": "monitor_initialized"
}

{
    "extension": "263",
    "privilege": "call,all",
    "timestamp": "2025-07-01T22:27:39",
    "type": "monitor_initialized"
}

{
    "extension": "263",
    "privilege": "call,all",
    "timestamp": "2025-07-01T22:30:42",
    "type": "monitor_initialized"
}

{
    "extension": "263",
    "privilege": "call,all",
    "timestamp": "2025-07-01T22:32:49",
    "type": "monitor_initialized"
}

{
    "extension": "263",
    "privilege": "call,all",
    "timestamp": "2025-07-01T23:15:48",
    "type": "monitor_initialized"
}

{
    "extension": "263",
    "privilege": "call,all",
    "timestamp": "2025-07-02T01:19:48",
    "type": "monitor_initialized"
}

{
    "extension": "263",
    "privilege": "call,all",
    "timestamp": "2025-07-02T01:38:59",
    "type": "monitor_initialized"
}

{
    "extension": "263",
    "privilege": "call,all",
    "timestamp": "2025-07-02T01:46:06",
    "type": "monitor_initialized"
}

{
    "extension": "263",
    "privilege": "call,all",
    "timestamp": "2025-07-02T03:52:41",
    "type": "monitor_initialized"
}

{
    "extension": "263",
    "privilege": "call,all",
    "timestamp": "2025-07-07T12:25:08",
    "type": "monitor_initialized"
}

{
    "call_type": "",
    "caller_id_name": "263-SUP10",
    "caller_id_num": "263",
    "channel": "SIP/263-00000b66",
    "connected_line_name": "<unknown>",
    "connected_line_num": "<unknown>",
    "direction": "",
    "end_time": "",
    "extension_number": "263",
    "has_ringing": false,
    "linkedid": "1751878633.107163",
    "other_extension_number": "",
    "start_time": "2025-07-07T12:26:36",
    "status": "initiated",
    "timestamp": "2025-07-07T12:26:36",
    "type": "call_started",
    "uniqueid": "1751878648.107196"
}

{
    "channel": "SIP/263-00000b66",
    "privilege": "call,all",
    "timestamp": "2025-07-07T12:26:36",
    "type": "call_ringing",
    "uniqueid": "1751878648.107196"
}

{
    "channel": "SIP/263-00000b66",
    "privilege": "call,all",
    "timestamp": "2025-07-07T12:26:43",
    "type": "call_answered",
    "uniqueid": "1751878648.107196"
}

{
    "call_type": "external",
    "caller_id_name": "263-SUP10",
    "caller_id_num": "263",
    "cause": "16",
    "cause_description": "",
    "cause_txt": "",
    "channel": "SIP/263-00000b66",
    "connected_line_name": "9120979311",
    "connected_line_num": "9120979311",
    "direction": "in",
    "end_time": "2025-07-07T12:28:19",
    "extension_number": "263",
    "has_ringing": true,
    "linkedid": "1751878633.107163",
    "other_extension_number": "9120979311",
    "raw_event": {
        "AccountCode": "",
        "CallerIDName": "263-SUP10",
        "CallerIDNum": "263",
        "Cause": "16",
        "Cause-txt": "Normal Clearing",
        "Channel": "SIP/263-00000b66",
        "ChannelState": "6",
        "ChannelStateDesc": "Up",
        "ConnectedLineName": "9120979311",
        "ConnectedLineNum": "9120979311",
        "Context": "macro-dial-one",
        "Event": "Hangup",
        "Exten": "s",
        "Language": "pr2",
        "Linkedid": "1751878633.107163",
        "Priority": "1",
        "Privilege": "call,all",
        "Uniqueid": "1751878648.107196"
    },
    "start_time": "2025-07-07T12:26:43",
    "status": "answered",
    "timestamp": "2025-07-07T12:28:19",
    "type": "call_ended",
    "uniqueid": "1751878648.107196"
}

{
    "call_duration": 95,
    "call_type": "external",
    "caller_id_name": "263-SUP10",
    "caller_id_num": "263",
    "cause": "16",
    "cause_description": "",
    "cause_txt": "",
    "channel": "SIP/263-00000b66",
    "connected_line_name": "9120979311",
    "connected_line_num": "9120979311",
    "direction": "in",
    "end_time": "2025-07-07T12:28:19",
    "extension_number": "263",
    "has_ringing": true,
    "linkedid": "1751878633.107163",
    "other_extension_number": "9120979311",
    "raw_event": {
        "AccountCode": "",
        "CallerIDName": "263-SUP10",
        "CallerIDNum": "263",
        "Cause": "16",
        "Cause-txt": "Normal Clearing",
        "Channel": "SIP/263-00000b66",
        "ChannelState": "6",
        "ChannelStateDesc": "Up",
        "ConnectedLineName": "9120979311",
        "ConnectedLineNum": "9120979311",
        "Context": "macro-dial-one",
        "Event": "Hangup",
        "Exten": "s",
        "Language": "pr2",
        "Linkedid": "1751878633.107163",
        "Priority": "1",
        "Privilege": "call,all",
        "Uniqueid": "1751878648.107196"
    },
    "start_time": "2025-07-07T12:26:43",
    "status": "answered",
    "timestamp": "2025-07-07T12:28:19",
    "type": "call_summary",
    "uniqueid": "1751878648.107196"
}

{
    "call_type": "",
    "caller_id_name": "263-SUP10",
    "caller_id_num": "263",
    "channel": "SIP/263-00000be7",
    "connected_line_name": "<unknown>",
    "connected_line_num": "<unknown>",
    "direction": "",
    "end_time": "",
    "extension_number": "263",
    "has_ringing": false,
    "linkedid": "1751879736.108721",
    "other_extension_number": "",
    "start_time": "2025-07-07T12:44:43",
    "status": "initiated",
    "timestamp": "2025-07-07T12:44:43",
    "type": "call_started",
    "uniqueid": "1751879736.108721"
}

{
    "channel": "SIP/263-00000be7",
    "privilege": "call,all",
    "timestamp": "2025-07-07T12:45:03",
    "type": "call_answered",
    "uniqueid": "1751879736.108721"
}

{
    "call_type": "internal",
    "caller_id_name": "263-SUP10",
    "caller_id_num": "263",
    "cause": "0",
    "cause_description": "",
    "cause_txt": "",
    "channel": "SIP/263-00000be7",
    "connected_line_name": "512-ICT3",
    "connected_line_num": "512",
    "direction": "out",
    "end_time": "2025-07-07T12:45:05",
    "extension_number": "263",
    "has_ringing": false,
    "linkedid": "1751879736.108721",
    "other_extension_number": "512",
    "raw_event": {
        "AccountCode": "",
        "CallerIDName": "263-SUP10",
        "CallerIDNum": "263",
        "Cause": "0",
        "Cause-txt": "Unknown",
        "Channel": "SIP/263-00000be7",
        "ChannelState": "6",
        "ChannelStateDesc": "Up",
        "ConnectedLineName": "512-ICT3",
        "ConnectedLineNum": "512",
        "Context": "app-announcement-4",
        "Event": "Hangup",
        "Exten": "s",
        "Language": "pr2",
        "Linkedid": "1751879736.108721",
        "Priority": "5",
        "Privilege": "call,all",
        "Uniqueid": "1751879736.108721"
    },
    "start_time": "2025-07-07T12:45:03",
    "status": "answered",
    "timestamp": "2025-07-07T12:45:05",
    "type": "call_ended",
    "uniqueid": "1751879736.108721"
}

{
    "call_duration": 2,
    "call_type": "internal",
    "caller_id_name": "263-SUP10",
    "caller_id_num": "263",
    "cause": "0",
    "cause_description": "",
    "cause_txt": "",
    "channel": "SIP/263-00000be7",
    "connected_line_name": "512-ICT3",
    "connected_line_num": "512",
    "direction": "out",
    "end_time": "2025-07-07T12:45:05",
    "extension_number": "263",
    "has_ringing": false,
    "linkedid": "1751879736.108721",
    "other_extension_number": "512",
    "raw_event": {
        "AccountCode": "",
        "CallerIDName": "263-SUP10",
        "CallerIDNum": "263",
        "Cause": "0",
        "Cause-txt": "Unknown",
        "Channel": "SIP/263-00000be7",
        "ChannelState": "6",
        "ChannelStateDesc": "Up",
        "ConnectedLineName": "512-ICT3",
        "ConnectedLineNum": "512",
        "Context": "app-announcement-4",
        "Event": "Hangup",
        "Exten": "s",
        "Language": "pr2",
        "Linkedid": "1751879736.108721",
        "Priority": "5",
        "Privilege": "call,all",
        "Uniqueid": "1751879736.108721"
    },
    "start_time": "2025-07-07T12:45:03",
    "status": "answered",
    "timestamp": "2025-07-07T12:45:05",
    "type": "call_summary",
    "uniqueid": "1751879736.108721"
}

{
    "call_type": "",
    "caller_id_name": "263-SUP10",
    "caller_id_num": "263",
    "channel": "SIP/263-00000beb",
    "connected_line_name": "<unknown>",
    "connected_line_num": "<unknown>",
    "direction": "",
    "end_time": "",
    "extension_number": "263",
    "has_ringing": false,
    "linkedid": "1751879767.108757",
    "other_extension_number": "",
    "start_time": "2025-07-07T12:45:14",
    "status": "initiated",
    "timestamp": "2025-07-07T12:45:14",
    "type": "call_started",
    "uniqueid": "1751879767.108757"
}

{
    "channel": "SIP/263-00000beb",
    "privilege": "call,all",
    "timestamp": "2025-07-07T12:45:21",
    "type": "call_answered",
    "uniqueid": "1751879767.108757"
}

{
    "call_type": "internal",
    "caller_id_name": "263-SUP10",
    "caller_id_num": "263",
    "cause": "16",
    "cause_description": "",
    "cause_txt": "",
    "channel": "SIP/263-00000beb",
    "connected_line_name": "270-SUP13",
    "connected_line_num": "270",
    "direction": "out",
    "end_time": "2025-07-07T12:45:41",
    "extension_number": "263",
    "has_ringing": false,
    "linkedid": "1751879767.108757",
    "other_extension_number": "270",
    "raw_event": {
        "AccountCode": "",
        "CallerIDName": "263-SUP10",
        "CallerIDNum": "263",
        "Cause": "16",
        "Cause-txt": "Normal Clearing",
        "Channel": "SIP/263-00000beb",
        "ChannelState": "6",
        "ChannelStateDesc": "Up",
        "ConnectedLineName": "270-SUP13",
        "ConnectedLineNum": "270",
        "Context": "from-internal",
        "Event": "Hangup",
        "Exten": "h",
        "Language": "pr2",
        "Linkedid": "1751879767.108757",
        "Priority": "1",
        "Privilege": "call,all",
        "Uniqueid": "1751879767.108757"
    },
    "start_time": "2025-07-07T12:45:21",
    "status": "answered",
    "timestamp": "2025-07-07T12:45:41",
    "type": "call_ended",
    "uniqueid": "1751879767.108757"
}

{
    "call_duration": 19,
    "call_type": "internal",
    "caller_id_name": "263-SUP10",
    "caller_id_num": "263",
    "cause": "16",
    "cause_description": "",
    "cause_txt": "",
    "channel": "SIP/263-00000beb",
    "connected_line_name": "270-SUP13",
    "connected_line_num": "270",
    "direction": "out",
    "end_time": "2025-07-07T12:45:41",
    "extension_number": "263",
    "has_ringing": false,
    "linkedid": "1751879767.108757",
    "other_extension_number": "270",
    "raw_event": {
        "AccountCode": "",
        "CallerIDName": "263-SUP10",
        "CallerIDNum": "263",
        "Cause": "16",
        "Cause-txt": "Normal Clearing",
        "Channel": "SIP/263-00000beb",
        "ChannelState": "6",
        "ChannelStateDesc": "Up",
        "ConnectedLineName": "270-SUP13",
        "ConnectedLineNum": "270",
        "Context": "from-internal",
        "Event": "Hangup",
        "Exten": "h",
        "Language": "pr2",
        "Linkedid": "1751879767.108757",
        "Priority": "1",
        "Privilege": "call,all",
        "Uniqueid": "1751879767.108757"
    },
    "start_time": "2025-07-07T12:45:21",
    "status": "answered",
    "timestamp": "2025-07-07T12:45:41",
    "type": "call_summary",
    "uniqueid": "1751879767.108757"
}

{
    "call_type": "",
    "caller_id_name": "263-SUP10",
    "caller_id_num": "263",
    "channel": "SIP/263-00000bf1",
    "connected_line_name": "<unknown>",
    "connected_line_num": "<unknown>",
    "direction": "",
    "end_time": "",
    "extension_number": "263",
    "has_ringing": false,
    "linkedid": "1751879807.108804",
    "other_extension_number": "",
    "start_time": "2025-07-07T12:45:54",
    "status": "initiated",
    "timestamp": "2025-07-07T12:45:54",
    "type": "call_started",
    "uniqueid": "1751879807.108804"
}

{
    "channel": "SIP/263-00000bf1",
    "privilege": "call,all",
    "timestamp": "2025-07-07T12:46:13",
    "type": "call_answered",
    "uniqueid": "1751879807.108804"
}

{
    "call_type": "internal",
    "caller_id_name": "263-SUP10",
    "caller_id_num": "263",
    "cause": "16",
    "cause_description": "",
    "cause_txt": "",
    "channel": "SIP/263-00000bf1",
    "connected_line_name": "512-ICT3",
    "connected_line_num": "512",
    "direction": "out",
    "end_time": "2025-07-07T12:46:40",
    "extension_number": "263",
    "has_ringing": false,
    "linkedid": "1751879807.108804",
    "other_extension_number": "512",
    "raw_event": {
        "AccountCode": "",
        "CallerIDName": "263-SUP10",
        "CallerIDNum": "263",
        "Cause": "16",
        "Cause-txt": "Normal Clearing",
        "Channel": "SIP/263-00000bf1",
        "ChannelState": "6",
        "ChannelStateDesc": "Up",
        "ConnectedLineName": "512-ICT3",
        "ConnectedLineNum": "512",
        "Context": "from-internal",
        "Event": "Hangup",
        "Exten": "h",
        "Language": "pr2",
        "Linkedid": "1751879807.108804",
        "Priority": "1",
        "Privilege": "call,all",
        "Uniqueid": "1751879807.108804"
    },
    "start_time": "2025-07-07T12:46:13",
    "status": "answered",
    "timestamp": "2025-07-07T12:46:40",
    "type": "call_ended",
    "uniqueid": "1751879807.108804"
}

{
    "call_duration": 26,
    "call_type": "internal",
    "caller_id_name": "263-SUP10",
    "caller_id_num": "263",
    "cause": "16",
    "cause_description": "",
    "cause_txt": "",
    "channel": "SIP/263-00000bf1",
    "connected_line_name": "512-ICT3",
    "connected_line_num": "512",
    "direction": "out",
    "end_time": "2025-07-07T12:46:40",
    "extension_number": "263",
    "has_ringing": false,
    "linkedid": "1751879807.108804",
    "other_extension_number": "512",
    "raw_event": {
        "AccountCode": "",
        "CallerIDName": "263-SUP10",
        "CallerIDNum": "263",
        "Cause": "16",
        "Cause-txt": "Normal Clearing",
        "Channel": "SIP/263-00000bf1",
        "ChannelState": "6",
        "ChannelStateDesc": "Up",
        "ConnectedLineName": "512-ICT3",
        "ConnectedLineNum": "512",
        "Context": "from-internal",
        "Event": "Hangup",
        "Exten": "h",
        "Language": "pr2",
        "Linkedid": "1751879807.108804",
        "Priority": "1",
        "Privilege": "call,all",
        "Uniqueid": "1751879807.108804"
    },
    "start_time": "2025-07-07T12:46:13",
    "status": "answered",
    "timestamp": "2025-07-07T12:46:40",
    "type": "call_summary",
    "uniqueid": "1751879807.108804"
}

{
    "call_type": "",
    "caller_id_name": "263-SUP10",
    "caller_id_num": "263",
    "channel": "SIP/263-00000bfa",
    "connected_line_name": "<unknown>",
    "connected_line_num": "<unknown>",
    "direction": "",
    "end_time": "",
    "extension_number": "263",
    "has_ringing": false,
    "linkedid": "1751879869.108877",
    "other_extension_number": "",
    "start_time": "2025-07-07T12:46:56",
    "status": "initiated",
    "timestamp": "2025-07-07T12:46:56",
    "type": "call_started",
    "uniqueid": "1751879869.108877"
}

{
    "channel": "SIP/263-00000bfa",
    "privilege": "call,all",
    "timestamp": "2025-07-07T12:47:06",
    "type": "call_answered",
    "uniqueid": "1751879869.108877"
}

{
    "call_type": "external",
    "caller_id_name": "<unknown>",
    "caller_id_num": "36944000",
    "cause": "16",
    "cause_description": "",
    "cause_txt": "",
    "channel": "SIP/263-00000bfa",
    "connected_line_name": "CID:36944000",
    "connected_line_num": "09136644330",
    "direction": "out",
    "end_time": "2025-07-07T12:47:34",
    "extension_number": "263",
    "has_ringing": false,
    "linkedid": "1751879869.108877",
    "other_extension_number": "09136644330",
    "raw_event": {
        "AccountCode": "",
        "CallerIDName": "<unknown>",
        "CallerIDNum": "36944000",
        "Cause": "16",
        "Cause-txt": "Normal Clearing",
        "Channel": "SIP/263-00000bfa",
        "ChannelState": "6",
        "ChannelStateDesc": "Up",
        "ConnectedLineName": "CID:36944000",
        "ConnectedLineNum": "09136644330",
        "Context": "from-internal",
        "Event": "Hangup",
        "Exten": "h",
        "Language": "pr2",
        "Linkedid": "1751879869.108877",
        "Priority": "1",
        "Privilege": "call,all",
        "Uniqueid": "1751879869.108877"
    },
    "start_time": "2025-07-07T12:47:06",
    "status": "answered",
    "timestamp": "2025-07-07T12:47:34",
    "type": "call_ended",
    "uniqueid": "1751879869.108877"
}

{
    "call_duration": 28,
    "call_type": "external",
    "caller_id_name": "<unknown>",
    "caller_id_num": "36944000",
    "cause": "16",
    "cause_description": "",
    "cause_txt": "",
    "channel": "SIP/263-00000bfa",
    "connected_line_name": "CID:36944000",
    "connected_line_num": "09136644330",
    "direction": "out",
    "end_time": "2025-07-07T12:47:34",
    "extension_number": "263",
    "has_ringing": false,
    "linkedid": "1751879869.108877",
    "other_extension_number": "09136644330",
    "raw_event": {
        "AccountCode": "",
        "CallerIDName": "<unknown>",
        "CallerIDNum": "36944000",
        "Cause": "16",
        "Cause-txt": "Normal Clearing",
        "Channel": "SIP/263-00000bfa",
        "ChannelState": "6",
        "ChannelStateDesc": "Up",
        "ConnectedLineName": "CID:36944000",
        "ConnectedLineNum": "09136644330",
        "Context": "from-internal",
        "Event": "Hangup",
        "Exten": "h",
        "Language": "pr2",
        "Linkedid": "1751879869.108877",
        "Priority": "1",
        "Privilege": "call,all",
        "Uniqueid": "1751879869.108877"
    },
    "start_time": "2025-07-07T12:47:06",
    "status": "answered",
    "timestamp": "2025-07-07T12:47:34",
    "type": "call_summary",
    "uniqueid": "1751879869.108877"
}

{
    "call_type": "",
    "caller_id_name": "263-SUP10",
    "caller_id_num": "263",
    "channel": "SIP/263-00000bfe",
    "connected_line_name": "<unknown>",
    "connected_line_num": "<unknown>",
    "direction": "",
    "end_time": "",
    "extension_number": "263",
    "has_ringing": false,
    "linkedid": "1751879917.108942",
    "other_extension_number": "",
    "start_time": "2025-07-07T12:47:44",
    "status": "initiated",
    "timestamp": "2025-07-07T12:47:44",
    "type": "call_started",
    "uniqueid": "1751879917.108942"
}

{
    "channel": "SIP/263-00000bfe",
    "privilege": "call,all",
    "timestamp": "2025-07-07T12:47:56",
    "type": "call_answered",
    "uniqueid": "1751879917.108942"
}

{
    "call_type": "external",
    "caller_id_name": "<unknown>",
    "caller_id_num": "36944000",
    "cause": "16",
    "cause_description": "",
    "cause_txt": "",
    "channel": "SIP/263-00000bfe",
    "connected_line_name": "CID:36944000",
    "connected_line_num": "09117519478",
    "direction": "out",
    "end_time": "2025-07-07T12:48:28",
    "extension_number": "263",
    "has_ringing": false,
    "linkedid": "1751879917.108942",
    "other_extension_number": "09117519478",
    "raw_event": {
        "AccountCode": "",
        "CallerIDName": "<unknown>",
        "CallerIDNum": "36944000",
        "Cause": "16",
        "Cause-txt": "Normal Clearing",
        "Channel": "SIP/263-00000bfe",
        "ChannelState": "6",
        "ChannelStateDesc": "Up",
        "ConnectedLineName": "CID:36944000",
        "ConnectedLineNum": "09117519478",
        "Context": "from-internal",
        "Event": "Hangup",
        "Exten": "h",
        "Language": "pr2",
        "Linkedid": "1751879917.108942",
        "Priority": "1",
        "Privilege": "call,all",
        "Uniqueid": "1751879917.108942"
    },
    "start_time": "2025-07-07T12:47:56",
    "status": "answered",
    "timestamp": "2025-07-07T12:48:28",
    "type": "call_ended",
    "uniqueid": "1751879917.108942"
}

{
    "call_duration": 31,
    "call_type": "external",
    "caller_id_name": "<unknown>",
    "caller_id_num": "36944000",
    "cause": "16",
    "cause_description": "",
    "cause_txt": "",
    "channel": "SIP/263-00000bfe",
    "connected_line_name": "CID:36944000",
    "connected_line_num": "09117519478",
    "direction": "out",
    "end_time": "2025-07-07T12:48:28",
    "extension_number": "263",
    "has_ringing": false,
    "linkedid": "1751879917.108942",
    "other_extension_number": "09117519478",
    "raw_event": {
        "AccountCode": "",
        "CallerIDName": "<unknown>",
        "CallerIDNum": "36944000",
        "Cause": "16",
        "Cause-txt": "Normal Clearing",
        "Channel": "SIP/263-00000bfe",
        "ChannelState": "6",
        "ChannelStateDesc": "Up",
        "ConnectedLineName": "CID:36944000",
        "ConnectedLineNum": "09117519478",
        "Context": "from-internal",
        "Event": "Hangup",
        "Exten": "h",
        "Language": "pr2",
        "Linkedid": "1751879917.108942",
        "Priority": "1",
        "Privilege": "call,all",
        "Uniqueid": "1751879917.108942"
    },
    "start_time": "2025-07-07T12:47:56",
    "status": "answered",
    "timestamp": "2025-07-07T12:48:28",
    "type": "call_summary",
    "uniqueid": "1751879917.108942"
}

{
    "call_type": "",
    "caller_id_name": "263-SUP10",
    "caller_id_num": "263",
    "channel": "SIP/263-00000c05",
    "connected_line_name": "<unknown>",
    "connected_line_num": "<unknown>",
    "direction": "",
    "end_time": "",
    "extension_number": "263",
    "has_ringing": false,
    "linkedid": "1751879977.109028",
    "other_extension_number": "",
    "start_time": "2025-07-07T12:48:44",
    "status": "initiated",
    "timestamp": "2025-07-07T12:48:44",
    "type": "call_started",
    "uniqueid": "1751879977.109028"
}

{
    "channel": "SIP/263-00000c05",
    "privilege": "call,all",
    "timestamp": "2025-07-07T12:48:54",
    "type": "call_answered",
    "uniqueid": "1751879977.109028"
}

{
    "call_type": "external",
    "caller_id_name": "<unknown>",
    "caller_id_num": "36944000",
    "cause": "16",
    "cause_description": "",
    "cause_txt": "",
    "channel": "SIP/263-00000c05",
    "connected_line_name": "CID:36944000",
    "connected_line_num": "09357724355",
    "direction": "out",
    "end_time": "2025-07-07T12:49:44",
    "extension_number": "263",
    "has_ringing": false,
    "linkedid": "1751879977.109028",
    "other_extension_number": "09357724355",
    "raw_event": {
        "AccountCode": "",
        "CallerIDName": "<unknown>",
        "CallerIDNum": "36944000",
        "Cause": "16",
        "Cause-txt": "Normal Clearing",
        "Channel": "SIP/263-00000c05",
        "ChannelState": "6",
        "ChannelStateDesc": "Up",
        "ConnectedLineName": "CID:36944000",
        "ConnectedLineNum": "09357724355",
        "Context": "from-internal",
        "Event": "Hangup",
        "Exten": "h",
        "Language": "pr2",
        "Linkedid": "1751879977.109028",
        "Priority": "1",
        "Privilege": "call,all",
        "Uniqueid": "1751879977.109028"
    },
    "start_time": "2025-07-07T12:48:54",
    "status": "answered",
    "timestamp": "2025-07-07T12:49:44",
    "type": "call_ended",
    "uniqueid": "1751879977.109028"
}

{
    "call_duration": 50,
    "call_type": "external",
    "caller_id_name": "<unknown>",
    "caller_id_num": "36944000",
    "cause": "16",
    "cause_description": "",
    "cause_txt": "",
    "channel": "SIP/263-00000c05",
    "connected_line_name": "CID:36944000",
    "connected_line_num": "09357724355",
    "direction": "out",
    "end_time": "2025-07-07T12:49:44",
    "extension_number": "263",
    "has_ringing": false,
    "linkedid": "1751879977.109028",
    "other_extension_number": "09357724355",
    "raw_event": {
        "AccountCode": "",
        "CallerIDName": "<unknown>",
        "CallerIDNum": "36944000",
        "Cause": "16",
        "Cause-txt": "Normal Clearing",
        "Channel": "SIP/263-00000c05",
        "ChannelState": "6",
        "ChannelStateDesc": "Up",
        "ConnectedLineName": "CID:36944000",
        "ConnectedLineNum": "09357724355",
        "Context": "from-internal",
        "Event": "Hangup",
        "Exten": "h",
        "Language": "pr2",
        "Linkedid": "1751879977.109028",
        "Priority": "1",
        "Privilege": "call,all",
        "Uniqueid": "1751879977.109028"
    },
    "start_time": "2025-07-07T12:48:54",
    "status": "answered",
    "timestamp": "2025-07-07T12:49:44",
    "type": "call_summary",
    "uniqueid": "1751879977.109028"
}

{
    "call_type": "",
    "caller_id_name": "263-SUP10",
    "caller_id_num": "263",
    "channel": "SIP/263-00000c38",
    "connected_line_name": "<unknown>",
    "connected_line_num": "<unknown>",
    "direction": "",
    "end_time": "",
    "extension_number": "263",
    "has_ringing": false,
    "linkedid": "1751880272.109528",
    "other_extension_number": "",
    "start_time": "2025-07-07T12:53:40",
    "status": "initiated",
    "timestamp": "2025-07-07T12:53:40",
    "type": "call_started",
    "uniqueid": "1751880272.109531"
}

{
    "channel": "SIP/263-00000c38",
    "privilege": "call,all",
    "timestamp": "2025-07-07T12:53:40",
    "type": "call_ringing",
    "uniqueid": "1751880272.109531"
}

{
    "call_type": "internal",
    "caller_id_name": "263-SUP10",
    "caller_id_num": "263",
    "cause": "16",
    "cause_description": "",
    "cause_txt": "",
    "channel": "SIP/263-00000c38",
    "connected_line_name": "523-SM3",
    "connected_line_num": "523",
    "direction": "in",
    "end_time": "2025-07-07T12:53:57",
    "extension_number": "263",
    "has_ringing": true,
    "linkedid": "1751880272.109528",
    "other_extension_number": "523",
    "raw_event": {
        "AccountCode": "",
        "CallerIDName": "263-SUP10",
        "CallerIDNum": "263",
        "Cause": "16",
        "Cause-txt": "Normal Clearing",
        "Channel": "SIP/263-00000c38",
        "ChannelState": "5",
        "ChannelStateDesc": "Ringing",
        "ConnectedLineName": "523-SM3",
        "ConnectedLineNum": "523",
        "Context": "from-internal",
        "Event": "Hangup",
        "Exten": "263",
        "Language": "pr2",
        "Linkedid": "1751880272.109528",
        "Priority": "1",
        "Privilege": "call,all",
        "Uniqueid": "1751880272.109531"
    },
    "start_time": "2025-07-07T12:53:40",
    "status": "ringing",
    "timestamp": "2025-07-07T12:53:57",
    "type": "call_ended",
    "uniqueid": "1751880272.109531"
}

{
    "call_duration": 17,
    "call_type": "internal",
    "caller_id_name": "263-SUP10",
    "caller_id_num": "263",
    "cause": "16",
    "cause_description": "",
    "cause_txt": "",
    "channel": "SIP/263-00000c38",
    "connected_line_name": "523-SM3",
    "connected_line_num": "523",
    "direction": "in",
    "end_time": "2025-07-07T12:53:57",
    "extension_number": "263",
    "has_ringing": true,
    "linkedid": "1751880272.109528",
    "other_extension_number": "523",
    "raw_event": {
        "AccountCode": "",
        "CallerIDName": "263-SUP10",
        "CallerIDNum": "263",
        "Cause": "16",
        "Cause-txt": "Normal Clearing",
        "Channel": "SIP/263-00000c38",
        "ChannelState": "5",
        "ChannelStateDesc": "Ringing",
        "ConnectedLineName": "523-SM3",
        "ConnectedLineNum": "523",
        "Context": "from-internal",
        "Event": "Hangup",
        "Exten": "263",
        "Language": "pr2",
        "Linkedid": "1751880272.109528",
        "Priority": "1",
        "Privilege": "call,all",
        "Uniqueid": "1751880272.109531"
    },
    "start_time": "2025-07-07T12:53:40",
    "status": "ringing",
    "timestamp": "2025-07-07T12:53:57",
    "type": "call_summary",
    "uniqueid": "1751880272.109531"
}

{
    "extension": "263",
    "privilege": "call,all",
    "timestamp": "2025-07-07T12:56:52",
    "type": "monitor_initialized"
}

{
    "call_type": "",
    "caller_id_name": "263-SUP10",
    "caller_id_num": "263",
    "channel": "SIP/263-00000c62",
    "connected_line_name": "<unknown>",
    "connected_line_num": "<unknown>",
    "direction": "",
    "end_time": "",
    "extension_number": "263",
    "has_ringing": false,
    "linkedid": "1751880409.109720",
    "other_extension_number": "",
    "start_time": "2025-07-07T12:58:09",
    "status": "initiated",
    "timestamp": "2025-07-07T12:58:09",
    "type": "call_started",
    "uniqueid": "1751880542.109957"
}

{
    "channel": "SIP/263-00000c62",
    "privilege": "call,all",
    "timestamp": "2025-07-07T12:58:09",
    "type": "call_ringing",
    "uniqueid": "1751880542.109957"
}

{
    "call_type": "external",
    "caller_id_name": "263-SUP10",
    "caller_id_num": "263",
    "cause": "16",
    "cause_description": "",
    "cause_txt": "",
    "channel": "SIP/263-00000c62",
    "connected_line_name": "66510079",
    "connected_line_num": "66510079",
    "direction": "in",
    "end_time": "2025-07-07T12:58:19",
    "extension_number": "263",
    "has_ringing": true,
    "linkedid": "1751880409.109720",
    "other_extension_number": "66510079",
    "raw_event": {
        "AccountCode": "",
        "CallerIDName": "263-SUP10",
        "CallerIDNum": "263",
        "Cause": "16",
        "Cause-txt": "Normal Clearing",
        "Channel": "SIP/263-00000c62",
        "ChannelState": "5",
        "ChannelStateDesc": "Ringing",
        "ConnectedLineName": "66510079",
        "ConnectedLineNum": "66510079",
        "Context": "from-internal",
        "Event": "Hangup",
        "Exten": "263",
        "Language": "pr2",
        "Linkedid": "1751880409.109720",
        "Priority": "1",
        "Privilege": "call,all",
        "Uniqueid": "1751880542.109957"
    },
    "start_time": "2025-07-07T12:58:09",
    "status": "ringing",
    "timestamp": "2025-07-07T12:58:19",
    "type": "call_ended",
    "uniqueid": "1751880542.109957"
}

{
    "call_duration": 10,
    "call_type": "external",
    "caller_id_name": "263-SUP10",
    "caller_id_num": "263",
    "cause": "16",
    "cause_description": "",
    "cause_txt": "",
    "channel": "SIP/263-00000c62",
    "connected_line_name": "66510079",
    "connected_line_num": "66510079",
    "direction": "in",
    "end_time": "2025-07-07T12:58:19",
    "extension_number": "263",
    "has_ringing": true,
    "linkedid": "1751880409.109720",
    "other_extension_number": "66510079",
    "raw_event": {
        "AccountCode": "",
        "CallerIDName": "263-SUP10",
        "CallerIDNum": "263",
        "Cause": "16",
        "Cause-txt": "Normal Clearing",
        "Channel": "SIP/263-00000c62",
        "ChannelState": "5",
        "ChannelStateDesc": "Ringing",
        "ConnectedLineName": "66510079",
        "ConnectedLineNum": "66510079",
        "Context": "from-internal",
        "Event": "Hangup",
        "Exten": "263",
        "Language": "pr2",
        "Linkedid": "1751880409.109720",
        "Priority": "1",
        "Privilege": "call,all",
        "Uniqueid": "1751880542.109957"
    },
    "start_time": "2025-07-07T12:58:09",
    "status": "ringing",
    "timestamp": "2025-07-07T12:58:19",
    "type": "call_summary",
    "uniqueid": "1751880542.109957"
}

{
    "call_type": "",
    "caller_id_name": "263-SUP10",
    "caller_id_num": "263",
    "channel": "SIP/263-00000c6b",
    "connected_line_name": "<unknown>",
    "connected_line_num": "<unknown>",
    "direction": "",
    "end_time": "",
    "extension_number": "263",
    "has_ringing": false,
    "linkedid": "1751880433.109764",
    "other_extension_number": "",
    "start_time": "2025-07-07T12:59:20",
    "status": "initiated",
    "timestamp": "2025-07-07T12:59:20",
    "type": "call_started",
    "uniqueid": "1751880613.110134"
}

{
    "channel": "SIP/263-00000c6b",
    "privilege": "call,all",
    "timestamp": "2025-07-07T12:59:20",
    "type": "call_ringing",
    "uniqueid": "1751880613.110134"
}

{
    "extension": "263",
    "privilege": "call,all",
    "timestamp": "2025-07-07T12:59:37",
    "type": "monitor_initialized"
}

{
    "call_type": "",
    "caller_id_name": "263-SUP10",
    "caller_id_num": "263",
    "channel": "SIP/263-00000c76",
    "connected_line_name": "<unknown>",
    "connected_line_num": "<unknown>",
    "direction": "",
    "end_time": "",
    "extension_number": "263",
    "has_ringing": false,
    "linkedid": "1751880604.110097",
    "other_extension_number": "",
    "start_time": "2025-07-07T13:00:28",
    "status": "initiated",
    "timestamp": "2025-07-07T13:00:28",
    "type": "call_started",
    "uniqueid": "1751880681.110276"
}

{
    "channel": "SIP/263-00000c76",
    "privilege": "call,all",
    "timestamp": "2025-07-07T13:00:28",
    "type": "call_ringing",
    "uniqueid": "1751880681.110276"
}

{
    "call_type": "external",
    "caller_id_name": "263-SUP10",
    "caller_id_num": "263",
    "cause": "16",
    "cause_description": "",
    "cause_txt": "",
    "channel": "SIP/263-00000c76",
    "connected_line_name": "9125576453",
    "connected_line_num": "9125576453",
    "direction": "in",
    "end_time": "2025-07-07T13:00:43",
    "extension_number": "263",
    "has_ringing": true,
    "linkedid": "1751880604.110097",
    "other_extension_number": "9125576453",
    "raw_event": {
        "AccountCode": "",
        "CallerIDName": "263-SUP10",
        "CallerIDNum": "263",
        "Cause": "16",
        "Cause-txt": "Normal Clearing",
        "Channel": "SIP/263-00000c76",
        "ChannelState": "5",
        "ChannelStateDesc": "Ringing",
        "ConnectedLineName": "9125576453",
        "ConnectedLineNum": "9125576453",
        "Context": "from-internal",
        "Event": "Hangup",
        "Exten": "263",
        "Language": "pr2",
        "Linkedid": "1751880604.110097",
        "Priority": "1",
        "Privilege": "call,all",
        "Uniqueid": "1751880681.110276"
    },
    "start_time": "2025-07-07T13:00:28",
    "status": "ringing",
    "timestamp": "2025-07-07T13:00:43",
    "type": "call_ended",
    "uniqueid": "1751880681.110276"
}

{
    "call_duration": 14,
    "call_type": "external",
    "caller_id_name": "263-SUP10",
    "caller_id_num": "263",
    "cause": "16",
    "cause_description": "",
    "cause_txt": "",
    "channel": "SIP/263-00000c76",
    "connected_line_name": "9125576453",
    "connected_line_num": "9125576453",
    "direction": "in",
    "end_time": "2025-07-07T13:00:43",
    "extension_number": "263",
    "has_ringing": true,
    "linkedid": "1751880604.110097",
    "other_extension_number": "9125576453",
    "raw_event": {
        "AccountCode": "",
        "CallerIDName": "263-SUP10",
        "CallerIDNum": "263",
        "Cause": "16",
        "Cause-txt": "Normal Clearing",
        "Channel": "SIP/263-00000c76",
        "ChannelState": "5",
        "ChannelStateDesc": "Ringing",
        "ConnectedLineName": "9125576453",
        "ConnectedLineNum": "9125576453",
        "Context": "from-internal",
        "Event": "Hangup",
        "Exten": "263",
        "Language": "pr2",
        "Linkedid": "1751880604.110097",
        "Priority": "1",
        "Privilege": "call,all",
        "Uniqueid": "1751880681.110276"
    },
    "start_time": "2025-07-07T13:00:28",
    "status": "ringing",
    "timestamp": "2025-07-07T13:00:43",
    "type": "call_summary",
    "uniqueid": "1751880681.110276"
}

{
    "call_type": "",
    "caller_id_name": "263-SUP10",
    "caller_id_num": "263",
    "channel": "SIP/263-00000c80",
    "connected_line_name": "<unknown>",
    "connected_line_num": "<unknown>",
    "direction": "",
    "end_time": "",
    "extension_number": "263",
    "has_ringing": false,
    "linkedid": "1751880604.110097",
    "other_extension_number": "",
    "start_time": "2025-07-07T13:01:12",
    "status": "initiated",
    "timestamp": "2025-07-07T13:01:12",
    "type": "call_started",
    "uniqueid": "1751880725.110375"
}

{
    "channel": "SIP/263-00000c80",
    "privilege": "call,all",
    "timestamp": "2025-07-07T13:01:12",
    "type": "call_ringing",
    "uniqueid": "1751880725.110375"
}

{
    "call_type": "external",
    "caller_id_name": "263-SUP10",
    "caller_id_num": "263",
    "cause": "16",
    "cause_description": "",
    "cause_txt": "",
    "channel": "SIP/263-00000c80",
    "connected_line_name": "9125576453",
    "connected_line_num": "9125576453",
    "direction": "in",
    "end_time": "2025-07-07T13:01:27",
    "extension_number": "263",
    "has_ringing": true,
    "linkedid": "1751880604.110097",
    "other_extension_number": "9125576453",
    "raw_event": {
        "AccountCode": "",
        "CallerIDName": "263-SUP10",
        "CallerIDNum": "263",
        "Cause": "16",
        "Cause-txt": "Normal Clearing",
        "Channel": "SIP/263-00000c80",
        "ChannelState": "5",
        "ChannelStateDesc": "Ringing",
        "ConnectedLineName": "9125576453",
        "ConnectedLineNum": "9125576453",
        "Context": "from-internal",
        "Event": "Hangup",
        "Exten": "263",
        "Language": "pr2",
        "Linkedid": "1751880604.110097",
        "Priority": "1",
        "Privilege": "call,all",
        "Uniqueid": "1751880725.110375"
    },
    "start_time": "2025-07-07T13:01:12",
    "status": "ringing",
    "timestamp": "2025-07-07T13:01:27",
    "type": "call_ended",
    "uniqueid": "1751880725.110375"
}

{
    "call_duration": 14,
    "call_type": "external",
    "caller_id_name": "263-SUP10",
    "caller_id_num": "263",
    "cause": "16",
    "cause_description": "",
    "cause_txt": "",
    "channel": "SIP/263-00000c80",
    "connected_line_name": "9125576453",
    "connected_line_num": "9125576453",
    "direction": "in",
    "end_time": "2025-07-07T13:01:27",
    "extension_number": "263",
    "has_ringing": true,
    "linkedid": "1751880604.110097",
    "other_extension_number": "9125576453",
    "raw_event": {
        "AccountCode": "",
        "CallerIDName": "263-SUP10",
        "CallerIDNum": "263",
        "Cause": "16",
        "Cause-txt": "Normal Clearing",
        "Channel": "SIP/263-00000c80",
        "ChannelState": "5",
        "ChannelStateDesc": "Ringing",
        "ConnectedLineName": "9125576453",
        "ConnectedLineNum": "9125576453",
        "Context": "from-internal",
        "Event": "Hangup",
        "Exten": "263",
        "Language": "pr2",
        "Linkedid": "1751880604.110097",
        "Priority": "1",
        "Privilege": "call,all",
        "Uniqueid": "1751880725.110375"
    },
    "start_time": "2025-07-07T13:01:12",
    "status": "ringing",
    "timestamp": "2025-07-07T13:01:27",
    "type": "call_summary",
    "uniqueid": "1751880725.110375"
}

{
    "call_type": "",
    "caller_id_name": "263-SUP10",
    "caller_id_num": "263",
    "channel": "SIP/263-00000c85",
    "connected_line_name": "<unknown>",
    "connected_line_num": "<unknown>",
    "direction": "",
    "end_time": "",
    "extension_number": "263",
    "has_ringing": false,
    "linkedid": "1751880604.110097",
    "other_extension_number": "",
    "start_time": "2025-07-07T13:01:44",
    "status": "initiated",
    "timestamp": "2025-07-07T13:01:44",
    "type": "call_started",
    "uniqueid": "1751880757.110427"
}

{
    "channel": "SIP/263-00000c85",
    "privilege": "call,all",
    "timestamp": "2025-07-07T13:01:45",
    "type": "call_ringing",
    "uniqueid": "1751880757.110427"
}

{
    "call_type": "external",
    "caller_id_name": "263-SUP10",
    "caller_id_num": "263",
    "cause": "16",
    "cause_description": "",
    "cause_txt": "",
    "channel": "SIP/263-00000c85",
    "connected_line_name": "9125576453",
    "connected_line_num": "9125576453",
    "direction": "in",
    "end_time": "2025-07-07T13:01:59",
    "extension_number": "263",
    "has_ringing": true,
    "linkedid": "1751880604.110097",
    "other_extension_number": "9125576453",
    "raw_event": {
        "AccountCode": "",
        "CallerIDName": "263-SUP10",
        "CallerIDNum": "263",
        "Cause": "16",
        "Cause-txt": "Normal Clearing",
        "Channel": "SIP/263-00000c85",
        "ChannelState": "5",
        "ChannelStateDesc": "Ringing",
        "ConnectedLineName": "9125576453",
        "ConnectedLineNum": "9125576453",
        "Context": "from-internal",
        "Event": "Hangup",
        "Exten": "263",
        "Language": "pr2",
        "Linkedid": "1751880604.110097",
        "Priority": "1",
        "Privilege": "call,all",
        "Uniqueid": "1751880757.110427"
    },
    "start_time": "2025-07-07T13:01:44",
    "status": "ringing",
    "timestamp": "2025-07-07T13:01:59",
    "type": "call_ended",
    "uniqueid": "1751880757.110427"
}

{
    "call_duration": 14,
    "call_type": "external",
    "caller_id_name": "263-SUP10",
    "caller_id_num": "263",
    "cause": "16",
    "cause_description": "",
    "cause_txt": "",
    "channel": "SIP/263-00000c85",
    "connected_line_name": "9125576453",
    "connected_line_num": "9125576453",
    "direction": "in",
    "end_time": "2025-07-07T13:01:59",
    "extension_number": "263",
    "has_ringing": true,
    "linkedid": "1751880604.110097",
    "other_extension_number": "9125576453",
    "raw_event": {
        "AccountCode": "",
        "CallerIDName": "263-SUP10",
        "CallerIDNum": "263",
        "Cause": "16",
        "Cause-txt": "Normal Clearing",
        "Channel": "SIP/263-00000c85",
        "ChannelState": "5",
        "ChannelStateDesc": "Ringing",
        "ConnectedLineName": "9125576453",
        "ConnectedLineNum": "9125576453",
        "Context": "from-internal",
        "Event": "Hangup",
        "Exten": "263",
        "Language": "pr2",
        "Linkedid": "1751880604.110097",
        "Priority": "1",
        "Privilege": "call,all",
        "Uniqueid": "1751880757.110427"
    },
    "start_time": "2025-07-07T13:01:44",
    "status": "ringing",
    "timestamp": "2025-07-07T13:01:59",
    "type": "call_summary",
    "uniqueid": "1751880757.110427"
}

{
    "extension": "263",
    "privilege": "call,all",
    "timestamp": "2025-07-07T13:02:21",
    "type": "monitor_initialized"
}

{
    "call_type": "",
    "caller_id_name": "263-SUP10",
    "caller_id_num": "263",
    "channel": "SIP/263-00000c8c",
    "connected_line_name": "<unknown>",
    "connected_line_num": "<unknown>",
    "direction": "",
    "end_time": "",
    "extension_number": "263",
    "has_ringing": false,
    "linkedid": "1751880604.110097",
    "other_extension_number": "",
    "start_time": "2025-07-07T13:02:28",
    "status": "initiated",
    "timestamp": "2025-07-07T13:02:28",
    "type": "call_started",
    "uniqueid": "1751880800.110511"
}

{
    "channel": "SIP/263-00000c8c",
    "privilege": "call,all",
    "timestamp": "2025-07-07T13:02:28",
    "type": "call_ringing",
    "uniqueid": "1751880800.110511"
}

{
    "call_type": "external",
    "caller_id_name": "263-SUP10",
    "caller_id_num": "263",
    "cause": "16",
    "cause_description": "",
    "cause_txt": "",
    "channel": "SIP/263-00000c8c",
    "connected_line_name": "9125576453",
    "connected_line_num": "9125576453",
    "direction": "in",
    "end_time": "2025-07-07T13:02:35",
    "extension_number": "263",
    "has_ringing": true,
    "linkedid": "1751880604.110097",
    "other_extension_number": "9125576453",
    "raw_event": {
        "AccountCode": "",
        "CallerIDName": "263-SUP10",
        "CallerIDNum": "263",
        "Cause": "16",
        "Cause-txt": "Normal Clearing",
        "Channel": "SIP/263-00000c8c",
        "ChannelState": "5",
        "ChannelStateDesc": "Ringing",
        "ConnectedLineName": "9125576453",
        "ConnectedLineNum": "9125576453",
        "Context": "from-internal",
        "Event": "Hangup",
        "Exten": "263",
        "Language": "pr2",
        "Linkedid": "1751880604.110097",
        "Priority": "1",
        "Privilege": "call,all",
        "Uniqueid": "1751880800.110511"
    },
    "start_time": "2025-07-07T13:02:28",
    "status": "ringing",
    "timestamp": "2025-07-07T13:02:35",
    "type": "call_ended",
    "uniqueid": "1751880800.110511"
}

{
    "call_duration": 6,
    "call_type": "external",
    "caller_id_name": "263-SUP10",
    "caller_id_num": "263",
    "cause": "16",
    "cause_description": "",
    "cause_txt": "",
    "channel": "SIP/263-00000c8c",
    "connected_line_name": "9125576453",
    "connected_line_num": "9125576453",
    "direction": "in",
    "end_time": "2025-07-07T13:02:35",
    "extension_number": "263",
    "has_ringing": true,
    "linkedid": "1751880604.110097",
    "other_extension_number": "9125576453",
    "raw_event": {
        "AccountCode": "",
        "CallerIDName": "263-SUP10",
        "CallerIDNum": "263",
        "Cause": "16",
        "Cause-txt": "Normal Clearing",
        "Channel": "SIP/263-00000c8c",
        "ChannelState": "5",
        "ChannelStateDesc": "Ringing",
        "ConnectedLineName": "9125576453",
        "ConnectedLineNum": "9125576453",
        "Context": "from-internal",
        "Event": "Hangup",
        "Exten": "263",
        "Language": "pr2",
        "Linkedid": "1751880604.110097",
        "Priority": "1",
        "Privilege": "call,all",
        "Uniqueid": "1751880800.110511"
    },
    "start_time": "2025-07-07T13:02:28",
    "status": "ringing",
    "timestamp": "2025-07-07T13:02:35",
    "type": "call_summary",
    "uniqueid": "1751880800.110511"
}

{
    "call_type": "",
    "caller_id_name": "263-SUP10",
    "caller_id_num": "263",
    "channel": "SIP/263-00000caf",
    "connected_line_name": "<unknown>",
    "connected_line_num": "<unknown>",
    "direction": "",
    "end_time": "",
    "extension_number": "263",
    "has_ringing": false,
    "linkedid": "1751880850.110596",
    "other_extension_number": "",
    "start_time": "2025-07-07T13:04:30",
    "status": "initiated",
    "timestamp": "2025-07-07T13:04:30",
    "type": "call_started",
    "uniqueid": "1751880923.110813"
}

{
    "channel": "SIP/263-00000caf",
    "privilege": "call,all",
    "timestamp": "2025-07-07T13:04:30",
    "type": "call_ringing",
    "uniqueid": "1751880923.110813"
}

{
    "call_type": "external",
    "caller_id_name": "263-SUP10",
    "caller_id_num": "263",
    "cause": "16",
    "cause_description": "",
    "cause_txt": "",
    "channel": "SIP/263-00000caf",
    "connected_line_name": "09216490515",
    "connected_line_num": "09216490515",
    "direction": "in",
    "end_time": "2025-07-07T13:04:45",
    "extension_number": "263",
    "has_ringing": true,
    "linkedid": "1751880850.110596",
    "other_extension_number": "09216490515",
    "raw_event": {
        "AccountCode": "",
        "CallerIDName": "263-SUP10",
        "CallerIDNum": "263",
        "Cause": "16",
        "Cause-txt": "Normal Clearing",
        "Channel": "SIP/263-00000caf",
        "ChannelState": "5",
        "ChannelStateDesc": "Ringing",
        "ConnectedLineName": "09216490515",
        "ConnectedLineNum": "09216490515",
        "Context": "from-internal",
        "Event": "Hangup",
        "Exten": "263",
        "Language": "pr2",
        "Linkedid": "1751880850.110596",
        "Priority": "1",
        "Privilege": "call,all",
        "Uniqueid": "1751880923.110813"
    },
    "start_time": "2025-07-07T13:04:30",
    "status": "ringing",
    "timestamp": "2025-07-07T13:04:45",
    "type": "call_ended",
    "uniqueid": "1751880923.110813"
}

{
    "call_duration": 14,
    "call_type": "external",
    "caller_id_name": "263-SUP10",
    "caller_id_num": "263",
    "cause": "16",
    "cause_description": "",
    "cause_txt": "",
    "channel": "SIP/263-00000caf",
    "connected_line_name": "09216490515",
    "connected_line_num": "09216490515",
    "direction": "in",
    "end_time": "2025-07-07T13:04:45",
    "extension_number": "263",
    "has_ringing": true,
    "linkedid": "1751880850.110596",
    "other_extension_number": "09216490515",
    "raw_event": {
        "AccountCode": "",
        "CallerIDName": "263-SUP10",
        "CallerIDNum": "263",
        "Cause": "16",
        "Cause-txt": "Normal Clearing",
        "Channel": "SIP/263-00000caf",
        "ChannelState": "5",
        "ChannelStateDesc": "Ringing",
        "ConnectedLineName": "09216490515",
        "ConnectedLineNum": "09216490515",
        "Context": "from-internal",
        "Event": "Hangup",
        "Exten": "263",
        "Language": "pr2",
        "Linkedid": "1751880850.110596",
        "Priority": "1",
        "Privilege": "call,all",
        "Uniqueid": "1751880923.110813"
    },
    "start_time": "2025-07-07T13:04:30",
    "status": "ringing",
    "timestamp": "2025-07-07T13:04:45",
    "type": "call_summary",
    "uniqueid": "1751880923.110813"
}

{
    "call_type": "",
    "caller_id_name": "263-SUP10",
    "caller_id_num": "263",
    "channel": "SIP/263-00000cb5",
    "connected_line_name": "<unknown>",
    "connected_line_num": "<unknown>",
    "direction": "",
    "end_time": "",
    "extension_number": "263",
    "has_ringing": false,
    "linkedid": "1751880850.110596",
    "other_extension_number": "",
    "start_time": "2025-07-07T13:05:02",
    "status": "initiated",
    "timestamp": "2025-07-07T13:05:02",
    "type": "call_started",
    "uniqueid": "1751880955.110904"
}

{
    "channel": "SIP/263-00000cb5",
    "privilege": "call,all",
    "timestamp": "2025-07-07T13:05:02",
    "type": "call_ringing",
    "uniqueid": "1751880955.110904"
}

{
    "call_type": "external",
    "caller_id_name": "263-SUP10",
    "caller_id_num": "263",
    "cause": "16",
    "cause_description": "",
    "cause_txt": "",
    "channel": "SIP/263-00000cb5",
    "connected_line_name": "09216490515",
    "connected_line_num": "09216490515",
    "direction": "in",
    "end_time": "2025-07-07T13:05:17",
    "extension_number": "263",
    "has_ringing": true,
    "linkedid": "1751880850.110596",
    "other_extension_number": "09216490515",
    "raw_event": {
        "AccountCode": "",
        "CallerIDName": "263-SUP10",
        "CallerIDNum": "263",
        "Cause": "16",
        "Cause-txt": "Normal Clearing",
        "Channel": "SIP/263-00000cb5",
        "ChannelState": "5",
        "ChannelStateDesc": "Ringing",
        "ConnectedLineName": "09216490515",
        "ConnectedLineNum": "09216490515",
        "Context": "from-internal",
        "Event": "Hangup",
        "Exten": "263",
        "Language": "pr2",
        "Linkedid": "1751880850.110596",
        "Priority": "1",
        "Privilege": "call,all",
        "Uniqueid": "1751880955.110904"
    },
    "start_time": "2025-07-07T13:05:02",
    "status": "ringing",
    "timestamp": "2025-07-07T13:05:17",
    "type": "call_ended",
    "uniqueid": "1751880955.110904"
}

{
    "call_duration": 14,
    "call_type": "external",
    "caller_id_name": "263-SUP10",
    "caller_id_num": "263",
    "cause": "16",
    "cause_description": "",
    "cause_txt": "",
    "channel": "SIP/263-00000cb5",
    "connected_line_name": "09216490515",
    "connected_line_num": "09216490515",
    "direction": "in",
    "end_time": "2025-07-07T13:05:17",
    "extension_number": "263",
    "has_ringing": true,
    "linkedid": "1751880850.110596",
    "other_extension_number": "09216490515",
    "raw_event": {
        "AccountCode": "",
        "CallerIDName": "263-SUP10",
        "CallerIDNum": "263",
        "Cause": "16",
        "Cause-txt": "Normal Clearing",
        "Channel": "SIP/263-00000cb5",
        "ChannelState": "5",
        "ChannelStateDesc": "Ringing",
        "ConnectedLineName": "09216490515",
        "ConnectedLineNum": "09216490515",
        "Context": "from-internal",
        "Event": "Hangup",
        "Exten": "263",
        "Language": "pr2",
        "Linkedid": "1751880850.110596",
        "Priority": "1",
        "Privilege": "call,all",
        "Uniqueid": "1751880955.110904"
    },
    "start_time": "2025-07-07T13:05:02",
    "status": "ringing",
    "timestamp": "2025-07-07T13:05:17",
    "type": "call_summary",
    "uniqueid": "1751880955.110904"
}

{
    "extension": "263",
    "privilege": "call,all",
    "timestamp": "2025-07-07T13:29:36",
    "type": "monitor_initialized"
}

{
    "extension": "263",
    "privilege": "call,all",
    "timestamp": "2025-07-07T13:32:57",
    "type": "monitor_initialized"
}

{
    "extension": "263",
    "privilege": "call,all",
    "timestamp": "2025-07-07T13:36:38",
    "type": "monitor_initialized"
}

{
    "extension": "263",
    "privilege": "call,all",
    "timestamp": "2025-07-07T13:42:06",
    "type": "monitor_initialized"
}

{
    "call_type": "",
    "caller_id_name": "263-SUP10",
    "caller_id_num": "263",
    "channel": "SIP/263-00000d92",
    "connected_line_name": "<unknown>",
    "connected_line_num": "<unknown>",
    "direction": "",
    "end_time": "",
    "extension_number": "263",
    "has_ringing": false,
    "linkedid": "1751883502.113756",
    "other_extension_number": "",
    "start_time": "2025-07-07T13:47:31",
    "status": "initiated",
    "timestamp": "2025-07-07T13:47:31",
    "type": "call_started",
    "uniqueid": "1751883502.113764"
}

{
    "channel": "SIP/263-00000d92",
    "privilege": "call,all",
    "timestamp": "2025-07-07T13:47:31",
    "type": "call_ringing",
    "uniqueid": "1751883502.113764"
}

{
    "call_type": "external",
    "caller_id_name": "263-SUP10",
    "caller_id_num": "263",
    "cause": "16",
    "cause_description": "",
    "cause_txt": "",
    "channel": "SIP/263-00000d92",
    "connected_line_name": "22327283",
    "connected_line_num": "22327283",
    "direction": "in",
    "end_time": "2025-07-07T13:47:44",
    "extension_number": "263",
    "has_ringing": true,
    "linkedid": "1751883502.113756",
    "other_extension_number": "22327283",
    "raw_event": {
        "AccountCode": "",
        "CallerIDName": "263-SUP10",
        "CallerIDNum": "263",
        "Cause": "16",
        "Cause-txt": "Normal Clearing",
        "Channel": "SIP/263-00000d92",
        "ChannelState": "5",
        "ChannelStateDesc": "Ringing",
        "ConnectedLineName": "22327283",
        "ConnectedLineNum": "22327283",
        "Context": "from-internal",
        "Event": "Hangup",
        "Exten": "263",
        "Language": "pr2",
        "Linkedid": "1751883502.113756",
        "Priority": "1",
        "Privilege": "call,all",
        "Uniqueid": "1751883502.113764"
    },
    "start_time": "2025-07-07T13:47:31",
    "status": "ringing",
    "timestamp": "2025-07-07T13:47:44",
    "type": "call_ended",
    "uniqueid": "1751883502.113764"
}

{
    "call_duration": 13,
    "call_type": "external",
    "caller_id_name": "263-SUP10",
    "caller_id_num": "263",
    "cause": "16",
    "cause_description": "",
    "cause_txt": "",
    "channel": "SIP/263-00000d92",
    "connected_line_name": "22327283",
    "connected_line_num": "22327283",
    "direction": "in",
    "end_time": "2025-07-07T13:47:44",
    "extension_number": "263",
    "has_ringing": true,
    "linkedid": "1751883502.113756",
    "other_extension_number": "22327283",
    "raw_event": {
        "AccountCode": "",
        "CallerIDName": "263-SUP10",
        "CallerIDNum": "263",
        "Cause": "16",
        "Cause-txt": "Normal Clearing",
        "Channel": "SIP/263-00000d92",
        "ChannelState": "5",
        "ChannelStateDesc": "Ringing",
        "ConnectedLineName": "22327283",
        "ConnectedLineNum": "22327283",
        "Context": "from-internal",
        "Event": "Hangup",
        "Exten": "263",
        "Language": "pr2",
        "Linkedid": "1751883502.113756",
        "Priority": "1",
        "Privilege": "call,all",
        "Uniqueid": "1751883502.113764"
    },
    "start_time": "2025-07-07T13:47:31",
    "status": "ringing",
    "timestamp": "2025-07-07T13:47:44",
    "type": "call_summary",
    "uniqueid": "1751883502.113764"
}

{
    "call_type": "",
    "caller_id_name": "263-SUP10",
    "caller_id_num": "263",
    "channel": "SIP/263-00000d95",
    "connected_line_name": "<unknown>",
    "connected_line_num": "<unknown>",
    "direction": "",
    "end_time": "",
    "extension_number": "263",
    "has_ringing": false,
    "linkedid": "1751883502.113756",
    "other_extension_number": "",
    "start_time": "2025-07-07T13:47:53",
    "status": "initiated",
    "timestamp": "2025-07-07T13:47:53",
    "type": "call_started",
    "uniqueid": "1751883525.113809"
}

{
    "channel": "SIP/263-00000d95",
    "privilege": "call,all",
    "timestamp": "2025-07-07T13:47:53",
    "type": "call_ringing",
    "uniqueid": "1751883525.113809"
}

{
    "call_type": "external",
    "caller_id_name": "263-SUP10",
    "caller_id_num": "263",
    "cause": "16",
    "cause_description": "",
    "cause_txt": "",
    "channel": "SIP/263-00000d95",
    "connected_line_name": "22327283",
    "connected_line_num": "22327283",
    "direction": "in",
    "end_time": "2025-07-07T13:48:07",
    "extension_number": "263",
    "has_ringing": true,
    "linkedid": "1751883502.113756",
    "other_extension_number": "22327283",
    "raw_event": {
        "AccountCode": "",
        "CallerIDName": "263-SUP10",
        "CallerIDNum": "263",
        "Cause": "16",
        "Cause-txt": "Normal Clearing",
        "Channel": "SIP/263-00000d95",
        "ChannelState": "5",
        "ChannelStateDesc": "Ringing",
        "ConnectedLineName": "22327283",
        "ConnectedLineNum": "22327283",
        "Context": "from-internal",
        "Event": "Hangup",
        "Exten": "263",
        "Language": "pr2",
        "Linkedid": "1751883502.113756",
        "Priority": "1",
        "Privilege": "call,all",
        "Uniqueid": "1751883525.113809"
    },
    "start_time": "2025-07-07T13:47:53",
    "status": "ringing",
    "timestamp": "2025-07-07T13:48:07",
    "type": "call_ended",
    "uniqueid": "1751883525.113809"
}

{
    "call_duration": 14,
    "call_type": "external",
    "caller_id_name": "263-SUP10",
    "caller_id_num": "263",
    "cause": "16",
    "cause_description": "",
    "cause_txt": "",
    "channel": "SIP/263-00000d95",
    "connected_line_name": "22327283",
    "connected_line_num": "22327283",
    "direction": "in",
    "end_time": "2025-07-07T13:48:07",
    "extension_number": "263",
    "has_ringing": true,
    "linkedid": "1751883502.113756",
    "other_extension_number": "22327283",
    "raw_event": {
        "AccountCode": "",
        "CallerIDName": "263-SUP10",
        "CallerIDNum": "263",
        "Cause": "16",
        "Cause-txt": "Normal Clearing",
        "Channel": "SIP/263-00000d95",
        "ChannelState": "5",
        "ChannelStateDesc": "Ringing",
        "ConnectedLineName": "22327283",
        "ConnectedLineNum": "22327283",
        "Context": "from-internal",
        "Event": "Hangup",
        "Exten": "263",
        "Language": "pr2",
        "Linkedid": "1751883502.113756",
        "Priority": "1",
        "Privilege": "call,all",
        "Uniqueid": "1751883525.113809"
    },
    "start_time": "2025-07-07T13:47:53",
    "status": "ringing",
    "timestamp": "2025-07-07T13:48:07",
    "type": "call_summary",
    "uniqueid": "1751883525.113809"
}

{
    "call_type": "",
    "caller_id_name": "263-SUP10",
    "caller_id_num": "263",
    "channel": "SIP/263-00000d96",
    "connected_line_name": "<unknown>",
    "connected_line_num": "<unknown>",
    "direction": "",
    "end_time": "",
    "extension_number": "263",
    "has_ringing": false,
    "linkedid": "1751883502.113756",
    "other_extension_number": "",
    "start_time": "2025-07-07T13:48:09",
    "status": "initiated",
    "timestamp": "2025-07-07T13:48:09",
    "type": "call_started",
    "uniqueid": "1751883541.113866"
}

{
    "channel": "SIP/263-00000d96",
    "privilege": "call,all",
    "timestamp": "2025-07-07T13:48:09",
    "type": "call_ringing",
    "uniqueid": "1751883541.113866"
}

{
    "call_type": "external",
    "caller_id_name": "263-SUP10",
    "caller_id_num": "263",
    "cause": "16",
    "cause_description": "",
    "cause_txt": "",
    "channel": "SIP/263-00000d96",
    "connected_line_name": "22327283",
    "connected_line_num": "22327283",
    "direction": "in",
    "end_time": "2025-07-07T13:48:23",
    "extension_number": "263",
    "has_ringing": true,
    "linkedid": "1751883502.113756",
    "other_extension_number": "22327283",
    "raw_event": {
        "AccountCode": "",
        "CallerIDName": "263-SUP10",
        "CallerIDNum": "263",
        "Cause": "16",
        "Cause-txt": "Normal Clearing",
        "Channel": "SIP/263-00000d96",
        "ChannelState": "5",
        "ChannelStateDesc": "Ringing",
        "ConnectedLineName": "22327283",
        "ConnectedLineNum": "22327283",
        "Context": "from-internal",
        "Event": "Hangup",
        "Exten": "263",
        "Language": "pr2",
        "Linkedid": "1751883502.113756",
        "Priority": "1",
        "Privilege": "call,all",
        "Uniqueid": "1751883541.113866"
    },
    "start_time": "2025-07-07T13:48:09",
    "status": "ringing",
    "timestamp": "2025-07-07T13:48:23",
    "type": "call_ended",
    "uniqueid": "1751883541.113866"
}

{
    "call_duration": 13,
    "call_type": "external",
    "caller_id_name": "263-SUP10",
    "caller_id_num": "263",
    "cause": "16",
    "cause_description": "",
    "cause_txt": "",
    "channel": "SIP/263-00000d96",
    "connected_line_name": "22327283",
    "connected_line_num": "22327283",
    "direction": "in",
    "end_time": "2025-07-07T13:48:23",
    "extension_number": "263",
    "has_ringing": true,
    "linkedid": "1751883502.113756",
    "other_extension_number": "22327283",
    "raw_event": {
        "AccountCode": "",
        "CallerIDName": "263-SUP10",
        "CallerIDNum": "263",
        "Cause": "16",
        "Cause-txt": "Normal Clearing",
        "Channel": "SIP/263-00000d96",
        "ChannelState": "5",
        "ChannelStateDesc": "Ringing",
        "ConnectedLineName": "22327283",
        "ConnectedLineNum": "22327283",
        "Context": "from-internal",
        "Event": "Hangup",
        "Exten": "263",
        "Language": "pr2",
        "Linkedid": "1751883502.113756",
        "Priority": "1",
        "Privilege": "call,all",
        "Uniqueid": "1751883541.113866"
    },
    "start_time": "2025-07-07T13:48:09",
    "status": "ringing",
    "timestamp": "2025-07-07T13:48:23",
    "type": "call_summary",
    "uniqueid": "1751883541.113866"
}

{
    "call_type": "",
    "caller_id_name": "263-SUP10",
    "caller_id_num": "263",
    "channel": "SIP/263-00000d97",
    "connected_line_name": "<unknown>",
    "connected_line_num": "<unknown>",
    "direction": "",
    "end_time": "",
    "extension_number": "263",
    "has_ringing": false,
    "linkedid": "1751883502.113756",
    "other_extension_number": "",
    "start_time": "2025-07-07T13:48:25",
    "status": "initiated",
    "timestamp": "2025-07-07T13:48:25",
    "type": "call_started",
    "uniqueid": "1751883557.113902"
}

{
    "channel": "SIP/263-00000d97",
    "privilege": "call,all",
    "timestamp": "2025-07-07T13:48:25",
    "type": "call_ringing",
    "uniqueid": "1751883557.113902"
}

{
    "call_type": "external",
    "caller_id_name": "263-SUP10",
    "caller_id_num": "263",
    "cause": "16",
    "cause_description": "",
    "cause_txt": "",
    "channel": "SIP/263-00000d97",
    "connected_line_name": "22327283",
    "connected_line_num": "22327283",
    "direction": "in",
    "end_time": "2025-07-07T13:48:39",
    "extension_number": "263",
    "has_ringing": true,
    "linkedid": "1751883502.113756",
    "other_extension_number": "22327283",
    "raw_event": {
        "AccountCode": "",
        "CallerIDName": "263-SUP10",
        "CallerIDNum": "263",
        "Cause": "16",
        "Cause-txt": "Normal Clearing",
        "Channel": "SIP/263-00000d97",
        "ChannelState": "5",
        "ChannelStateDesc": "Ringing",
        "ConnectedLineName": "22327283",
        "ConnectedLineNum": "22327283",
        "Context": "from-internal",
        "Event": "Hangup",
        "Exten": "263",
        "Language": "pr2",
        "Linkedid": "1751883502.113756",
        "Priority": "1",
        "Privilege": "call,all",
        "Uniqueid": "1751883557.113902"
    },
    "start_time": "2025-07-07T13:48:25",
    "status": "ringing",
    "timestamp": "2025-07-07T13:48:39",
    "type": "call_ended",
    "uniqueid": "1751883557.113902"
}

{
    "call_duration": 13,
    "call_type": "external",
    "caller_id_name": "263-SUP10",
    "caller_id_num": "263",
    "cause": "16",
    "cause_description": "",
    "cause_txt": "",
    "channel": "SIP/263-00000d97",
    "connected_line_name": "22327283",
    "connected_line_num": "22327283",
    "direction": "in",
    "end_time": "2025-07-07T13:48:39",
    "extension_number": "263",
    "has_ringing": true,
    "linkedid": "1751883502.113756",
    "other_extension_number": "22327283",
    "raw_event": {
        "AccountCode": "",
        "CallerIDName": "263-SUP10",
        "CallerIDNum": "263",
        "Cause": "16",
        "Cause-txt": "Normal Clearing",
        "Channel": "SIP/263-00000d97",
        "ChannelState": "5",
        "ChannelStateDesc": "Ringing",
        "ConnectedLineName": "22327283",
        "ConnectedLineNum": "22327283",
        "Context": "from-internal",
        "Event": "Hangup",
        "Exten": "263",
        "Language": "pr2",
        "Linkedid": "1751883502.113756",
        "Priority": "1",
        "Privilege": "call,all",
        "Uniqueid": "1751883557.113902"
    },
    "start_time": "2025-07-07T13:48:25",
    "status": "ringing",
    "timestamp": "2025-07-07T13:48:39",
    "type": "call_summary",
    "uniqueid": "1751883557.113902"
}

{
    "extension": "263",
    "privilege": "call,all",
    "timestamp": "2025-07-07T13:54:51",
    "type": "monitor_initialized"
}

{
    "call_type": "",
    "caller_id_name": "263-SUP10",
    "caller_id_num": "263",
    "channel": "SIP/263-00000dbd",
    "connected_line_name": "<unknown>",
    "connected_line_num": "<unknown>",
    "direction": "",
    "end_time": "",
    "extension_number": "263",
    "has_ringing": false,
    "linkedid": "1751884200.114450",
    "other_extension_number": "",
    "start_time": "2025-07-07T13:59:40",
    "status": "initiated",
    "timestamp": "2025-07-07T13:59:40",
    "type": "call_started",
    "uniqueid": "1751884232.114505"
}

{
    "channel": "SIP/263-00000dbd",
    "privilege": "call,all",
    "timestamp": "2025-07-07T13:59:40",
    "type": "call_ringing",
    "uniqueid": "1751884232.114505"
}

{
    "call_type": "external",
    "caller_id_name": "263-SUP10",
    "caller_id_num": "263",
    "cause": "16",
    "cause_description": "",
    "cause_txt": "",
    "channel": "SIP/263-00000dbd",
    "connected_line_name": "9129274729",
    "connected_line_num": "9129274729",
    "direction": "in",
    "end_time": "2025-07-07T13:59:54",
    "extension_number": "263",
    "has_ringing": true,
    "linkedid": "1751884200.114450",
    "other_extension_number": "9129274729",
    "raw_event": {
        "AccountCode": "",
        "CallerIDName": "263-SUP10",
        "CallerIDNum": "263",
        "Cause": "16",
        "Cause-txt": "Normal Clearing",
        "Channel": "SIP/263-00000dbd",
        "ChannelState": "5",
        "ChannelStateDesc": "Ringing",
        "ConnectedLineName": "9129274729",
        "ConnectedLineNum": "9129274729",
        "Context": "from-internal",
        "Event": "Hangup",
        "Exten": "263",
        "Language": "pr2",
        "Linkedid": "1751884200.114450",
        "Priority": "1",
        "Privilege": "call,all",
        "Uniqueid": "1751884232.114505"
    },
    "start_time": "2025-07-07T13:59:40",
    "status": "ringing",
    "timestamp": "2025-07-07T13:59:54",
    "type": "call_ended",
    "uniqueid": "1751884232.114505"
}

{
    "call_duration": 14,
    "call_type": "external",
    "caller_id_name": "263-SUP10",
    "caller_id_num": "263",
    "cause": "16",
    "cause_description": "",
    "cause_txt": "",
    "channel": "SIP/263-00000dbd",
    "connected_line_name": "9129274729",
    "connected_line_num": "9129274729",
    "direction": "in",
    "end_time": "2025-07-07T13:59:54",
    "extension_number": "263",
    "has_ringing": true,
    "linkedid": "1751884200.114450",
    "other_extension_number": "9129274729",
    "raw_event": {
        "AccountCode": "",
        "CallerIDName": "263-SUP10",
        "CallerIDNum": "263",
        "Cause": "16",
        "Cause-txt": "Normal Clearing",
        "Channel": "SIP/263-00000dbd",
        "ChannelState": "5",
        "ChannelStateDesc": "Ringing",
        "ConnectedLineName": "9129274729",
        "ConnectedLineNum": "9129274729",
        "Context": "from-internal",
        "Event": "Hangup",
        "Exten": "263",
        "Language": "pr2",
        "Linkedid": "1751884200.114450",
        "Priority": "1",
        "Privilege": "call,all",
        "Uniqueid": "1751884232.114505"
    },
    "start_time": "2025-07-07T13:59:40",
    "status": "ringing",
    "timestamp": "2025-07-07T13:59:54",
    "type": "call_summary",
    "uniqueid": "1751884232.114505"
}

{
    "call_type": "",
    "caller_id_name": "263-SUP10",
    "caller_id_num": "263",
    "channel": "SIP/263-00000df5",
    "connected_line_name": "<unknown>",
    "connected_line_num": "<unknown>",
    "direction": "",
    "end_time": "",
    "extension_number": "263",
    "has_ringing": false,
    "linkedid": "1751884594.115048",
    "other_extension_number": "",
    "start_time": "2025-07-07T14:06:14",
    "status": "initiated",
    "timestamp": "2025-07-07T14:06:14",
    "type": "call_started",
    "uniqueid": "1751884626.115072"
}

{
    "channel": "SIP/263-00000df5",
    "privilege": "call,all",
    "timestamp": "2025-07-07T14:06:15",
    "type": "call_ringing",
    "uniqueid": "1751884626.115072"
}

{
    "call_type": "external",
    "caller_id_name": "263-SUP10",
    "caller_id_num": "263",
    "cause": "16",
    "cause_description": "",
    "cause_txt": "",
    "channel": "SIP/263-00000df5",
    "connected_line_name": "9151847429",
    "connected_line_num": "9151847429",
    "direction": "in",
    "end_time": "2025-07-07T14:06:29",
    "extension_number": "263",
    "has_ringing": true,
    "linkedid": "1751884594.115048",
    "other_extension_number": "9151847429",
    "raw_event": {
        "AccountCode": "",
        "CallerIDName": "263-SUP10",
        "CallerIDNum": "263",
        "Cause": "16",
        "Cause-txt": "Normal Clearing",
        "Channel": "SIP/263-00000df5",
        "ChannelState": "5",
        "ChannelStateDesc": "Ringing",
        "ConnectedLineName": "9151847429",
        "ConnectedLineNum": "9151847429",
        "Context": "from-internal",
        "Event": "Hangup",
        "Exten": "263",
        "Language": "pr2",
        "Linkedid": "1751884594.115048",
        "Priority": "1",
        "Privilege": "call,all",
        "Uniqueid": "1751884626.115072"
    },
    "start_time": "2025-07-07T14:06:14",
    "status": "ringing",
    "timestamp": "2025-07-07T14:06:29",
    "type": "call_ended",
    "uniqueid": "1751884626.115072"
}

{
    "call_duration": 14,
    "call_type": "external",
    "caller_id_name": "263-SUP10",
    "caller_id_num": "263",
    "cause": "16",
    "cause_description": "",
    "cause_txt": "",
    "channel": "SIP/263-00000df5",
    "connected_line_name": "9151847429",
    "connected_line_num": "9151847429",
    "direction": "in",
    "end_time": "2025-07-07T14:06:29",
    "extension_number": "263",
    "has_ringing": true,
    "linkedid": "1751884594.115048",
    "other_extension_number": "9151847429",
    "raw_event": {
        "AccountCode": "",
        "CallerIDName": "263-SUP10",
        "CallerIDNum": "263",
        "Cause": "16",
        "Cause-txt": "Normal Clearing",
        "Channel": "SIP/263-00000df5",
        "ChannelState": "5",
        "ChannelStateDesc": "Ringing",
        "ConnectedLineName": "9151847429",
        "ConnectedLineNum": "9151847429",
        "Context": "from-internal",
        "Event": "Hangup",
        "Exten": "263",
        "Language": "pr2",
        "Linkedid": "1751884594.115048",
        "Priority": "1",
        "Privilege": "call,all",
        "Uniqueid": "1751884626.115072"
    },
    "start_time": "2025-07-07T14:06:14",
    "status": "ringing",
    "timestamp": "2025-07-07T14:06:29",
    "type": "call_summary",
    "uniqueid": "1751884626.115072"
}

{
    "call_type": "",
    "caller_id_name": "263-SUP10",
    "caller_id_num": "263",
    "channel": "SIP/263-00000e02",
    "connected_line_name": "<unknown>",
    "connected_line_num": "<unknown>",
    "direction": "",
    "end_time": "",
    "extension_number": "263",
    "has_ringing": false,
    "linkedid": "1751884728.115162",
    "other_extension_number": "",
    "start_time": "2025-07-07T14:08:28",
    "status": "initiated",
    "timestamp": "2025-07-07T14:08:28",
    "type": "call_started",
    "uniqueid": "1751884761.115230"
}

{
    "channel": "SIP/263-00000e02",
    "privilege": "call,all",
    "timestamp": "2025-07-07T14:08:29",
    "type": "call_ringing",
    "uniqueid": "1751884761.115230"
}

{
    "call_type": "external",
    "caller_id_name": "263-SUP10",
    "caller_id_num": "263",
    "cause": "16",
    "cause_description": "",
    "cause_txt": "",
    "channel": "SIP/263-00000e02",
    "connected_line_name": "9176680776",
    "connected_line_num": "9176680776",
    "direction": "in",
    "end_time": "2025-07-07T14:08:43",
    "extension_number": "263",
    "has_ringing": true,
    "linkedid": "1751884728.115162",
    "other_extension_number": "9176680776",
    "raw_event": {
        "AccountCode": "",
        "CallerIDName": "263-SUP10",
        "CallerIDNum": "263",
        "Cause": "16",
        "Cause-txt": "Normal Clearing",
        "Channel": "SIP/263-00000e02",
        "ChannelState": "5",
        "ChannelStateDesc": "Ringing",
        "ConnectedLineName": "9176680776",
        "ConnectedLineNum": "9176680776",
        "Context": "from-internal",
        "Event": "Hangup",
        "Exten": "263",
        "Language": "pr2",
        "Linkedid": "1751884728.115162",
        "Priority": "1",
        "Privilege": "call,all",
        "Uniqueid": "1751884761.115230"
    },
    "start_time": "2025-07-07T14:08:28",
    "status": "ringing",
    "timestamp": "2025-07-07T14:08:43",
    "type": "call_ended",
    "uniqueid": "1751884761.115230"
}

{
    "call_duration": 14,
    "call_type": "external",
    "caller_id_name": "263-SUP10",
    "caller_id_num": "263",
    "cause": "16",
    "cause_description": "",
    "cause_txt": "",
    "channel": "SIP/263-00000e02",
    "connected_line_name": "9176680776",
    "connected_line_num": "9176680776",
    "direction": "in",
    "end_time": "2025-07-07T14:08:43",
    "extension_number": "263",
    "has_ringing": true,
    "linkedid": "1751884728.115162",
    "other_extension_number": "9176680776",
    "raw_event": {
        "AccountCode": "",
        "CallerIDName": "263-SUP10",
        "CallerIDNum": "263",
        "Cause": "16",
        "Cause-txt": "Normal Clearing",
        "Channel": "SIP/263-00000e02",
        "ChannelState": "5",
        "ChannelStateDesc": "Ringing",
        "ConnectedLineName": "9176680776",
        "ConnectedLineNum": "9176680776",
        "Context": "from-internal",
        "Event": "Hangup",
        "Exten": "263",
        "Language": "pr2",
        "Linkedid": "1751884728.115162",
        "Priority": "1",
        "Privilege": "call,all",
        "Uniqueid": "1751884761.115230"
    },
    "start_time": "2025-07-07T14:08:28",
    "status": "ringing",
    "timestamp": "2025-07-07T14:08:43",
    "type": "call_summary",
    "uniqueid": "1751884761.115230"
}

{
    "call_type": "",
    "caller_id_name": "263-SUP10",
    "caller_id_num": "263",
    "channel": "SIP/263-00000e09",
    "connected_line_name": "<unknown>",
    "connected_line_num": "<unknown>",
    "direction": "",
    "end_time": "",
    "extension_number": "263",
    "has_ringing": false,
    "linkedid": "1751884728.115162",
    "other_extension_number": "",
    "start_time": "2025-07-07T14:08:56",
    "status": "initiated",
    "timestamp": "2025-07-07T14:08:56",
    "type": "call_started",
    "uniqueid": "1751884788.115297"
}

{
    "channel": "SIP/263-00000e09",
    "privilege": "call,all",
    "timestamp": "2025-07-07T14:08:58",
    "type": "call_ringing",
    "uniqueid": "1751884788.115297"
}

{
    "call_type": "external",
    "caller_id_name": "263-SUP10",
    "caller_id_num": "263",
    "cause": "16",
    "cause_description": "",
    "cause_txt": "",
    "channel": "SIP/263-00000e09",
    "connected_line_name": "9176680776",
    "connected_line_num": "9176680776",
    "direction": "in",
    "end_time": "2025-07-07T14:09:10",
    "extension_number": "263",
    "has_ringing": true,
    "linkedid": "1751884728.115162",
    "other_extension_number": "9176680776",
    "raw_event": {
        "AccountCode": "",
        "CallerIDName": "263-SUP10",
        "CallerIDNum": "263",
        "Cause": "16",
        "Cause-txt": "Normal Clearing",
        "Channel": "SIP/263-00000e09",
        "ChannelState": "5",
        "ChannelStateDesc": "Ringing",
        "ConnectedLineName": "9176680776",
        "ConnectedLineNum": "9176680776",
        "Context": "from-internal",
        "Event": "Hangup",
        "Exten": "263",
        "Language": "pr2",
        "Linkedid": "1751884728.115162",
        "Priority": "1",
        "Privilege": "call,all",
        "Uniqueid": "1751884788.115297"
    },
    "start_time": "2025-07-07T14:08:56",
    "status": "ringing",
    "timestamp": "2025-07-07T14:09:10",
    "type": "call_ended",
    "uniqueid": "1751884788.115297"
}

{
    "call_duration": 14,
    "call_type": "external",
    "caller_id_name": "263-SUP10",
    "caller_id_num": "263",
    "cause": "16",
    "cause_description": "",
    "cause_txt": "",
    "channel": "SIP/263-00000e09",
    "connected_line_name": "9176680776",
    "connected_line_num": "9176680776",
    "direction": "in",
    "end_time": "2025-07-07T14:09:10",
    "extension_number": "263",
    "has_ringing": true,
    "linkedid": "1751884728.115162",
    "other_extension_number": "9176680776",
    "raw_event": {
        "AccountCode": "",
        "CallerIDName": "263-SUP10",
        "CallerIDNum": "263",
        "Cause": "16",
        "Cause-txt": "Normal Clearing",
        "Channel": "SIP/263-00000e09",
        "ChannelState": "5",
        "ChannelStateDesc": "Ringing",
        "ConnectedLineName": "9176680776",
        "ConnectedLineNum": "9176680776",
        "Context": "from-internal",
        "Event": "Hangup",
        "Exten": "263",
        "Language": "pr2",
        "Linkedid": "1751884728.115162",
        "Priority": "1",
        "Privilege": "call,all",
        "Uniqueid": "1751884788.115297"
    },
    "start_time": "2025-07-07T14:08:56",
    "status": "ringing",
    "timestamp": "2025-07-07T14:09:10",
    "type": "call_summary",
    "uniqueid": "1751884788.115297"
}

{
    "call_type": "",
    "caller_id_name": "263-SUP10",
    "caller_id_num": "263",
    "channel": "SIP/263-00000e0a",
    "connected_line_name": "<unknown>",
    "connected_line_num": "<unknown>",
    "direction": "",
    "end_time": "",
    "extension_number": "263",
    "has_ringing": false,
    "linkedid": "1751884728.115162",
    "other_extension_number": "",
    "start_time": "2025-07-07T14:09:12",
    "status": "initiated",
    "timestamp": "2025-07-07T14:09:12",
    "type": "call_started",
    "uniqueid": "1751884804.115341"
}

{
    "channel": "SIP/263-00000e0a",
    "privilege": "call,all",
    "timestamp": "2025-07-07T14:09:12",
    "type": "call_ringing",
    "uniqueid": "1751884804.115341"
}

{
    "call_type": "external",
    "caller_id_name": "263-SUP10",
    "caller_id_num": "263",
    "cause": "16",
    "cause_description": "",
    "cause_txt": "",
    "channel": "SIP/263-00000e0a",
    "connected_line_name": "9176680776",
    "connected_line_num": "9176680776",
    "direction": "in",
    "end_time": "2025-07-07T14:09:27",
    "extension_number": "263",
    "has_ringing": true,
    "linkedid": "1751884728.115162",
    "other_extension_number": "9176680776",
    "raw_event": {
        "AccountCode": "",
        "CallerIDName": "263-SUP10",
        "CallerIDNum": "263",
        "Cause": "16",
        "Cause-txt": "Normal Clearing",
        "Channel": "SIP/263-00000e0a",
        "ChannelState": "5",
        "ChannelStateDesc": "Ringing",
        "ConnectedLineName": "9176680776",
        "ConnectedLineNum": "9176680776",
        "Context": "from-internal",
        "Event": "Hangup",
        "Exten": "263",
        "Language": "pr2",
        "Linkedid": "1751884728.115162",
        "Priority": "1",
        "Privilege": "call,all",
        "Uniqueid": "1751884804.115341"
    },
    "start_time": "2025-07-07T14:09:12",
    "status": "ringing",
    "timestamp": "2025-07-07T14:09:27",
    "type": "call_ended",
    "uniqueid": "1751884804.115341"
}

{
    "call_duration": 15,
    "call_type": "external",
    "caller_id_name": "263-SUP10",
    "caller_id_num": "263",
    "cause": "16",
    "cause_description": "",
    "cause_txt": "",
    "channel": "SIP/263-00000e0a",
    "connected_line_name": "9176680776",
    "connected_line_num": "9176680776",
    "direction": "in",
    "end_time": "2025-07-07T14:09:27",
    "extension_number": "263",
    "has_ringing": true,
    "linkedid": "1751884728.115162",
    "other_extension_number": "9176680776",
    "raw_event": {
        "AccountCode": "",
        "CallerIDName": "263-SUP10",
        "CallerIDNum": "263",
        "Cause": "16",
        "Cause-txt": "Normal Clearing",
        "Channel": "SIP/263-00000e0a",
        "ChannelState": "5",
        "ChannelStateDesc": "Ringing",
        "ConnectedLineName": "9176680776",
        "ConnectedLineNum": "9176680776",
        "Context": "from-internal",
        "Event": "Hangup",
        "Exten": "263",
        "Language": "pr2",
        "Linkedid": "1751884728.115162",
        "Priority": "1",
        "Privilege": "call,all",
        "Uniqueid": "1751884804.115341"
    },
    "start_time": "2025-07-07T14:09:12",
    "status": "ringing",
    "timestamp": "2025-07-07T14:09:27",
    "type": "call_summary",
    "uniqueid": "1751884804.115341"
}

{
    "call_type": "",
    "caller_id_name": "263-SUP10",
    "caller_id_num": "263",
    "channel": "SIP/263-00000e0d",
    "connected_line_name": "<unknown>",
    "connected_line_num": "<unknown>",
    "direction": "",
    "end_time": "",
    "extension_number": "263",
    "has_ringing": false,
    "linkedid": "1751884813.115350",
    "other_extension_number": "",
    "start_time": "2025-07-07T14:09:43",
    "status": "initiated",
    "timestamp": "2025-07-07T14:09:43",
    "type": "call_started",
    "uniqueid": "1751884833.115391"
}

{
    "channel": "SIP/263-00000e0d",
    "privilege": "call,all",
    "timestamp": "2025-07-07T14:09:43",
    "type": "call_ringing",
    "uniqueid": "1751884833.115391"
}

{
    "call_type": "external",
    "caller_id_name": "263-SUP10",
    "caller_id_num": "263",
    "cause": "16",
    "cause_description": "",
    "cause_txt": "",
    "channel": "SIP/263-00000e0d",
    "connected_line_name": "9129274729",
    "connected_line_num": "9129274729",
    "direction": "in",
    "end_time": "2025-07-07T14:09:55",
    "extension_number": "263",
    "has_ringing": true,
    "linkedid": "1751884813.115350",
    "other_extension_number": "9129274729",
    "raw_event": {
        "AccountCode": "",
        "CallerIDName": "263-SUP10",
        "CallerIDNum": "263",
        "Cause": "16",
        "Cause-txt": "Normal Clearing",
        "Channel": "SIP/263-00000e0d",
        "ChannelState": "5",
        "ChannelStateDesc": "Ringing",
        "ConnectedLineName": "9129274729",
        "ConnectedLineNum": "9129274729",
        "Context": "from-internal",
        "Event": "Hangup",
        "Exten": "263",
        "Language": "pr2",
        "Linkedid": "1751884813.115350",
        "Priority": "1",
        "Privilege": "call,all",
        "Uniqueid": "1751884833.115391"
    },
    "start_time": "2025-07-07T14:09:43",
    "status": "ringing",
    "timestamp": "2025-07-07T14:09:55",
    "type": "call_ended",
    "uniqueid": "1751884833.115391"
}

{
    "call_duration": 12,
    "call_type": "external",
    "caller_id_name": "263-SUP10",
    "caller_id_num": "263",
    "cause": "16",
    "cause_description": "",
    "cause_txt": "",
    "channel": "SIP/263-00000e0d",
    "connected_line_name": "9129274729",
    "connected_line_num": "9129274729",
    "direction": "in",
    "end_time": "2025-07-07T14:09:55",
    "extension_number": "263",
    "has_ringing": true,
    "linkedid": "1751884813.115350",
    "other_extension_number": "9129274729",
    "raw_event": {
        "AccountCode": "",
        "CallerIDName": "263-SUP10",
        "CallerIDNum": "263",
        "Cause": "16",
        "Cause-txt": "Normal Clearing",
        "Channel": "SIP/263-00000e0d",
        "ChannelState": "5",
        "ChannelStateDesc": "Ringing",
        "ConnectedLineName": "9129274729",
        "ConnectedLineNum": "9129274729",
        "Context": "from-internal",
        "Event": "Hangup",
        "Exten": "263",
        "Language": "pr2",
        "Linkedid": "1751884813.115350",
        "Priority": "1",
        "Privilege": "call,all",
        "Uniqueid": "1751884833.115391"
    },
    "start_time": "2025-07-07T14:09:43",
    "status": "ringing",
    "timestamp": "2025-07-07T14:09:55",
    "type": "call_summary",
    "uniqueid": "1751884833.115391"
}

{
    "call_type": "",
    "caller_id_name": "263-SUP10",
    "caller_id_num": "263",
    "channel": "SIP/263-00000e10",
    "connected_line_name": "<unknown>",
    "connected_line_num": "<unknown>",
    "direction": "",
    "end_time": "",
    "extension_number": "263",
    "has_ringing": false,
    "linkedid": "1751884813.115350",
    "other_extension_number": "",
    "start_time": "2025-07-07T14:09:57",
    "status": "initiated",
    "timestamp": "2025-07-07T14:09:57",
    "type": "call_started",
    "uniqueid": "1751884849.115426"
}

{
    "channel": "SIP/263-00000e10",
    "privilege": "call,all",
    "timestamp": "2025-07-07T14:09:57",
    "type": "call_ringing",
    "uniqueid": "1751884849.115426"
}

{
    "call_type": "external",
    "caller_id_name": "263-SUP10",
    "caller_id_num": "263",
    "cause": "16",
    "cause_description": "",
    "cause_txt": "",
    "channel": "SIP/263-00000e10",
    "connected_line_name": "9129274729",
    "connected_line_num": "9129274729",
    "direction": "in",
    "end_time": "2025-07-07T14:10:11",
    "extension_number": "263",
    "has_ringing": true,
    "linkedid": "1751884813.115350",
    "other_extension_number": "9129274729",
    "raw_event": {
        "AccountCode": "",
        "CallerIDName": "263-SUP10",
        "CallerIDNum": "263",
        "Cause": "16",
        "Cause-txt": "Normal Clearing",
        "Channel": "SIP/263-00000e10",
        "ChannelState": "5",
        "ChannelStateDesc": "Ringing",
        "ConnectedLineName": "9129274729",
        "ConnectedLineNum": "9129274729",
        "Context": "from-internal",
        "Event": "Hangup",
        "Exten": "263",
        "Language": "pr2",
        "Linkedid": "1751884813.115350",
        "Priority": "1",
        "Privilege": "call,all",
        "Uniqueid": "1751884849.115426"
    },
    "start_time": "2025-07-07T14:09:57",
    "status": "ringing",
    "timestamp": "2025-07-07T14:10:11",
    "type": "call_ended",
    "uniqueid": "1751884849.115426"
}

{
    "call_duration": 14,
    "call_type": "external",
    "caller_id_name": "263-SUP10",
    "caller_id_num": "263",
    "cause": "16",
    "cause_description": "",
    "cause_txt": "",
    "channel": "SIP/263-00000e10",
    "connected_line_name": "9129274729",
    "connected_line_num": "9129274729",
    "direction": "in",
    "end_time": "2025-07-07T14:10:11",
    "extension_number": "263",
    "has_ringing": true,
    "linkedid": "1751884813.115350",
    "other_extension_number": "9129274729",
    "raw_event": {
        "AccountCode": "",
        "CallerIDName": "263-SUP10",
        "CallerIDNum": "263",
        "Cause": "16",
        "Cause-txt": "Normal Clearing",
        "Channel": "SIP/263-00000e10",
        "ChannelState": "5",
        "ChannelStateDesc": "Ringing",
        "ConnectedLineName": "9129274729",
        "ConnectedLineNum": "9129274729",
        "Context": "from-internal",
        "Event": "Hangup",
        "Exten": "263",
        "Language": "pr2",
        "Linkedid": "1751884813.115350",
        "Priority": "1",
        "Privilege": "call,all",
        "Uniqueid": "1751884849.115426"
    },
    "start_time": "2025-07-07T14:09:57",
    "status": "ringing",
    "timestamp": "2025-07-07T14:10:11",
    "type": "call_summary",
    "uniqueid": "1751884849.115426"
}

{
    "call_type": "",
    "caller_id_name": "263-SUP10",
    "caller_id_num": "263",
    "channel": "SIP/263-00000e15",
    "connected_line_name": "<unknown>",
    "connected_line_num": "<unknown>",
    "direction": "",
    "end_time": "",
    "extension_number": "263",
    "has_ringing": false,
    "linkedid": "1751884813.115350",
    "other_extension_number": "",
    "start_time": "2025-07-07T14:10:14",
    "status": "initiated",
    "timestamp": "2025-07-07T14:10:14",
    "type": "call_started",
    "uniqueid": "1751884865.115493"
}

{
    "channel": "SIP/263-00000e15",
    "privilege": "call,all",
    "timestamp": "2025-07-07T14:10:14",
    "type": "call_ringing",
    "uniqueid": "1751884865.115493"
}

{
    "call_type": "external",
    "caller_id_name": "263-SUP10",
    "caller_id_num": "263",
    "cause": "16",
    "cause_description": "",
    "cause_txt": "",
    "channel": "SIP/263-00000e15",
    "connected_line_name": "9129274729",
    "connected_line_num": "9129274729",
    "direction": "in",
    "end_time": "2025-07-07T14:10:28",
    "extension_number": "263",
    "has_ringing": true,
    "linkedid": "1751884813.115350",
    "other_extension_number": "9129274729",
    "raw_event": {
        "AccountCode": "",
        "CallerIDName": "263-SUP10",
        "CallerIDNum": "263",
        "Cause": "16",
        "Cause-txt": "Normal Clearing",
        "Channel": "SIP/263-00000e15",
        "ChannelState": "5",
        "ChannelStateDesc": "Ringing",
        "ConnectedLineName": "9129274729",
        "ConnectedLineNum": "9129274729",
        "Context": "from-internal",
        "Event": "Hangup",
        "Exten": "263",
        "Language": "pr2",
        "Linkedid": "1751884813.115350",
        "Priority": "1",
        "Privilege": "call,all",
        "Uniqueid": "1751884865.115493"
    },
    "start_time": "2025-07-07T14:10:14",
    "status": "ringing",
    "timestamp": "2025-07-07T14:10:28",
    "type": "call_ended",
    "uniqueid": "1751884865.115493"
}

{
    "call_duration": 14,
    "call_type": "external",
    "caller_id_name": "263-SUP10",
    "caller_id_num": "263",
    "cause": "16",
    "cause_description": "",
    "cause_txt": "",
    "channel": "SIP/263-00000e15",
    "connected_line_name": "9129274729",
    "connected_line_num": "9129274729",
    "direction": "in",
    "end_time": "2025-07-07T14:10:28",
    "extension_number": "263",
    "has_ringing": true,
    "linkedid": "1751884813.115350",
    "other_extension_number": "9129274729",
    "raw_event": {
        "AccountCode": "",
        "CallerIDName": "263-SUP10",
        "CallerIDNum": "263",
        "Cause": "16",
        "Cause-txt": "Normal Clearing",
        "Channel": "SIP/263-00000e15",
        "ChannelState": "5",
        "ChannelStateDesc": "Ringing",
        "ConnectedLineName": "9129274729",
        "ConnectedLineNum": "9129274729",
        "Context": "from-internal",
        "Event": "Hangup",
        "Exten": "263",
        "Language": "pr2",
        "Linkedid": "1751884813.115350",
        "Priority": "1",
        "Privilege": "call,all",
        "Uniqueid": "1751884865.115493"
    },
    "start_time": "2025-07-07T14:10:14",
    "status": "ringing",
    "timestamp": "2025-07-07T14:10:28",
    "type": "call_summary",
    "uniqueid": "1751884865.115493"
}

{
    "extension": "263",
    "privilege": "call,all",
    "timestamp": "2025-07-07T14:17:02",
    "type": "monitor_initialized"
}

{
    "extension": "263",
    "privilege": "call,all",
    "timestamp": "2025-07-07T14:23:57",
    "type": "monitor_initialized"
}

{
    "call_type": "",
    "caller_id_name": "263-SUP10",
    "caller_id_num": "263",
    "channel": "SIP/263-00000e6a",
    "connected_line_name": "<unknown>",
    "connected_line_num": "<unknown>",
    "direction": "",
    "end_time": "",
    "extension_number": "263",
    "has_ringing": false,
    "linkedid": "1751885792.116447",
    "other_extension_number": "",
    "start_time": "2025-07-07T14:25:39",
    "status": "initiated",
    "timestamp": "2025-07-07T14:25:39",
    "type": "call_started",
    "uniqueid": "1751885792.116455"
}

{
    "channel": "SIP/263-00000e6a",
    "privilege": "call,all",
    "timestamp": "2025-07-07T14:25:39",
    "type": "call_ringing",
    "uniqueid": "1751885792.116455"
}

{
    "call_type": "external",
    "caller_id_name": "263-SUP10",
    "caller_id_num": "263",
    "cause": "16",
    "cause_description": "",
    "cause_txt": "",
    "channel": "SIP/263-00000e6a",
    "connected_line_name": "82723124",
    "connected_line_num": "82723124",
    "direction": "in",
    "end_time": "2025-07-07T14:25:54",
    "extension_number": "263",
    "has_ringing": true,
    "linkedid": "1751885792.116447",
    "other_extension_number": "82723124",
    "raw_event": {
        "AccountCode": "",
        "CallerIDName": "263-SUP10",
        "CallerIDNum": "263",
        "Cause": "16",
        "Cause-txt": "Normal Clearing",
        "Channel": "SIP/263-00000e6a",
        "ChannelState": "5",
        "ChannelStateDesc": "Ringing",
        "ConnectedLineName": "82723124",
        "ConnectedLineNum": "82723124",
        "Context": "from-internal",
        "Event": "Hangup",
        "Exten": "263",
        "Language": "pr2",
        "Linkedid": "1751885792.116447",
        "Priority": "1",
        "Privilege": "call,all",
        "Uniqueid": "1751885792.116455"
    },
    "start_time": "2025-07-07T14:25:39",
    "status": "ringing",
    "timestamp": "2025-07-07T14:25:54",
    "type": "call_ended",
    "uniqueid": "1751885792.116455"
}

{
    "call_duration": 15,
    "call_type": "external",
    "caller_id_name": "263-SUP10",
    "caller_id_num": "263",
    "cause": "16",
    "cause_description": "",
    "cause_txt": "",
    "channel": "SIP/263-00000e6a",
    "connected_line_name": "82723124",
    "connected_line_num": "82723124",
    "direction": "in",
    "end_time": "2025-07-07T14:25:54",
    "extension_number": "263",
    "has_ringing": true,
    "linkedid": "1751885792.116447",
    "other_extension_number": "82723124",
    "raw_event": {
        "AccountCode": "",
        "CallerIDName": "263-SUP10",
        "CallerIDNum": "263",
        "Cause": "16",
        "Cause-txt": "Normal Clearing",
        "Channel": "SIP/263-00000e6a",
        "ChannelState": "5",
        "ChannelStateDesc": "Ringing",
        "ConnectedLineName": "82723124",
        "ConnectedLineNum": "82723124",
        "Context": "from-internal",
        "Event": "Hangup",
        "Exten": "263",
        "Language": "pr2",
        "Linkedid": "1751885792.116447",
        "Priority": "1",
        "Privilege": "call,all",
        "Uniqueid": "1751885792.116455"
    },
    "start_time": "2025-07-07T14:25:39",
    "status": "ringing",
    "timestamp": "2025-07-07T14:25:54",
    "type": "call_summary",
    "uniqueid": "1751885792.116455"
}

{
    "call_type": "",
    "caller_id_name": "263-SUP10",
    "caller_id_num": "263",
    "channel": "SIP/263-00000e6e",
    "connected_line_name": "<unknown>",
    "connected_line_num": "<unknown>",
    "direction": "",
    "end_time": "",
    "extension_number": "263",
    "has_ringing": false,
    "linkedid": "1751885792.116447",
    "other_extension_number": "",
    "start_time": "2025-07-07T14:26:04",
    "status": "initiated",
    "timestamp": "2025-07-07T14:26:04",
    "type": "call_started",
    "uniqueid": "1751885815.116523"
}

{
    "channel": "SIP/263-00000e6e",
    "privilege": "call,all",
    "timestamp": "2025-07-07T14:26:04",
    "type": "call_ringing",
    "uniqueid": "1751885815.116523"
}

{
    "call_type": "external",
    "caller_id_name": "263-SUP10",
    "caller_id_num": "263",
    "cause": "16",
    "cause_description": "",
    "cause_txt": "",
    "channel": "SIP/263-00000e6e",
    "connected_line_name": "82723124",
    "connected_line_num": "82723124",
    "direction": "in",
    "end_time": "2025-07-07T14:26:17",
    "extension_number": "263",
    "has_ringing": true,
    "linkedid": "1751885792.116447",
    "other_extension_number": "82723124",
    "raw_event": {
        "AccountCode": "",
        "CallerIDName": "263-SUP10",
        "CallerIDNum": "263",
        "Cause": "16",
        "Cause-txt": "Normal Clearing",
        "Channel": "SIP/263-00000e6e",
        "ChannelState": "5",
        "ChannelStateDesc": "Ringing",
        "ConnectedLineName": "82723124",
        "ConnectedLineNum": "82723124",
        "Context": "from-internal",
        "Event": "Hangup",
        "Exten": "263",
        "Language": "pr2",
        "Linkedid": "1751885792.116447",
        "Priority": "1",
        "Privilege": "call,all",
        "Uniqueid": "1751885815.116523"
    },
    "start_time": "2025-07-07T14:26:04",
    "status": "ringing",
    "timestamp": "2025-07-07T14:26:17",
    "type": "call_ended",
    "uniqueid": "1751885815.116523"
}

{
    "call_duration": 13,
    "call_type": "external",
    "caller_id_name": "263-SUP10",
    "caller_id_num": "263",
    "cause": "16",
    "cause_description": "",
    "cause_txt": "",
    "channel": "SIP/263-00000e6e",
    "connected_line_name": "82723124",
    "connected_line_num": "82723124",
    "direction": "in",
    "end_time": "2025-07-07T14:26:17",
    "extension_number": "263",
    "has_ringing": true,
    "linkedid": "1751885792.116447",
    "other_extension_number": "82723124",
    "raw_event": {
        "AccountCode": "",
        "CallerIDName": "263-SUP10",
        "CallerIDNum": "263",
        "Cause": "16",
        "Cause-txt": "Normal Clearing",
        "Channel": "SIP/263-00000e6e",
        "ChannelState": "5",
        "ChannelStateDesc": "Ringing",
        "ConnectedLineName": "82723124",
        "ConnectedLineNum": "82723124",
        "Context": "from-internal",
        "Event": "Hangup",
        "Exten": "263",
        "Language": "pr2",
        "Linkedid": "1751885792.116447",
        "Priority": "1",
        "Privilege": "call,all",
        "Uniqueid": "1751885815.116523"
    },
    "start_time": "2025-07-07T14:26:04",
    "status": "ringing",
    "timestamp": "2025-07-07T14:26:17",
    "type": "call_summary",
    "uniqueid": "1751885815.116523"
}

{
    "call_type": "",
    "caller_id_name": "263-SUP10",
    "caller_id_num": "263",
    "channel": "SIP/263-00000e76",
    "connected_line_name": "<unknown>",
    "connected_line_num": "<unknown>",
    "direction": "",
    "end_time": "",
    "extension_number": "263",
    "has_ringing": false,
    "linkedid": "1751885792.116447",
    "other_extension_number": "",
    "start_time": "2025-07-07T14:26:19",
    "status": "initiated",
    "timestamp": "2025-07-07T14:26:19",
    "type": "call_started",
    "uniqueid": "1751885831.116626"
}

{
    "channel": "SIP/263-00000e76",
    "privilege": "call,all",
    "timestamp": "2025-07-07T14:26:19",
    "type": "call_ringing",
    "uniqueid": "1751885831.116626"
}

{
    "call_type": "external",
    "caller_id_name": "263-SUP10",
    "caller_id_num": "263",
    "cause": "16",
    "cause_description": "",
    "cause_txt": "",
    "channel": "SIP/263-00000e76",
    "connected_line_name": "82723124",
    "connected_line_num": "82723124",
    "direction": "in",
    "end_time": "2025-07-07T14:26:33",
    "extension_number": "263",
    "has_ringing": true,
    "linkedid": "1751885792.116447",
    "other_extension_number": "82723124",
    "raw_event": {
        "AccountCode": "",
        "CallerIDName": "263-SUP10",
        "CallerIDNum": "263",
        "Cause": "16",
        "Cause-txt": "Normal Clearing",
        "Channel": "SIP/263-00000e76",
        "ChannelState": "5",
        "ChannelStateDesc": "Ringing",
        "ConnectedLineName": "82723124",
        "ConnectedLineNum": "82723124",
        "Context": "from-internal",
        "Event": "Hangup",
        "Exten": "263",
        "Language": "pr2",
        "Linkedid": "1751885792.116447",
        "Priority": "1",
        "Privilege": "call,all",
        "Uniqueid": "1751885831.116626"
    },
    "start_time": "2025-07-07T14:26:19",
    "status": "ringing",
    "timestamp": "2025-07-07T14:26:33",
    "type": "call_ended",
    "uniqueid": "1751885831.116626"
}

{
    "call_duration": 14,
    "call_type": "external",
    "caller_id_name": "263-SUP10",
    "caller_id_num": "263",
    "cause": "16",
    "cause_description": "",
    "cause_txt": "",
    "channel": "SIP/263-00000e76",
    "connected_line_name": "82723124",
    "connected_line_num": "82723124",
    "direction": "in",
    "end_time": "2025-07-07T14:26:33",
    "extension_number": "263",
    "has_ringing": true,
    "linkedid": "1751885792.116447",
    "other_extension_number": "82723124",
    "raw_event": {
        "AccountCode": "",
        "CallerIDName": "263-SUP10",
        "CallerIDNum": "263",
        "Cause": "16",
        "Cause-txt": "Normal Clearing",
        "Channel": "SIP/263-00000e76",
        "ChannelState": "5",
        "ChannelStateDesc": "Ringing",
        "ConnectedLineName": "82723124",
        "ConnectedLineNum": "82723124",
        "Context": "from-internal",
        "Event": "Hangup",
        "Exten": "263",
        "Language": "pr2",
        "Linkedid": "1751885792.116447",
        "Priority": "1",
        "Privilege": "call,all",
        "Uniqueid": "1751885831.116626"
    },
    "start_time": "2025-07-07T14:26:19",
    "status": "ringing",
    "timestamp": "2025-07-07T14:26:33",
    "type": "call_summary",
    "uniqueid": "1751885831.116626"
}

{
    "call_type": "",
    "caller_id_name": "263-SUP10",
    "caller_id_num": "263",
    "channel": "SIP/263-00000e79",
    "connected_line_name": "<unknown>",
    "connected_line_num": "<unknown>",
    "direction": "",
    "end_time": "",
    "extension_number": "263",
    "has_ringing": false,
    "linkedid": "1751885792.116447",
    "other_extension_number": "",
    "start_time": "2025-07-07T14:26:35",
    "status": "initiated",
    "timestamp": "2025-07-07T14:26:35",
    "type": "call_started",
    "uniqueid": "1751885847.116675"
}

{
    "channel": "SIP/263-00000e79",
    "privilege": "call,all",
    "timestamp": "2025-07-07T14:26:35",
    "type": "call_ringing",
    "uniqueid": "1751885847.116675"
}

{
    "call_type": "external",
    "caller_id_name": "263-SUP10",
    "caller_id_num": "263",
    "cause": "16",
    "cause_description": "",
    "cause_txt": "",
    "channel": "SIP/263-00000e79",
    "connected_line_name": "82723124",
    "connected_line_num": "82723124",
    "direction": "in",
    "end_time": "2025-07-07T14:26:49",
    "extension_number": "263",
    "has_ringing": true,
    "linkedid": "1751885792.116447",
    "other_extension_number": "82723124",
    "raw_event": {
        "AccountCode": "",
        "CallerIDName": "263-SUP10",
        "CallerIDNum": "263",
        "Cause": "16",
        "Cause-txt": "Normal Clearing",
        "Channel": "SIP/263-00000e79",
        "ChannelState": "5",
        "ChannelStateDesc": "Ringing",
        "ConnectedLineName": "82723124",
        "ConnectedLineNum": "82723124",
        "Context": "from-internal",
        "Event": "Hangup",
        "Exten": "263",
        "Language": "pr2",
        "Linkedid": "1751885792.116447",
        "Priority": "1",
        "Privilege": "call,all",
        "Uniqueid": "1751885847.116675"
    },
    "start_time": "2025-07-07T14:26:35",
    "status": "ringing",
    "timestamp": "2025-07-07T14:26:49",
    "type": "call_ended",
    "uniqueid": "1751885847.116675"
}

{
    "call_duration": 14,
    "call_type": "external",
    "caller_id_name": "263-SUP10",
    "caller_id_num": "263",
    "cause": "16",
    "cause_description": "",
    "cause_txt": "",
    "channel": "SIP/263-00000e79",
    "connected_line_name": "82723124",
    "connected_line_num": "82723124",
    "direction": "in",
    "end_time": "2025-07-07T14:26:49",
    "extension_number": "263",
    "has_ringing": true,
    "linkedid": "1751885792.116447",
    "other_extension_number": "82723124",
    "raw_event": {
        "AccountCode": "",
        "CallerIDName": "263-SUP10",
        "CallerIDNum": "263",
        "Cause": "16",
        "Cause-txt": "Normal Clearing",
        "Channel": "SIP/263-00000e79",
        "ChannelState": "5",
        "ChannelStateDesc": "Ringing",
        "ConnectedLineName": "82723124",
        "ConnectedLineNum": "82723124",
        "Context": "from-internal",
        "Event": "Hangup",
        "Exten": "263",
        "Language": "pr2",
        "Linkedid": "1751885792.116447",
        "Priority": "1",
        "Privilege": "call,all",
        "Uniqueid": "1751885847.116675"
    },
    "start_time": "2025-07-07T14:26:35",
    "status": "ringing",
    "timestamp": "2025-07-07T14:26:49",
    "type": "call_summary",
    "uniqueid": "1751885847.116675"
}

{
    "call_type": "",
    "caller_id_name": "263-SUP10",
    "caller_id_num": "263",
    "channel": "SIP/263-00000e80",
    "connected_line_name": "<unknown>",
    "connected_line_num": "<unknown>",
    "direction": "",
    "end_time": "",
    "extension_number": "263",
    "has_ringing": false,
    "linkedid": "1751885792.116447",
    "other_extension_number": "",
    "start_time": "2025-07-07T14:26:58",
    "status": "initiated",
    "timestamp": "2025-07-07T14:26:58",
    "type": "call_started",
    "uniqueid": "1751885870.116751"
}

{
    "channel": "SIP/263-00000e80",
    "privilege": "call,all",
    "timestamp": "2025-07-07T14:26:58",
    "type": "call_ringing",
    "uniqueid": "1751885870.116751"
}

{
    "call_type": "external",
    "caller_id_name": "263-SUP10",
    "caller_id_num": "263",
    "cause": "19",
    "cause_description": "",
    "cause_txt": "",
    "channel": "SIP/263-00000e80",
    "connected_line_name": "82723124",
    "connected_line_num": "82723124",
    "direction": "in",
    "end_time": "2025-07-07T14:27:03",
    "extension_number": "263",
    "has_ringing": true,
    "linkedid": "1751885792.116447",
    "other_extension_number": "82723124",
    "raw_event": {
        "AccountCode": "",
        "CallerIDName": "263-SUP10",
        "CallerIDNum": "263",
        "Cause": "19",
        "Cause-txt": "User alerting, no answer",
        "Channel": "SIP/263-00000e80",
        "ChannelState": "5",
        "ChannelStateDesc": "Ringing",
        "ConnectedLineName": "82723124",
        "ConnectedLineNum": "82723124",
        "Context": "from-internal",
        "Event": "Hangup",
        "Exten": "263",
        "Language": "pr2",
        "Linkedid": "1751885792.116447",
        "Priority": "1",
        "Privilege": "call,all",
        "Uniqueid": "1751885870.116751"
    },
    "start_time": "2025-07-07T14:26:58",
    "status": "ringing",
    "timestamp": "2025-07-07T14:27:03",
    "type": "call_ended",
    "uniqueid": "1751885870.116751"
}

{
    "call_duration": 4,
    "call_type": "external",
    "caller_id_name": "263-SUP10",
    "caller_id_num": "263",
    "cause": "19",
    "cause_description": "",
    "cause_txt": "",
    "channel": "SIP/263-00000e80",
    "connected_line_name": "82723124",
    "connected_line_num": "82723124",
    "direction": "in",
    "end_time": "2025-07-07T14:27:03",
    "extension_number": "263",
    "has_ringing": true,
    "linkedid": "1751885792.116447",
    "other_extension_number": "82723124",
    "raw_event": {
        "AccountCode": "",
        "CallerIDName": "263-SUP10",
        "CallerIDNum": "263",
        "Cause": "19",
        "Cause-txt": "User alerting, no answer",
        "Channel": "SIP/263-00000e80",
        "ChannelState": "5",
        "ChannelStateDesc": "Ringing",
        "ConnectedLineName": "82723124",
        "ConnectedLineNum": "82723124",
        "Context": "from-internal",
        "Event": "Hangup",
        "Exten": "263",
        "Language": "pr2",
        "Linkedid": "1751885792.116447",
        "Priority": "1",
        "Privilege": "call,all",
        "Uniqueid": "1751885870.116751"
    },
    "start_time": "2025-07-07T14:26:58",
    "status": "ringing",
    "timestamp": "2025-07-07T14:27:03",
    "type": "call_summary",
    "uniqueid": "1751885870.116751"
}

{
    "call_type": "",
    "caller_id_name": "263-SUP10",
    "caller_id_num": "263",
    "channel": "SIP/263-00000e85",
    "connected_line_name": "<unknown>",
    "connected_line_num": "<unknown>",
    "direction": "",
    "end_time": "",
    "extension_number": "263",
    "has_ringing": false,
    "linkedid": "1751885792.116447",
    "other_extension_number": "",
    "start_time": "2025-07-07T14:27:05",
    "status": "initiated",
    "timestamp": "2025-07-07T14:27:05",
    "type": "call_started",
    "uniqueid": "1751885877.116817"
}

{
    "channel": "SIP/263-00000e85",
    "privilege": "call,all",
    "timestamp": "2025-07-07T14:27:05",
    "type": "call_ringing",
    "uniqueid": "1751885877.116817"
}

{
    "channel": "SIP/263-00000e85",
    "privilege": "call,all",
    "timestamp": "2025-07-07T14:27:11",
    "type": "call_answered",
    "uniqueid": "1751885877.116817"
}

{
    "call_type": "external",
    "caller_id_name": "263-SUP10",
    "caller_id_num": "263",
    "cause": "16",
    "cause_description": "",
    "cause_txt": "",
    "channel": "SIP/263-00000e85",
    "connected_line_name": "82723124",
    "connected_line_num": "82723124",
    "direction": "in",
    "end_time": "2025-07-07T14:27:18",
    "extension_number": "263",
    "has_ringing": true,
    "linkedid": "1751885792.116447",
    "other_extension_number": "82723124",
    "raw_event": {
        "AccountCode": "",
        "CallerIDName": "263-SUP10",
        "CallerIDNum": "263",
        "Cause": "16",
        "Cause-txt": "Normal Clearing",
        "Channel": "SIP/263-00000e85",
        "ChannelState": "6",
        "ChannelStateDesc": "Up",
        "ConnectedLineName": "82723124",
        "ConnectedLineNum": "82723124",
        "Context": "macro-dial-one",
        "Event": "Hangup",
        "Exten": "s",
        "Language": "pr2",
        "Linkedid": "1751885792.116447",
        "Priority": "1",
        "Privilege": "call,all",
        "Uniqueid": "1751885877.116817"
    },
    "start_time": "2025-07-07T14:27:11",
    "status": "answered",
    "timestamp": "2025-07-07T14:27:18",
    "type": "call_ended",
    "uniqueid": "1751885877.116817"
}

{
    "call_duration": 6,
    "call_type": "external",
    "caller_id_name": "263-SUP10",
    "caller_id_num": "263",
    "cause": "16",
    "cause_description": "",
    "cause_txt": "",
    "channel": "SIP/263-00000e85",
    "connected_line_name": "82723124",
    "connected_line_num": "82723124",
    "direction": "in",
    "end_time": "2025-07-07T14:27:18",
    "extension_number": "263",
    "has_ringing": true,
    "linkedid": "1751885792.116447",
    "other_extension_number": "82723124",
    "raw_event": {
        "AccountCode": "",
        "CallerIDName": "263-SUP10",
        "CallerIDNum": "263",
        "Cause": "16",
        "Cause-txt": "Normal Clearing",
        "Channel": "SIP/263-00000e85",
        "ChannelState": "6",
        "ChannelStateDesc": "Up",
        "ConnectedLineName": "82723124",
        "ConnectedLineNum": "82723124",
        "Context": "macro-dial-one",
        "Event": "Hangup",
        "Exten": "s",
        "Language": "pr2",
        "Linkedid": "1751885792.116447",
        "Priority": "1",
        "Privilege": "call,all",
        "Uniqueid": "1751885877.116817"
    },
    "start_time": "2025-07-07T14:27:11",
    "status": "answered",
    "timestamp": "2025-07-07T14:27:18",
    "type": "call_summary",
    "uniqueid": "1751885877.116817"
}

{
    "call_type": "",
    "caller_id_name": "263-SUP10",
    "caller_id_num": "263",
    "channel": "SIP/263-00000e8b",
    "connected_line_name": "<unknown>",
    "connected_line_num": "<unknown>",
    "direction": "",
    "end_time": "",
    "extension_number": "263",
    "has_ringing": false,
    "linkedid": "1751885831.116602",
    "other_extension_number": "",
    "start_time": "2025-07-07T14:27:22",
    "status": "initiated",
    "timestamp": "2025-07-07T14:27:22",
    "type": "call_started",
    "uniqueid": "1751885892.116952"
}

{
    "channel": "SIP/263-00000e8b",
    "privilege": "call,all",
    "timestamp": "2025-07-07T14:27:22",
    "type": "call_ringing",
    "uniqueid": "1751885892.116952"
}

{
    "channel": "SIP/263-00000e8b",
    "privilege": "call,all",
    "timestamp": "2025-07-07T14:27:22",
    "type": "call_answered",
    "uniqueid": "1751885892.116952"
}

{
    "call_type": "external",
    "caller_id_name": "263-SUP10",
    "caller_id_num": "263",
    "cause": "16",
    "cause_description": "",
    "cause_txt": "",
    "channel": "SIP/263-00000e8b",
    "connected_line_name": "9357724355",
    "connected_line_num": "9357724355",
    "direction": "in",
    "end_time": "2025-07-07T14:31:23",
    "extension_number": "263",
    "has_ringing": true,
    "linkedid": "1751885831.116602",
    "other_extension_number": "9357724355",
    "raw_event": {
        "AccountCode": "",
        "CallerIDName": "263-SUP10",
        "CallerIDNum": "263",
        "Cause": "16",
        "Cause-txt": "Normal Clearing",
        "Channel": "SIP/263-00000e8b",
        "ChannelState": "6",
        "ChannelStateDesc": "Up",
        "ConnectedLineName": "9357724355",
        "ConnectedLineNum": "9357724355",
        "Context": "macro-dial-one",
        "Event": "Hangup",
        "Exten": "s",
        "Language": "pr2",
        "Linkedid": "1751885831.116602",
        "Priority": "1",
        "Privilege": "call,all",
        "Uniqueid": "1751885892.116952"
    },
    "start_time": "2025-07-07T14:27:22",
    "status": "answered",
    "timestamp": "2025-07-07T14:31:23",
    "type": "call_ended",
    "uniqueid": "1751885892.116952"
}

{
    "call_duration": 240,
    "call_type": "external",
    "caller_id_name": "263-SUP10",
    "caller_id_num": "263",
    "cause": "16",
    "cause_description": "",
    "cause_txt": "",
    "channel": "SIP/263-00000e8b",
    "connected_line_name": "9357724355",
    "connected_line_num": "9357724355",
    "direction": "in",
    "end_time": "2025-07-07T14:31:23",
    "extension_number": "263",
    "has_ringing": true,
    "linkedid": "1751885831.116602",
    "other_extension_number": "9357724355",
    "raw_event": {
        "AccountCode": "",
        "CallerIDName": "263-SUP10",
        "CallerIDNum": "263",
        "Cause": "16",
        "Cause-txt": "Normal Clearing",
        "Channel": "SIP/263-00000e8b",
        "ChannelState": "6",
        "ChannelStateDesc": "Up",
        "ConnectedLineName": "9357724355",
        "ConnectedLineNum": "9357724355",
        "Context": "macro-dial-one",
        "Event": "Hangup",
        "Exten": "s",
        "Language": "pr2",
        "Linkedid": "1751885831.116602",
        "Priority": "1",
        "Privilege": "call,all",
        "Uniqueid": "1751885892.116952"
    },
    "start_time": "2025-07-07T14:27:22",
    "status": "answered",
    "timestamp": "2025-07-07T14:31:23",
    "type": "call_summary",
    "uniqueid": "1751885892.116952"
}

{
    "extension": "263",
    "privilege": "call,all",
    "timestamp": "2025-07-07T14:32:48",
    "type": "monitor_initialized"
}

{
    "extension": "263",
    "privilege": "call,all",
    "timestamp": "2025-07-07T14:36:31",
    "type": "monitor_initialized"
}

{
    "extension": "263",
    "privilege": "call,all",
    "timestamp": "2025-07-07T14:38:43",
    "type": "monitor_initialized"
}

{
    "extension": "263",
    "privilege": "call,all",
    "timestamp": "2025-07-07T14:50:12",
    "type": "monitor_initialized"
}

{
    "extension": "263",
    "privilege": "call,all",
    "timestamp": "2025-07-07T14:54:02",
    "type": "monitor_initialized"
}

{
    "call_type": "",
    "caller_id_name": "263-SUP10",
    "caller_id_num": "263",
    "channel": "SIP/263-00000f8b",
    "connected_line_name": "<unknown>",
    "connected_line_num": "<unknown>",
    "direction": "",
    "end_time": "",
    "extension_number": "263",
    "has_ringing": false,
    "linkedid": "1751887855.121649",
    "other_extension_number": "",
    "start_time": "2025-07-07T15:00:02",
    "status": "initiated",
    "timestamp": "2025-07-07T15:00:02",
    "type": "call_started",
    "uniqueid": "1751887855.121649"
}

{
    "channel": "SIP/263-00000f8b",
    "privilege": "call,all",
    "timestamp": "2025-07-07T15:00:07",
    "type": "call_answered",
    "uniqueid": "1751887855.121649"
}

{
    "call_type": "external",
    "caller_id_name": "<unknown>",
    "caller_id_num": "36944000",
    "cause": "16",
    "cause_description": "",
    "cause_txt": "",
    "channel": "SIP/263-00000f8b",
    "connected_line_name": "CID:36944000",
    "connected_line_num": "09357724355",
    "direction": "out",
    "end_time": "2025-07-07T15:01:17",
    "extension_number": "263",
    "has_ringing": false,
    "linkedid": "1751887855.121649",
    "other_extension_number": "09357724355",
    "raw_event": {
        "AccountCode": "",
        "CallerIDName": "<unknown>",
        "CallerIDNum": "36944000",
        "Cause": "16",
        "Cause-txt": "Normal Clearing",
        "Channel": "SIP/263-00000f8b",
        "ChannelState": "6",
        "ChannelStateDesc": "Up",
        "ConnectedLineName": "CID:36944000",
        "ConnectedLineNum": "09357724355",
        "Context": "from-internal",
        "Event": "Hangup",
        "Exten": "h",
        "Language": "pr2",
        "Linkedid": "1751887855.121649",
        "Priority": "1",
        "Privilege": "call,all",
        "Uniqueid": "1751887855.121649"
    },
    "start_time": "2025-07-07T15:00:07",
    "status": "answered",
    "timestamp": "2025-07-07T15:01:17",
    "type": "call_ended",
    "uniqueid": "1751887855.121649"
}

{
    "call_duration": 69,
    "call_type": "external",
    "caller_id_name": "<unknown>",
    "caller_id_num": "36944000",
    "cause": "16",
    "cause_description": "",
    "cause_txt": "",
    "channel": "SIP/263-00000f8b",
    "connected_line_name": "CID:36944000",
    "connected_line_num": "09357724355",
    "direction": "out",
    "end_time": "2025-07-07T15:01:17",
    "extension_number": "263",
    "has_ringing": false,
    "linkedid": "1751887855.121649",
    "other_extension_number": "09357724355",
    "raw_event": {
        "AccountCode": "",
        "CallerIDName": "<unknown>",
        "CallerIDNum": "36944000",
        "Cause": "16",
        "Cause-txt": "Normal Clearing",
        "Channel": "SIP/263-00000f8b",
        "ChannelState": "6",
        "ChannelStateDesc": "Up",
        "ConnectedLineName": "CID:36944000",
        "ConnectedLineNum": "09357724355",
        "Context": "from-internal",
        "Event": "Hangup",
        "Exten": "h",
        "Language": "pr2",
        "Linkedid": "1751887855.121649",
        "Priority": "1",
        "Privilege": "call,all",
        "Uniqueid": "1751887855.121649"
    },
    "start_time": "2025-07-07T15:00:07",
    "status": "answered",
    "timestamp": "2025-07-07T15:01:17",
    "type": "call_summary",
    "uniqueid": "1751887855.121649"
}

{
    "call_type": "",
    "caller_id_name": "263-SUP10",
    "caller_id_num": "263",
    "channel": "SIP/263-00000fc4",
    "connected_line_name": "<unknown>",
    "connected_line_num": "<unknown>",
    "direction": "",
    "end_time": "",
    "extension_number": "263",
    "has_ringing": false,
    "linkedid": "1751888227.122225",
    "other_extension_number": "",
    "start_time": "2025-07-07T15:06:14",
    "status": "initiated",
    "timestamp": "2025-07-07T15:06:14",
    "type": "call_started",
    "uniqueid": "1751888227.122225"
}

{
    "channel": "SIP/263-00000fc4",
    "privilege": "call,all",
    "timestamp": "2025-07-07T15:06:34",
    "type": "call_answered",
    "uniqueid": "1751888227.122225"
}

{
    "call_type": "internal",
    "caller_id_name": "263-SUP10",
    "caller_id_num": "263",
    "cause": "0",
    "cause_description": "",
    "cause_txt": "",
    "channel": "SIP/263-00000fc4",
    "connected_line_name": "523-SM3",
    "connected_line_num": "523",
    "direction": "out",
    "end_time": "2025-07-07T15:06:37",
    "extension_number": "263",
    "has_ringing": false,
    "linkedid": "1751888227.122225",
    "other_extension_number": "523",
    "raw_event": {
        "AccountCode": "",
        "CallerIDName": "263-SUP10",
        "CallerIDNum": "263",
        "Cause": "0",
        "Cause-txt": "Unknown",
        "Channel": "SIP/263-00000fc4",
        "ChannelState": "6",
        "ChannelStateDesc": "Up",
        "ConnectedLineName": "523-SM3",
        "ConnectedLineNum": "523",
        "Context": "app-announcement-4",
        "Event": "Hangup",
        "Exten": "s",
        "Language": "pr2",
        "Linkedid": "1751888227.122225",
        "Priority": "5",
        "Privilege": "call,all",
        "Uniqueid": "1751888227.122225"
    },
    "start_time": "2025-07-07T15:06:34",
    "status": "answered",
    "timestamp": "2025-07-07T15:06:37",
    "type": "call_ended",
    "uniqueid": "1751888227.122225"
}

{
    "call_duration": 2,
    "call_type": "internal",
    "caller_id_name": "263-SUP10",
    "caller_id_num": "263",
    "cause": "0",
    "cause_description": "",
    "cause_txt": "",
    "channel": "SIP/263-00000fc4",
    "connected_line_name": "523-SM3",
    "connected_line_num": "523",
    "direction": "out",
    "end_time": "2025-07-07T15:06:37",
    "extension_number": "263",
    "has_ringing": false,
    "linkedid": "1751888227.122225",
    "other_extension_number": "523",
    "raw_event": {
        "AccountCode": "",
        "CallerIDName": "263-SUP10",
        "CallerIDNum": "263",
        "Cause": "0",
        "Cause-txt": "Unknown",
        "Channel": "SIP/263-00000fc4",
        "ChannelState": "6",
        "ChannelStateDesc": "Up",
        "ConnectedLineName": "523-SM3",
        "ConnectedLineNum": "523",
        "Context": "app-announcement-4",
        "Event": "Hangup",
        "Exten": "s",
        "Language": "pr2",
        "Linkedid": "1751888227.122225",
        "Priority": "5",
        "Privilege": "call,all",
        "Uniqueid": "1751888227.122225"
    },
    "start_time": "2025-07-07T15:06:34",
    "status": "answered",
    "timestamp": "2025-07-07T15:06:37",
    "type": "call_summary",
    "uniqueid": "1751888227.122225"
}

{
    "extension": "263",
    "privilege": "call,all",
    "timestamp": "2025-07-07T15:10:16",
    "type": "monitor_initialized"
}

{
    "call_type": "",
    "caller_id_name": "263-SUP10",
    "caller_id_num": "263",
    "channel": "SIP/263-00000fe8",
    "connected_line_name": "<unknown>",
    "connected_line_num": "<unknown>",
    "direction": "",
    "end_time": "",
    "extension_number": "263",
    "has_ringing": false,
    "linkedid": "1751888594.122673",
    "other_extension_number": "",
    "start_time": "2025-07-07T15:12:22",
    "status": "initiated",
    "timestamp": "2025-07-07T15:12:22",
    "type": "call_started",
    "uniqueid": "1751888594.122676"
}

{
    "channel": "SIP/263-00000fe8",
    "privilege": "call,all",
    "timestamp": "2025-07-07T15:12:22",
    "type": "call_ringing",
    "uniqueid": "1751888594.122676"
}

{
    "channel": "SIP/263-00000fe8",
    "privilege": "call,all",
    "timestamp": "2025-07-07T15:12:26",
    "type": "call_answered",
    "uniqueid": "1751888594.122676"
}

{
    "call_type": "internal",
    "caller_id_name": "263-SUP10",
    "caller_id_num": "263",
    "cause": "16",
    "cause_description": "",
    "cause_txt": "",
    "channel": "SIP/263-00000fe8",
    "connected_line_name": "523-SM3",
    "connected_line_num": "523",
    "direction": "in",
    "end_time": "2025-07-07T15:12:55",
    "extension_number": "263",
    "has_ringing": true,
    "linkedid": "1751888594.122673",
    "other_extension_number": "523",
    "raw_event": {
        "AccountCode": "",
        "CallerIDName": "263-SUP10",
        "CallerIDNum": "263",
        "Cause": "16",
        "Cause-txt": "Normal Clearing",
        "Channel": "SIP/263-00000fe8",
        "ChannelState": "6",
        "ChannelStateDesc": "Up",
        "ConnectedLineName": "523-SM3",
        "ConnectedLineNum": "523",
        "Context": "from-internal",
        "Event": "Hangup",
        "Exten": "",
        "Language": "pr2",
        "Linkedid": "1751888594.122673",
        "Priority": "1",
        "Privilege": "call,all",
        "Uniqueid": "1751888594.122676"
    },
    "start_time": "2025-07-07T15:12:26",
    "status": "answered",
    "timestamp": "2025-07-07T15:12:55",
    "type": "call_ended",
    "uniqueid": "1751888594.122676"
}

{
    "call_duration": 29,
    "call_type": "internal",
    "caller_id_name": "263-SUP10",
    "caller_id_num": "263",
    "cause": "16",
    "cause_description": "",
    "cause_txt": "",
    "channel": "SIP/263-00000fe8",
    "connected_line_name": "523-SM3",
    "connected_line_num": "523",
    "direction": "in",
    "end_time": "2025-07-07T15:12:55",
    "extension_number": "263",
    "has_ringing": true,
    "linkedid": "1751888594.122673",
    "other_extension_number": "523",
    "raw_event": {
        "AccountCode": "",
        "CallerIDName": "263-SUP10",
        "CallerIDNum": "263",
        "Cause": "16",
        "Cause-txt": "Normal Clearing",
        "Channel": "SIP/263-00000fe8",
        "ChannelState": "6",
        "ChannelStateDesc": "Up",
        "ConnectedLineName": "523-SM3",
        "ConnectedLineNum": "523",
        "Context": "from-internal",
        "Event": "Hangup",
        "Exten": "",
        "Language": "pr2",
        "Linkedid": "1751888594.122673",
        "Priority": "1",
        "Privilege": "call,all",
        "Uniqueid": "1751888594.122676"
    },
    "start_time": "2025-07-07T15:12:26",
    "status": "answered",
    "timestamp": "2025-07-07T15:12:55",
    "type": "call_summary",
    "uniqueid": "1751888594.122676"
}

{
    "call_type": "",
    "caller_id_name": "263-SUP10",
    "caller_id_num": "263",
    "channel": "SIP/263-00000fef",
    "connected_line_name": "<unknown>",
    "connected_line_num": "<unknown>",
    "direction": "",
    "end_time": "",
    "extension_number": "263",
    "has_ringing": false,
    "linkedid": "1751888636.122723",
    "other_extension_number": "",
    "start_time": "2025-07-07T15:13:03",
    "status": "initiated",
    "timestamp": "2025-07-07T15:13:03",
    "type": "call_started",
    "uniqueid": "1751888636.122723"
}

{
    "channel": "SIP/263-00000fef",
    "privilege": "call,all",
    "timestamp": "2025-07-07T15:13:20",
    "type": "call_answered",
    "uniqueid": "1751888636.122723"
}

{
    "call_type": "external",
    "caller_id_name": "<unknown>",
    "caller_id_num": "36944000",
    "cause": "16",
    "cause_description": "",
    "cause_txt": "",
    "channel": "SIP/263-00000fef",
    "connected_line_name": "CID:36944000",
    "connected_line_num": "09387515315",
    "direction": "out",
    "end_time": "2025-07-07T15:15:55",
    "extension_number": "263",
    "has_ringing": false,
    "linkedid": "1751888636.122723",
    "other_extension_number": "09387515315",
    "raw_event": {
        "AccountCode": "",
        "CallerIDName": "<unknown>",
        "CallerIDNum": "36944000",
        "Cause": "16",
        "Cause-txt": "Normal Clearing",
        "Channel": "SIP/263-00000fef",
        "ChannelState": "6",
        "ChannelStateDesc": "Up",
        "ConnectedLineName": "CID:36944000",
        "ConnectedLineNum": "09387515315",
        "Context": "from-internal",
        "Event": "Hangup",
        "Exten": "h",
        "Language": "pr2",
        "Linkedid": "1751888636.122723",
        "Priority": "1",
        "Privilege": "call,all",
        "Uniqueid": "1751888636.122723"
    },
    "start_time": "2025-07-07T15:13:20",
    "status": "answered",
    "timestamp": "2025-07-07T15:15:55",
    "type": "call_ended",
    "uniqueid": "1751888636.122723"
}

{
    "call_duration": 154,
    "call_type": "external",
    "caller_id_name": "<unknown>",
    "caller_id_num": "36944000",
    "cause": "16",
    "cause_description": "",
    "cause_txt": "",
    "channel": "SIP/263-00000fef",
    "connected_line_name": "CID:36944000",
    "connected_line_num": "09387515315",
    "direction": "out",
    "end_time": "2025-07-07T15:15:55",
    "extension_number": "263",
    "has_ringing": false,
    "linkedid": "1751888636.122723",
    "other_extension_number": "09387515315",
    "raw_event": {
        "AccountCode": "",
        "CallerIDName": "<unknown>",
        "CallerIDNum": "36944000",
        "Cause": "16",
        "Cause-txt": "Normal Clearing",
        "Channel": "SIP/263-00000fef",
        "ChannelState": "6",
        "ChannelStateDesc": "Up",
        "ConnectedLineName": "CID:36944000",
        "ConnectedLineNum": "09387515315",
        "Context": "from-internal",
        "Event": "Hangup",
        "Exten": "h",
        "Language": "pr2",
        "Linkedid": "1751888636.122723",
        "Priority": "1",
        "Privilege": "call,all",
        "Uniqueid": "1751888636.122723"
    },
    "start_time": "2025-07-07T15:13:20",
    "status": "answered",
    "timestamp": "2025-07-07T15:15:55",
    "type": "call_summary",
    "uniqueid": "1751888636.122723"
}

{
    "call_type": "",
    "caller_id_name": "263-SUP10",
    "caller_id_num": "263",
    "channel": "SIP/263-000010d3",
    "connected_line_name": "<unknown>",
    "connected_line_num": "<unknown>",
    "direction": "",
    "end_time": "",
    "extension_number": "263",
    "has_ringing": false,
    "linkedid": "1751890713.125070",
    "other_extension_number": "",
    "start_time": "2025-07-07T15:47:41",
    "status": "initiated",
    "timestamp": "2025-07-07T15:47:41",
    "type": "call_started",
    "uniqueid": "1751890713.125073"
}

{
    "channel": "SIP/263-000010d3",
    "privilege": "call,all",
    "timestamp": "2025-07-07T15:47:41",
    "type": "call_ringing",
    "uniqueid": "1751890713.125073"
}

{
    "channel": "SIP/263-000010d3",
    "privilege": "call,all",
    "timestamp": "2025-07-07T15:47:46",
    "type": "call_answered",
    "uniqueid": "1751890713.125073"
}

{
    "call_type": "internal",
    "caller_id_name": "263-SUP10",
    "caller_id_num": "263",
    "cause": "16",
    "cause_description": "",
    "cause_txt": "",
    "channel": "SIP/263-000010d3",
    "connected_line_name": "525-SM5",
    "connected_line_num": "525",
    "direction": "in",
    "end_time": "2025-07-07T15:49:09",
    "extension_number": "263",
    "has_ringing": true,
    "linkedid": "1751890713.125070",
    "other_extension_number": "525",
    "raw_event": {
        "AccountCode": "",
        "CallerIDName": "263-SUP10",
        "CallerIDNum": "263",
        "Cause": "16",
        "Cause-txt": "Normal Clearing",
        "Channel": "SIP/263-000010d3",
        "ChannelState": "6",
        "ChannelStateDesc": "Up",
        "ConnectedLineName": "525-SM5",
        "ConnectedLineNum": "525",
        "Context": "from-internal",
        "Event": "Hangup",
        "Exten": "",
        "Language": "pr2",
        "Linkedid": "1751890713.125070",
        "Priority": "1",
        "Privilege": "call,all",
        "Uniqueid": "1751890713.125073"
    },
    "start_time": "2025-07-07T15:47:46",
    "status": "answered",
    "timestamp": "2025-07-07T15:49:09",
    "type": "call_ended",
    "uniqueid": "1751890713.125073"
}

{
    "call_duration": 82,
    "call_type": "internal",
    "caller_id_name": "263-SUP10",
    "caller_id_num": "263",
    "cause": "16",
    "cause_description": "",
    "cause_txt": "",
    "channel": "SIP/263-000010d3",
    "connected_line_name": "525-SM5",
    "connected_line_num": "525",
    "direction": "in",
    "end_time": "2025-07-07T15:49:09",
    "extension_number": "263",
    "has_ringing": true,
    "linkedid": "1751890713.125070",
    "other_extension_number": "525",
    "raw_event": {
        "AccountCode": "",
        "CallerIDName": "263-SUP10",
        "CallerIDNum": "263",
        "Cause": "16",
        "Cause-txt": "Normal Clearing",
        "Channel": "SIP/263-000010d3",
        "ChannelState": "6",
        "ChannelStateDesc": "Up",
        "ConnectedLineName": "525-SM5",
        "ConnectedLineNum": "525",
        "Context": "from-internal",
        "Event": "Hangup",
        "Exten": "",
        "Language": "pr2",
        "Linkedid": "1751890713.125070",
        "Priority": "1",
        "Privilege": "call,all",
        "Uniqueid": "1751890713.125073"
    },
    "start_time": "2025-07-07T15:47:46",
    "status": "answered",
    "timestamp": "2025-07-07T15:49:09",
    "type": "call_summary",
    "uniqueid": "1751890713.125073"
}

{
    "call_type": "",
    "caller_id_name": "263-SUP10",
    "caller_id_num": "263",
    "channel": "SIP/263-000011f4",
    "connected_line_name": "<unknown>",
    "connected_line_num": "<unknown>",
    "direction": "",
    "end_time": "",
    "extension_number": "263",
    "has_ringing": false,
    "linkedid": "1751893025.128230",
    "other_extension_number": "",
    "start_time": "2025-07-07T16:26:13",
    "status": "initiated",
    "timestamp": "2025-07-07T16:26:13",
    "type": "call_started",
    "uniqueid": "1751893025.128233"
}

{
    "channel": "SIP/263-000011f4",
    "privilege": "call,all",
    "timestamp": "2025-07-07T16:26:13",
    "type": "call_ringing",
    "uniqueid": "1751893025.128233"
}

{
    "call_type": "internal",
    "caller_id_name": "263-SUP10",
    "caller_id_num": "263",
    "cause": "16",
    "cause_description": "",
    "cause_txt": "",
    "channel": "SIP/263-000011f4",
    "connected_line_name": "522-SM2",
    "connected_line_num": "522",
    "direction": "in",
    "end_time": "2025-07-07T16:26:32",
    "extension_number": "263",
    "has_ringing": true,
    "linkedid": "1751893025.128230",
    "other_extension_number": "522",
    "raw_event": {
        "AccountCode": "",
        "CallerIDName": "263-SUP10",
        "CallerIDNum": "263",
        "Cause": "16",
        "Cause-txt": "Normal Clearing",
        "Channel": "SIP/263-000011f4",
        "ChannelState": "5",
        "ChannelStateDesc": "Ringing",
        "ConnectedLineName": "522-SM2",
        "ConnectedLineNum": "522",
        "Context": "from-internal",
        "Event": "Hangup",
        "Exten": "263",
        "Language": "pr2",
        "Linkedid": "1751893025.128230",
        "Priority": "1",
        "Privilege": "call,all",
        "Uniqueid": "1751893025.128233"
    },
    "start_time": "2025-07-07T16:26:13",
    "status": "ringing",
    "timestamp": "2025-07-07T16:26:32",
    "type": "call_ended",
    "uniqueid": "1751893025.128233"
}

{
    "call_duration": 19,
    "call_type": "internal",
    "caller_id_name": "263-SUP10",
    "caller_id_num": "263",
    "cause": "16",
    "cause_description": "",
    "cause_txt": "",
    "channel": "SIP/263-000011f4",
    "connected_line_name": "522-SM2",
    "connected_line_num": "522",
    "direction": "in",
    "end_time": "2025-07-07T16:26:32",
    "extension_number": "263",
    "has_ringing": true,
    "linkedid": "1751893025.128230",
    "other_extension_number": "522",
    "raw_event": {
        "AccountCode": "",
        "CallerIDName": "263-SUP10",
        "CallerIDNum": "263",
        "Cause": "16",
        "Cause-txt": "Normal Clearing",
        "Channel": "SIP/263-000011f4",
        "ChannelState": "5",
        "ChannelStateDesc": "Ringing",
        "ConnectedLineName": "522-SM2",
        "ConnectedLineNum": "522",
        "Context": "from-internal",
        "Event": "Hangup",
        "Exten": "263",
        "Language": "pr2",
        "Linkedid": "1751893025.128230",
        "Priority": "1",
        "Privilege": "call,all",
        "Uniqueid": "1751893025.128233"
    },
    "start_time": "2025-07-07T16:26:13",
    "status": "ringing",
    "timestamp": "2025-07-07T16:26:32",
    "type": "call_summary",
    "uniqueid": "1751893025.128233"
}

{
    "call_type": "",
    "caller_id_name": "263-SUP10",
    "caller_id_num": "263",
    "channel": "SIP/263-00001238",
    "connected_line_name": "<unknown>",
    "connected_line_num": "<unknown>",
    "direction": "",
    "end_time": "",
    "extension_number": "263",
    "has_ringing": false,
    "linkedid": "1751893474.128893",
    "other_extension_number": "",
    "start_time": "2025-07-07T16:33:41",
    "status": "initiated",
    "timestamp": "2025-07-07T16:33:41",
    "type": "call_started",
    "uniqueid": "1751893474.128893"
}

{
    "call_type": "internal",
    "caller_id_name": "263-SUP10",
    "caller_id_num": "263",
    "cause": "16",
    "cause_description": "",
    "cause_txt": "",
    "channel": "SIP/263-00001238",
    "connected_line_name": "522-SM2",
    "connected_line_num": "522",
    "direction": "out",
    "end_time": "2025-07-07T16:33:57",
    "extension_number": "263",
    "has_ringing": false,
    "linkedid": "1751893474.128893",
    "other_extension_number": "522",
    "raw_event": {
        "AccountCode": "",
        "CallerIDName": "263-SUP10",
        "CallerIDNum": "263",
        "Cause": "16",
        "Cause-txt": "Normal Clearing",
        "Channel": "SIP/263-00001238",
        "ChannelState": "4",
        "ChannelStateDesc": "Ring",
        "ConnectedLineName": "522-SM2",
        "ConnectedLineNum": "522",
        "Context": "from-internal",
        "Event": "Hangup",
        "Exten": "h",
        "Language": "pr2",
        "Linkedid": "1751893474.128893",
        "Priority": "1",
        "Privilege": "call,all",
        "Uniqueid": "1751893474.128893"
    },
    "start_time": "2025-07-07T16:33:41",
    "status": "initiated",
    "timestamp": "2025-07-07T16:33:57",
    "type": "call_ended",
    "uniqueid": "1751893474.128893"
}

{
    "call_duration": 15,
    "call_type": "internal",
    "caller_id_name": "263-SUP10",
    "caller_id_num": "263",
    "cause": "16",
    "cause_description": "",
    "cause_txt": "",
    "channel": "SIP/263-00001238",
    "connected_line_name": "522-SM2",
    "connected_line_num": "522",
    "direction": "out",
    "end_time": "2025-07-07T16:33:57",
    "extension_number": "263",
    "has_ringing": false,
    "linkedid": "1751893474.128893",
    "other_extension_number": "522",
    "raw_event": {
        "AccountCode": "",
        "CallerIDName": "263-SUP10",
        "CallerIDNum": "263",
        "Cause": "16",
        "Cause-txt": "Normal Clearing",
        "Channel": "SIP/263-00001238",
        "ChannelState": "4",
        "ChannelStateDesc": "Ring",
        "ConnectedLineName": "522-SM2",
        "ConnectedLineNum": "522",
        "Context": "from-internal",
        "Event": "Hangup",
        "Exten": "h",
        "Language": "pr2",
        "Linkedid": "1751893474.128893",
        "Priority": "1",
        "Privilege": "call,all",
        "Uniqueid": "1751893474.128893"
    },
    "start_time": "2025-07-07T16:33:41",
    "status": "initiated",
    "timestamp": "2025-07-07T16:33:57",
    "type": "call_summary",
    "uniqueid": "1751893474.128893"
}

{
    "extension": "263",
    "privilege": "call,all",
    "timestamp": "2025-07-09T18:52:09",
    "type": "monitor_initialized"
}

{
    "extension": "263",
    "privilege": "call,all",
    "timestamp": "2025-07-09T18:54:21",
    "type": "monitor_initialized"
}

{
    "extension": "263",
    "privilege": "call,all",
    "timestamp": "2025-07-09T19:03:17",
    "type": "monitor_initialized"
}

{
    "extension": "263",
    "privilege": "call,all",
    "timestamp": "2025-07-20T19:00:01",
    "type": "monitor_initialized"
}

{
    "extension": "263",
    "privilege": "call,all",
    "timestamp": "2025-07-20T19:18:36",
    "type": "monitor_initialized"
}

{
    "extension": "263",
    "privilege": "call,all",
    "timestamp": "2025-07-29T22:39:18",
    "type": "monitor_initialized"
}

{
    "call_type": "",
    "caller_id_name": "263-SUP10",
    "caller_id_num": "263",
    "channel": "SIP/263-0000ca7b",
    "connected_line_name": "<unknown>",
    "connected_line_num": "<unknown>",
    "direction": "",
    "end_time": "",
    "extension_number": "263",
    "has_ringing": false,
    "linkedid": "1753852673.828739",
    "other_extension_number": "",
    "start_time": "2025-07-30T08:47:01",
    "status": "initiated",
    "timestamp": "2025-07-30T08:47:01",
    "type": "call_started",
    "uniqueid": "1753852673.828739"
}

{
    "channel": "SIP/263-0000ca7b",
    "privilege": "call,all",
    "timestamp": "2025-07-30T08:47:05",
    "type": "call_answered",
    "uniqueid": "1753852673.828739"
}

{
    "call_type": "internal",
    "caller_id_name": "263-SUP10",
    "caller_id_num": "263",
    "cause": "16",
    "cause_description": "",
    "cause_txt": "",
    "channel": "SIP/263-0000ca7b",
    "connected_line_name": "155-SAL10",
    "connected_line_num": "155",
    "direction": "out",
    "end_time": "2025-07-30T08:48:19",
    "extension_number": "263",
    "has_ringing": false,
    "linkedid": "1753852673.828739",
    "other_extension_number": "155",
    "raw_event": {
        "AccountCode": "",
        "CallerIDName": "263-SUP10",
        "CallerIDNum": "263",
        "Cause": "16",
        "Cause-txt": "Normal Clearing",
        "Channel": "SIP/263-0000ca7b",
        "ChannelState": "6",
        "ChannelStateDesc": "Up",
        "ConnectedLineName": "155-SAL10",
        "ConnectedLineNum": "155",
        "Context": "from-internal",
        "Event": "Hangup",
        "Exten": "h",
        "Language": "pr2",
        "Linkedid": "1753852673.828739",
        "Priority": "1",
        "Privilege": "call,all",
        "Uniqueid": "1753852673.828739"
    },
    "start_time": "2025-07-30T08:47:05",
    "status": "answered",
    "timestamp": "2025-07-30T08:48:19",
    "type": "call_ended",
    "uniqueid": "1753852673.828739"
}

{
    "call_duration": 73,
    "call_type": "internal",
    "caller_id_name": "263-SUP10",
    "caller_id_num": "263",
    "cause": "16",
    "cause_description": "",
    "cause_txt": "",
    "channel": "SIP/263-0000ca7b",
    "connected_line_name": "155-SAL10",
    "connected_line_num": "155",
    "direction": "out",
    "end_time": "2025-07-30T08:48:19",
    "extension_number": "263",
    "has_ringing": false,
    "linkedid": "1753852673.828739",
    "other_extension_number": "155",
    "raw_event": {
        "AccountCode": "",
        "CallerIDName": "263-SUP10",
        "CallerIDNum": "263",
        "Cause": "16",
        "Cause-txt": "Normal Clearing",
        "Channel": "SIP/263-0000ca7b",
        "ChannelState": "6",
        "ChannelStateDesc": "Up",
        "ConnectedLineName": "155-SAL10",
        "ConnectedLineNum": "155",
        "Context": "from-internal",
        "Event": "Hangup",
        "Exten": "h",
        "Language": "pr2",
        "Linkedid": "1753852673.828739",
        "Priority": "1",
        "Privilege": "call,all",
        "Uniqueid": "1753852673.828739"
    },
    "start_time": "2025-07-30T08:47:05",
    "status": "answered",
    "timestamp": "2025-07-30T08:48:19",
    "type": "call_summary",
    "uniqueid": "1753852673.828739"
}

{
    "call_type": "",
    "caller_id_name": "263-SUP10",
    "caller_id_num": "263",
    "channel": "SIP/263-0000caef",
    "connected_line_name": "<unknown>",
    "connected_line_num": "<unknown>",
    "direction": "",
    "end_time": "",
    "extension_number": "263",
    "has_ringing": false,
    "linkedid": "1753853560.829970",
    "other_extension_number": "",
    "start_time": "2025-07-30T09:01:47",
    "status": "initiated",
    "timestamp": "2025-07-30T09:01:47",
    "type": "call_started",
    "uniqueid": "1753853560.829973"
}

{
    "channel": "SIP/263-0000caef",
    "privilege": "call,all",
    "timestamp": "2025-07-30T09:01:47",
    "type": "call_ringing",
    "uniqueid": "1753853560.829973"
}

{
    "channel": "SIP/263-0000caef",
    "privilege": "call,all",
    "timestamp": "2025-07-30T09:01:56",
    "type": "call_answered",
    "uniqueid": "1753853560.829973"
}

{
    "call_type": "internal",
    "caller_id_name": "263-SUP10",
    "caller_id_num": "263",
    "cause": "16",
    "cause_description": "",
    "cause_txt": "",
    "channel": "SIP/263-0000caef",
    "connected_line_name": "323-WHS3",
    "connected_line_num": "323",
    "direction": "in",
    "end_time": "2025-07-30T09:03:53",
    "extension_number": "263",
    "has_ringing": true,
    "linkedid": "1753853560.829970",
    "other_extension_number": "323",
    "raw_event": {
        "AccountCode": "",
        "CallerIDName": "263-SUP10",
        "CallerIDNum": "263",
        "Cause": "16",
        "Cause-txt": "Normal Clearing",
        "Channel": "SIP/263-0000caef",
        "ChannelState": "6",
        "ChannelStateDesc": "Up",
        "ConnectedLineName": "323-WHS3",
        "ConnectedLineNum": "323",
        "Context": "from-internal",
        "Event": "Hangup",
        "Exten": "",
        "Language": "pr2",
        "Linkedid": "1753853560.829970",
        "Priority": "1",
        "Privilege": "call,all",
        "Uniqueid": "1753853560.829973"
    },
    "start_time": "2025-07-30T09:01:56",
    "status": "answered",
    "timestamp": "2025-07-30T09:03:53",
    "type": "call_ended",
    "uniqueid": "1753853560.829973"
}

{
    "call_duration": 117,
    "call_type": "internal",
    "caller_id_name": "263-SUP10",
    "caller_id_num": "263",
    "cause": "16",
    "cause_description": "",
    "cause_txt": "",
    "channel": "SIP/263-0000caef",
    "connected_line_name": "323-WHS3",
    "connected_line_num": "323",
    "direction": "in",
    "end_time": "2025-07-30T09:03:53",
    "extension_number": "263",
    "has_ringing": true,
    "linkedid": "1753853560.829970",
    "other_extension_number": "323",
    "raw_event": {
        "AccountCode": "",
        "CallerIDName": "263-SUP10",
        "CallerIDNum": "263",
        "Cause": "16",
        "Cause-txt": "Normal Clearing",
        "Channel": "SIP/263-0000caef",
        "ChannelState": "6",
        "ChannelStateDesc": "Up",
        "ConnectedLineName": "323-WHS3",
        "ConnectedLineNum": "323",
        "Context": "from-internal",
        "Event": "Hangup",
        "Exten": "",
        "Language": "pr2",
        "Linkedid": "1753853560.829970",
        "Priority": "1",
        "Privilege": "call,all",
        "Uniqueid": "1753853560.829973"
    },
    "start_time": "2025-07-30T09:01:56",
    "status": "answered",
    "timestamp": "2025-07-30T09:03:53",
    "type": "call_summary",
    "uniqueid": "1753853560.829973"
}

{
    "call_type": "",
    "caller_id_name": "263-SUP10",
    "caller_id_num": "263",
    "channel": "SIP/263-0000cb0c",
    "connected_line_name": "<unknown>",
    "connected_line_num": "<unknown>",
    "direction": "",
    "end_time": "",
    "extension_number": "263",
    "has_ringing": false,
    "linkedid": "1753853688.830260",
    "other_extension_number": "",
    "start_time": "2025-07-30T09:03:55",
    "status": "initiated",
    "timestamp": "2025-07-30T09:03:55",
    "type": "call_started",
    "uniqueid": "1753853688.830260"
}

{
    "channel": "SIP/263-0000cb0c",
    "privilege": "call,all",
    "timestamp": "2025-07-30T09:04:02",
    "type": "call_answered",
    "uniqueid": "1753853688.830260"
}

{
    "call_type": "internal",
    "caller_id_name": "263-SUP10",
    "caller_id_num": "263",
    "cause": "16",
    "cause_description": "",
    "cause_txt": "",
    "channel": "SIP/263-0000cb0c",
    "connected_line_name": "155-SAL10",
    "connected_line_num": "155",
    "direction": "out",
    "end_time": "2025-07-30T09:04:49",
    "extension_number": "263",
    "has_ringing": false,
    "linkedid": "1753853688.830260",
    "other_extension_number": "155",
    "raw_event": {
        "AccountCode": "",
        "CallerIDName": "263-SUP10",
        "CallerIDNum": "263",
        "Cause": "16",
        "Cause-txt": "Normal Clearing",
        "Channel": "SIP/263-0000cb0c",
        "ChannelState": "6",
        "ChannelStateDesc": "Up",
        "ConnectedLineName": "155-SAL10",
        "ConnectedLineNum": "155",
        "Context": "from-internal",
        "Event": "Hangup",
        "Exten": "h",
        "Language": "pr2",
        "Linkedid": "1753853688.830260",
        "Priority": "1",
        "Privilege": "call,all",
        "Uniqueid": "1753853688.830260"
    },
    "start_time": "2025-07-30T09:04:02",
    "status": "answered",
    "timestamp": "2025-07-30T09:04:49",
    "type": "call_ended",
    "uniqueid": "1753853688.830260"
}

{
    "call_duration": 47,
    "call_type": "internal",
    "caller_id_name": "263-SUP10",
    "caller_id_num": "263",
    "cause": "16",
    "cause_description": "",
    "cause_txt": "",
    "channel": "SIP/263-0000cb0c",
    "connected_line_name": "155-SAL10",
    "connected_line_num": "155",
    "direction": "out",
    "end_time": "2025-07-30T09:04:49",
    "extension_number": "263",
    "has_ringing": false,
    "linkedid": "1753853688.830260",
    "other_extension_number": "155",
    "raw_event": {
        "AccountCode": "",
        "CallerIDName": "263-SUP10",
        "CallerIDNum": "263",
        "Cause": "16",
        "Cause-txt": "Normal Clearing",
        "Channel": "SIP/263-0000cb0c",
        "ChannelState": "6",
        "ChannelStateDesc": "Up",
        "ConnectedLineName": "155-SAL10",
        "ConnectedLineNum": "155",
        "Context": "from-internal",
        "Event": "Hangup",
        "Exten": "h",
        "Language": "pr2",
        "Linkedid": "1753853688.830260",
        "Priority": "1",
        "Privilege": "call,all",
        "Uniqueid": "1753853688.830260"
    },
    "start_time": "2025-07-30T09:04:02",
    "status": "answered",
    "timestamp": "2025-07-30T09:04:49",
    "type": "call_summary",
    "uniqueid": "1753853688.830260"
}

{
    "call_type": "",
    "caller_id_name": "263-SUP10",
    "caller_id_num": "263",
    "channel": "SIP/263-0000cb21",
    "connected_line_name": "<unknown>",
    "connected_line_num": "<unknown>",
    "direction": "",
    "end_time": "",
    "extension_number": "263",
    "has_ringing": false,
    "linkedid": "1753853769.830464",
    "other_extension_number": "",
    "start_time": "2025-07-30T09:05:17",
    "status": "initiated",
    "timestamp": "2025-07-30T09:05:17",
    "type": "call_started",
    "uniqueid": "1753853769.830464"
}

{
    "call_type": "external",
    "caller_id_name": "<unknown>",
    "caller_id_num": "263",
    "cause": "20",
    "cause_description": "",
    "cause_txt": "",
    "channel": "SIP/263-0000cb21",
    "connected_line_name": "CID:36944000",
    "connected_line_num": "09108723144",
    "direction": "out",
    "end_time": "2025-07-30T09:05:19",
    "extension_number": "263",
    "has_ringing": false,
    "linkedid": "1753853769.830464",
    "other_extension_number": "09108723144",
    "raw_event": {
        "AccountCode": "",
        "CallerIDName": "<unknown>",
        "CallerIDNum": "263",
        "Cause": "20",
        "Cause-txt": "Subscriber absent",
        "Channel": "SIP/263-0000cb21",
        "ChannelState": "4",
        "ChannelStateDesc": "Ring",
        "ConnectedLineName": "CID:36944000",
        "ConnectedLineNum": "09108723144",
        "Context": "from-internal",
        "Event": "Hangup",
        "Exten": "h",
        "Language": "pr2",
        "Linkedid": "1753853769.830464",
        "Priority": "1",
        "Privilege": "call,all",
        "Uniqueid": "1753853769.830464"
    },
    "start_time": "2025-07-30T09:05:17",
    "status": "initiated",
    "timestamp": "2025-07-30T09:05:19",
    "type": "call_ended",
    "uniqueid": "1753853769.830464"
}

{
    "call_duration": 2,
    "call_type": "external",
    "caller_id_name": "<unknown>",
    "caller_id_num": "263",
    "cause": "20",
    "cause_description": "",
    "cause_txt": "",
    "channel": "SIP/263-0000cb21",
    "connected_line_name": "CID:36944000",
    "connected_line_num": "09108723144",
    "direction": "out",
    "end_time": "2025-07-30T09:05:19",
    "extension_number": "263",
    "has_ringing": false,
    "linkedid": "1753853769.830464",
    "other_extension_number": "09108723144",
    "raw_event": {
        "AccountCode": "",
        "CallerIDName": "<unknown>",
        "CallerIDNum": "263",
        "Cause": "20",
        "Cause-txt": "Subscriber absent",
        "Channel": "SIP/263-0000cb21",
        "ChannelState": "4",
        "ChannelStateDesc": "Ring",
        "ConnectedLineName": "CID:36944000",
        "ConnectedLineNum": "09108723144",
        "Context": "from-internal",
        "Event": "Hangup",
        "Exten": "h",
        "Language": "pr2",
        "Linkedid": "1753853769.830464",
        "Priority": "1",
        "Privilege": "call,all",
        "Uniqueid": "1753853769.830464"
    },
    "start_time": "2025-07-30T09:05:17",
    "status": "initiated",
    "timestamp": "2025-07-30T09:05:19",
    "type": "call_summary",
    "uniqueid": "1753853769.830464"
}

{
    "call_type": "",
    "caller_id_name": "263-SUP10",
    "caller_id_num": "263",
    "channel": "SIP/263-0000cb22",
    "connected_line_name": "<unknown>",
    "connected_line_num": "<unknown>",
    "direction": "",
    "end_time": "",
    "extension_number": "263",
    "has_ringing": false,
    "linkedid": "1753853775.830477",
    "other_extension_number": "",
    "start_time": "2025-07-30T09:05:23",
    "status": "initiated",
    "timestamp": "2025-07-30T09:05:23",
    "type": "call_started",
    "uniqueid": "1753853775.830477"
}

{
    "channel": "SIP/263-0000cb22",
    "privilege": "call,all",
    "timestamp": "2025-07-30T09:05:31",
    "type": "call_answered",
    "uniqueid": "1753853775.830477"
}

{
    "call_type": "external",
    "caller_id_name": "<unknown>",
    "caller_id_num": "3195015572",
    "cause": "16",
    "cause_description": "",
    "cause_txt": "",
    "channel": "SIP/263-0000cb22",
    "connected_line_name": "CID:3195015572",
    "connected_line_num": "09108723144",
    "direction": "out",
    "end_time": "2025-07-30T09:06:34",
    "extension_number": "263",
    "has_ringing": false,
    "linkedid": "1753853775.830477",
    "other_extension_number": "09108723144",
    "raw_event": {
        "AccountCode": "",
        "CallerIDName": "<unknown>",
        "CallerIDNum": "3195015572",
        "Cause": "16",
        "Cause-txt": "Normal Clearing",
        "Channel": "SIP/263-0000cb22",
        "ChannelState": "6",
        "ChannelStateDesc": "Up",
        "ConnectedLineName": "CID:3195015572",
        "ConnectedLineNum": "09108723144",
        "Context": "from-internal",
        "Event": "Hangup",
        "Exten": "h",
        "Language": "pr2",
        "Linkedid": "1753853775.830477",
        "Priority": "1",
        "Privilege": "call,all",
        "Uniqueid": "1753853775.830477"
    },
    "start_time": "2025-07-30T09:05:31",
    "status": "answered",
    "timestamp": "2025-07-30T09:06:34",
    "type": "call_ended",
    "uniqueid": "1753853775.830477"
}

{
    "call_duration": 62,
    "call_type": "external",
    "caller_id_name": "<unknown>",
    "caller_id_num": "3195015572",
    "cause": "16",
    "cause_description": "",
    "cause_txt": "",
    "channel": "SIP/263-0000cb22",
    "connected_line_name": "CID:3195015572",
    "connected_line_num": "09108723144",
    "direction": "out",
    "end_time": "2025-07-30T09:06:34",
    "extension_number": "263",
    "has_ringing": false,
    "linkedid": "1753853775.830477",
    "other_extension_number": "09108723144",
    "raw_event": {
        "AccountCode": "",
        "CallerIDName": "<unknown>",
        "CallerIDNum": "3195015572",
        "Cause": "16",
        "Cause-txt": "Normal Clearing",
        "Channel": "SIP/263-0000cb22",
        "ChannelState": "6",
        "ChannelStateDesc": "Up",
        "ConnectedLineName": "CID:3195015572",
        "ConnectedLineNum": "09108723144",
        "Context": "from-internal",
        "Event": "Hangup",
        "Exten": "h",
        "Language": "pr2",
        "Linkedid": "1753853775.830477",
        "Priority": "1",
        "Privilege": "call,all",
        "Uniqueid": "1753853775.830477"
    },
    "start_time": "2025-07-30T09:05:31",
    "status": "answered",
    "timestamp": "2025-07-30T09:06:34",
    "type": "call_summary",
    "uniqueid": "1753853775.830477"
}

{
    "call_type": "",
    "caller_id_name": "263-SUP10",
    "caller_id_num": "263",
    "channel": "SIP/263-0000cb55",
    "connected_line_name": "<unknown>",
    "connected_line_num": "<unknown>",
    "direction": "",
    "end_time": "",
    "extension_number": "263",
    "has_ringing": false,
    "linkedid": "1753854109.831010",
    "other_extension_number": "",
    "start_time": "2025-07-30T09:11:24",
    "status": "initiated",
    "timestamp": "2025-07-30T09:11:24",
    "type": "call_started",
    "uniqueid": "1753854137.831034"
}

{
    "channel": "SIP/263-0000cb55",
    "privilege": "call,all",
    "timestamp": "2025-07-30T09:11:24",
    "type": "call_ringing",
    "uniqueid": "1753854137.831034"
}

{
    "channel": "SIP/263-0000cb55",
    "privilege": "call,all",
    "timestamp": "2025-07-30T09:11:28",
    "type": "call_answered",
    "uniqueid": "1753854137.831034"
}

{
    "call_type": "",
    "caller_id_name": "263-SUP10",
    "caller_id_num": "263",
    "channel": "SIP/263-0000cb5a",
    "connected_line_name": "<unknown>",
    "connected_line_num": "<unknown>",
    "direction": "",
    "end_time": "",
    "extension_number": "263",
    "has_ringing": false,
    "linkedid": "1753854192.831114",
    "other_extension_number": "",
    "start_time": "2025-07-30T09:12:19",
    "status": "initiated",
    "timestamp": "2025-07-30T09:12:19",
    "type": "call_started",
    "uniqueid": "1753854192.831114"
}

{
    "channel": "SIP/263-0000cb5a",
    "privilege": "call,all",
    "timestamp": "2025-07-30T09:12:19",
    "type": "call_answered",
    "uniqueid": "1753854192.831114"
}

{
    "call_type": "internal",
    "caller_id_name": "263-SUP10",
    "caller_id_num": "263",
    "cause": "20",
    "cause_description": "",
    "cause_txt": "",
    "channel": "SIP/263-0000cb5a",
    "connected_line_name": "251-SUP2",
    "connected_line_num": "251",
    "direction": "out",
    "end_time": "2025-07-30T09:12:21",
    "extension_number": "263",
    "has_ringing": false,
    "linkedid": "1753854192.831114",
    "other_extension_number": "251",
    "raw_event": {
        "AccountCode": "",
        "CallerIDName": "263-SUP10",
        "CallerIDNum": "263",
        "Cause": "20",
        "Cause-txt": "Subscriber absent",
        "Channel": "SIP/263-0000cb5a",
        "ChannelState": "6",
        "ChannelStateDesc": "Up",
        "ConnectedLineName": "251-SUP2",
        "ConnectedLineNum": "251",
        "Context": "app-announcement-4",
        "Event": "Hangup",
        "Exten": "s",
        "Language": "pr2",
        "Linkedid": "1753854192.831114",
        "Priority": "5",
        "Privilege": "call,all",
        "Uniqueid": "1753854192.831114"
    },
    "start_time": "2025-07-30T09:12:19",
    "status": "answered",
    "timestamp": "2025-07-30T09:12:21",
    "type": "call_ended",
    "uniqueid": "1753854192.831114"
}

{
    "call_duration": 2,
    "call_type": "internal",
    "caller_id_name": "263-SUP10",
    "caller_id_num": "263",
    "cause": "20",
    "cause_description": "",
    "cause_txt": "",
    "channel": "SIP/263-0000cb5a",
    "connected_line_name": "251-SUP2",
    "connected_line_num": "251",
    "direction": "out",
    "end_time": "2025-07-30T09:12:21",
    "extension_number": "263",
    "has_ringing": false,
    "linkedid": "1753854192.831114",
    "other_extension_number": "251",
    "raw_event": {
        "AccountCode": "",
        "CallerIDName": "263-SUP10",
        "CallerIDNum": "263",
        "Cause": "20",
        "Cause-txt": "Subscriber absent",
        "Channel": "SIP/263-0000cb5a",
        "ChannelState": "6",
        "ChannelStateDesc": "Up",
        "ConnectedLineName": "251-SUP2",
        "ConnectedLineNum": "251",
        "Context": "app-announcement-4",
        "Event": "Hangup",
        "Exten": "s",
        "Language": "pr2",
        "Linkedid": "1753854192.831114",
        "Priority": "5",
        "Privilege": "call,all",
        "Uniqueid": "1753854192.831114"
    },
    "start_time": "2025-07-30T09:12:19",
    "status": "answered",
    "timestamp": "2025-07-30T09:12:21",
    "type": "call_summary",
    "uniqueid": "1753854192.831114"
}

{
    "call_type": "",
    "caller_id_name": "263-SUP10",
    "caller_id_num": "263",
    "channel": "SIP/263-0000cb5b",
    "connected_line_name": "<unknown>",
    "connected_line_num": "<unknown>",
    "direction": "",
    "end_time": "",
    "extension_number": "263",
    "has_ringing": false,
    "linkedid": "1753854196.831124",
    "other_extension_number": "",
    "start_time": "2025-07-30T09:12:23",
    "status": "initiated",
    "timestamp": "2025-07-30T09:12:23",
    "type": "call_started",
    "uniqueid": "1753854196.831124"
}

{
    "channel": "SIP/263-0000cb5b",
    "privilege": "call,all",
    "timestamp": "2025-07-30T09:12:23",
    "type": "call_answered",
    "uniqueid": "1753854196.831124"
}

{
    "call_type": "internal",
    "caller_id_name": "263-SUP10",
    "caller_id_num": "263",
    "cause": "20",
    "cause_description": "",
    "cause_txt": "",
    "channel": "SIP/263-0000cb5b",
    "connected_line_name": "252-SUP3",
    "connected_line_num": "252",
    "direction": "out",
    "end_time": "2025-07-30T09:12:25",
    "extension_number": "263",
    "has_ringing": false,
    "linkedid": "1753854196.831124",
    "other_extension_number": "252",
    "raw_event": {
        "AccountCode": "",
        "CallerIDName": "263-SUP10",
        "CallerIDNum": "263",
        "Cause": "20",
        "Cause-txt": "Subscriber absent",
        "Channel": "SIP/263-0000cb5b",
        "ChannelState": "6",
        "ChannelStateDesc": "Up",
        "ConnectedLineName": "252-SUP3",
        "ConnectedLineNum": "252",
        "Context": "app-announcement-4",
        "Event": "Hangup",
        "Exten": "s",
        "Language": "pr2",
        "Linkedid": "1753854196.831124",
        "Priority": "5",
        "Privilege": "call,all",
        "Uniqueid": "1753854196.831124"
    },
    "start_time": "2025-07-30T09:12:23",
    "status": "answered",
    "timestamp": "2025-07-30T09:12:25",
    "type": "call_ended",
    "uniqueid": "1753854196.831124"
}

{
    "call_duration": 1,
    "call_type": "internal",
    "caller_id_name": "263-SUP10",
    "caller_id_num": "263",
    "cause": "20",
    "cause_description": "",
    "cause_txt": "",
    "channel": "SIP/263-0000cb5b",
    "connected_line_name": "252-SUP3",
    "connected_line_num": "252",
    "direction": "out",
    "end_time": "2025-07-30T09:12:25",
    "extension_number": "263",
    "has_ringing": false,
    "linkedid": "1753854196.831124",
    "other_extension_number": "252",
    "raw_event": {
        "AccountCode": "",
        "CallerIDName": "263-SUP10",
        "CallerIDNum": "263",
        "Cause": "20",
        "Cause-txt": "Subscriber absent",
        "Channel": "SIP/263-0000cb5b",
        "ChannelState": "6",
        "ChannelStateDesc": "Up",
        "ConnectedLineName": "252-SUP3",
        "ConnectedLineNum": "252",
        "Context": "app-announcement-4",
        "Event": "Hangup",
        "Exten": "s",
        "Language": "pr2",
        "Linkedid": "1753854196.831124",
        "Priority": "5",
        "Privilege": "call,all",
        "Uniqueid": "1753854196.831124"
    },
    "start_time": "2025-07-30T09:12:23",
    "status": "answered",
    "timestamp": "2025-07-30T09:12:25",
    "type": "call_summary",
    "uniqueid": "1753854196.831124"
}

{
    "call_type": "external",
    "caller_id_name": "263-SUP10",
    "caller_id_num": "263",
    "cause": "16",
    "cause_description": "",
    "cause_txt": "",
    "channel": "SIP/263-0000cb55",
    "connected_line_name": "09113546266",
    "connected_line_num": "9113546266",
    "direction": "in",
    "end_time": "2025-07-30T09:12:43",
    "extension_number": "263",
    "has_ringing": true,
    "linkedid": "1753854109.831010",
    "other_extension_number": "9113546266",
    "raw_event": {
        "AccountCode": "",
        "CallerIDName": "263-SUP10",
        "CallerIDNum": "263",
        "Cause": "16",
        "Cause-txt": "Normal Clearing",
        "Channel": "SIP/263-0000cb55",
        "ChannelState": "6",
        "ChannelStateDesc": "Up",
        "ConnectedLineName": "09113546266",
        "ConnectedLineNum": "9113546266",
        "Context": "macro-dial-one",
        "Event": "Hangup",
        "Exten": "s",
        "Language": "pr2",
        "Linkedid": "1753854109.831010",
        "Priority": "1",
        "Privilege": "call,all",
        "Uniqueid": "1753854137.831034"
    },
    "start_time": "2025-07-30T09:11:28",
    "status": "answered",
    "timestamp": "2025-07-30T09:12:43",
    "type": "call_ended",
    "uniqueid": "1753854137.831034"
}

{
    "call_duration": 74,
    "call_type": "external",
    "caller_id_name": "263-SUP10",
    "caller_id_num": "263",
    "cause": "16",
    "cause_description": "",
    "cause_txt": "",
    "channel": "SIP/263-0000cb55",
    "connected_line_name": "09113546266",
    "connected_line_num": "9113546266",
    "direction": "in",
    "end_time": "2025-07-30T09:12:43",
    "extension_number": "263",
    "has_ringing": true,
    "linkedid": "1753854109.831010",
    "other_extension_number": "9113546266",
    "raw_event": {
        "AccountCode": "",
        "CallerIDName": "263-SUP10",
        "CallerIDNum": "263",
        "Cause": "16",
        "Cause-txt": "Normal Clearing",
        "Channel": "SIP/263-0000cb55",
        "ChannelState": "6",
        "ChannelStateDesc": "Up",
        "ConnectedLineName": "09113546266",
        "ConnectedLineNum": "9113546266",
        "Context": "macro-dial-one",
        "Event": "Hangup",
        "Exten": "s",
        "Language": "pr2",
        "Linkedid": "1753854109.831010",
        "Priority": "1",
        "Privilege": "call,all",
        "Uniqueid": "1753854137.831034"
    },
    "start_time": "2025-07-30T09:11:28",
    "status": "answered",
    "timestamp": "2025-07-30T09:12:43",
    "type": "call_summary",
    "uniqueid": "1753854137.831034"
}

{
    "call_type": "",
    "caller_id_name": "263-SUP10",
    "caller_id_num": "263",
    "channel": "SIP/263-0000cb63",
    "connected_line_name": "<unknown>",
    "connected_line_num": "<unknown>",
    "direction": "",
    "end_time": "",
    "extension_number": "263",
    "has_ringing": false,
    "linkedid": "1753854227.831185",
    "other_extension_number": "",
    "start_time": "2025-07-30T09:12:55",
    "status": "initiated",
    "timestamp": "2025-07-30T09:12:55",
    "type": "call_started",
    "uniqueid": "1753854227.831220"
}

{
    "channel": "SIP/263-0000cb63",
    "privilege": "call,all",
    "timestamp": "2025-07-30T09:12:55",
    "type": "call_ringing",
    "uniqueid": "1753854227.831220"
}

{
    "channel": "SIP/263-0000cb63",
    "privilege": "call,all",
    "timestamp": "2025-07-30T09:13:02",
    "type": "call_answered",
    "uniqueid": "1753854227.831220"
}

{
    "call_type": "",
    "caller_id_name": "263-SUP10",
    "caller_id_num": "263",
    "channel": "SIP/263-0000cb69",
    "connected_line_name": "<unknown>",
    "connected_line_num": "<unknown>",
    "direction": "",
    "end_time": "",
    "extension_number": "263",
    "has_ringing": false,
    "linkedid": "1753854280.831322",
    "other_extension_number": "",
    "start_time": "2025-07-30T09:13:48",
    "status": "initiated",
    "timestamp": "2025-07-30T09:13:48",
    "type": "call_started",
    "uniqueid": "1753854280.831322"
}

{
    "channel": "SIP/263-0000cb69",
    "privilege": "call,all",
    "timestamp": "2025-07-30T09:13:50",
    "type": "call_answered",
    "uniqueid": "1753854280.831322"
}

{
    "call_type": "internal",
    "caller_id_name": "263-SUP10",
    "caller_id_num": "263",
    "cause": "16",
    "cause_description": "",
    "cause_txt": "",
    "channel": "SIP/263-0000cb69",
    "connected_line_name": "CID:263",
    "connected_line_num": "115",
    "direction": "out",
    "end_time": "2025-07-30T09:14:13",
    "extension_number": "263",
    "has_ringing": false,
    "linkedid": "1753854280.831322",
    "other_extension_number": "115",
    "raw_event": {
        "AccountCode": "",
        "CallerIDName": "263-SUP10",
        "CallerIDNum": "263",
        "Cause": "16",
        "Cause-txt": "Normal Clearing",
        "Channel": "SIP/263-0000cb69",
        "ChannelState": "6",
        "ChannelStateDesc": "Up",
        "ConnectedLineName": "CID:263",
        "ConnectedLineNum": "115",
        "Context": "from-internal",
        "Event": "Hangup",
        "Exten": "h",
        "Language": "pr2",
        "Linkedid": "1753854280.831322",
        "Priority": "1",
        "Privilege": "call,all",
        "Uniqueid": "1753854280.831322"
    },
    "start_time": "2025-07-30T09:13:50",
    "status": "answered",
    "timestamp": "2025-07-30T09:14:13",
    "type": "call_ended",
    "uniqueid": "1753854280.831322"
}

{
    "call_duration": 22,
    "call_type": "internal",
    "caller_id_name": "263-SUP10",
    "caller_id_num": "263",
    "cause": "16",
    "cause_description": "",
    "cause_txt": "",
    "channel": "SIP/263-0000cb69",
    "connected_line_name": "CID:263",
    "connected_line_num": "115",
    "direction": "out",
    "end_time": "2025-07-30T09:14:13",
    "extension_number": "263",
    "has_ringing": false,
    "linkedid": "1753854280.831322",
    "other_extension_number": "115",
    "raw_event": {
        "AccountCode": "",
        "CallerIDName": "263-SUP10",
        "CallerIDNum": "263",
        "Cause": "16",
        "Cause-txt": "Normal Clearing",
        "Channel": "SIP/263-0000cb69",
        "ChannelState": "6",
        "ChannelStateDesc": "Up",
        "ConnectedLineName": "CID:263",
        "ConnectedLineNum": "115",
        "Context": "from-internal",
        "Event": "Hangup",
        "Exten": "h",
        "Language": "pr2",
        "Linkedid": "1753854280.831322",
        "Priority": "1",
        "Privilege": "call,all",
        "Uniqueid": "1753854280.831322"
    },
    "start_time": "2025-07-30T09:13:50",
    "status": "answered",
    "timestamp": "2025-07-30T09:14:13",
    "type": "call_summary",
    "uniqueid": "1753854280.831322"
}

{
    "call_type": "external",
    "caller_id_name": "263-SUP10",
    "caller_id_num": "263",
    "cause": "16",
    "cause_description": "",
    "cause_txt": "",
    "channel": "SIP/263-0000cb63",
    "connected_line_name": "22570747",
    "connected_line_num": "22570747",
    "direction": "in",
    "end_time": "2025-07-30T09:14:16",
    "extension_number": "263",
    "has_ringing": true,
    "linkedid": "1753854227.831185",
    "other_extension_number": "22570747",
    "raw_event": {
        "AccountCode": "",
        "CallerIDName": "263-SUP10",
        "CallerIDNum": "263",
        "Cause": "16",
        "Cause-txt": "Normal Clearing",
        "Channel": "SIP/263-0000cb63",
        "ChannelState": "6",
        "ChannelStateDesc": "Up",
        "ConnectedLineName": "22570747",
        "ConnectedLineNum": "22570747",
        "Context": "macro-dial-one",
        "Event": "Hangup",
        "Exten": "s",
        "Language": "pr2",
        "Linkedid": "1753854227.831185",
        "Priority": "1",
        "Privilege": "call,all",
        "Uniqueid": "1753854227.831220"
    },
    "start_time": "2025-07-30T09:13:02",
    "status": "answered",
    "timestamp": "2025-07-30T09:14:16",
    "type": "call_ended",
    "uniqueid": "1753854227.831220"
}

{
    "call_duration": 73,
    "call_type": "external",
    "caller_id_name": "263-SUP10",
    "caller_id_num": "263",
    "cause": "16",
    "cause_description": "",
    "cause_txt": "",
    "channel": "SIP/263-0000cb63",
    "connected_line_name": "22570747",
    "connected_line_num": "22570747",
    "direction": "in",
    "end_time": "2025-07-30T09:14:16",
    "extension_number": "263",
    "has_ringing": true,
    "linkedid": "1753854227.831185",
    "other_extension_number": "22570747",
    "raw_event": {
        "AccountCode": "",
        "CallerIDName": "263-SUP10",
        "CallerIDNum": "263",
        "Cause": "16",
        "Cause-txt": "Normal Clearing",
        "Channel": "SIP/263-0000cb63",
        "ChannelState": "6",
        "ChannelStateDesc": "Up",
        "ConnectedLineName": "22570747",
        "ConnectedLineNum": "22570747",
        "Context": "macro-dial-one",
        "Event": "Hangup",
        "Exten": "s",
        "Language": "pr2",
        "Linkedid": "1753854227.831185",
        "Priority": "1",
        "Privilege": "call,all",
        "Uniqueid": "1753854227.831220"
    },
    "start_time": "2025-07-30T09:13:02",
    "status": "answered",
    "timestamp": "2025-07-30T09:14:16",
    "type": "call_summary",
    "uniqueid": "1753854227.831220"
}

{
    "call_type": "",
    "caller_id_name": "263-SUP10",
    "caller_id_num": "263",
    "channel": "SIP/263-0000cbf3",
    "connected_line_name": "<unknown>",
    "connected_line_num": "<unknown>",
    "direction": "",
    "end_time": "",
    "extension_number": "263",
    "has_ringing": false,
    "linkedid": "1753855387.832835",
    "other_extension_number": "",
    "start_time": "2025-07-30T09:32:14",
    "status": "initiated",
    "timestamp": "2025-07-30T09:32:14",
    "type": "call_started",
    "uniqueid": "1753855387.832835"
}

{
    "call_type": "external",
    "caller_id_name": "<unknown>",
    "caller_id_num": "263",
    "cause": "20",
    "cause_description": "",
    "cause_txt": "",
    "channel": "SIP/263-0000cbf3",
    "connected_line_name": "CID:36944000",
    "connected_line_num": "09117519478",
    "direction": "out",
    "end_time": "2025-07-30T09:32:18",
    "extension_number": "263",
    "has_ringing": false,
    "linkedid": "1753855387.832835",
    "other_extension_number": "09117519478",
    "raw_event": {
        "AccountCode": "",
        "CallerIDName": "<unknown>",
        "CallerIDNum": "263",
        "Cause": "20",
        "Cause-txt": "Subscriber absent",
        "Channel": "SIP/263-0000cbf3",
        "ChannelState": "4",
        "ChannelStateDesc": "Ring",
        "ConnectedLineName": "CID:36944000",
        "ConnectedLineNum": "09117519478",
        "Context": "from-internal",
        "Event": "Hangup",
        "Exten": "h",
        "Language": "pr2",
        "Linkedid": "1753855387.832835",
        "Priority": "1",
        "Privilege": "call,all",
        "Uniqueid": "1753855387.832835"
    },
    "start_time": "2025-07-30T09:32:14",
    "status": "initiated",
    "timestamp": "2025-07-30T09:32:18",
    "type": "call_ended",
    "uniqueid": "1753855387.832835"
}

{
    "call_duration": 3,
    "call_type": "external",
    "caller_id_name": "<unknown>",
    "caller_id_num": "263",
    "cause": "20",
    "cause_description": "",
    "cause_txt": "",
    "channel": "SIP/263-0000cbf3",
    "connected_line_name": "CID:36944000",
    "connected_line_num": "09117519478",
    "direction": "out",
    "end_time": "2025-07-30T09:32:18",
    "extension_number": "263",
    "has_ringing": false,
    "linkedid": "1753855387.832835",
    "other_extension_number": "09117519478",
    "raw_event": {
        "AccountCode": "",
        "CallerIDName": "<unknown>",
        "CallerIDNum": "263",
        "Cause": "20",
        "Cause-txt": "Subscriber absent",
        "Channel": "SIP/263-0000cbf3",
        "ChannelState": "4",
        "ChannelStateDesc": "Ring",
        "ConnectedLineName": "CID:36944000",
        "ConnectedLineNum": "09117519478",
        "Context": "from-internal",
        "Event": "Hangup",
        "Exten": "h",
        "Language": "pr2",
        "Linkedid": "1753855387.832835",
        "Priority": "1",
        "Privilege": "call,all",
        "Uniqueid": "1753855387.832835"
    },
    "start_time": "2025-07-30T09:32:14",
    "status": "initiated",
    "timestamp": "2025-07-30T09:32:18",
    "type": "call_summary",
    "uniqueid": "1753855387.832835"
}

{
    "call_type": "",
    "caller_id_name": "263-SUP10",
    "caller_id_num": "263",
    "channel": "SIP/263-0000cc34",
    "connected_line_name": "<unknown>",
    "connected_line_num": "<unknown>",
    "direction": "",
    "end_time": "",
    "extension_number": "263",
    "has_ringing": false,
    "linkedid": "1753856108.833677",
    "other_extension_number": "",
    "start_time": "2025-07-30T09:44:16",
    "status": "initiated",
    "timestamp": "2025-07-30T09:44:16",
    "type": "call_started",
    "uniqueid": "1753856108.833685"
}

{
    "channel": "SIP/263-0000cc34",
    "privilege": "call,all",
    "timestamp": "2025-07-30T09:44:16",
    "type": "call_ringing",
    "uniqueid": "1753856108.833685"
}

{
    "call_type": "external",
    "caller_id_name": "263-SUP10",
    "caller_id_num": "263",
    "cause": "16",
    "cause_description": "",
    "cause_txt": "",
    "channel": "SIP/263-0000cc34",
    "connected_line_name": "9131334130",
    "connected_line_num": "9131334130",
    "direction": "in",
    "end_time": "2025-07-30T09:44:30",
    "extension_number": "263",
    "has_ringing": true,
    "linkedid": "1753856108.833677",
    "other_extension_number": "9131334130",
    "raw_event": {
        "AccountCode": "",
        "CallerIDName": "263-SUP10",
        "CallerIDNum": "263",
        "Cause": "16",
        "Cause-txt": "Normal Clearing",
        "Channel": "SIP/263-0000cc34",
        "ChannelState": "5",
        "ChannelStateDesc": "Ringing",
        "ConnectedLineName": "9131334130",
        "ConnectedLineNum": "9131334130",
        "Context": "from-internal",
        "Event": "Hangup",
        "Exten": "263",
        "Language": "pr2",
        "Linkedid": "1753856108.833677",
        "Priority": "1",
        "Privilege": "call,all",
        "Uniqueid": "1753856108.833685"
    },
    "start_time": "2025-07-30T09:44:16",
    "status": "ringing",
    "timestamp": "2025-07-30T09:44:30",
    "type": "call_ended",
    "uniqueid": "1753856108.833685"
}

{
    "call_duration": 14,
    "call_type": "external",
    "caller_id_name": "263-SUP10",
    "caller_id_num": "263",
    "cause": "16",
    "cause_description": "",
    "cause_txt": "",
    "channel": "SIP/263-0000cc34",
    "connected_line_name": "9131334130",
    "connected_line_num": "9131334130",
    "direction": "in",
    "end_time": "2025-07-30T09:44:30",
    "extension_number": "263",
    "has_ringing": true,
    "linkedid": "1753856108.833677",
    "other_extension_number": "9131334130",
    "raw_event": {
        "AccountCode": "",
        "CallerIDName": "263-SUP10",
        "CallerIDNum": "263",
        "Cause": "16",
        "Cause-txt": "Normal Clearing",
        "Channel": "SIP/263-0000cc34",
        "ChannelState": "5",
        "ChannelStateDesc": "Ringing",
        "ConnectedLineName": "9131334130",
        "ConnectedLineNum": "9131334130",
        "Context": "from-internal",
        "Event": "Hangup",
        "Exten": "263",
        "Language": "pr2",
        "Linkedid": "1753856108.833677",
        "Priority": "1",
        "Privilege": "call,all",
        "Uniqueid": "1753856108.833685"
    },
    "start_time": "2025-07-30T09:44:16",
    "status": "ringing",
    "timestamp": "2025-07-30T09:44:30",
    "type": "call_summary",
    "uniqueid": "1753856108.833685"
}

{
    "call_type": "",
    "caller_id_name": "263-SUP10",
    "caller_id_num": "263",
    "channel": "SIP/263-0000cc36",
    "connected_line_name": "<unknown>",
    "connected_line_num": "<unknown>",
    "direction": "",
    "end_time": "",
    "extension_number": "263",
    "has_ringing": false,
    "linkedid": "1753856108.833677",
    "other_extension_number": "",
    "start_time": "2025-07-30T09:44:38",
    "status": "initiated",
    "timestamp": "2025-07-30T09:44:38",
    "type": "call_started",
    "uniqueid": "1753856131.833716"
}

{
    "channel": "SIP/263-0000cc36",
    "privilege": "call,all",
    "timestamp": "2025-07-30T09:44:39",
    "type": "call_ringing",
    "uniqueid": "1753856131.833716"
}

{
    "channel": "SIP/263-0000cc36",
    "privilege": "call,all",
    "timestamp": "2025-07-30T09:44:41",
    "type": "call_answered",
    "uniqueid": "1753856131.833716"
}

{
    "call_type": "external",
    "caller_id_name": "263-SUP10",
    "caller_id_num": "263",
    "cause": "16",
    "cause_description": "",
    "cause_txt": "",
    "channel": "SIP/263-0000cc36",
    "connected_line_name": "9131334130",
    "connected_line_num": "9131334130",
    "direction": "in",
    "end_time": "2025-07-30T09:45:36",
    "extension_number": "263",
    "has_ringing": true,
    "linkedid": "1753856108.833677",
    "other_extension_number": "9131334130",
    "raw_event": {
        "AccountCode": "",
        "CallerIDName": "263-SUP10",
        "CallerIDNum": "263",
        "Cause": "16",
        "Cause-txt": "Normal Clearing",
        "Channel": "SIP/263-0000cc36",
        "ChannelState": "6",
        "ChannelStateDesc": "Up",
        "ConnectedLineName": "9131334130",
        "ConnectedLineNum": "9131334130",
        "Context": "macro-dial-one",
        "Event": "Hangup",
        "Exten": "s",
        "Language": "pr2",
        "Linkedid": "1753856108.833677",
        "Priority": "1",
        "Privilege": "call,all",
        "Uniqueid": "1753856131.833716"
    },
    "start_time": "2025-07-30T09:44:41",
    "status": "answered",
    "timestamp": "2025-07-30T09:45:36",
    "type": "call_ended",
    "uniqueid": "1753856131.833716"
}

{
    "call_duration": 55,
    "call_type": "external",
    "caller_id_name": "263-SUP10",
    "caller_id_num": "263",
    "cause": "16",
    "cause_description": "",
    "cause_txt": "",
    "channel": "SIP/263-0000cc36",
    "connected_line_name": "9131334130",
    "connected_line_num": "9131334130",
    "direction": "in",
    "end_time": "2025-07-30T09:45:36",
    "extension_number": "263",
    "has_ringing": true,
    "linkedid": "1753856108.833677",
    "other_extension_number": "9131334130",
    "raw_event": {
        "AccountCode": "",
        "CallerIDName": "263-SUP10",
        "CallerIDNum": "263",
        "Cause": "16",
        "Cause-txt": "Normal Clearing",
        "Channel": "SIP/263-0000cc36",
        "ChannelState": "6",
        "ChannelStateDesc": "Up",
        "ConnectedLineName": "9131334130",
        "ConnectedLineNum": "9131334130",
        "Context": "macro-dial-one",
        "Event": "Hangup",
        "Exten": "s",
        "Language": "pr2",
        "Linkedid": "1753856108.833677",
        "Priority": "1",
        "Privilege": "call,all",
        "Uniqueid": "1753856131.833716"
    },
    "start_time": "2025-07-30T09:44:41",
    "status": "answered",
    "timestamp": "2025-07-30T09:45:36",
    "type": "call_summary",
    "uniqueid": "1753856131.833716"
}

{
    "call_type": "",
    "caller_id_name": "263-SUP10",
    "caller_id_num": "263",
    "channel": "SIP/263-0000cc45",
    "connected_line_name": "<unknown>",
    "connected_line_num": "<unknown>",
    "direction": "",
    "end_time": "",
    "extension_number": "263",
    "has_ringing": false,
    "linkedid": "1753856341.833927",
    "other_extension_number": "",
    "start_time": "2025-07-30T09:48:09",
    "status": "initiated",
    "timestamp": "2025-07-30T09:48:09",
    "type": "call_started",
    "uniqueid": "1753856341.833927"
}

{
    "channel": "SIP/263-0000cc45",
    "privilege": "call,all",
    "timestamp": "2025-07-30T09:48:09",
    "type": "call_answered",
    "uniqueid": "1753856341.833927"
}

{
    "call_type": "external",
    "caller_id_name": "263-SUP10",
    "caller_id_num": "263",
    "cause": "16",
    "cause_description": "",
    "cause_txt": "",
    "channel": "SIP/263-0000cc45",
    "connected_line_name": "<unknown>",
    "connected_line_num": "9134144350",
    "direction": "out",
    "end_time": "2025-07-30T09:49:34",
    "extension_number": "263",
    "has_ringing": false,
    "linkedid": "1753855860.833363",
    "other_extension_number": "9134144350",
    "raw_event": {
        "AccountCode": "",
        "CallerIDName": "263-SUP10",
        "CallerIDNum": "263",
        "Cause": "16",
        "Cause-txt": "Normal Clearing",
        "Channel": "SIP/263-0000cc45",
        "ChannelState": "6",
        "ChannelStateDesc": "Up",
        "ConnectedLineName": "<unknown>",
        "ConnectedLineNum": "9134144350",
        "Context": "from-internal",
        "Event": "Hangup",
        "Exten": "",
        "Language": "pr2",
        "Linkedid": "1753855860.833363",
        "Priority": "1",
        "Privilege": "call,all",
        "Uniqueid": "1753856341.833927"
    },
    "start_time": "2025-07-30T09:48:09",
    "status": "answered",
    "timestamp": "2025-07-30T09:49:34",
    "type": "call_ended",
    "uniqueid": "1753856341.833927"
}

{
    "call_duration": 85,
    "call_type": "external",
    "caller_id_name": "263-SUP10",
    "caller_id_num": "263",
    "cause": "16",
    "cause_description": "",
    "cause_txt": "",
    "channel": "SIP/263-0000cc45",
    "connected_line_name": "<unknown>",
    "connected_line_num": "9134144350",
    "direction": "out",
    "end_time": "2025-07-30T09:49:34",
    "extension_number": "263",
    "has_ringing": false,
    "linkedid": "1753855860.833363",
    "other_extension_number": "9134144350",
    "raw_event": {
        "AccountCode": "",
        "CallerIDName": "263-SUP10",
        "CallerIDNum": "263",
        "Cause": "16",
        "Cause-txt": "Normal Clearing",
        "Channel": "SIP/263-0000cc45",
        "ChannelState": "6",
        "ChannelStateDesc": "Up",
        "ConnectedLineName": "<unknown>",
        "ConnectedLineNum": "9134144350",
        "Context": "from-internal",
        "Event": "Hangup",
        "Exten": "",
        "Language": "pr2",
        "Linkedid": "1753855860.833363",
        "Priority": "1",
        "Privilege": "call,all",
        "Uniqueid": "1753856341.833927"
    },
    "start_time": "2025-07-30T09:48:09",
    "status": "answered",
    "timestamp": "2025-07-30T09:49:34",
    "type": "call_summary",
    "uniqueid": "1753856341.833927"
}

{
    "call_type": "",
    "caller_id_name": "263-SUP10",
    "caller_id_num": "263",
    "channel": "SIP/263-0000cc52",
    "connected_line_name": "<unknown>",
    "connected_line_num": "<unknown>",
    "direction": "",
    "end_time": "",
    "extension_number": "263",
    "has_ringing": false,
    "linkedid": "1753856452.834193",
    "other_extension_number": "",
    "start_time": "2025-07-30T09:50:00",
    "status": "initiated",
    "timestamp": "2025-07-30T09:50:00",
    "type": "call_started",
    "uniqueid": "1753856452.834201"
}

{
    "channel": "SIP/263-0000cc52",
    "privilege": "call,all",
    "timestamp": "2025-07-30T09:50:00",
    "type": "call_ringing",
    "uniqueid": "1753856452.834201"
}

{
    "channel": "SIP/263-0000cc52",
    "privilege": "call,all",
    "timestamp": "2025-07-30T09:50:03",
    "type": "call_answered",
    "uniqueid": "1753856452.834201"
}

{
    "call_type": "",
    "caller_id_name": "263-SUP10",
    "caller_id_num": "263",
    "channel": "SIP/263-0000cc5e",
    "connected_line_name": "<unknown>",
    "connected_line_num": "<unknown>",
    "direction": "",
    "end_time": "",
    "extension_number": "263",
    "has_ringing": false,
    "linkedid": "1753856514.834334",
    "other_extension_number": "",
    "start_time": "2025-07-30T09:51:01",
    "status": "initiated",
    "timestamp": "2025-07-30T09:51:01",
    "type": "call_started",
    "uniqueid": "1753856514.834334"
}

{
    "channel": "SIP/263-0000cc5e",
    "privilege": "call,all",
    "timestamp": "2025-07-30T09:51:05",
    "type": "call_answered",
    "uniqueid": "1753856514.834334"
}

{
    "call_type": "internal",
    "caller_id_name": "263-SUP10",
    "caller_id_num": "263",
    "cause": "16",
    "cause_description": "",
    "cause_txt": "",
    "channel": "SIP/263-0000cc5e",
    "connected_line_name": "CID:263",
    "connected_line_num": "115",
    "direction": "out",
    "end_time": "2025-07-30T09:51:23",
    "extension_number": "263",
    "has_ringing": false,
    "linkedid": "1753856514.834334",
    "other_extension_number": "115",
    "raw_event": {
        "AccountCode": "",
        "CallerIDName": "263-SUP10",
        "CallerIDNum": "263",
        "Cause": "16",
        "Cause-txt": "Normal Clearing",
        "Channel": "SIP/263-0000cc5e",
        "ChannelState": "6",
        "ChannelStateDesc": "Up",
        "ConnectedLineName": "CID:263",
        "ConnectedLineNum": "115",
        "Context": "from-internal",
        "Event": "Hangup",
        "Exten": "h",
        "Language": "pr2",
        "Linkedid": "1753856514.834334",
        "Priority": "1",
        "Privilege": "call,all",
        "Uniqueid": "1753856514.834334"
    },
    "start_time": "2025-07-30T09:51:05",
    "status": "answered",
    "timestamp": "2025-07-30T09:51:23",
    "type": "call_ended",
    "uniqueid": "1753856514.834334"
}

{
    "call_duration": 18,
    "call_type": "internal",
    "caller_id_name": "263-SUP10",
    "caller_id_num": "263",
    "cause": "16",
    "cause_description": "",
    "cause_txt": "",
    "channel": "SIP/263-0000cc5e",
    "connected_line_name": "CID:263",
    "connected_line_num": "115",
    "direction": "out",
    "end_time": "2025-07-30T09:51:23",
    "extension_number": "263",
    "has_ringing": false,
    "linkedid": "1753856514.834334",
    "other_extension_number": "115",
    "raw_event": {
        "AccountCode": "",
        "CallerIDName": "263-SUP10",
        "CallerIDNum": "263",
        "Cause": "16",
        "Cause-txt": "Normal Clearing",
        "Channel": "SIP/263-0000cc5e",
        "ChannelState": "6",
        "ChannelStateDesc": "Up",
        "ConnectedLineName": "CID:263",
        "ConnectedLineNum": "115",
        "Context": "from-internal",
        "Event": "Hangup",
        "Exten": "h",
        "Language": "pr2",
        "Linkedid": "1753856514.834334",
        "Priority": "1",
        "Privilege": "call,all",
        "Uniqueid": "1753856514.834334"
    },
    "start_time": "2025-07-30T09:51:05",
    "status": "answered",
    "timestamp": "2025-07-30T09:51:23",
    "type": "call_summary",
    "uniqueid": "1753856514.834334"
}

{
    "call_type": "external",
    "caller_id_name": "263-SUP10",
    "caller_id_num": "263",
    "cause": "16",
    "cause_description": "",
    "cause_txt": "",
    "channel": "SIP/263-0000cc52",
    "connected_line_name": "55394587",
    "connected_line_num": "55394587",
    "direction": "in",
    "end_time": "2025-07-30T09:51:27",
    "extension_number": "263",
    "has_ringing": true,
    "linkedid": "1753856452.834193",
    "other_extension_number": "55394587",
    "raw_event": {
        "AccountCode": "",
        "CallerIDName": "263-SUP10",
        "CallerIDNum": "263",
        "Cause": "16",
        "Cause-txt": "Normal Clearing",
        "Channel": "SIP/263-0000cc52",
        "ChannelState": "6",
        "ChannelStateDesc": "Up",
        "ConnectedLineName": "55394587",
        "ConnectedLineNum": "55394587",
        "Context": "macro-dial-one",
        "Event": "Hangup",
        "Exten": "s",
        "Language": "pr2",
        "Linkedid": "1753856452.834193",
        "Priority": "1",
        "Privilege": "call,all",
        "Uniqueid": "1753856452.834201"
    },
    "start_time": "2025-07-30T09:50:03",
    "status": "answered",
    "timestamp": "2025-07-30T09:51:27",
    "type": "call_ended",
    "uniqueid": "1753856452.834201"
}

{
    "call_duration": 83,
    "call_type": "external",
    "caller_id_name": "263-SUP10",
    "caller_id_num": "263",
    "cause": "16",
    "cause_description": "",
    "cause_txt": "",
    "channel": "SIP/263-0000cc52",
    "connected_line_name": "55394587",
    "connected_line_num": "55394587",
    "direction": "in",
    "end_time": "2025-07-30T09:51:27",
    "extension_number": "263",
    "has_ringing": true,
    "linkedid": "1753856452.834193",
    "other_extension_number": "55394587",
    "raw_event": {
        "AccountCode": "",
        "CallerIDName": "263-SUP10",
        "CallerIDNum": "263",
        "Cause": "16",
        "Cause-txt": "Normal Clearing",
        "Channel": "SIP/263-0000cc52",
        "ChannelState": "6",
        "ChannelStateDesc": "Up",
        "ConnectedLineName": "55394587",
        "ConnectedLineNum": "55394587",
        "Context": "macro-dial-one",
        "Event": "Hangup",
        "Exten": "s",
        "Language": "pr2",
        "Linkedid": "1753856452.834193",
        "Priority": "1",
        "Privilege": "call,all",
        "Uniqueid": "1753856452.834201"
    },
    "start_time": "2025-07-30T09:50:03",
    "status": "answered",
    "timestamp": "2025-07-30T09:51:27",
    "type": "call_summary",
    "uniqueid": "1753856452.834201"
}

{
    "call_type": "",
    "caller_id_name": "263-SUP10",
    "caller_id_num": "263",
    "channel": "SIP/263-0000cd1c",
    "connected_line_name": "<unknown>",
    "connected_line_num": "<unknown>",
    "direction": "",
    "end_time": "",
    "extension_number": "263",
    "has_ringing": false,
    "linkedid": "1753858272.836652",
    "other_extension_number": "",
    "start_time": "2025-07-30T10:20:19",
    "status": "initiated",
    "timestamp": "2025-07-30T10:20:19",
    "type": "call_started",
    "uniqueid": "1753858272.836660"
}

{
    "channel": "SIP/263-0000cd1c",
    "privilege": "call,all",
    "timestamp": "2025-07-30T10:20:19",
    "type": "call_ringing",
    "uniqueid": "1753858272.836660"
}

{
    "channel": "SIP/263-0000cd1c",
    "privilege": "call,all",
    "timestamp": "2025-07-30T10:20:22",
    "type": "call_answered",
    "uniqueid": "1753858272.836660"
}

{
    "call_type": "external",
    "caller_id_name": "263-SUP10",
    "caller_id_num": "263",
    "cause": "16",
    "cause_description": "",
    "cause_txt": "",
    "channel": "SIP/263-0000cd1c",
    "connected_line_name": "9141099407",
    "connected_line_num": "9141099407",
    "direction": "in",
    "end_time": "2025-07-30T10:22:49",
    "extension_number": "263",
    "has_ringing": true,
    "linkedid": "1753858272.836652",
    "other_extension_number": "9141099407",
    "raw_event": {
        "AccountCode": "",
        "CallerIDName": "263-SUP10",
        "CallerIDNum": "263",
        "Cause": "16",
        "Cause-txt": "Normal Clearing",
        "Channel": "SIP/263-0000cd1c",
        "ChannelState": "6",
        "ChannelStateDesc": "Up",
        "ConnectedLineName": "9141099407",
        "ConnectedLineNum": "9141099407",
        "Context": "macro-dial-one",
        "Event": "Hangup",
        "Exten": "s",
        "Language": "pr2",
        "Linkedid": "1753858272.836652",
        "Priority": "1",
        "Privilege": "call,all",
        "Uniqueid": "1753858272.836660"
    },
    "start_time": "2025-07-30T10:20:22",
    "status": "answered",
    "timestamp": "2025-07-30T10:22:49",
    "type": "call_ended",
    "uniqueid": "1753858272.836660"
}

{
    "call_duration": 147,
    "call_type": "external",
    "caller_id_name": "263-SUP10",
    "caller_id_num": "263",
    "cause": "16",
    "cause_description": "",
    "cause_txt": "",
    "channel": "SIP/263-0000cd1c",
    "connected_line_name": "9141099407",
    "connected_line_num": "9141099407",
    "direction": "in",
    "end_time": "2025-07-30T10:22:49",
    "extension_number": "263",
    "has_ringing": true,
    "linkedid": "1753858272.836652",
    "other_extension_number": "9141099407",
    "raw_event": {
        "AccountCode": "",
        "CallerIDName": "263-SUP10",
        "CallerIDNum": "263",
        "Cause": "16",
        "Cause-txt": "Normal Clearing",
        "Channel": "SIP/263-0000cd1c",
        "ChannelState": "6",
        "ChannelStateDesc": "Up",
        "ConnectedLineName": "9141099407",
        "ConnectedLineNum": "9141099407",
        "Context": "macro-dial-one",
        "Event": "Hangup",
        "Exten": "s",
        "Language": "pr2",
        "Linkedid": "1753858272.836652",
        "Priority": "1",
        "Privilege": "call,all",
        "Uniqueid": "1753858272.836660"
    },
    "start_time": "2025-07-30T10:20:22",
    "status": "answered",
    "timestamp": "2025-07-30T10:22:49",
    "type": "call_summary",
    "uniqueid": "1753858272.836660"
}

{
    "call_type": "",
    "caller_id_name": "263-SUP10",
    "caller_id_num": "263",
    "channel": "SIP/263-0000cd8d",
    "connected_line_name": "<unknown>",
    "connected_line_num": "<unknown>",
    "direction": "",
    "end_time": "",
    "extension_number": "263",
    "has_ringing": false,
    "linkedid": "1753858822.838670",
    "other_extension_number": "",
    "start_time": "2025-07-30T10:29:29",
    "status": "initiated",
    "timestamp": "2025-07-30T10:29:29",
    "type": "call_started",
    "uniqueid": "1753858822.838673"
}

{
    "channel": "SIP/263-0000cd8d",
    "privilege": "call,all",
    "timestamp": "2025-07-30T10:29:29",
    "type": "call_ringing",
    "uniqueid": "1753858822.838673"
}

{
    "channel": "SIP/263-0000cd8d",
    "privilege": "call,all",
    "timestamp": "2025-07-30T10:29:31",
    "type": "call_answered",
    "uniqueid": "1753858822.838673"
}

{
    "call_type": "internal",
    "caller_id_name": "263-SUP10",
    "caller_id_num": "263",
    "cause": "16",
    "cause_description": "",
    "cause_txt": "",
    "channel": "SIP/263-0000cd8d",
    "connected_line_name": "alamdari",
    "connected_line_num": "115",
    "direction": "in",
    "end_time": "2025-07-30T10:34:21",
    "extension_number": "263",
    "has_ringing": true,
    "linkedid": "1753858822.838670",
    "other_extension_number": "115",
    "raw_event": {
        "AccountCode": "",
        "CallerIDName": "263-SUP10",
        "CallerIDNum": "263",
        "Cause": "16",
        "Cause-txt": "Normal Clearing",
        "Channel": "SIP/263-0000cd8d",
        "ChannelState": "6",
        "ChannelStateDesc": "Up",
        "ConnectedLineName": "alamdari",
        "ConnectedLineNum": "115",
        "Context": "from-internal",
        "Event": "Hangup",
        "Exten": "",
        "Language": "pr2",
        "Linkedid": "1753858822.838670",
        "Priority": "1",
        "Privilege": "call,all",
        "Uniqueid": "1753858822.838673"
    },
    "start_time": "2025-07-30T10:29:31",
    "status": "answered",
    "timestamp": "2025-07-30T10:34:21",
    "type": "call_ended",
    "uniqueid": "1753858822.838673"
}

{
    "call_duration": 289,
    "call_type": "internal",
    "caller_id_name": "263-SUP10",
    "caller_id_num": "263",
    "cause": "16",
    "cause_description": "",
    "cause_txt": "",
    "channel": "SIP/263-0000cd8d",
    "connected_line_name": "alamdari",
    "connected_line_num": "115",
    "direction": "in",
    "end_time": "2025-07-30T10:34:21",
    "extension_number": "263",
    "has_ringing": true,
    "linkedid": "1753858822.838670",
    "other_extension_number": "115",
    "raw_event": {
        "AccountCode": "",
        "CallerIDName": "263-SUP10",
        "CallerIDNum": "263",
        "Cause": "16",
        "Cause-txt": "Normal Clearing",
        "Channel": "SIP/263-0000cd8d",
        "ChannelState": "6",
        "ChannelStateDesc": "Up",
        "ConnectedLineName": "alamdari",
        "ConnectedLineNum": "115",
        "Context": "from-internal",
        "Event": "Hangup",
        "Exten": "",
        "Language": "pr2",
        "Linkedid": "1753858822.838670",
        "Priority": "1",
        "Privilege": "call,all",
        "Uniqueid": "1753858822.838673"
    },
    "start_time": "2025-07-30T10:29:31",
    "status": "answered",
    "timestamp": "2025-07-30T10:34:21",
    "type": "call_summary",
    "uniqueid": "1753858822.838673"
}

{
    "call_type": "",
    "caller_id_name": "263-SUP10",
    "caller_id_num": "263",
    "channel": "SIP/263-0000cdce",
    "connected_line_name": "<unknown>",
    "connected_line_num": "<unknown>",
    "direction": "",
    "end_time": "",
    "extension_number": "263",
    "has_ringing": false,
    "linkedid": "1753859115.839354",
    "other_extension_number": "",
    "start_time": "2025-07-30T10:34:22",
    "status": "initiated",
    "timestamp": "2025-07-30T10:34:22",
    "type": "call_started",
    "uniqueid": "1753859115.839357"
}

{
    "channel": "SIP/263-0000cdce",
    "privilege": "call,all",
    "timestamp": "2025-07-30T10:34:22",
    "type": "call_ringing",
    "uniqueid": "1753859115.839357"
}

{
    "channel": "SIP/263-0000cdce",
    "privilege": "call,all",
    "timestamp": "2025-07-30T10:34:24",
    "type": "call_answered",
    "uniqueid": "1753859115.839357"
}

{
    "call_type": "internal",
    "caller_id_name": "263-SUP10",
    "caller_id_num": "263",
    "cause": "16",
    "cause_description": "",
    "cause_txt": "",
    "channel": "SIP/263-0000cdce",
    "connected_line_name": "gudarzi",
    "connected_line_num": "114",
    "direction": "in",
    "end_time": "2025-07-30T10:35:10",
    "extension_number": "263",
    "has_ringing": true,
    "linkedid": "1753859115.839354",
    "other_extension_number": "114",
    "raw_event": {
        "AccountCode": "",
        "CallerIDName": "263-SUP10",
        "CallerIDNum": "263",
        "Cause": "16",
        "Cause-txt": "Normal Clearing",
        "Channel": "SIP/263-0000cdce",
        "ChannelState": "6",
        "ChannelStateDesc": "Up",
        "ConnectedLineName": "gudarzi",
        "ConnectedLineNum": "114",
        "Context": "from-internal",
        "Event": "Hangup",
        "Exten": "",
        "Language": "pr2",
        "Linkedid": "1753859115.839354",
        "Priority": "1",
        "Privilege": "call,all",
        "Uniqueid": "1753859115.839357"
    },
    "start_time": "2025-07-30T10:34:24",
    "status": "answered",
    "timestamp": "2025-07-30T10:35:10",
    "type": "call_ended",
    "uniqueid": "1753859115.839357"
}

{
    "call_duration": 46,
    "call_type": "internal",
    "caller_id_name": "263-SUP10",
    "caller_id_num": "263",
    "cause": "16",
    "cause_description": "",
    "cause_txt": "",
    "channel": "SIP/263-0000cdce",
    "connected_line_name": "gudarzi",
    "connected_line_num": "114",
    "direction": "in",
    "end_time": "2025-07-30T10:35:10",
    "extension_number": "263",
    "has_ringing": true,
    "linkedid": "1753859115.839354",
    "other_extension_number": "114",
    "raw_event": {
        "AccountCode": "",
        "CallerIDName": "263-SUP10",
        "CallerIDNum": "263",
        "Cause": "16",
        "Cause-txt": "Normal Clearing",
        "Channel": "SIP/263-0000cdce",
        "ChannelState": "6",
        "ChannelStateDesc": "Up",
        "ConnectedLineName": "gudarzi",
        "ConnectedLineNum": "114",
        "Context": "from-internal",
        "Event": "Hangup",
        "Exten": "",
        "Language": "pr2",
        "Linkedid": "1753859115.839354",
        "Priority": "1",
        "Privilege": "call,all",
        "Uniqueid": "1753859115.839357"
    },
    "start_time": "2025-07-30T10:34:24",
    "status": "answered",
    "timestamp": "2025-07-30T10:35:10",
    "type": "call_summary",
    "uniqueid": "1753859115.839357"
}

{
    "call_type": "",
    "caller_id_name": "263-SUP10",
    "caller_id_num": "263",
    "channel": "SIP/263-0000ce81",
    "connected_line_name": "<unknown>",
    "connected_line_num": "<unknown>",
    "direction": "",
    "end_time": "",
    "extension_number": "263",
    "has_ringing": false,
    "linkedid": "1753860413.841332",
    "other_extension_number": "",
    "start_time": "2025-07-30T10:56:01",
    "status": "initiated",
    "timestamp": "2025-07-30T10:56:01",
    "type": "call_started",
    "uniqueid": "1753860413.841340"
}

{
    "channel": "SIP/263-0000ce81",
    "privilege": "call,all",
    "timestamp": "2025-07-30T10:56:01",
    "type": "call_ringing",
    "uniqueid": "1753860413.841340"
}

{
    "channel": "SIP/263-0000ce81",
    "privilege": "call,all",
    "timestamp": "2025-07-30T10:56:04",
    "type": "call_answered",
    "uniqueid": "1753860413.841340"
}

{
    "call_type": "external",
    "caller_id_name": "263-SUP10",
    "caller_id_num": "263",
    "cause": "16",
    "cause_description": "",
    "cause_txt": "",
    "channel": "SIP/263-0000ce81",
    "connected_line_name": "989121695079",
    "connected_line_num": "989121695079",
    "direction": "in",
    "end_time": "2025-07-30T10:56:43",
    "extension_number": "263",
    "has_ringing": true,
    "linkedid": "1753860413.841332",
    "other_extension_number": "989121695079",
    "raw_event": {
        "AccountCode": "",
        "CallerIDName": "263-SUP10",
        "CallerIDNum": "263",
        "Cause": "16",
        "Cause-txt": "Normal Clearing",
        "Channel": "SIP/263-0000ce81",
        "ChannelState": "6",
        "ChannelStateDesc": "Up",
        "ConnectedLineName": "989121695079",
        "ConnectedLineNum": "989121695079",
        "Context": "macro-dial-one",
        "Event": "Hangup",
        "Exten": "s",
        "Language": "pr2",
        "Linkedid": "1753860413.841332",
        "Priority": "1",
        "Privilege": "call,all",
        "Uniqueid": "1753860413.841340"
    },
    "start_time": "2025-07-30T10:56:04",
    "status": "answered",
    "timestamp": "2025-07-30T10:56:43",
    "type": "call_ended",
    "uniqueid": "1753860413.841340"
}

{
    "call_duration": 39,
    "call_type": "external",
    "caller_id_name": "263-SUP10",
    "caller_id_num": "263",
    "cause": "16",
    "cause_description": "",
    "cause_txt": "",
    "channel": "SIP/263-0000ce81",
    "connected_line_name": "989121695079",
    "connected_line_num": "989121695079",
    "direction": "in",
    "end_time": "2025-07-30T10:56:43",
    "extension_number": "263",
    "has_ringing": true,
    "linkedid": "1753860413.841332",
    "other_extension_number": "989121695079",
    "raw_event": {
        "AccountCode": "",
        "CallerIDName": "263-SUP10",
        "CallerIDNum": "263",
        "Cause": "16",
        "Cause-txt": "Normal Clearing",
        "Channel": "SIP/263-0000ce81",
        "ChannelState": "6",
        "ChannelStateDesc": "Up",
        "ConnectedLineName": "989121695079",
        "ConnectedLineNum": "989121695079",
        "Context": "macro-dial-one",
        "Event": "Hangup",
        "Exten": "s",
        "Language": "pr2",
        "Linkedid": "1753860413.841332",
        "Priority": "1",
        "Privilege": "call,all",
        "Uniqueid": "1753860413.841340"
    },
    "start_time": "2025-07-30T10:56:04",
    "status": "answered",
    "timestamp": "2025-07-30T10:56:43",
    "type": "call_summary",
    "uniqueid": "1753860413.841340"
}

{
    "call_type": "",
    "caller_id_name": "263-SUP10",
    "caller_id_num": "263",
    "channel": "SIP/263-0000ce99",
    "connected_line_name": "<unknown>",
    "connected_line_num": "<unknown>",
    "direction": "",
    "end_time": "",
    "extension_number": "263",
    "has_ringing": false,
    "linkedid": "1753860508.841593",
    "other_extension_number": "",
    "start_time": "2025-07-30T10:57:35",
    "status": "initiated",
    "timestamp": "2025-07-30T10:57:35",
    "type": "call_started",
    "uniqueid": "1753860508.841593"
}

{
    "channel": "SIP/263-0000ce99",
    "privilege": "call,all",
    "timestamp": "2025-07-30T10:57:46",
    "type": "call_answered",
    "uniqueid": "1753860508.841593"
}

{
    "call_type": "internal",
    "caller_id_name": "263-SUP10",
    "caller_id_num": "263",
    "cause": "16",
    "cause_description": "",
    "cause_txt": "",
    "channel": "SIP/263-0000ce99",
    "connected_line_name": "CID:263",
    "connected_line_num": "114",
    "direction": "out",
    "end_time": "2025-07-30T11:00:53",
    "extension_number": "263",
    "has_ringing": false,
    "linkedid": "1753860508.841593",
    "other_extension_number": "114",
    "raw_event": {
        "AccountCode": "",
        "CallerIDName": "263-SUP10",
        "CallerIDNum": "263",
        "Cause": "16",
        "Cause-txt": "Normal Clearing",
        "Channel": "SIP/263-0000ce99",
        "ChannelState": "6",
        "ChannelStateDesc": "Up",
        "ConnectedLineName": "CID:263",
        "ConnectedLineNum": "114",
        "Context": "from-internal",
        "Event": "Hangup",
        "Exten": "h",
        "Language": "pr2",
        "Linkedid": "1753860508.841593",
        "Priority": "1",
        "Privilege": "call,all",
        "Uniqueid": "1753860508.841593"
    },
    "start_time": "2025-07-30T10:57:46",
    "status": "answered",
    "timestamp": "2025-07-30T11:00:53",
    "type": "call_ended",
    "uniqueid": "1753860508.841593"
}

{
    "call_duration": 186,
    "call_type": "internal",
    "caller_id_name": "263-SUP10",
    "caller_id_num": "263",
    "cause": "16",
    "cause_description": "",
    "cause_txt": "",
    "channel": "SIP/263-0000ce99",
    "connected_line_name": "CID:263",
    "connected_line_num": "114",
    "direction": "out",
    "end_time": "2025-07-30T11:00:53",
    "extension_number": "263",
    "has_ringing": false,
    "linkedid": "1753860508.841593",
    "other_extension_number": "114",
    "raw_event": {
        "AccountCode": "",
        "CallerIDName": "263-SUP10",
        "CallerIDNum": "263",
        "Cause": "16",
        "Cause-txt": "Normal Clearing",
        "Channel": "SIP/263-0000ce99",
        "ChannelState": "6",
        "ChannelStateDesc": "Up",
        "ConnectedLineName": "CID:263",
        "ConnectedLineNum": "114",
        "Context": "from-internal",
        "Event": "Hangup",
        "Exten": "h",
        "Language": "pr2",
        "Linkedid": "1753860508.841593",
        "Priority": "1",
        "Privilege": "call,all",
        "Uniqueid": "1753860508.841593"
    },
    "start_time": "2025-07-30T10:57:46",
    "status": "answered",
    "timestamp": "2025-07-30T11:00:53",
    "type": "call_summary",
    "uniqueid": "1753860508.841593"
}

{
    "call_type": "",
    "caller_id_name": "263-SUP10",
    "caller_id_num": "263",
    "channel": "SIP/263-0000cec7",
    "connected_line_name": "<unknown>",
    "connected_line_num": "<unknown>",
    "direction": "",
    "end_time": "",
    "extension_number": "263",
    "has_ringing": false,
    "linkedid": "1753860746.842124",
    "other_extension_number": "",
    "start_time": "2025-07-30T11:01:33",
    "status": "initiated",
    "timestamp": "2025-07-30T11:01:33",
    "type": "call_started",
    "uniqueid": "1753860746.842124"
}

{
    "channel": "SIP/263-0000cec7",
    "privilege": "call,all",
    "timestamp": "2025-07-30T11:01:37",
    "type": "call_answered",
    "uniqueid": "1753860746.842124"
}

{
    "call_type": "internal",
    "caller_id_name": "263-SUP10",
    "caller_id_num": "263",
    "cause": "16",
    "cause_description": "",
    "cause_txt": "",
    "channel": "SIP/263-0000cec7",
    "connected_line_name": "234-FIN4",
    "connected_line_num": "234",
    "direction": "out",
    "end_time": "2025-07-30T11:02:03",
    "extension_number": "263",
    "has_ringing": false,
    "linkedid": "1753860746.842124",
    "other_extension_number": "234",
    "raw_event": {
        "AccountCode": "",
        "CallerIDName": "263-SUP10",
        "CallerIDNum": "263",
        "Cause": "16",
        "Cause-txt": "Normal Clearing",
        "Channel": "SIP/263-0000cec7",
        "ChannelState": "6",
        "ChannelStateDesc": "Up",
        "ConnectedLineName": "234-FIN4",
        "ConnectedLineNum": "234",
        "Context": "from-internal",
        "Event": "Hangup",
        "Exten": "h",
        "Language": "pr2",
        "Linkedid": "1753860746.842124",
        "Priority": "1",
        "Privilege": "call,all",
        "Uniqueid": "1753860746.842124"
    },
    "start_time": "2025-07-30T11:01:37",
    "status": "answered",
    "timestamp": "2025-07-30T11:02:03",
    "type": "call_ended",
    "uniqueid": "1753860746.842124"
}

{
    "call_duration": 26,
    "call_type": "internal",
    "caller_id_name": "263-SUP10",
    "caller_id_num": "263",
    "cause": "16",
    "cause_description": "",
    "cause_txt": "",
    "channel": "SIP/263-0000cec7",
    "connected_line_name": "234-FIN4",
    "connected_line_num": "234",
    "direction": "out",
    "end_time": "2025-07-30T11:02:03",
    "extension_number": "263",
    "has_ringing": false,
    "linkedid": "1753860746.842124",
    "other_extension_number": "234",
    "raw_event": {
        "AccountCode": "",
        "CallerIDName": "263-SUP10",
        "CallerIDNum": "263",
        "Cause": "16",
        "Cause-txt": "Normal Clearing",
        "Channel": "SIP/263-0000cec7",
        "ChannelState": "6",
        "ChannelStateDesc": "Up",
        "ConnectedLineName": "234-FIN4",
        "ConnectedLineNum": "234",
        "Context": "from-internal",
        "Event": "Hangup",
        "Exten": "h",
        "Language": "pr2",
        "Linkedid": "1753860746.842124",
        "Priority": "1",
        "Privilege": "call,all",
        "Uniqueid": "1753860746.842124"
    },
    "start_time": "2025-07-30T11:01:37",
    "status": "answered",
    "timestamp": "2025-07-30T11:02:03",
    "type": "call_summary",
    "uniqueid": "1753860746.842124"
}

{
    "call_type": "",
    "caller_id_name": "263-SUP10",
    "caller_id_num": "263",
    "channel": "SIP/263-0000ced2",
    "connected_line_name": "<unknown>",
    "connected_line_num": "<unknown>",
    "direction": "",
    "end_time": "",
    "extension_number": "263",
    "has_ringing": false,
    "linkedid": "1753860783.842225",
    "other_extension_number": "",
    "start_time": "2025-07-30T11:02:10",
    "status": "initiated",
    "timestamp": "2025-07-30T11:02:10",
    "type": "call_started",
    "uniqueid": "1753860783.842233"
}

{
    "channel": "SIP/263-0000ced2",
    "privilege": "call,all",
    "timestamp": "2025-07-30T11:02:10",
    "type": "call_ringing",
    "uniqueid": "1753860783.842233"
}

{
    "channel": "SIP/263-0000ced2",
    "privilege": "call,all",
    "timestamp": "2025-07-30T11:02:11",
    "type": "call_answered",
    "uniqueid": "1753860783.842233"
}

{
    "call_type": "",
    "caller_id_name": "263-SUP10",
    "caller_id_num": "263",
    "channel": "SIP/263-0000cede",
    "connected_line_name": "<unknown>",
    "connected_line_num": "<unknown>",
    "direction": "",
    "end_time": "",
    "extension_number": "263",
    "has_ringing": false,
    "linkedid": "1753860835.842360",
    "other_extension_number": "",
    "start_time": "2025-07-30T11:03:02",
    "status": "initiated",
    "timestamp": "2025-07-30T11:03:02",
    "type": "call_started",
    "uniqueid": "1753860835.842360"
}

{
    "channel": "SIP/263-0000cede",
    "privilege": "call,all",
    "timestamp": "2025-07-30T11:03:19",
    "type": "call_answered",
    "uniqueid": "1753860835.842360"
}

{
    "call_type": "internal",
    "caller_id_name": "263-SUP10",
    "caller_id_num": "263",
    "cause": "16",
    "cause_description": "",
    "cause_txt": "",
    "channel": "SIP/263-0000cede",
    "connected_line_name": "CID:263",
    "connected_line_num": "115",
    "direction": "out",
    "end_time": "2025-07-30T11:03:42",
    "extension_number": "263",
    "has_ringing": false,
    "linkedid": "1753860835.842360",
    "other_extension_number": "115",
    "raw_event": {
        "AccountCode": "",
        "CallerIDName": "263-SUP10",
        "CallerIDNum": "263",
        "Cause": "16",
        "Cause-txt": "Normal Clearing",
        "Channel": "SIP/263-0000cede",
        "ChannelState": "6",
        "ChannelStateDesc": "Up",
        "ConnectedLineName": "CID:263",
        "ConnectedLineNum": "115",
        "Context": "from-internal",
        "Event": "Hangup",
        "Exten": "h",
        "Language": "pr2",
        "Linkedid": "1753860835.842360",
        "Priority": "1",
        "Privilege": "call,all",
        "Uniqueid": "1753860835.842360"
    },
    "start_time": "2025-07-30T11:03:19",
    "status": "answered",
    "timestamp": "2025-07-30T11:03:42",
    "type": "call_ended",
    "uniqueid": "1753860835.842360"
}

{
    "call_duration": 22,
    "call_type": "internal",
    "caller_id_name": "263-SUP10",
    "caller_id_num": "263",
    "cause": "16",
    "cause_description": "",
    "cause_txt": "",
    "channel": "SIP/263-0000cede",
    "connected_line_name": "CID:263",
    "connected_line_num": "115",
    "direction": "out",
    "end_time": "2025-07-30T11:03:42",
    "extension_number": "263",
    "has_ringing": false,
    "linkedid": "1753860835.842360",
    "other_extension_number": "115",
    "raw_event": {
        "AccountCode": "",
        "CallerIDName": "263-SUP10",
        "CallerIDNum": "263",
        "Cause": "16",
        "Cause-txt": "Normal Clearing",
        "Channel": "SIP/263-0000cede",
        "ChannelState": "6",
        "ChannelStateDesc": "Up",
        "ConnectedLineName": "CID:263",
        "ConnectedLineNum": "115",
        "Context": "from-internal",
        "Event": "Hangup",
        "Exten": "h",
        "Language": "pr2",
        "Linkedid": "1753860835.842360",
        "Priority": "1",
        "Privilege": "call,all",
        "Uniqueid": "1753860835.842360"
    },
    "start_time": "2025-07-30T11:03:19",
    "status": "answered",
    "timestamp": "2025-07-30T11:03:42",
    "type": "call_summary",
    "uniqueid": "1753860835.842360"
}

{
    "call_type": "external",
    "caller_id_name": "263-SUP10",
    "caller_id_num": "263",
    "cause": "16",
    "cause_description": "",
    "cause_txt": "",
    "channel": "SIP/263-0000ced2",
    "connected_line_name": "989304307783",
    "connected_line_num": "989304307783",
    "direction": "in",
    "end_time": "2025-07-30T11:03:45",
    "extension_number": "263",
    "has_ringing": true,
    "linkedid": "1753860783.842225",
    "other_extension_number": "989304307783",
    "raw_event": {
        "AccountCode": "",
        "CallerIDName": "263-SUP10",
        "CallerIDNum": "263",
        "Cause": "16",
        "Cause-txt": "Normal Clearing",
        "Channel": "SIP/263-0000ced2",
        "ChannelState": "6",
        "ChannelStateDesc": "Up",
        "ConnectedLineName": "989304307783",
        "ConnectedLineNum": "989304307783",
        "Context": "macro-dial-one",
        "Event": "Hangup",
        "Exten": "s",
        "Language": "pr2",
        "Linkedid": "1753860783.842225",
        "Priority": "1",
        "Privilege": "call,all",
        "Uniqueid": "1753860783.842233"
    },
    "start_time": "2025-07-30T11:02:11",
    "status": "answered",
    "timestamp": "2025-07-30T11:03:45",
    "type": "call_ended",
    "uniqueid": "1753860783.842233"
}

{
    "call_duration": 94,
    "call_type": "external",
    "caller_id_name": "263-SUP10",
    "caller_id_num": "263",
    "cause": "16",
    "cause_description": "",
    "cause_txt": "",
    "channel": "SIP/263-0000ced2",
    "connected_line_name": "989304307783",
    "connected_line_num": "989304307783",
    "direction": "in",
    "end_time": "2025-07-30T11:03:45",
    "extension_number": "263",
    "has_ringing": true,
    "linkedid": "1753860783.842225",
    "other_extension_number": "989304307783",
    "raw_event": {
        "AccountCode": "",
        "CallerIDName": "263-SUP10",
        "CallerIDNum": "263",
        "Cause": "16",
        "Cause-txt": "Normal Clearing",
        "Channel": "SIP/263-0000ced2",
        "ChannelState": "6",
        "ChannelStateDesc": "Up",
        "ConnectedLineName": "989304307783",
        "ConnectedLineNum": "989304307783",
        "Context": "macro-dial-one",
        "Event": "Hangup",
        "Exten": "s",
        "Language": "pr2",
        "Linkedid": "1753860783.842225",
        "Priority": "1",
        "Privilege": "call,all",
        "Uniqueid": "1753860783.842233"
    },
    "start_time": "2025-07-30T11:02:11",
    "status": "answered",
    "timestamp": "2025-07-30T11:03:45",
    "type": "call_summary",
    "uniqueid": "1753860783.842233"
}

{
    "call_type": "",
    "caller_id_name": "263-SUP10",
    "caller_id_num": "263",
    "channel": "SIP/263-0000cf55",
    "connected_line_name": "<unknown>",
    "connected_line_num": "<unknown>",
    "direction": "",
    "end_time": "",
    "extension_number": "263",
    "has_ringing": false,
    "linkedid": "1753861505.843648",
    "other_extension_number": "",
    "start_time": "2025-07-30T11:15:00",
    "status": "initiated",
    "timestamp": "2025-07-30T11:15:00",
    "type": "call_started",
    "uniqueid": "1753861553.843817"
}

{
    "channel": "SIP/263-0000cf55",
    "privilege": "call,all",
    "timestamp": "2025-07-30T11:15:00",
    "type": "call_ringing",
    "uniqueid": "1753861553.843817"
}

{
    "call_type": "external",
    "caller_id_name": "263-SUP10",
    "caller_id_num": "263",
    "cause": "16",
    "cause_description": "",
    "cause_txt": "",
    "channel": "SIP/263-0000cf55",
    "connected_line_name": "9166101012",
    "connected_line_num": "9166101012",
    "direction": "in",
    "end_time": "2025-07-30T11:15:17",
    "extension_number": "263",
    "has_ringing": true,
    "linkedid": "1753861505.843648",
    "other_extension_number": "9166101012",
    "raw_event": {
        "AccountCode": "",
        "CallerIDName": "263-SUP10",
        "CallerIDNum": "263",
        "Cause": "16",
        "Cause-txt": "Normal Clearing",
        "Channel": "SIP/263-0000cf55",
        "ChannelState": "5",
        "ChannelStateDesc": "Ringing",
        "ConnectedLineName": "9166101012",
        "ConnectedLineNum": "9166101012",
        "Context": "from-internal",
        "Event": "Hangup",
        "Exten": "263",
        "Language": "pr2",
        "Linkedid": "1753861505.843648",
        "Priority": "1",
        "Privilege": "call,all",
        "Uniqueid": "1753861553.843817"
    },
    "start_time": "2025-07-30T11:15:00",
    "status": "ringing",
    "timestamp": "2025-07-30T11:15:17",
    "type": "call_ended",
    "uniqueid": "1753861553.843817"
}

{
    "call_duration": 16,
    "call_type": "external",
    "caller_id_name": "263-SUP10",
    "caller_id_num": "263",
    "cause": "16",
    "cause_description": "",
    "cause_txt": "",
    "channel": "SIP/263-0000cf55",
    "connected_line_name": "9166101012",
    "connected_line_num": "9166101012",
    "direction": "in",
    "end_time": "2025-07-30T11:15:17",
    "extension_number": "263",
    "has_ringing": true,
    "linkedid": "1753861505.843648",
    "other_extension_number": "9166101012",
    "raw_event": {
        "AccountCode": "",
        "CallerIDName": "263-SUP10",
        "CallerIDNum": "263",
        "Cause": "16",
        "Cause-txt": "Normal Clearing",
        "Channel": "SIP/263-0000cf55",
        "ChannelState": "5",
        "ChannelStateDesc": "Ringing",
        "ConnectedLineName": "9166101012",
        "ConnectedLineNum": "9166101012",
        "Context": "from-internal",
        "Event": "Hangup",
        "Exten": "263",
        "Language": "pr2",
        "Linkedid": "1753861505.843648",
        "Priority": "1",
        "Privilege": "call,all",
        "Uniqueid": "1753861553.843817"
    },
    "start_time": "2025-07-30T11:15:00",
    "status": "ringing",
    "timestamp": "2025-07-30T11:15:17",
    "type": "call_summary",
    "uniqueid": "1753861553.843817"
}

{
    "call_type": "",
    "caller_id_name": "263-SUP10",
    "caller_id_num": "263",
    "channel": "SIP/263-0000cf7a",
    "connected_line_name": "<unknown>",
    "connected_line_num": "<unknown>",
    "direction": "",
    "end_time": "",
    "extension_number": "263",
    "has_ringing": false,
    "linkedid": "1753861839.844256",
    "other_extension_number": "",
    "start_time": "2025-07-30T11:19:46",
    "status": "initiated",
    "timestamp": "2025-07-30T11:19:46",
    "type": "call_started",
    "uniqueid": "1753861839.844256"
}

{
    "channel": "SIP/263-0000cf7a",
    "privilege": "call,all",
    "timestamp": "2025-07-30T11:19:57",
    "type": "call_answered",
    "uniqueid": "1753861839.844256"
}

{
    "call_type": "external",
    "caller_id_name": "<unknown>",
    "caller_id_num": "36944000",
    "cause": "16",
    "cause_description": "",
    "cause_txt": "",
    "channel": "SIP/263-0000cf7a",
    "connected_line_name": "CID:36944000",
    "connected_line_num": "09122932129",
    "direction": "out",
    "end_time": "2025-07-30T11:24:00",
    "extension_number": "263",
    "has_ringing": false,
    "linkedid": "1753861839.844256",
    "other_extension_number": "09122932129",
    "raw_event": {
        "AccountCode": "",
        "CallerIDName": "<unknown>",
        "CallerIDNum": "36944000",
        "Cause": "16",
        "Cause-txt": "Normal Clearing",
        "Channel": "SIP/263-0000cf7a",
        "ChannelState": "6",
        "ChannelStateDesc": "Up",
        "ConnectedLineName": "CID:36944000",
        "ConnectedLineNum": "09122932129",
        "Context": "from-internal",
        "Event": "Hangup",
        "Exten": "h",
        "Language": "pr2",
        "Linkedid": "1753861839.844256",
        "Priority": "1",
        "Privilege": "call,all",
        "Uniqueid": "1753861839.844256"
    },
    "start_time": "2025-07-30T11:19:57",
    "status": "answered",
    "timestamp": "2025-07-30T11:24:00",
    "type": "call_ended",
    "uniqueid": "1753861839.844256"
}

{
    "call_duration": 243,
    "call_type": "external",
    "caller_id_name": "<unknown>",
    "caller_id_num": "36944000",
    "cause": "16",
    "cause_description": "",
    "cause_txt": "",
    "channel": "SIP/263-0000cf7a",
    "connected_line_name": "CID:36944000",
    "connected_line_num": "09122932129",
    "direction": "out",
    "end_time": "2025-07-30T11:24:00",
    "extension_number": "263",
    "has_ringing": false,
    "linkedid": "1753861839.844256",
    "other_extension_number": "09122932129",
    "raw_event": {
        "AccountCode": "",
        "CallerIDName": "<unknown>",
        "CallerIDNum": "36944000",
        "Cause": "16",
        "Cause-txt": "Normal Clearing",
        "Channel": "SIP/263-0000cf7a",
        "ChannelState": "6",
        "ChannelStateDesc": "Up",
        "ConnectedLineName": "CID:36944000",
        "ConnectedLineNum": "09122932129",
        "Context": "from-internal",
        "Event": "Hangup",
        "Exten": "h",
        "Language": "pr2",
        "Linkedid": "1753861839.844256",
        "Priority": "1",
        "Privilege": "call,all",
        "Uniqueid": "1753861839.844256"
    },
    "start_time": "2025-07-30T11:19:57",
    "status": "answered",
    "timestamp": "2025-07-30T11:24:00",
    "type": "call_summary",
    "uniqueid": "1753861839.844256"
}

{
    "call_type": "",
    "caller_id_name": "263-SUP10",
    "caller_id_num": "263",
    "channel": "SIP/263-0000cfb7",
    "connected_line_name": "<unknown>",
    "connected_line_num": "<unknown>",
    "direction": "",
    "end_time": "",
    "extension_number": "263",
    "has_ringing": false,
    "linkedid": "1753862298.844898",
    "other_extension_number": "",
    "start_time": "2025-07-30T11:27:25",
    "status": "initiated",
    "timestamp": "2025-07-30T11:27:25",
    "type": "call_started",
    "uniqueid": "1753862298.844898"
}

{
    "channel": "SIP/263-0000cfb7",
    "privilege": "call,all",
    "timestamp": "2025-07-30T11:27:35",
    "type": "call_answered",
    "uniqueid": "1753862298.844898"
}

{
    "call_type": "external",
    "caller_id_name": "<unknown>",
    "caller_id_num": "36944000",
    "cause": "16",
    "cause_description": "",
    "cause_txt": "",
    "channel": "SIP/263-0000cfb7",
    "connected_line_name": "CID:36944000",
    "connected_line_num": "09165989970",
    "direction": "out",
    "end_time": "2025-07-30T11:29:32",
    "extension_number": "263",
    "has_ringing": false,
    "linkedid": "1753862298.844898",
    "other_extension_number": "09165989970",
    "raw_event": {
        "AccountCode": "",
        "CallerIDName": "<unknown>",
        "CallerIDNum": "36944000",
        "Cause": "16",
        "Cause-txt": "Normal Clearing",
        "Channel": "SIP/263-0000cfb7",
        "ChannelState": "6",
        "ChannelStateDesc": "Up",
        "ConnectedLineName": "CID:36944000",
        "ConnectedLineNum": "09165989970",
        "Context": "from-internal",
        "Event": "Hangup",
        "Exten": "h",
        "Language": "pr2",
        "Linkedid": "1753862298.844898",
        "Priority": "1",
        "Privilege": "call,all",
        "Uniqueid": "1753862298.844898"
    },
    "start_time": "2025-07-30T11:27:35",
    "status": "answered",
    "timestamp": "2025-07-30T11:29:32",
    "type": "call_ended",
    "uniqueid": "1753862298.844898"
}

{
    "call_duration": 116,
    "call_type": "external",
    "caller_id_name": "<unknown>",
    "caller_id_num": "36944000",
    "cause": "16",
    "cause_description": "",
    "cause_txt": "",
    "channel": "SIP/263-0000cfb7",
    "connected_line_name": "CID:36944000",
    "connected_line_num": "09165989970",
    "direction": "out",
    "end_time": "2025-07-30T11:29:32",
    "extension_number": "263",
    "has_ringing": false,
    "linkedid": "1753862298.844898",
    "other_extension_number": "09165989970",
    "raw_event": {
        "AccountCode": "",
        "CallerIDName": "<unknown>",
        "CallerIDNum": "36944000",
        "Cause": "16",
        "Cause-txt": "Normal Clearing",
        "Channel": "SIP/263-0000cfb7",
        "ChannelState": "6",
        "ChannelStateDesc": "Up",
        "ConnectedLineName": "CID:36944000",
        "ConnectedLineNum": "09165989970",
        "Context": "from-internal",
        "Event": "Hangup",
        "Exten": "h",
        "Language": "pr2",
        "Linkedid": "1753862298.844898",
        "Priority": "1",
        "Privilege": "call,all",
        "Uniqueid": "1753862298.844898"
    },
    "start_time": "2025-07-30T11:27:35",
    "status": "answered",
    "timestamp": "2025-07-30T11:29:32",
    "type": "call_summary",
    "uniqueid": "1753862298.844898"
}

{
    "call_type": "",
    "caller_id_name": "263-SUP10",
    "caller_id_num": "263",
    "channel": "SIP/263-0000cff3",
    "connected_line_name": "<unknown>",
    "connected_line_num": "<unknown>",
    "direction": "",
    "end_time": "",
    "extension_number": "263",
    "has_ringing": false,
    "linkedid": "1753862632.845553",
    "other_extension_number": "",
    "start_time": "2025-07-30T11:32:59",
    "status": "initiated",
    "timestamp": "2025-07-30T11:32:59",
    "type": "call_started",
    "uniqueid": "1753862632.845553"
}

{
    "channel": "SIP/263-0000cff3",
    "privilege": "call,all",
    "timestamp": "2025-07-30T11:33:08",
    "type": "call_answered",
    "uniqueid": "1753862632.845553"
}

{
    "call_type": "",
    "caller_id_name": "263-SUP10",
    "caller_id_num": "263",
    "channel": "SIP/263-0000d012",
    "connected_line_name": "<unknown>",
    "connected_line_num": "<unknown>",
    "direction": "",
    "end_time": "",
    "extension_number": "263",
    "has_ringing": false,
    "linkedid": "1753862746.845853",
    "other_extension_number": "",
    "start_time": "2025-07-30T11:34:53",
    "status": "initiated",
    "timestamp": "2025-07-30T11:34:53",
    "type": "call_started",
    "uniqueid": "1753862746.845853"
}

{
    "channel": "SIP/263-0000d012",
    "privilege": "call,all",
    "timestamp": "2025-07-30T11:34:56",
    "type": "call_answered",
    "uniqueid": "1753862746.845853"
}

{
    "call_type": "internal",
    "caller_id_name": "263-SUP10",
    "caller_id_num": "263",
    "cause": "16",
    "cause_description": "",
    "cause_txt": "",
    "channel": "SIP/263-0000d012",
    "connected_line_name": "270-SUP13",
    "connected_line_num": "270",
    "direction": "out",
    "end_time": "2025-07-30T11:35:13",
    "extension_number": "263",
    "has_ringing": false,
    "linkedid": "1753862746.845853",
    "other_extension_number": "270",
    "raw_event": {
        "AccountCode": "",
        "CallerIDName": "263-SUP10",
        "CallerIDNum": "263",
        "Cause": "16",
        "Cause-txt": "Normal Clearing",
        "Channel": "SIP/263-0000d012",
        "ChannelState": "6",
        "ChannelStateDesc": "Up",
        "ConnectedLineName": "270-SUP13",
        "ConnectedLineNum": "270",
        "Context": "from-internal",
        "Event": "Hangup",
        "Exten": "h",
        "Language": "pr2",
        "Linkedid": "1753862746.845853",
        "Priority": "1",
        "Privilege": "call,all",
        "Uniqueid": "1753862746.845853"
    },
    "start_time": "2025-07-30T11:34:56",
    "status": "answered",
    "timestamp": "2025-07-30T11:35:13",
    "type": "call_ended",
    "uniqueid": "1753862746.845853"
}

{
    "call_duration": 16,
    "call_type": "internal",
    "caller_id_name": "263-SUP10",
    "caller_id_num": "263",
    "cause": "16",
    "cause_description": "",
    "cause_txt": "",
    "channel": "SIP/263-0000d012",
    "connected_line_name": "270-SUP13",
    "connected_line_num": "270",
    "direction": "out",
    "end_time": "2025-07-30T11:35:13",
    "extension_number": "263",
    "has_ringing": false,
    "linkedid": "1753862746.845853",
    "other_extension_number": "270",
    "raw_event": {
        "AccountCode": "",
        "CallerIDName": "263-SUP10",
        "CallerIDNum": "263",
        "Cause": "16",
        "Cause-txt": "Normal Clearing",
        "Channel": "SIP/263-0000d012",
        "ChannelState": "6",
        "ChannelStateDesc": "Up",
        "ConnectedLineName": "270-SUP13",
        "ConnectedLineNum": "270",
        "Context": "from-internal",
        "Event": "Hangup",
        "Exten": "h",
        "Language": "pr2",
        "Linkedid": "1753862746.845853",
        "Priority": "1",
        "Privilege": "call,all",
        "Uniqueid": "1753862746.845853"
    },
    "start_time": "2025-07-30T11:34:56",
    "status": "answered",
    "timestamp": "2025-07-30T11:35:13",
    "type": "call_summary",
    "uniqueid": "1753862746.845853"
}

{
    "call_type": "external",
    "caller_id_name": "<unknown>",
    "caller_id_num": "36944000",
    "cause": "16",
    "cause_description": "",
    "cause_txt": "",
    "channel": "SIP/263-0000cff3",
    "connected_line_name": "CID:36944000",
    "connected_line_num": "09117519478",
    "direction": "out",
    "end_time": "2025-07-30T11:35:17",
    "extension_number": "263",
    "has_ringing": false,
    "linkedid": "1753862632.845553",
    "other_extension_number": "09117519478",
    "raw_event": {
        "AccountCode": "",
        "CallerIDName": "<unknown>",
        "CallerIDNum": "36944000",
        "Cause": "16",
        "Cause-txt": "Normal Clearing",
        "Channel": "SIP/263-0000cff3",
        "ChannelState": "6",
        "ChannelStateDesc": "Up",
        "ConnectedLineName": "CID:36944000",
        "ConnectedLineNum": "09117519478",
        "Context": "from-internal",
        "Event": "Hangup",
        "Exten": "h",
        "Language": "pr2",
        "Linkedid": "1753862632.845553",
        "Priority": "1",
        "Privilege": "call,all",
        "Uniqueid": "1753862632.845553"
    },
    "start_time": "2025-07-30T11:33:08",
    "status": "answered",
    "timestamp": "2025-07-30T11:35:17",
    "type": "call_ended",
    "uniqueid": "1753862632.845553"
}

{
    "call_duration": 128,
    "call_type": "external",
    "caller_id_name": "<unknown>",
    "caller_id_num": "36944000",
    "cause": "16",
    "cause_description": "",
    "cause_txt": "",
    "channel": "SIP/263-0000cff3",
    "connected_line_name": "CID:36944000",
    "connected_line_num": "09117519478",
    "direction": "out",
    "end_time": "2025-07-30T11:35:17",
    "extension_number": "263",
    "has_ringing": false,
    "linkedid": "1753862632.845553",
    "other_extension_number": "09117519478",
    "raw_event": {
        "AccountCode": "",
        "CallerIDName": "<unknown>",
        "CallerIDNum": "36944000",
        "Cause": "16",
        "Cause-txt": "Normal Clearing",
        "Channel": "SIP/263-0000cff3",
        "ChannelState": "6",
        "ChannelStateDesc": "Up",
        "ConnectedLineName": "CID:36944000",
        "ConnectedLineNum": "09117519478",
        "Context": "from-internal",
        "Event": "Hangup",
        "Exten": "h",
        "Language": "pr2",
        "Linkedid": "1753862632.845553",
        "Priority": "1",
        "Privilege": "call,all",
        "Uniqueid": "1753862632.845553"
    },
    "start_time": "2025-07-30T11:33:08",
    "status": "answered",
    "timestamp": "2025-07-30T11:35:17",
    "type": "call_summary",
    "uniqueid": "1753862632.845553"
}

{
    "extension": "263",
    "privilege": "call,all",
    "timestamp": "2025-07-30T11:38:07",
    "type": "monitor_initialized"
}

