{
    "extension": "416",
    "privilege": "call,all",
    "timestamp": "2025-06-23T00:01:47",
    "type": "monitor_initialized"
}

{
    "call_type": "",
    "caller_id_name": "416-RD-SW5",
    "caller_id_num": "416",
    "channel": "SIP/416-00009cac",
    "connected_line_name": "<unknown>",
    "connected_line_num": "<unknown>",
    "direction": "",
    "end_time": "",
    "extension_number": "416",
    "has_ringing": false,
    "linkedid": "1750624373.745414",
    "other_extension_number": "",
    "start_time": "2025-06-23T00:02:00",
    "status": "initiated",
    "timestamp": "2025-06-23T00:02:00",
    "type": "call_started",
    "uniqueid": "1750624373.745414"
}

{
    "channel": "SIP/416-00009cac",
    "privilege": "call,all",
    "timestamp": "2025-06-23T00:02:16",
    "type": "call_answered",
    "uniqueid": "1750624373.745414"
}

{
    "call_type": "external",
    "caller_id_name": "416-RD-SW5",
    "caller_id_num": "416",
    "cause": "16",
    "cause_description": "",
    "cause_txt": "",
    "channel": "SIP/416-00009cac",
    "connected_line_name": "<unknown>",
    "connected_line_num": "<unknown>",
    "direction": "out",
    "end_time": "2025-06-23T00:02:22",
    "extension_number": "416",
    "has_ringing": false,
    "linkedid": "1750624373.745414",
    "other_extension_number": "09136421196",
    "raw_event": {
        "AccountCode": "",
        "CallerIDName": "<unknown>",
        "CallerIDNum": "36944000",
        "Cause": "16",
        "Cause-txt": "Normal Clearing",
        "Channel": "SIP/416-00009cac",
        "ChannelState": "6",
        "ChannelStateDesc": "Up",
        "ConnectedLineName": "CID:36944000",
        "ConnectedLineNum": "09136421196",
        "Context": "from-internal",
        "Event": "Hangup",
        "Exten": "h",
        "Language": "pr2",
        "Linkedid": "1750624373.745414",
        "Priority": "1",
        "Privilege": "call,all",
        "Uniqueid": "1750624373.745414"
    },
    "start_time": "2025-06-23T00:02:16",
    "status": "answered",
    "timestamp": "2025-06-23T00:02:22",
    "type": "call_ended",
    "uniqueid": "1750624373.745414"
}

{
    "call_duration": 6,
    "call_type": "external",
    "caller_id_name": "416-RD-SW5",
    "caller_id_num": "416",
    "cause": "16",
    "cause_description": "",
    "cause_txt": "",
    "channel": "SIP/416-00009cac",
    "connected_line_name": "<unknown>",
    "connected_line_num": "<unknown>",
    "direction": "out",
    "end_time": "2025-06-23T00:02:22",
    "extension_number": "416",
    "has_ringing": false,
    "linkedid": "1750624373.745414",
    "other_extension_number": "09136421196",
    "raw_event": {
        "AccountCode": "",
        "CallerIDName": "<unknown>",
        "CallerIDNum": "36944000",
        "Cause": "16",
        "Cause-txt": "Normal Clearing",
        "Channel": "SIP/416-00009cac",
        "ChannelState": "6",
        "ChannelStateDesc": "Up",
        "ConnectedLineName": "CID:36944000",
        "ConnectedLineNum": "09136421196",
        "Context": "from-internal",
        "Event": "Hangup",
        "Exten": "h",
        "Language": "pr2",
        "Linkedid": "1750624373.745414",
        "Priority": "1",
        "Privilege": "call,all",
        "Uniqueid": "1750624373.745414"
    },
    "start_time": "2025-06-23T00:02:16",
    "status": "answered",
    "timestamp": "2025-06-23T00:02:22",
    "type": "call_summary",
    "uniqueid": "1750624373.745414"
}

{
    "call_type": "",
    "caller_id_name": "416-RD-SW5",
    "caller_id_num": "416",
    "channel": "SIP/416-00009caf",
    "connected_line_name": "<unknown>",
    "connected_line_num": "<unknown>",
    "direction": "",
    "end_time": "",
    "extension_number": "416",
    "has_ringing": false,
    "linkedid": "1750624494.745455",
    "other_extension_number": "",
    "start_time": "2025-06-23T00:04:07",
    "status": "initiated",
    "timestamp": "2025-06-23T00:04:07",
    "type": "call_started",
    "uniqueid": "1750624500.745459"
}

{
    "channel": "SIP/416-00009caf",
    "privilege": "call,all",
    "timestamp": "2025-06-23T00:04:07",
    "type": "call_ringing",
    "uniqueid": "1750624500.745459"
}

{
    "call_type": "external",
    "caller_id_name": "416-RD-SW5",
    "caller_id_num": "416",
    "cause": "17",
    "cause_description": "",
    "cause_txt": "",
    "channel": "SIP/416-00009caf",
    "connected_line_name": "<unknown>",
    "connected_line_num": "<unknown>",
    "direction": "in",
    "end_time": "2025-06-23T00:04:14",
    "extension_number": "416",
    "has_ringing": true,
    "linkedid": "1750624494.745455",
    "other_extension_number": "9136421196",
    "raw_event": {
        "AccountCode": "",
        "CallerIDName": "416-RD-SW5",
        "CallerIDNum": "416",
        "Cause": "17",
        "Cause-txt": "User busy",
        "Channel": "SIP/416-00009caf",
        "ChannelState": "5",
        "ChannelStateDesc": "Ringing",
        "ConnectedLineName": "9136421196",
        "ConnectedLineNum": "9136421196",
        "Context": "from-internal",
        "Event": "Hangup",
        "Exten": "416",
        "Language": "pr2",
        "Linkedid": "1750624494.745455",
        "Priority": "1",
        "Privilege": "call,all",
        "Uniqueid": "1750624500.745459"
    },
    "start_time": "2025-06-23T00:04:07",
    "status": "ringing",
    "timestamp": "2025-06-23T00:04:14",
    "type": "call_ended",
    "uniqueid": "1750624500.745459"
}

{
    "call_duration": 7,
    "call_type": "external",
    "caller_id_name": "416-RD-SW5",
    "caller_id_num": "416",
    "cause": "17",
    "cause_description": "",
    "cause_txt": "",
    "channel": "SIP/416-00009caf",
    "connected_line_name": "<unknown>",
    "connected_line_num": "<unknown>",
    "direction": "in",
    "end_time": "2025-06-23T00:04:14",
    "extension_number": "416",
    "has_ringing": true,
    "linkedid": "1750624494.745455",
    "other_extension_number": "9136421196",
    "raw_event": {
        "AccountCode": "",
        "CallerIDName": "416-RD-SW5",
        "CallerIDNum": "416",
        "Cause": "17",
        "Cause-txt": "User busy",
        "Channel": "SIP/416-00009caf",
        "ChannelState": "5",
        "ChannelStateDesc": "Ringing",
        "ConnectedLineName": "9136421196",
        "ConnectedLineNum": "9136421196",
        "Context": "from-internal",
        "Event": "Hangup",
        "Exten": "416",
        "Language": "pr2",
        "Linkedid": "1750624494.745455",
        "Priority": "1",
        "Privilege": "call,all",
        "Uniqueid": "1750624500.745459"
    },
    "start_time": "2025-06-23T00:04:07",
    "status": "ringing",
    "timestamp": "2025-06-23T00:04:14",
    "type": "call_summary",
    "uniqueid": "1750624500.745459"
}

{
    "call_type": "",
    "caller_id_name": "416-RD-SW5",
    "caller_id_num": "416",
    "channel": "SIP/416-00009cb1",
    "connected_line_name": "<unknown>",
    "connected_line_num": "<unknown>",
    "direction": "",
    "end_time": "",
    "extension_number": "416",
    "has_ringing": false,
    "linkedid": "1750624526.745482",
    "other_extension_number": "",
    "start_time": "2025-06-23T00:04:37",
    "status": "initiated",
    "timestamp": "2025-06-23T00:04:37",
    "type": "call_started",
    "uniqueid": "1750624531.745486"
}

{
    "channel": "SIP/416-00009cb1",
    "privilege": "call,all",
    "timestamp": "2025-06-23T00:04:37",
    "type": "call_ringing",
    "uniqueid": "1750624531.745486"
}

{
    "channel": "SIP/416-00009cb1",
    "privilege": "call,all",
    "timestamp": "2025-06-23T00:04:40",
    "type": "call_answered",
    "uniqueid": "1750624531.745486"
}

{
    "call_type": "external",
    "caller_id_name": "416-RD-SW5",
    "caller_id_num": "416",
    "cause": "16",
    "cause_description": "",
    "cause_txt": "",
    "channel": "SIP/416-00009cb1",
    "connected_line_name": "<unknown>",
    "connected_line_num": "<unknown>",
    "direction": "in",
    "end_time": "2025-06-23T00:04:46",
    "extension_number": "416",
    "has_ringing": true,
    "linkedid": "1750624526.745482",
    "other_extension_number": "9136421196",
    "raw_event": {
        "AccountCode": "",
        "CallerIDName": "416-RD-SW5",
        "CallerIDNum": "416",
        "Cause": "16",
        "Cause-txt": "Normal Clearing",
        "Channel": "SIP/416-00009cb1",
        "ChannelState": "6",
        "ChannelStateDesc": "Up",
        "ConnectedLineName": "9136421196",
        "ConnectedLineNum": "9136421196",
        "Context": "from-internal",
        "Event": "Hangup",
        "Exten": "",
        "Language": "pr2",
        "Linkedid": "1750624526.745482",
        "Priority": "1",
        "Privilege": "call,all",
        "Uniqueid": "1750624531.745486"
    },
    "start_time": "2025-06-23T00:04:40",
    "status": "answered",
    "timestamp": "2025-06-23T00:04:46",
    "type": "call_ended",
    "uniqueid": "1750624531.745486"
}

{
    "call_duration": 5,
    "call_type": "external",
    "caller_id_name": "416-RD-SW5",
    "caller_id_num": "416",
    "cause": "16",
    "cause_description": "",
    "cause_txt": "",
    "channel": "SIP/416-00009cb1",
    "connected_line_name": "<unknown>",
    "connected_line_num": "<unknown>",
    "direction": "in",
    "end_time": "2025-06-23T00:04:46",
    "extension_number": "416",
    "has_ringing": true,
    "linkedid": "1750624526.745482",
    "other_extension_number": "9136421196",
    "raw_event": {
        "AccountCode": "",
        "CallerIDName": "416-RD-SW5",
        "CallerIDNum": "416",
        "Cause": "16",
        "Cause-txt": "Normal Clearing",
        "Channel": "SIP/416-00009cb1",
        "ChannelState": "6",
        "ChannelStateDesc": "Up",
        "ConnectedLineName": "9136421196",
        "ConnectedLineNum": "9136421196",
        "Context": "from-internal",
        "Event": "Hangup",
        "Exten": "",
        "Language": "pr2",
        "Linkedid": "1750624526.745482",
        "Priority": "1",
        "Privilege": "call,all",
        "Uniqueid": "1750624531.745486"
    },
    "start_time": "2025-06-23T00:04:40",
    "status": "answered",
    "timestamp": "2025-06-23T00:04:46",
    "type": "call_summary",
    "uniqueid": "1750624531.745486"
}

{
    "call_type": "",
    "caller_id_name": "416-RD-SW5",
    "caller_id_num": "416",
    "channel": "SIP/416-0000a0fe",
    "connected_line_name": "<unknown>",
    "connected_line_num": "<unknown>",
    "direction": "",
    "end_time": "",
    "extension_number": "416",
    "has_ringing": false,
    "linkedid": "1750662230.763026",
    "other_extension_number": "",
    "start_time": "2025-06-23T10:32:57",
    "status": "initiated",
    "timestamp": "2025-06-23T10:32:57",
    "type": "call_started",
    "uniqueid": "1750662230.763029"
}

{
    "channel": "SIP/416-0000a0fe",
    "privilege": "call,all",
    "timestamp": "2025-06-23T10:32:57",
    "type": "call_ringing",
    "uniqueid": "1750662230.763029"
}

{
    "call_type": "internal",
    "caller_id_name": "416-RD-SW5",
    "caller_id_num": "416",
    "cause": "16",
    "cause_description": "",
    "cause_txt": "",
    "channel": "SIP/416-0000a0fe",
    "connected_line_name": "<unknown>",
    "connected_line_num": "<unknown>",
    "direction": "in",
    "end_time": "2025-06-23T10:33:16",
    "extension_number": "416",
    "has_ringing": true,
    "linkedid": "1750662230.763026",
    "other_extension_number": "410",
    "raw_event": {
        "AccountCode": "",
        "CallerIDName": "416-RD-SW5",
        "CallerIDNum": "416",
        "Cause": "16",
        "Cause-txt": "Normal Clearing",
        "Channel": "SIP/416-0000a0fe",
        "ChannelState": "5",
        "ChannelStateDesc": "Ringing",
        "ConnectedLineName": "410-RD-SW",
        "ConnectedLineNum": "410",
        "Context": "from-internal",
        "Event": "Hangup",
        "Exten": "416",
        "Language": "pr2",
        "Linkedid": "1750662230.763026",
        "Priority": "1",
        "Privilege": "call,all",
        "Uniqueid": "1750662230.763029"
    },
    "start_time": "2025-06-23T10:32:57",
    "status": "ringing",
    "timestamp": "2025-06-23T10:33:16",
    "type": "call_ended",
    "uniqueid": "1750662230.763029"
}

{
    "call_duration": 19,
    "call_type": "internal",
    "caller_id_name": "416-RD-SW5",
    "caller_id_num": "416",
    "cause": "16",
    "cause_description": "",
    "cause_txt": "",
    "channel": "SIP/416-0000a0fe",
    "connected_line_name": "<unknown>",
    "connected_line_num": "<unknown>",
    "direction": "in",
    "end_time": "2025-06-23T10:33:16",
    "extension_number": "416",
    "has_ringing": true,
    "linkedid": "1750662230.763026",
    "other_extension_number": "410",
    "raw_event": {
        "AccountCode": "",
        "CallerIDName": "416-RD-SW5",
        "CallerIDNum": "416",
        "Cause": "16",
        "Cause-txt": "Normal Clearing",
        "Channel": "SIP/416-0000a0fe",
        "ChannelState": "5",
        "ChannelStateDesc": "Ringing",
        "ConnectedLineName": "410-RD-SW",
        "ConnectedLineNum": "410",
        "Context": "from-internal",
        "Event": "Hangup",
        "Exten": "416",
        "Language": "pr2",
        "Linkedid": "1750662230.763026",
        "Priority": "1",
        "Privilege": "call,all",
        "Uniqueid": "1750662230.763029"
    },
    "start_time": "2025-06-23T10:32:57",
    "status": "ringing",
    "timestamp": "2025-06-23T10:33:16",
    "type": "call_summary",
    "uniqueid": "1750662230.763029"
}

{
    "extension": "416",
    "privilege": "call,all",
    "timestamp": "2025-06-23T20:53:45",
    "type": "monitor_initialized"
}

{
    "call_type": "",
    "caller_id_name": "416-RD-SW5",
    "caller_id_num": "416",
    "channel": "SIP/416-0000aad5",
    "connected_line_name": "<unknown>",
    "connected_line_num": "<unknown>",
    "direction": "",
    "end_time": "",
    "extension_number": "416",
    "has_ringing": false,
    "linkedid": "1750699497.793969",
    "other_extension_number": "",
    "start_time": "2025-06-23T20:54:04",
    "status": "initiated",
    "timestamp": "2025-06-23T20:54:04",
    "type": "call_started",
    "uniqueid": "1750699497.793969"
}

{
    "channel": "SIP/416-0000aad5",
    "privilege": "call,all",
    "timestamp": "2025-06-23T20:54:09",
    "type": "call_answered",
    "uniqueid": "1750699497.793969"
}

{
    "call_type": "external",
    "caller_id_name": "416-RD-SW5",
    "caller_id_num": "416",
    "cause": "16",
    "cause_description": "",
    "cause_txt": "",
    "channel": "SIP/416-0000aad5",
    "connected_line_name": "<unknown>",
    "connected_line_num": "<unknown>",
    "direction": "out",
    "end_time": "2025-06-23T20:58:19",
    "extension_number": "416",
    "has_ringing": false,
    "linkedid": "1750699497.793969",
    "other_extension_number": "09136421196",
    "raw_event": {
        "AccountCode": "",
        "CallerIDName": "<unknown>",
        "CallerIDNum": "36944000",
        "Cause": "16",
        "Cause-txt": "Normal Clearing",
        "Channel": "SIP/416-0000aad5",
        "ChannelState": "6",
        "ChannelStateDesc": "Up",
        "ConnectedLineName": "CID:36944000",
        "ConnectedLineNum": "09136421196",
        "Context": "from-internal",
        "Event": "Hangup",
        "Exten": "h",
        "Language": "pr2",
        "Linkedid": "1750699497.793969",
        "Priority": "1",
        "Privilege": "call,all",
        "Uniqueid": "1750699497.793969"
    },
    "start_time": "2025-06-23T20:54:09",
    "status": "answered",
    "timestamp": "2025-06-23T20:58:19",
    "type": "call_ended",
    "uniqueid": "1750699497.793969"
}

{
    "call_duration": 249,
    "call_type": "external",
    "caller_id_name": "416-RD-SW5",
    "caller_id_num": "416",
    "cause": "16",
    "cause_description": "",
    "cause_txt": "",
    "channel": "SIP/416-0000aad5",
    "connected_line_name": "<unknown>",
    "connected_line_num": "<unknown>",
    "direction": "out",
    "end_time": "2025-06-23T20:58:19",
    "extension_number": "416",
    "has_ringing": false,
    "linkedid": "1750699497.793969",
    "other_extension_number": "09136421196",
    "raw_event": {
        "AccountCode": "",
        "CallerIDName": "<unknown>",
        "CallerIDNum": "36944000",
        "Cause": "16",
        "Cause-txt": "Normal Clearing",
        "Channel": "SIP/416-0000aad5",
        "ChannelState": "6",
        "ChannelStateDesc": "Up",
        "ConnectedLineName": "CID:36944000",
        "ConnectedLineNum": "09136421196",
        "Context": "from-internal",
        "Event": "Hangup",
        "Exten": "h",
        "Language": "pr2",
        "Linkedid": "1750699497.793969",
        "Priority": "1",
        "Privilege": "call,all",
        "Uniqueid": "1750699497.793969"
    },
    "start_time": "2025-06-23T20:54:09",
    "status": "answered",
    "timestamp": "2025-06-23T20:58:19",
    "type": "call_summary",
    "uniqueid": "1750699497.793969"
}

{
    "call_type": "",
    "caller_id_name": "416-RD-SW5",
    "caller_id_num": "416",
    "channel": "SIP/416-0000aad7",
    "connected_line_name": "<unknown>",
    "connected_line_num": "<unknown>",
    "direction": "",
    "end_time": "",
    "extension_number": "416",
    "has_ringing": false,
    "linkedid": "1750699824.794054",
    "other_extension_number": "",
    "start_time": "2025-06-23T20:59:31",
    "status": "initiated",
    "timestamp": "2025-06-23T20:59:31",
    "type": "call_started",
    "uniqueid": "1750699824.794054"
}

{
    "channel": "SIP/416-0000aad7",
    "privilege": "call,all",
    "timestamp": "2025-06-23T20:59:52",
    "type": "call_answered",
    "uniqueid": "1750699824.794054"
}

{
    "call_type": "external",
    "caller_id_name": "416-RD-SW5",
    "caller_id_num": "416",
    "cause": "16",
    "cause_description": "",
    "cause_txt": "",
    "channel": "SIP/416-0000aad7",
    "connected_line_name": "<unknown>",
    "connected_line_num": "<unknown>",
    "direction": "out",
    "end_time": "2025-06-23T21:00:42",
    "extension_number": "416",
    "has_ringing": false,
    "linkedid": "1750699824.794054",
    "other_extension_number": "09136421196",
    "raw_event": {
        "AccountCode": "",
        "CallerIDName": "<unknown>",
        "CallerIDNum": "36944000",
        "Cause": "16",
        "Cause-txt": "Normal Clearing",
        "Channel": "SIP/416-0000aad7",
        "ChannelState": "6",
        "ChannelStateDesc": "Up",
        "ConnectedLineName": "CID:36944000",
        "ConnectedLineNum": "09136421196",
        "Context": "from-internal",
        "Event": "Hangup",
        "Exten": "h",
        "Language": "pr2",
        "Linkedid": "1750699824.794054",
        "Priority": "1",
        "Privilege": "call,all",
        "Uniqueid": "1750699824.794054"
    },
    "start_time": "2025-06-23T20:59:52",
    "status": "answered",
    "timestamp": "2025-06-23T21:00:42",
    "type": "call_ended",
    "uniqueid": "1750699824.794054"
}

{
    "call_duration": 50,
    "call_type": "external",
    "caller_id_name": "416-RD-SW5",
    "caller_id_num": "416",
    "cause": "16",
    "cause_description": "",
    "cause_txt": "",
    "channel": "SIP/416-0000aad7",
    "connected_line_name": "<unknown>",
    "connected_line_num": "<unknown>",
    "direction": "out",
    "end_time": "2025-06-23T21:00:42",
    "extension_number": "416",
    "has_ringing": false,
    "linkedid": "1750699824.794054",
    "other_extension_number": "09136421196",
    "raw_event": {
        "AccountCode": "",
        "CallerIDName": "<unknown>",
        "CallerIDNum": "36944000",
        "Cause": "16",
        "Cause-txt": "Normal Clearing",
        "Channel": "SIP/416-0000aad7",
        "ChannelState": "6",
        "ChannelStateDesc": "Up",
        "ConnectedLineName": "CID:36944000",
        "ConnectedLineNum": "09136421196",
        "Context": "from-internal",
        "Event": "Hangup",
        "Exten": "h",
        "Language": "pr2",
        "Linkedid": "1750699824.794054",
        "Priority": "1",
        "Privilege": "call,all",
        "Uniqueid": "1750699824.794054"
    },
    "start_time": "2025-06-23T20:59:52",
    "status": "answered",
    "timestamp": "2025-06-23T21:00:42",
    "type": "call_summary",
    "uniqueid": "1750699824.794054"
}

{
    "call_type": "",
    "caller_id_name": "416-RD-SW5",
    "caller_id_num": "416",
    "channel": "SIP/416-0000aad9",
    "connected_line_name": "<unknown>",
    "connected_line_num": "<unknown>",
    "direction": "",
    "end_time": "",
    "extension_number": "416",
    "has_ringing": false,
    "linkedid": "1750700288.794161",
    "other_extension_number": "",
    "start_time": "2025-06-23T21:07:15",
    "status": "initiated",
    "timestamp": "2025-06-23T21:07:15",
    "type": "call_started",
    "uniqueid": "1750700288.794161"
}

{
    "channel": "SIP/416-0000aad9",
    "privilege": "call,all",
    "timestamp": "2025-06-23T21:07:24",
    "type": "call_answered",
    "uniqueid": "1750700288.794161"
}

{
    "call_type": "external",
    "caller_id_name": "416-RD-SW5",
    "caller_id_num": "416",
    "cause": "16",
    "cause_description": "",
    "cause_txt": "",
    "channel": "SIP/416-0000aad9",
    "connected_line_name": "<unknown>",
    "connected_line_num": "<unknown>",
    "direction": "out",
    "end_time": "2025-06-23T21:07:27",
    "extension_number": "416",
    "has_ringing": false,
    "linkedid": "1750700288.794161",
    "other_extension_number": "09136421196",
    "raw_event": {
        "AccountCode": "",
        "CallerIDName": "<unknown>",
        "CallerIDNum": "36944000",
        "Cause": "16",
        "Cause-txt": "Normal Clearing",
        "Channel": "SIP/416-0000aad9",
        "ChannelState": "6",
        "ChannelStateDesc": "Up",
        "ConnectedLineName": "CID:36944000",
        "ConnectedLineNum": "09136421196",
        "Context": "from-internal",
        "Event": "Hangup",
        "Exten": "h",
        "Language": "pr2",
        "Linkedid": "1750700288.794161",
        "Priority": "1",
        "Privilege": "call,all",
        "Uniqueid": "1750700288.794161"
    },
    "start_time": "2025-06-23T21:07:24",
    "status": "answered",
    "timestamp": "2025-06-23T21:07:27",
    "type": "call_ended",
    "uniqueid": "1750700288.794161"
}

{
    "call_duration": 3,
    "call_type": "external",
    "caller_id_name": "416-RD-SW5",
    "caller_id_num": "416",
    "cause": "16",
    "cause_description": "",
    "cause_txt": "",
    "channel": "SIP/416-0000aad9",
    "connected_line_name": "<unknown>",
    "connected_line_num": "<unknown>",
    "direction": "out",
    "end_time": "2025-06-23T21:07:27",
    "extension_number": "416",
    "has_ringing": false,
    "linkedid": "1750700288.794161",
    "other_extension_number": "09136421196",
    "raw_event": {
        "AccountCode": "",
        "CallerIDName": "<unknown>",
        "CallerIDNum": "36944000",
        "Cause": "16",
        "Cause-txt": "Normal Clearing",
        "Channel": "SIP/416-0000aad9",
        "ChannelState": "6",
        "ChannelStateDesc": "Up",
        "ConnectedLineName": "CID:36944000",
        "ConnectedLineNum": "09136421196",
        "Context": "from-internal",
        "Event": "Hangup",
        "Exten": "h",
        "Language": "pr2",
        "Linkedid": "1750700288.794161",
        "Priority": "1",
        "Privilege": "call,all",
        "Uniqueid": "1750700288.794161"
    },
    "start_time": "2025-06-23T21:07:24",
    "status": "answered",
    "timestamp": "2025-06-23T21:07:27",
    "type": "call_summary",
    "uniqueid": "1750700288.794161"
}

{
    "call_type": "",
    "caller_id_name": "416-RD-SW5",
    "caller_id_num": "416",
    "channel": "SIP/416-0000aadb",
    "connected_line_name": "<unknown>",
    "connected_line_num": "<unknown>",
    "direction": "",
    "end_time": "",
    "extension_number": "416",
    "has_ringing": false,
    "linkedid": "1750700633.794235",
    "other_extension_number": "",
    "start_time": "2025-06-23T21:13:00",
    "status": "initiated",
    "timestamp": "2025-06-23T21:13:00",
    "type": "call_started",
    "uniqueid": "1750700633.794235"
}

{
    "channel": "SIP/416-0000aadb",
    "privilege": "call,all",
    "timestamp": "2025-06-23T21:13:04",
    "type": "call_answered",
    "uniqueid": "1750700633.794235"
}

{
    "call_type": "external",
    "caller_id_name": "416-RD-SW5",
    "caller_id_num": "416",
    "cause": "16",
    "cause_description": "",
    "cause_txt": "",
    "channel": "SIP/416-0000aadb",
    "connected_line_name": "<unknown>",
    "connected_line_num": "<unknown>",
    "direction": "out",
    "end_time": "2025-06-23T21:13:07",
    "extension_number": "416",
    "has_ringing": false,
    "linkedid": "1750700633.794235",
    "other_extension_number": "09136421196",
    "raw_event": {
        "AccountCode": "",
        "CallerIDName": "<unknown>",
        "CallerIDNum": "36944000",
        "Cause": "16",
        "Cause-txt": "Normal Clearing",
        "Channel": "SIP/416-0000aadb",
        "ChannelState": "6",
        "ChannelStateDesc": "Up",
        "ConnectedLineName": "CID:36944000",
        "ConnectedLineNum": "09136421196",
        "Context": "from-internal",
        "Event": "Hangup",
        "Exten": "h",
        "Language": "pr2",
        "Linkedid": "1750700633.794235",
        "Priority": "1",
        "Privilege": "call,all",
        "Uniqueid": "1750700633.794235"
    },
    "start_time": "2025-06-23T21:13:04",
    "status": "answered",
    "timestamp": "2025-06-23T21:13:07",
    "type": "call_ended",
    "uniqueid": "1750700633.794235"
}

{
    "call_duration": 2,
    "call_type": "external",
    "caller_id_name": "416-RD-SW5",
    "caller_id_num": "416",
    "cause": "16",
    "cause_description": "",
    "cause_txt": "",
    "channel": "SIP/416-0000aadb",
    "connected_line_name": "<unknown>",
    "connected_line_num": "<unknown>",
    "direction": "out",
    "end_time": "2025-06-23T21:13:07",
    "extension_number": "416",
    "has_ringing": false,
    "linkedid": "1750700633.794235",
    "other_extension_number": "09136421196",
    "raw_event": {
        "AccountCode": "",
        "CallerIDName": "<unknown>",
        "CallerIDNum": "36944000",
        "Cause": "16",
        "Cause-txt": "Normal Clearing",
        "Channel": "SIP/416-0000aadb",
        "ChannelState": "6",
        "ChannelStateDesc": "Up",
        "ConnectedLineName": "CID:36944000",
        "ConnectedLineNum": "09136421196",
        "Context": "from-internal",
        "Event": "Hangup",
        "Exten": "h",
        "Language": "pr2",
        "Linkedid": "1750700633.794235",
        "Priority": "1",
        "Privilege": "call,all",
        "Uniqueid": "1750700633.794235"
    },
    "start_time": "2025-06-23T21:13:04",
    "status": "answered",
    "timestamp": "2025-06-23T21:13:07",
    "type": "call_summary",
    "uniqueid": "1750700633.794235"
}

{
    "call_type": "",
    "caller_id_name": "416-RD-SW5",
    "caller_id_num": "416",
    "channel": "SIP/416-0000aadd",
    "connected_line_name": "<unknown>",
    "connected_line_num": "<unknown>",
    "direction": "",
    "end_time": "",
    "extension_number": "416",
    "has_ringing": false,
    "linkedid": "1750701624.794441",
    "other_extension_number": "",
    "start_time": "2025-06-23T21:29:30",
    "status": "initiated",
    "timestamp": "2025-06-23T21:29:30",
    "type": "call_started",
    "uniqueid": "1750701624.794441"
}

{
    "channel": "SIP/416-0000aadd",
    "privilege": "call,all",
    "timestamp": "2025-06-23T21:29:43",
    "type": "call_answered",
    "uniqueid": "1750701624.794441"
}

{
    "call_type": "external",
    "caller_id_name": "416-RD-SW5",
    "caller_id_num": "416",
    "cause": "16",
    "cause_description": "",
    "cause_txt": "",
    "channel": "SIP/416-0000aadd",
    "connected_line_name": "<unknown>",
    "connected_line_num": "<unknown>",
    "direction": "out",
    "end_time": "2025-06-23T21:30:19",
    "extension_number": "416",
    "has_ringing": false,
    "linkedid": "1750701624.794441",
    "other_extension_number": "09136421196",
    "raw_event": {
        "AccountCode": "",
        "CallerIDName": "<unknown>",
        "CallerIDNum": "36944000",
        "Cause": "16",
        "Cause-txt": "Normal Clearing",
        "Channel": "SIP/416-0000aadd",
        "ChannelState": "6",
        "ChannelStateDesc": "Up",
        "ConnectedLineName": "CID:36944000",
        "ConnectedLineNum": "09136421196",
        "Context": "from-internal",
        "Event": "Hangup",
        "Exten": "h",
        "Language": "pr2",
        "Linkedid": "1750701624.794441",
        "Priority": "1",
        "Privilege": "call,all",
        "Uniqueid": "1750701624.794441"
    },
    "start_time": "2025-06-23T21:29:43",
    "status": "answered",
    "timestamp": "2025-06-23T21:30:19",
    "type": "call_ended",
    "uniqueid": "1750701624.794441"
}

{
    "call_duration": 36,
    "call_type": "external",
    "caller_id_name": "416-RD-SW5",
    "caller_id_num": "416",
    "cause": "16",
    "cause_description": "",
    "cause_txt": "",
    "channel": "SIP/416-0000aadd",
    "connected_line_name": "<unknown>",
    "connected_line_num": "<unknown>",
    "direction": "out",
    "end_time": "2025-06-23T21:30:19",
    "extension_number": "416",
    "has_ringing": false,
    "linkedid": "1750701624.794441",
    "other_extension_number": "09136421196",
    "raw_event": {
        "AccountCode": "",
        "CallerIDName": "<unknown>",
        "CallerIDNum": "36944000",
        "Cause": "16",
        "Cause-txt": "Normal Clearing",
        "Channel": "SIP/416-0000aadd",
        "ChannelState": "6",
        "ChannelStateDesc": "Up",
        "ConnectedLineName": "CID:36944000",
        "ConnectedLineNum": "09136421196",
        "Context": "from-internal",
        "Event": "Hangup",
        "Exten": "h",
        "Language": "pr2",
        "Linkedid": "1750701624.794441",
        "Priority": "1",
        "Privilege": "call,all",
        "Uniqueid": "1750701624.794441"
    },
    "start_time": "2025-06-23T21:29:43",
    "status": "answered",
    "timestamp": "2025-06-23T21:30:19",
    "type": "call_summary",
    "uniqueid": "1750701624.794441"
}

{
    "call_type": "",
    "caller_id_name": "416-RD-SW5",
    "caller_id_num": "416",
    "channel": "SIP/416-0000ae15",
    "connected_line_name": "<unknown>",
    "connected_line_num": "<unknown>",
    "direction": "",
    "end_time": "",
    "extension_number": "416",
    "has_ringing": false,
    "linkedid": "1750745886.810282",
    "other_extension_number": "",
    "start_time": "2025-06-24T09:47:13",
    "status": "initiated",
    "timestamp": "2025-06-24T09:47:13",
    "type": "call_started",
    "uniqueid": "1750745886.810285"
}

{
    "channel": "SIP/416-0000ae15",
    "privilege": "call,all",
    "timestamp": "2025-06-24T09:47:13",
    "type": "call_ringing",
    "uniqueid": "1750745886.810285"
}

{
    "call_type": "internal",
    "caller_id_name": "416-RD-SW5",
    "caller_id_num": "416",
    "cause": "16",
    "cause_description": "",
    "cause_txt": "",
    "channel": "SIP/416-0000ae15",
    "connected_line_name": "<unknown>",
    "connected_line_num": "<unknown>",
    "direction": "in",
    "end_time": "2025-06-24T09:47:46",
    "extension_number": "416",
    "has_ringing": true,
    "linkedid": "1750745886.810282",
    "other_extension_number": "414",
    "raw_event": {
        "AccountCode": "",
        "CallerIDName": "416-RD-SW5",
        "CallerIDNum": "416",
        "Cause": "16",
        "Cause-txt": "Normal Clearing",
        "Channel": "SIP/416-0000ae15",
        "ChannelState": "5",
        "ChannelStateDesc": "Ringing",
        "ConnectedLineName": "414-RD-SW3",
        "ConnectedLineNum": "414",
        "Context": "from-internal",
        "Event": "Hangup",
        "Exten": "416",
        "Language": "pr2",
        "Linkedid": "1750745886.810282",
        "Priority": "1",
        "Privilege": "call,all",
        "Uniqueid": "1750745886.810285"
    },
    "start_time": "2025-06-24T09:47:13",
    "status": "ringing",
    "timestamp": "2025-06-24T09:47:46",
    "type": "call_ended",
    "uniqueid": "1750745886.810285"
}

{
    "call_duration": 33,
    "call_type": "internal",
    "caller_id_name": "416-RD-SW5",
    "caller_id_num": "416",
    "cause": "16",
    "cause_description": "",
    "cause_txt": "",
    "channel": "SIP/416-0000ae15",
    "connected_line_name": "<unknown>",
    "connected_line_num": "<unknown>",
    "direction": "in",
    "end_time": "2025-06-24T09:47:46",
    "extension_number": "416",
    "has_ringing": true,
    "linkedid": "1750745886.810282",
    "other_extension_number": "414",
    "raw_event": {
        "AccountCode": "",
        "CallerIDName": "416-RD-SW5",
        "CallerIDNum": "416",
        "Cause": "16",
        "Cause-txt": "Normal Clearing",
        "Channel": "SIP/416-0000ae15",
        "ChannelState": "5",
        "ChannelStateDesc": "Ringing",
        "ConnectedLineName": "414-RD-SW3",
        "ConnectedLineNum": "414",
        "Context": "from-internal",
        "Event": "Hangup",
        "Exten": "416",
        "Language": "pr2",
        "Linkedid": "1750745886.810282",
        "Priority": "1",
        "Privilege": "call,all",
        "Uniqueid": "1750745886.810285"
    },
    "start_time": "2025-06-24T09:47:13",
    "status": "ringing",
    "timestamp": "2025-06-24T09:47:46",
    "type": "call_summary",
    "uniqueid": "1750745886.810285"
}

{
    "call_type": "",
    "caller_id_name": "416-RD-SW5",
    "caller_id_num": "416",
    "channel": "SIP/416-0000b119",
    "connected_line_name": "<unknown>",
    "connected_line_num": "<unknown>",
    "direction": "",
    "end_time": "",
    "extension_number": "416",
    "has_ringing": false,
    "linkedid": "1750752401.818767",
    "other_extension_number": "",
    "start_time": "2025-06-24T11:35:48",
    "status": "initiated",
    "timestamp": "2025-06-24T11:35:48",
    "type": "call_started",
    "uniqueid": "1750752401.818770"
}

{
    "channel": "SIP/416-0000b119",
    "privilege": "call,all",
    "timestamp": "2025-06-24T11:35:48",
    "type": "call_ringing",
    "uniqueid": "1750752401.818770"
}

{
    "call_type": "internal",
    "caller_id_name": "416-RD-SW5",
    "caller_id_num": "416",
    "cause": "16",
    "cause_description": "",
    "cause_txt": "",
    "channel": "SIP/416-0000b119",
    "connected_line_name": "<unknown>",
    "connected_line_num": "<unknown>",
    "direction": "in",
    "end_time": "2025-06-24T11:36:16",
    "extension_number": "416",
    "has_ringing": true,
    "linkedid": "1750752401.818767",
    "other_extension_number": "415",
    "raw_event": {
        "AccountCode": "",
        "CallerIDName": "416-RD-SW5",
        "CallerIDNum": "416",
        "Cause": "16",
        "Cause-txt": "Normal Clearing",
        "Channel": "SIP/416-0000b119",
        "ChannelState": "5",
        "ChannelStateDesc": "Ringing",
        "ConnectedLineName": "415-RD-SW4",
        "ConnectedLineNum": "415",
        "Context": "from-internal",
        "Event": "Hangup",
        "Exten": "416",
        "Language": "pr2",
        "Linkedid": "1750752401.818767",
        "Priority": "1",
        "Privilege": "call,all",
        "Uniqueid": "1750752401.818770"
    },
    "start_time": "2025-06-24T11:35:48",
    "status": "ringing",
    "timestamp": "2025-06-24T11:36:16",
    "type": "call_ended",
    "uniqueid": "1750752401.818770"
}

{
    "call_duration": 27,
    "call_type": "internal",
    "caller_id_name": "416-RD-SW5",
    "caller_id_num": "416",
    "cause": "16",
    "cause_description": "",
    "cause_txt": "",
    "channel": "SIP/416-0000b119",
    "connected_line_name": "<unknown>",
    "connected_line_num": "<unknown>",
    "direction": "in",
    "end_time": "2025-06-24T11:36:16",
    "extension_number": "416",
    "has_ringing": true,
    "linkedid": "1750752401.818767",
    "other_extension_number": "415",
    "raw_event": {
        "AccountCode": "",
        "CallerIDName": "416-RD-SW5",
        "CallerIDNum": "416",
        "Cause": "16",
        "Cause-txt": "Normal Clearing",
        "Channel": "SIP/416-0000b119",
        "ChannelState": "5",
        "ChannelStateDesc": "Ringing",
        "ConnectedLineName": "415-RD-SW4",
        "ConnectedLineNum": "415",
        "Context": "from-internal",
        "Event": "Hangup",
        "Exten": "416",
        "Language": "pr2",
        "Linkedid": "1750752401.818767",
        "Priority": "1",
        "Privilege": "call,all",
        "Uniqueid": "1750752401.818770"
    },
    "start_time": "2025-06-24T11:35:48",
    "status": "ringing",
    "timestamp": "2025-06-24T11:36:16",
    "type": "call_summary",
    "uniqueid": "1750752401.818770"
}

{
    "extension": "416",
    "privilege": "call,all",
    "timestamp": "2025-06-24T17:01:41",
    "type": "monitor_initialized"
}

{
    "call_type": "",
    "caller_id_name": "416-RD-SW5",
    "caller_id_num": "416",
    "channel": "SIP/416-000007cd",
    "connected_line_name": "<unknown>",
    "connected_line_num": "<unknown>",
    "direction": "",
    "end_time": "",
    "extension_number": "416",
    "has_ringing": false,
    "linkedid": "1750778220.23200",
    "other_extension_number": "",
    "start_time": "2025-06-24T18:46:06",
    "status": "initiated",
    "timestamp": "2025-06-24T18:46:06",
    "type": "call_started",
    "uniqueid": "1750778220.23200"
}

{
    "channel": "SIP/416-000007cd",
    "privilege": "call,all",
    "timestamp": "2025-06-24T18:46:13",
    "type": "call_answered",
    "uniqueid": "1750778220.23200"
}

{
    "call_type": "external",
    "caller_id_name": "416-RD-SW5",
    "caller_id_num": "416",
    "cause": "16",
    "cause_description": "",
    "cause_txt": "",
    "channel": "SIP/416-000007cd",
    "connected_line_name": "<unknown>",
    "connected_line_num": "<unknown>",
    "direction": "out",
    "end_time": "2025-06-24T18:46:51",
    "extension_number": "416",
    "has_ringing": false,
    "linkedid": "1750778220.23200",
    "other_extension_number": "09136421196",
    "raw_event": {
        "AccountCode": "",
        "CallerIDName": "<unknown>",
        "CallerIDNum": "36944000",
        "Cause": "16",
        "Cause-txt": "Normal Clearing",
        "Channel": "SIP/416-000007cd",
        "ChannelState": "6",
        "ChannelStateDesc": "Up",
        "ConnectedLineName": "CID:36944000",
        "ConnectedLineNum": "09136421196",
        "Context": "from-internal",
        "Event": "Hangup",
        "Exten": "h",
        "Language": "pr2",
        "Linkedid": "1750778220.23200",
        "Priority": "1",
        "Privilege": "call,all",
        "Uniqueid": "1750778220.23200"
    },
    "start_time": "2025-06-24T18:46:13",
    "status": "answered",
    "timestamp": "2025-06-24T18:46:51",
    "type": "call_ended",
    "uniqueid": "1750778220.23200"
}

{
    "call_duration": 38,
    "call_type": "external",
    "caller_id_name": "416-RD-SW5",
    "caller_id_num": "416",
    "cause": "16",
    "cause_description": "",
    "cause_txt": "",
    "channel": "SIP/416-000007cd",
    "connected_line_name": "<unknown>",
    "connected_line_num": "<unknown>",
    "direction": "out",
    "end_time": "2025-06-24T18:46:51",
    "extension_number": "416",
    "has_ringing": false,
    "linkedid": "1750778220.23200",
    "other_extension_number": "09136421196",
    "raw_event": {
        "AccountCode": "",
        "CallerIDName": "<unknown>",
        "CallerIDNum": "36944000",
        "Cause": "16",
        "Cause-txt": "Normal Clearing",
        "Channel": "SIP/416-000007cd",
        "ChannelState": "6",
        "ChannelStateDesc": "Up",
        "ConnectedLineName": "CID:36944000",
        "ConnectedLineNum": "09136421196",
        "Context": "from-internal",
        "Event": "Hangup",
        "Exten": "h",
        "Language": "pr2",
        "Linkedid": "1750778220.23200",
        "Priority": "1",
        "Privilege": "call,all",
        "Uniqueid": "1750778220.23200"
    },
    "start_time": "2025-06-24T18:46:13",
    "status": "answered",
    "timestamp": "2025-06-24T18:46:51",
    "type": "call_summary",
    "uniqueid": "1750778220.23200"
}

{
    "call_type": "",
    "caller_id_name": "416-RD-SW5",
    "caller_id_num": "416",
    "channel": "SIP/416-000007cf",
    "connected_line_name": "<unknown>",
    "connected_line_num": "<unknown>",
    "direction": "",
    "end_time": "",
    "extension_number": "416",
    "has_ringing": false,
    "linkedid": "1750778443.23259",
    "other_extension_number": "",
    "start_time": "2025-06-24T18:49:50",
    "status": "initiated",
    "timestamp": "2025-06-24T18:49:50",
    "type": "call_started",
    "uniqueid": "1750778443.23259"
}

{
    "channel": "SIP/416-000007cf",
    "privilege": "call,all",
    "timestamp": "2025-06-24T18:49:59",
    "type": "call_answered",
    "uniqueid": "1750778443.23259"
}

{
    "call_type": "external",
    "caller_id_name": "416-RD-SW5",
    "caller_id_num": "416",
    "cause": "16",
    "cause_description": "",
    "cause_txt": "",
    "channel": "SIP/416-000007cf",
    "connected_line_name": "<unknown>",
    "connected_line_num": "<unknown>",
    "direction": "out",
    "end_time": "2025-06-24T18:52:12",
    "extension_number": "416",
    "has_ringing": false,
    "linkedid": "1750778443.23259",
    "other_extension_number": "09136421196",
    "raw_event": {
        "AccountCode": "",
        "CallerIDName": "<unknown>",
        "CallerIDNum": "36944000",
        "Cause": "16",
        "Cause-txt": "Normal Clearing",
        "Channel": "SIP/416-000007cf",
        "ChannelState": "6",
        "ChannelStateDesc": "Up",
        "ConnectedLineName": "CID:36944000",
        "ConnectedLineNum": "09136421196",
        "Context": "from-internal",
        "Event": "Hangup",
        "Exten": "h",
        "Language": "pr2",
        "Linkedid": "1750778443.23259",
        "Priority": "1",
        "Privilege": "call,all",
        "Uniqueid": "1750778443.23259"
    },
    "start_time": "2025-06-24T18:49:59",
    "status": "answered",
    "timestamp": "2025-06-24T18:52:12",
    "type": "call_ended",
    "uniqueid": "1750778443.23259"
}

{
    "call_duration": 133,
    "call_type": "external",
    "caller_id_name": "416-RD-SW5",
    "caller_id_num": "416",
    "cause": "16",
    "cause_description": "",
    "cause_txt": "",
    "channel": "SIP/416-000007cf",
    "connected_line_name": "<unknown>",
    "connected_line_num": "<unknown>",
    "direction": "out",
    "end_time": "2025-06-24T18:52:12",
    "extension_number": "416",
    "has_ringing": false,
    "linkedid": "1750778443.23259",
    "other_extension_number": "09136421196",
    "raw_event": {
        "AccountCode": "",
        "CallerIDName": "<unknown>",
        "CallerIDNum": "36944000",
        "Cause": "16",
        "Cause-txt": "Normal Clearing",
        "Channel": "SIP/416-000007cf",
        "ChannelState": "6",
        "ChannelStateDesc": "Up",
        "ConnectedLineName": "CID:36944000",
        "ConnectedLineNum": "09136421196",
        "Context": "from-internal",
        "Event": "Hangup",
        "Exten": "h",
        "Language": "pr2",
        "Linkedid": "1750778443.23259",
        "Priority": "1",
        "Privilege": "call,all",
        "Uniqueid": "1750778443.23259"
    },
    "start_time": "2025-06-24T18:49:59",
    "status": "answered",
    "timestamp": "2025-06-24T18:52:12",
    "type": "call_summary",
    "uniqueid": "1750778443.23259"
}

{
    "call_type": "",
    "caller_id_name": "416-RD-SW5",
    "caller_id_num": "416",
    "channel": "SIP/416-000007d5",
    "connected_line_name": "<unknown>",
    "connected_line_num": "<unknown>",
    "direction": "",
    "end_time": "",
    "extension_number": "416",
    "has_ringing": false,
    "linkedid": "1750782703.24094",
    "other_extension_number": "",
    "start_time": "2025-06-24T20:00:49",
    "status": "initiated",
    "timestamp": "2025-06-24T20:00:49",
    "type": "call_started",
    "uniqueid": "1750782703.24094"
}

{
    "channel": "SIP/416-000007d5",
    "privilege": "call,all",
    "timestamp": "2025-06-24T20:00:55",
    "type": "call_answered",
    "uniqueid": "1750782703.24094"
}

{
    "call_type": "external",
    "caller_id_name": "416-RD-SW5",
    "caller_id_num": "416",
    "cause": "16",
    "cause_description": "",
    "cause_txt": "",
    "channel": "SIP/416-000007d5",
    "connected_line_name": "<unknown>",
    "connected_line_num": "<unknown>",
    "direction": "out",
    "end_time": "2025-06-24T20:19:48",
    "extension_number": "416",
    "has_ringing": false,
    "linkedid": "1750782703.24094",
    "other_extension_number": "09136421196",
    "raw_event": {
        "AccountCode": "",
        "CallerIDName": "<unknown>",
        "CallerIDNum": "36944000",
        "Cause": "16",
        "Cause-txt": "Normal Clearing",
        "Channel": "SIP/416-000007d5",
        "ChannelState": "6",
        "ChannelStateDesc": "Up",
        "ConnectedLineName": "CID:36944000",
        "ConnectedLineNum": "09136421196",
        "Context": "from-internal",
        "Event": "Hangup",
        "Exten": "h",
        "Language": "pr2",
        "Linkedid": "1750782703.24094",
        "Priority": "1",
        "Privilege": "call,all",
        "Uniqueid": "1750782703.24094"
    },
    "start_time": "2025-06-24T20:00:55",
    "status": "answered",
    "timestamp": "2025-06-24T20:19:48",
    "type": "call_ended",
    "uniqueid": "1750782703.24094"
}

{
    "call_duration": 1133,
    "call_type": "external",
    "caller_id_name": "416-RD-SW5",
    "caller_id_num": "416",
    "cause": "16",
    "cause_description": "",
    "cause_txt": "",
    "channel": "SIP/416-000007d5",
    "connected_line_name": "<unknown>",
    "connected_line_num": "<unknown>",
    "direction": "out",
    "end_time": "2025-06-24T20:19:48",
    "extension_number": "416",
    "has_ringing": false,
    "linkedid": "1750782703.24094",
    "other_extension_number": "09136421196",
    "raw_event": {
        "AccountCode": "",
        "CallerIDName": "<unknown>",
        "CallerIDNum": "36944000",
        "Cause": "16",
        "Cause-txt": "Normal Clearing",
        "Channel": "SIP/416-000007d5",
        "ChannelState": "6",
        "ChannelStateDesc": "Up",
        "ConnectedLineName": "CID:36944000",
        "ConnectedLineNum": "09136421196",
        "Context": "from-internal",
        "Event": "Hangup",
        "Exten": "h",
        "Language": "pr2",
        "Linkedid": "1750782703.24094",
        "Priority": "1",
        "Privilege": "call,all",
        "Uniqueid": "1750782703.24094"
    },
    "start_time": "2025-06-24T20:00:55",
    "status": "answered",
    "timestamp": "2025-06-24T20:19:48",
    "type": "call_summary",
    "uniqueid": "1750782703.24094"
}

{
    "call_type": "",
    "caller_id_name": "416-RD-SW5",
    "caller_id_num": "416",
    "channel": "SIP/416-000009b6",
    "connected_line_name": "<unknown>",
    "connected_line_num": "<unknown>",
    "direction": "",
    "end_time": "",
    "extension_number": "416",
    "has_ringing": false,
    "linkedid": "1750829887.37183",
    "other_extension_number": "",
    "start_time": "2025-06-25T09:07:14",
    "status": "initiated",
    "timestamp": "2025-06-25T09:07:14",
    "type": "call_started",
    "uniqueid": "1750829887.37186"
}

{
    "channel": "SIP/416-000009b6",
    "privilege": "call,all",
    "timestamp": "2025-06-25T09:07:14",
    "type": "call_ringing",
    "uniqueid": "1750829887.37186"
}

{
    "call_type": "internal",
    "caller_id_name": "416-RD-SW5",
    "caller_id_num": "416",
    "cause": "16",
    "cause_description": "",
    "cause_txt": "",
    "channel": "SIP/416-000009b6",
    "connected_line_name": "<unknown>",
    "connected_line_num": "<unknown>",
    "direction": "in",
    "end_time": "2025-06-25T09:07:31",
    "extension_number": "416",
    "has_ringing": true,
    "linkedid": "1750829887.37183",
    "other_extension_number": "415",
    "raw_event": {
        "AccountCode": "",
        "CallerIDName": "416-RD-SW5",
        "CallerIDNum": "416",
        "Cause": "16",
        "Cause-txt": "Normal Clearing",
        "Channel": "SIP/416-000009b6",
        "ChannelState": "5",
        "ChannelStateDesc": "Ringing",
        "ConnectedLineName": "415-RD-SW4",
        "ConnectedLineNum": "415",
        "Context": "from-internal",
        "Event": "Hangup",
        "Exten": "416",
        "Language": "pr2",
        "Linkedid": "1750829887.37183",
        "Priority": "1",
        "Privilege": "call,all",
        "Uniqueid": "1750829887.37186"
    },
    "start_time": "2025-06-25T09:07:14",
    "status": "ringing",
    "timestamp": "2025-06-25T09:07:31",
    "type": "call_ended",
    "uniqueid": "1750829887.37186"
}

{
    "call_duration": 17,
    "call_type": "internal",
    "caller_id_name": "416-RD-SW5",
    "caller_id_num": "416",
    "cause": "16",
    "cause_description": "",
    "cause_txt": "",
    "channel": "SIP/416-000009b6",
    "connected_line_name": "<unknown>",
    "connected_line_num": "<unknown>",
    "direction": "in",
    "end_time": "2025-06-25T09:07:31",
    "extension_number": "416",
    "has_ringing": true,
    "linkedid": "1750829887.37183",
    "other_extension_number": "415",
    "raw_event": {
        "AccountCode": "",
        "CallerIDName": "416-RD-SW5",
        "CallerIDNum": "416",
        "Cause": "16",
        "Cause-txt": "Normal Clearing",
        "Channel": "SIP/416-000009b6",
        "ChannelState": "5",
        "ChannelStateDesc": "Ringing",
        "ConnectedLineName": "415-RD-SW4",
        "ConnectedLineNum": "415",
        "Context": "from-internal",
        "Event": "Hangup",
        "Exten": "416",
        "Language": "pr2",
        "Linkedid": "1750829887.37183",
        "Priority": "1",
        "Privilege": "call,all",
        "Uniqueid": "1750829887.37186"
    },
    "start_time": "2025-06-25T09:07:14",
    "status": "ringing",
    "timestamp": "2025-06-25T09:07:31",
    "type": "call_summary",
    "uniqueid": "1750829887.37186"
}

{
    "call_type": "",
    "caller_id_name": "416-RD-SW5",
    "caller_id_num": "416",
    "channel": "SIP/416-00000a03",
    "connected_line_name": "<unknown>",
    "connected_line_num": "<unknown>",
    "direction": "",
    "end_time": "",
    "extension_number": "416",
    "has_ringing": false,
    "linkedid": "1750830557.38023",
    "other_extension_number": "",
    "start_time": "2025-06-25T09:18:24",
    "status": "initiated",
    "timestamp": "2025-06-25T09:18:24",
    "type": "call_started",
    "uniqueid": "1750830557.38026"
}

{
    "channel": "SIP/416-00000a03",
    "privilege": "call,all",
    "timestamp": "2025-06-25T09:18:24",
    "type": "call_ringing",
    "uniqueid": "1750830557.38026"
}

{
    "call_type": "internal",
    "caller_id_name": "416-RD-SW5",
    "caller_id_num": "416",
    "cause": "16",
    "cause_description": "",
    "cause_txt": "",
    "channel": "SIP/416-00000a03",
    "connected_line_name": "<unknown>",
    "connected_line_num": "<unknown>",
    "direction": "in",
    "end_time": "2025-06-25T09:19:07",
    "extension_number": "416",
    "has_ringing": true,
    "linkedid": "1750830557.38023",
    "other_extension_number": "414",
    "raw_event": {
        "AccountCode": "",
        "CallerIDName": "416-RD-SW5",
        "CallerIDNum": "416",
        "Cause": "16",
        "Cause-txt": "Normal Clearing",
        "Channel": "SIP/416-00000a03",
        "ChannelState": "5",
        "ChannelStateDesc": "Ringing",
        "ConnectedLineName": "414-RD-SW3",
        "ConnectedLineNum": "414",
        "Context": "from-internal",
        "Event": "Hangup",
        "Exten": "416",
        "Language": "pr2",
        "Linkedid": "1750830557.38023",
        "Priority": "1",
        "Privilege": "call,all",
        "Uniqueid": "1750830557.38026"
    },
    "start_time": "2025-06-25T09:18:24",
    "status": "ringing",
    "timestamp": "2025-06-25T09:19:07",
    "type": "call_ended",
    "uniqueid": "1750830557.38026"
}

{
    "call_duration": 43,
    "call_type": "internal",
    "caller_id_name": "416-RD-SW5",
    "caller_id_num": "416",
    "cause": "16",
    "cause_description": "",
    "cause_txt": "",
    "channel": "SIP/416-00000a03",
    "connected_line_name": "<unknown>",
    "connected_line_num": "<unknown>",
    "direction": "in",
    "end_time": "2025-06-25T09:19:07",
    "extension_number": "416",
    "has_ringing": true,
    "linkedid": "1750830557.38023",
    "other_extension_number": "414",
    "raw_event": {
        "AccountCode": "",
        "CallerIDName": "416-RD-SW5",
        "CallerIDNum": "416",
        "Cause": "16",
        "Cause-txt": "Normal Clearing",
        "Channel": "SIP/416-00000a03",
        "ChannelState": "5",
        "ChannelStateDesc": "Ringing",
        "ConnectedLineName": "414-RD-SW3",
        "ConnectedLineNum": "414",
        "Context": "from-internal",
        "Event": "Hangup",
        "Exten": "416",
        "Language": "pr2",
        "Linkedid": "1750830557.38023",
        "Priority": "1",
        "Privilege": "call,all",
        "Uniqueid": "1750830557.38026"
    },
    "start_time": "2025-06-25T09:18:24",
    "status": "ringing",
    "timestamp": "2025-06-25T09:19:07",
    "type": "call_summary",
    "uniqueid": "1750830557.38026"
}

{
    "call_type": "",
    "caller_id_name": "416-RD-SW5",
    "caller_id_num": "416",
    "channel": "SIP/416-00000b48",
    "connected_line_name": "<unknown>",
    "connected_line_num": "<unknown>",
    "direction": "",
    "end_time": "",
    "extension_number": "416",
    "has_ringing": false,
    "linkedid": "1750833245.41604",
    "other_extension_number": "",
    "start_time": "2025-06-25T10:03:13",
    "status": "initiated",
    "timestamp": "2025-06-25T10:03:13",
    "type": "call_started",
    "uniqueid": "1750833245.41607"
}

{
    "channel": "SIP/416-00000b48",
    "privilege": "call,all",
    "timestamp": "2025-06-25T10:03:13",
    "type": "call_ringing",
    "uniqueid": "1750833245.41607"
}

{
    "call_type": "internal",
    "caller_id_name": "416-RD-SW5",
    "caller_id_num": "416",
    "cause": "16",
    "cause_description": "",
    "cause_txt": "",
    "channel": "SIP/416-00000b48",
    "connected_line_name": "<unknown>",
    "connected_line_num": "<unknown>",
    "direction": "in",
    "end_time": "2025-06-25T10:04:12",
    "extension_number": "416",
    "has_ringing": true,
    "linkedid": "1750833245.41604",
    "other_extension_number": "415",
    "raw_event": {
        "AccountCode": "",
        "CallerIDName": "416-RD-SW5",
        "CallerIDNum": "416",
        "Cause": "16",
        "Cause-txt": "Normal Clearing",
        "Channel": "SIP/416-00000b48",
        "ChannelState": "5",
        "ChannelStateDesc": "Ringing",
        "ConnectedLineName": "415-RD-SW4",
        "ConnectedLineNum": "415",
        "Context": "from-internal",
        "Event": "Hangup",
        "Exten": "416",
        "Language": "pr2",
        "Linkedid": "1750833245.41604",
        "Priority": "1",
        "Privilege": "call,all",
        "Uniqueid": "1750833245.41607"
    },
    "start_time": "2025-06-25T10:03:13",
    "status": "ringing",
    "timestamp": "2025-06-25T10:04:12",
    "type": "call_ended",
    "uniqueid": "1750833245.41607"
}

{
    "call_duration": 58,
    "call_type": "internal",
    "caller_id_name": "416-RD-SW5",
    "caller_id_num": "416",
    "cause": "16",
    "cause_description": "",
    "cause_txt": "",
    "channel": "SIP/416-00000b48",
    "connected_line_name": "<unknown>",
    "connected_line_num": "<unknown>",
    "direction": "in",
    "end_time": "2025-06-25T10:04:12",
    "extension_number": "416",
    "has_ringing": true,
    "linkedid": "1750833245.41604",
    "other_extension_number": "415",
    "raw_event": {
        "AccountCode": "",
        "CallerIDName": "416-RD-SW5",
        "CallerIDNum": "416",
        "Cause": "16",
        "Cause-txt": "Normal Clearing",
        "Channel": "SIP/416-00000b48",
        "ChannelState": "5",
        "ChannelStateDesc": "Ringing",
        "ConnectedLineName": "415-RD-SW4",
        "ConnectedLineNum": "415",
        "Context": "from-internal",
        "Event": "Hangup",
        "Exten": "416",
        "Language": "pr2",
        "Linkedid": "1750833245.41604",
        "Priority": "1",
        "Privilege": "call,all",
        "Uniqueid": "1750833245.41607"
    },
    "start_time": "2025-06-25T10:03:13",
    "status": "ringing",
    "timestamp": "2025-06-25T10:04:12",
    "type": "call_summary",
    "uniqueid": "1750833245.41607"
}

{
    "extension": "416",
    "privilege": "call,all",
    "timestamp": "2025-06-25T13:23:16",
    "type": "monitor_initialized"
}

{
    "extension": "416",
    "privilege": "call,all",
    "timestamp": "2025-06-25T14:01:10",
    "type": "monitor_initialized"
}

{
    "call_type": "",
    "caller_id_name": "416-RD-SW5",
    "caller_id_num": "416",
    "channel": "SIP/416-00001199",
    "connected_line_name": "<unknown>",
    "connected_line_num": "<unknown>",
    "direction": "",
    "end_time": "",
    "extension_number": "416",
    "has_ringing": false,
    "linkedid": "1750847546.62343",
    "other_extension_number": "",
    "start_time": "2025-06-25T14:01:33",
    "status": "initiated",
    "timestamp": "2025-06-25T14:01:33",
    "type": "call_started",
    "uniqueid": "1750847546.62343"
}

{
    "channel": "SIP/416-00001199",
    "privilege": "call,all",
    "timestamp": "2025-06-25T14:01:38",
    "type": "call_answered",
    "uniqueid": "1750847546.62343"
}

{
    "call_type": "external",
    "caller_id_name": "416-RD-SW5",
    "caller_id_num": "416",
    "cause": "16",
    "cause_description": "",
    "cause_txt": "",
    "channel": "SIP/416-00001199",
    "connected_line_name": "<unknown>",
    "connected_line_num": "<unknown>",
    "direction": "out",
    "end_time": "2025-06-25T14:01:42",
    "extension_number": "416",
    "has_ringing": false,
    "linkedid": "1750847546.62343",
    "other_extension_number": "09136421196",
    "raw_event": {
        "AccountCode": "",
        "CallerIDName": "<unknown>",
        "CallerIDNum": "36944000",
        "Cause": "16",
        "Cause-txt": "Normal Clearing",
        "Channel": "SIP/416-00001199",
        "ChannelState": "6",
        "ChannelStateDesc": "Up",
        "ConnectedLineName": "CID:36944000",
        "ConnectedLineNum": "09136421196",
        "Context": "from-internal",
        "Event": "Hangup",
        "Exten": "h",
        "Language": "pr2",
        "Linkedid": "1750847546.62343",
        "Priority": "1",
        "Privilege": "call,all",
        "Uniqueid": "1750847546.62343"
    },
    "start_time": "2025-06-25T14:01:38",
    "status": "answered",
    "timestamp": "2025-06-25T14:01:42",
    "type": "call_ended",
    "uniqueid": "1750847546.62343"
}

{
    "call_duration": 3,
    "call_type": "external",
    "caller_id_name": "416-RD-SW5",
    "caller_id_num": "416",
    "cause": "16",
    "cause_description": "",
    "cause_txt": "",
    "channel": "SIP/416-00001199",
    "connected_line_name": "<unknown>",
    "connected_line_num": "<unknown>",
    "direction": "out",
    "end_time": "2025-06-25T14:01:42",
    "extension_number": "416",
    "has_ringing": false,
    "linkedid": "1750847546.62343",
    "other_extension_number": "09136421196",
    "raw_event": {
        "AccountCode": "",
        "CallerIDName": "<unknown>",
        "CallerIDNum": "36944000",
        "Cause": "16",
        "Cause-txt": "Normal Clearing",
        "Channel": "SIP/416-00001199",
        "ChannelState": "6",
        "ChannelStateDesc": "Up",
        "ConnectedLineName": "CID:36944000",
        "ConnectedLineNum": "09136421196",
        "Context": "from-internal",
        "Event": "Hangup",
        "Exten": "h",
        "Language": "pr2",
        "Linkedid": "1750847546.62343",
        "Priority": "1",
        "Privilege": "call,all",
        "Uniqueid": "1750847546.62343"
    },
    "start_time": "2025-06-25T14:01:38",
    "status": "answered",
    "timestamp": "2025-06-25T14:01:42",
    "type": "call_summary",
    "uniqueid": "1750847546.62343"
}

{
    "extension": "416",
    "privilege": "call,all",
    "timestamp": "2025-06-25T14:07:32",
    "type": "monitor_initialized"
}

{
    "call_type": "",
    "caller_id_name": "416-RD-SW5",
    "caller_id_num": "416",
    "channel": "SIP/416-000011d6",
    "connected_line_name": "<unknown>",
    "connected_line_num": "<unknown>",
    "direction": "",
    "end_time": "",
    "extension_number": "416",
    "has_ringing": false,
    "linkedid": "1750847989.63203",
    "other_extension_number": "",
    "start_time": "2025-06-25T14:08:55",
    "status": "initiated",
    "timestamp": "2025-06-25T14:08:55",
    "type": "call_started",
    "uniqueid": "1750847989.63203"
}

{
    "call_type": "external",
    "caller_id_name": "416-RD-SW5",
    "caller_id_num": "416",
    "cause": "17",
    "cause_description": "",
    "cause_txt": "",
    "channel": "SIP/416-000011d6",
    "connected_line_name": "<unknown>",
    "connected_line_num": "<unknown>",
    "direction": "out",
    "end_time": "2025-06-25T14:08:59",
    "extension_number": "416",
    "has_ringing": false,
    "linkedid": "1750847989.63203",
    "other_extension_number": "09136421196",
    "raw_event": {
        "AccountCode": "",
        "CallerIDName": "<unknown>",
        "CallerIDNum": "36944000",
        "Cause": "17",
        "Cause-txt": "User busy",
        "Channel": "SIP/416-000011d6",
        "ChannelState": "7",
        "ChannelStateDesc": "Busy",
        "ConnectedLineName": "CID:36944000",
        "ConnectedLineNum": "09136421196",
        "Context": "from-internal",
        "Event": "Hangup",
        "Exten": "h",
        "Language": "pr2",
        "Linkedid": "1750847989.63203",
        "Priority": "1",
        "Privilege": "call,all",
        "Uniqueid": "1750847989.63203"
    },
    "start_time": "2025-06-25T14:08:55",
    "status": "initiated",
    "timestamp": "2025-06-25T14:08:59",
    "type": "call_ended",
    "uniqueid": "1750847989.63203"
}

{
    "call_duration": 3,
    "call_type": "external",
    "caller_id_name": "416-RD-SW5",
    "caller_id_num": "416",
    "cause": "17",
    "cause_description": "",
    "cause_txt": "",
    "channel": "SIP/416-000011d6",
    "connected_line_name": "<unknown>",
    "connected_line_num": "<unknown>",
    "direction": "out",
    "end_time": "2025-06-25T14:08:59",
    "extension_number": "416",
    "has_ringing": false,
    "linkedid": "1750847989.63203",
    "other_extension_number": "09136421196",
    "raw_event": {
        "AccountCode": "",
        "CallerIDName": "<unknown>",
        "CallerIDNum": "36944000",
        "Cause": "17",
        "Cause-txt": "User busy",
        "Channel": "SIP/416-000011d6",
        "ChannelState": "7",
        "ChannelStateDesc": "Busy",
        "ConnectedLineName": "CID:36944000",
        "ConnectedLineNum": "09136421196",
        "Context": "from-internal",
        "Event": "Hangup",
        "Exten": "h",
        "Language": "pr2",
        "Linkedid": "1750847989.63203",
        "Priority": "1",
        "Privilege": "call,all",
        "Uniqueid": "1750847989.63203"
    },
    "start_time": "2025-06-25T14:08:55",
    "status": "initiated",
    "timestamp": "2025-06-25T14:08:59",
    "type": "call_summary",
    "uniqueid": "1750847989.63203"
}

{
    "extension": "416",
    "privilege": "call,all",
    "timestamp": "2025-06-25T15:05:15",
    "type": "monitor_initialized"
}

{
    "extension": "416",
    "privilege": "call,all",
    "timestamp": "2025-06-25T15:10:57",
    "type": "monitor_initialized"
}

{
    "extension": "416",
    "privilege": "call,all",
    "timestamp": "2025-06-25T15:20:47",
    "type": "monitor_initialized"
}

{
    "call_type": "",
    "caller_id_name": "416-RD-SW5",
    "caller_id_num": "416",
    "channel": "SIP/416-00001417",
    "connected_line_name": "<unknown>",
    "connected_line_num": "<unknown>",
    "direction": "",
    "end_time": "",
    "extension_number": "416",
    "has_ringing": false,
    "linkedid": "1750853912.70098",
    "other_extension_number": "",
    "start_time": "2025-06-25T15:47:39",
    "status": "initiated",
    "timestamp": "2025-06-25T15:47:39",
    "type": "call_started",
    "uniqueid": "1750853912.70101"
}

{
    "channel": "SIP/416-00001417",
    "privilege": "call,all",
    "timestamp": "2025-06-25T15:47:39",
    "type": "call_ringing",
    "uniqueid": "1750853912.70101"
}

{
    "channel": "SIP/416-00001417",
    "privilege": "call,all",
    "timestamp": "2025-06-25T15:47:51",
    "type": "call_answered",
    "uniqueid": "1750853912.70101"
}

{
    "call_type": "internal",
    "caller_id_name": "416-RD-SW5",
    "caller_id_num": "416",
    "cause": "16",
    "cause_description": "",
    "cause_txt": "",
    "channel": "SIP/416-00001417",
    "connected_line_name": "<unknown>",
    "connected_line_num": "<unknown>",
    "direction": "in",
    "end_time": "2025-06-25T15:48:40",
    "extension_number": "416",
    "has_ringing": true,
    "linkedid": "1750853912.70098",
    "other_extension_number": "415",
    "raw_event": {
        "AccountCode": "",
        "CallerIDName": "416-RD-SW5",
        "CallerIDNum": "416",
        "Cause": "16",
        "Cause-txt": "Normal Clearing",
        "Channel": "SIP/416-00001417",
        "ChannelState": "6",
        "ChannelStateDesc": "Up",
        "ConnectedLineName": "415-RD-SW4",
        "ConnectedLineNum": "415",
        "Context": "from-internal",
        "Event": "Hangup",
        "Exten": "",
        "Language": "pr2",
        "Linkedid": "1750853912.70098",
        "Priority": "1",
        "Privilege": "call,all",
        "Uniqueid": "1750853912.70101"
    },
    "start_time": "2025-06-25T15:47:51",
    "status": "answered",
    "timestamp": "2025-06-25T15:48:40",
    "type": "call_ended",
    "uniqueid": "1750853912.70101"
}

{
    "call_duration": 48,
    "call_type": "internal",
    "caller_id_name": "416-RD-SW5",
    "caller_id_num": "416",
    "cause": "16",
    "cause_description": "",
    "cause_txt": "",
    "channel": "SIP/416-00001417",
    "connected_line_name": "<unknown>",
    "connected_line_num": "<unknown>",
    "direction": "in",
    "end_time": "2025-06-25T15:48:40",
    "extension_number": "416",
    "has_ringing": true,
    "linkedid": "1750853912.70098",
    "other_extension_number": "415",
    "raw_event": {
        "AccountCode": "",
        "CallerIDName": "416-RD-SW5",
        "CallerIDNum": "416",
        "Cause": "16",
        "Cause-txt": "Normal Clearing",
        "Channel": "SIP/416-00001417",
        "ChannelState": "6",
        "ChannelStateDesc": "Up",
        "ConnectedLineName": "415-RD-SW4",
        "ConnectedLineNum": "415",
        "Context": "from-internal",
        "Event": "Hangup",
        "Exten": "",
        "Language": "pr2",
        "Linkedid": "1750853912.70098",
        "Priority": "1",
        "Privilege": "call,all",
        "Uniqueid": "1750853912.70101"
    },
    "start_time": "2025-06-25T15:47:51",
    "status": "answered",
    "timestamp": "2025-06-25T15:48:40",
    "type": "call_summary",
    "uniqueid": "1750853912.70101"
}

{
    "call_type": "",
    "caller_id_name": "416-RD-SW5",
    "caller_id_num": "416",
    "channel": "SIP/416-0000141e",
    "connected_line_name": "<unknown>",
    "connected_line_num": "<unknown>",
    "direction": "",
    "end_time": "",
    "extension_number": "416",
    "has_ringing": false,
    "linkedid": "1750853984.70166",
    "other_extension_number": "",
    "start_time": "2025-06-25T15:48:51",
    "status": "initiated",
    "timestamp": "2025-06-25T15:48:51",
    "type": "call_started",
    "uniqueid": "1750853984.70166"
}

{
    "call_type": "external",
    "caller_id_name": "416-RD-SW5",
    "caller_id_num": "416",
    "cause": "16",
    "cause_description": "",
    "cause_txt": "",
    "channel": "SIP/416-0000141e",
    "connected_line_name": "<unknown>",
    "connected_line_num": "<unknown>",
    "direction": "out",
    "end_time": "2025-06-25T15:48:52",
    "extension_number": "416",
    "has_ringing": false,
    "linkedid": "1750853984.70166",
    "other_extension_number": "09137307820",
    "raw_event": {
        "AccountCode": "",
        "CallerIDName": "<unknown>",
        "CallerIDNum": "36944000",
        "Cause": "16",
        "Cause-txt": "Normal Clearing",
        "Channel": "SIP/416-0000141e",
        "ChannelState": "4",
        "ChannelStateDesc": "Ring",
        "ConnectedLineName": "CID:36944000",
        "ConnectedLineNum": "09137307820",
        "Context": "from-internal",
        "Event": "Hangup",
        "Exten": "h",
        "Language": "pr2",
        "Linkedid": "1750853984.70166",
        "Priority": "1",
        "Privilege": "call,all",
        "Uniqueid": "1750853984.70166"
    },
    "start_time": "2025-06-25T15:48:51",
    "status": "initiated",
    "timestamp": "2025-06-25T15:48:52",
    "type": "call_ended",
    "uniqueid": "1750853984.70166"
}

{
    "call_duration": 1,
    "call_type": "external",
    "caller_id_name": "416-RD-SW5",
    "caller_id_num": "416",
    "cause": "16",
    "cause_description": "",
    "cause_txt": "",
    "channel": "SIP/416-0000141e",
    "connected_line_name": "<unknown>",
    "connected_line_num": "<unknown>",
    "direction": "out",
    "end_time": "2025-06-25T15:48:52",
    "extension_number": "416",
    "has_ringing": false,
    "linkedid": "1750853984.70166",
    "other_extension_number": "09137307820",
    "raw_event": {
        "AccountCode": "",
        "CallerIDName": "<unknown>",
        "CallerIDNum": "36944000",
        "Cause": "16",
        "Cause-txt": "Normal Clearing",
        "Channel": "SIP/416-0000141e",
        "ChannelState": "4",
        "ChannelStateDesc": "Ring",
        "ConnectedLineName": "CID:36944000",
        "ConnectedLineNum": "09137307820",
        "Context": "from-internal",
        "Event": "Hangup",
        "Exten": "h",
        "Language": "pr2",
        "Linkedid": "1750853984.70166",
        "Priority": "1",
        "Privilege": "call,all",
        "Uniqueid": "1750853984.70166"
    },
    "start_time": "2025-06-25T15:48:51",
    "status": "initiated",
    "timestamp": "2025-06-25T15:48:52",
    "type": "call_summary",
    "uniqueid": "1750853984.70166"
}

{
    "call_type": "",
    "caller_id_name": "416-RD-SW5",
    "caller_id_num": "416",
    "channel": "SIP/416-00001420",
    "connected_line_name": "<unknown>",
    "connected_line_num": "<unknown>",
    "direction": "",
    "end_time": "",
    "extension_number": "416",
    "has_ringing": false,
    "linkedid": "1750853992.70179",
    "other_extension_number": "",
    "start_time": "2025-06-25T15:48:58",
    "status": "initiated",
    "timestamp": "2025-06-25T15:48:58",
    "type": "call_started",
    "uniqueid": "1750853992.70179"
}

{
    "channel": "SIP/416-00001420",
    "privilege": "call,all",
    "timestamp": "2025-06-25T15:49:09",
    "type": "call_answered",
    "uniqueid": "1750853992.70179"
}

{
    "call_type": "external",
    "caller_id_name": "416-RD-SW5",
    "caller_id_num": "416",
    "cause": "16",
    "cause_description": "",
    "cause_txt": "",
    "channel": "SIP/416-00001420",
    "connected_line_name": "<unknown>",
    "connected_line_num": "<unknown>",
    "direction": "out",
    "end_time": "2025-06-25T15:50:20",
    "extension_number": "416",
    "has_ringing": false,
    "linkedid": "1750853992.70179",
    "other_extension_number": "09137307820",
    "raw_event": {
        "AccountCode": "",
        "CallerIDName": "<unknown>",
        "CallerIDNum": "36944000",
        "Cause": "16",
        "Cause-txt": "Normal Clearing",
        "Channel": "SIP/416-00001420",
        "ChannelState": "6",
        "ChannelStateDesc": "Up",
        "ConnectedLineName": "CID:36944000",
        "ConnectedLineNum": "09137307820",
        "Context": "from-internal",
        "Event": "Hangup",
        "Exten": "h",
        "Language": "pr2",
        "Linkedid": "1750853992.70179",
        "Priority": "1",
        "Privilege": "call,all",
        "Uniqueid": "1750853992.70179"
    },
    "start_time": "2025-06-25T15:49:09",
    "status": "answered",
    "timestamp": "2025-06-25T15:50:20",
    "type": "call_ended",
    "uniqueid": "1750853992.70179"
}

{
    "call_duration": 71,
    "call_type": "external",
    "caller_id_name": "416-RD-SW5",
    "caller_id_num": "416",
    "cause": "16",
    "cause_description": "",
    "cause_txt": "",
    "channel": "SIP/416-00001420",
    "connected_line_name": "<unknown>",
    "connected_line_num": "<unknown>",
    "direction": "out",
    "end_time": "2025-06-25T15:50:20",
    "extension_number": "416",
    "has_ringing": false,
    "linkedid": "1750853992.70179",
    "other_extension_number": "09137307820",
    "raw_event": {
        "AccountCode": "",
        "CallerIDName": "<unknown>",
        "CallerIDNum": "36944000",
        "Cause": "16",
        "Cause-txt": "Normal Clearing",
        "Channel": "SIP/416-00001420",
        "ChannelState": "6",
        "ChannelStateDesc": "Up",
        "ConnectedLineName": "CID:36944000",
        "ConnectedLineNum": "09137307820",
        "Context": "from-internal",
        "Event": "Hangup",
        "Exten": "h",
        "Language": "pr2",
        "Linkedid": "1750853992.70179",
        "Priority": "1",
        "Privilege": "call,all",
        "Uniqueid": "1750853992.70179"
    },
    "start_time": "2025-06-25T15:49:09",
    "status": "answered",
    "timestamp": "2025-06-25T15:50:20",
    "type": "call_summary",
    "uniqueid": "1750853992.70179"
}

{
    "call_type": "",
    "caller_id_name": "416-RD-SW5",
    "caller_id_num": "416",
    "channel": "SIP/416-000014a4",
    "connected_line_name": "<unknown>",
    "connected_line_num": "<unknown>",
    "direction": "",
    "end_time": "",
    "extension_number": "416",
    "has_ringing": false,
    "linkedid": "1750855595.71702",
    "other_extension_number": "",
    "start_time": "2025-06-25T16:15:44",
    "status": "initiated",
    "timestamp": "2025-06-25T16:15:44",
    "type": "call_started",
    "uniqueid": "1750855595.71705"
}

{
    "channel": "SIP/416-000014a4",
    "privilege": "call,all",
    "timestamp": "2025-06-25T16:15:44",
    "type": "call_ringing",
    "uniqueid": "1750855595.71705"
}

{
    "call_type": "internal",
    "caller_id_name": "416-RD-SW5",
    "caller_id_num": "416",
    "cause": "16",
    "cause_description": "",
    "cause_txt": "",
    "channel": "SIP/416-000014a4",
    "connected_line_name": "<unknown>",
    "connected_line_num": "<unknown>",
    "direction": "in",
    "end_time": "2025-06-25T16:16:05",
    "extension_number": "416",
    "has_ringing": true,
    "linkedid": "1750855595.71702",
    "other_extension_number": "414",
    "raw_event": {
        "AccountCode": "",
        "CallerIDName": "416-RD-SW5",
        "CallerIDNum": "416",
        "Cause": "16",
        "Cause-txt": "Normal Clearing",
        "Channel": "SIP/416-000014a4",
        "ChannelState": "5",
        "ChannelStateDesc": "Ringing",
        "ConnectedLineName": "414-RD-SW3",
        "ConnectedLineNum": "414",
        "Context": "from-internal",
        "Event": "Hangup",
        "Exten": "416",
        "Language": "pr2",
        "Linkedid": "1750855595.71702",
        "Priority": "1",
        "Privilege": "call,all",
        "Uniqueid": "1750855595.71705"
    },
    "start_time": "2025-06-25T16:15:44",
    "status": "ringing",
    "timestamp": "2025-06-25T16:16:05",
    "type": "call_ended",
    "uniqueid": "1750855595.71705"
}

{
    "call_duration": 20,
    "call_type": "internal",
    "caller_id_name": "416-RD-SW5",
    "caller_id_num": "416",
    "cause": "16",
    "cause_description": "",
    "cause_txt": "",
    "channel": "SIP/416-000014a4",
    "connected_line_name": "<unknown>",
    "connected_line_num": "<unknown>",
    "direction": "in",
    "end_time": "2025-06-25T16:16:05",
    "extension_number": "416",
    "has_ringing": true,
    "linkedid": "1750855595.71702",
    "other_extension_number": "414",
    "raw_event": {
        "AccountCode": "",
        "CallerIDName": "416-RD-SW5",
        "CallerIDNum": "416",
        "Cause": "16",
        "Cause-txt": "Normal Clearing",
        "Channel": "SIP/416-000014a4",
        "ChannelState": "5",
        "ChannelStateDesc": "Ringing",
        "ConnectedLineName": "414-RD-SW3",
        "ConnectedLineNum": "414",
        "Context": "from-internal",
        "Event": "Hangup",
        "Exten": "416",
        "Language": "pr2",
        "Linkedid": "1750855595.71702",
        "Priority": "1",
        "Privilege": "call,all",
        "Uniqueid": "1750855595.71705"
    },
    "start_time": "2025-06-25T16:15:44",
    "status": "ringing",
    "timestamp": "2025-06-25T16:16:05",
    "type": "call_summary",
    "uniqueid": "1750855595.71705"
}

{
    "call_type": "",
    "caller_id_name": "416-RD-SW5",
    "caller_id_num": "416",
    "channel": "SIP/416-00001668",
    "connected_line_name": "<unknown>",
    "connected_line_num": "<unknown>",
    "direction": "",
    "end_time": "",
    "extension_number": "416",
    "has_ringing": false,
    "linkedid": "1750936389.91051",
    "other_extension_number": "",
    "start_time": "2025-06-26T14:42:15",
    "status": "initiated",
    "timestamp": "2025-06-26T14:42:15",
    "type": "call_started",
    "uniqueid": "1750936389.91051"
}

{
    "call_type": "external",
    "caller_id_name": "416-RD-SW5",
    "caller_id_num": "416",
    "cause": "16",
    "cause_description": "",
    "cause_txt": "",
    "channel": "SIP/416-00001668",
    "connected_line_name": "<unknown>",
    "connected_line_num": "<unknown>",
    "direction": "out",
    "end_time": "2025-06-26T14:42:20",
    "extension_number": "416",
    "has_ringing": false,
    "linkedid": "1750936389.91051",
    "other_extension_number": "09136421196",
    "raw_event": {
        "AccountCode": "",
        "CallerIDName": "<unknown>",
        "CallerIDNum": "36944000",
        "Cause": "16",
        "Cause-txt": "Normal Clearing",
        "Channel": "SIP/416-00001668",
        "ChannelState": "4",
        "ChannelStateDesc": "Ring",
        "ConnectedLineName": "CID:36944000",
        "ConnectedLineNum": "09136421196",
        "Context": "from-internal",
        "Event": "Hangup",
        "Exten": "h",
        "Language": "pr2",
        "Linkedid": "1750936389.91051",
        "Priority": "1",
        "Privilege": "call,all",
        "Uniqueid": "1750936389.91051"
    },
    "start_time": "2025-06-26T14:42:15",
    "status": "initiated",
    "timestamp": "2025-06-26T14:42:20",
    "type": "call_ended",
    "uniqueid": "1750936389.91051"
}

{
    "call_duration": 4,
    "call_type": "external",
    "caller_id_name": "416-RD-SW5",
    "caller_id_num": "416",
    "cause": "16",
    "cause_description": "",
    "cause_txt": "",
    "channel": "SIP/416-00001668",
    "connected_line_name": "<unknown>",
    "connected_line_num": "<unknown>",
    "direction": "out",
    "end_time": "2025-06-26T14:42:20",
    "extension_number": "416",
    "has_ringing": false,
    "linkedid": "1750936389.91051",
    "other_extension_number": "09136421196",
    "raw_event": {
        "AccountCode": "",
        "CallerIDName": "<unknown>",
        "CallerIDNum": "36944000",
        "Cause": "16",
        "Cause-txt": "Normal Clearing",
        "Channel": "SIP/416-00001668",
        "ChannelState": "4",
        "ChannelStateDesc": "Ring",
        "ConnectedLineName": "CID:36944000",
        "ConnectedLineNum": "09136421196",
        "Context": "from-internal",
        "Event": "Hangup",
        "Exten": "h",
        "Language": "pr2",
        "Linkedid": "1750936389.91051",
        "Priority": "1",
        "Privilege": "call,all",
        "Uniqueid": "1750936389.91051"
    },
    "start_time": "2025-06-26T14:42:15",
    "status": "initiated",
    "timestamp": "2025-06-26T14:42:20",
    "type": "call_summary",
    "uniqueid": "1750936389.91051"
}

{
    "call_type": "",
    "caller_id_name": "416-RD-SW5",
    "caller_id_num": "416",
    "channel": "SIP/416-0000166a",
    "connected_line_name": "<unknown>",
    "connected_line_num": "<unknown>",
    "direction": "",
    "end_time": "",
    "extension_number": "416",
    "has_ringing": false,
    "linkedid": "1750936403.91064",
    "other_extension_number": "",
    "start_time": "2025-06-26T14:42:29",
    "status": "initiated",
    "timestamp": "2025-06-26T14:42:29",
    "type": "call_started",
    "uniqueid": "1750936403.91064"
}

{
    "call_type": "internal",
    "caller_id_name": "416-RD-SW5",
    "caller_id_num": "416",
    "cause": "16",
    "cause_description": "",
    "cause_txt": "",
    "channel": "SIP/416-0000166a",
    "connected_line_name": "<unknown>",
    "connected_line_num": "<unknown>",
    "direction": "out",
    "end_time": "2025-06-26T14:42:30",
    "extension_number": "416",
    "has_ringing": false,
    "linkedid": "1750936403.91064",
    "other_extension_number": "091362",
    "raw_event": {
        "AccountCode": "",
        "CallerIDName": "<unknown>",
        "CallerIDNum": "36944000",
        "Cause": "16",
        "Cause-txt": "Normal Clearing",
        "Channel": "SIP/416-0000166a",
        "ChannelState": "4",
        "ChannelStateDesc": "Ring",
        "ConnectedLineName": "CID:36944000",
        "ConnectedLineNum": "091362",
        "Context": "from-internal",
        "Event": "Hangup",
        "Exten": "h",
        "Language": "pr2",
        "Linkedid": "1750936403.91064",
        "Priority": "1",
        "Privilege": "call,all",
        "Uniqueid": "1750936403.91064"
    },
    "start_time": "2025-06-26T14:42:29",
    "status": "initiated",
    "timestamp": "2025-06-26T14:42:30",
    "type": "call_ended",
    "uniqueid": "1750936403.91064"
}

{
    "call_duration": 0,
    "call_type": "internal",
    "caller_id_name": "416-RD-SW5",
    "caller_id_num": "416",
    "cause": "16",
    "cause_description": "",
    "cause_txt": "",
    "channel": "SIP/416-0000166a",
    "connected_line_name": "<unknown>",
    "connected_line_num": "<unknown>",
    "direction": "out",
    "end_time": "2025-06-26T14:42:30",
    "extension_number": "416",
    "has_ringing": false,
    "linkedid": "1750936403.91064",
    "other_extension_number": "091362",
    "raw_event": {
        "AccountCode": "",
        "CallerIDName": "<unknown>",
        "CallerIDNum": "36944000",
        "Cause": "16",
        "Cause-txt": "Normal Clearing",
        "Channel": "SIP/416-0000166a",
        "ChannelState": "4",
        "ChannelStateDesc": "Ring",
        "ConnectedLineName": "CID:36944000",
        "ConnectedLineNum": "091362",
        "Context": "from-internal",
        "Event": "Hangup",
        "Exten": "h",
        "Language": "pr2",
        "Linkedid": "1750936403.91064",
        "Priority": "1",
        "Privilege": "call,all",
        "Uniqueid": "1750936403.91064"
    },
    "start_time": "2025-06-26T14:42:29",
    "status": "initiated",
    "timestamp": "2025-06-26T14:42:30",
    "type": "call_summary",
    "uniqueid": "1750936403.91064"
}

{
    "call_type": "",
    "caller_id_name": "416-RD-SW5",
    "caller_id_num": "416",
    "channel": "SIP/416-0000166c",
    "connected_line_name": "<unknown>",
    "connected_line_num": "<unknown>",
    "direction": "",
    "end_time": "",
    "extension_number": "416",
    "has_ringing": false,
    "linkedid": "1750936412.91077",
    "other_extension_number": "",
    "start_time": "2025-06-26T14:42:38",
    "status": "initiated",
    "timestamp": "2025-06-26T14:42:38",
    "type": "call_started",
    "uniqueid": "1750936412.91077"
}

{
    "channel": "SIP/416-0000166c",
    "privilege": "call,all",
    "timestamp": "2025-06-26T14:42:42",
    "type": "call_answered",
    "uniqueid": "1750936412.91077"
}

{
    "call_type": "external",
    "caller_id_name": "416-RD-SW5",
    "caller_id_num": "416",
    "cause": "16",
    "cause_description": "",
    "cause_txt": "",
    "channel": "SIP/416-0000166c",
    "connected_line_name": "<unknown>",
    "connected_line_num": "<unknown>",
    "direction": "out",
    "end_time": "2025-06-26T14:42:52",
    "extension_number": "416",
    "has_ringing": false,
    "linkedid": "1750936412.91077",
    "other_extension_number": "09136421196",
    "raw_event": {
        "AccountCode": "",
        "CallerIDName": "<unknown>",
        "CallerIDNum": "36944000",
        "Cause": "16",
        "Cause-txt": "Normal Clearing",
        "Channel": "SIP/416-0000166c",
        "ChannelState": "6",
        "ChannelStateDesc": "Up",
        "ConnectedLineName": "CID:36944000",
        "ConnectedLineNum": "09136421196",
        "Context": "from-internal",
        "Event": "Hangup",
        "Exten": "h",
        "Language": "pr2",
        "Linkedid": "1750936412.91077",
        "Priority": "1",
        "Privilege": "call,all",
        "Uniqueid": "1750936412.91077"
    },
    "start_time": "2025-06-26T14:42:42",
    "status": "answered",
    "timestamp": "2025-06-26T14:42:52",
    "type": "call_ended",
    "uniqueid": "1750936412.91077"
}

{
    "call_duration": 10,
    "call_type": "external",
    "caller_id_name": "416-RD-SW5",
    "caller_id_num": "416",
    "cause": "16",
    "cause_description": "",
    "cause_txt": "",
    "channel": "SIP/416-0000166c",
    "connected_line_name": "<unknown>",
    "connected_line_num": "<unknown>",
    "direction": "out",
    "end_time": "2025-06-26T14:42:52",
    "extension_number": "416",
    "has_ringing": false,
    "linkedid": "1750936412.91077",
    "other_extension_number": "09136421196",
    "raw_event": {
        "AccountCode": "",
        "CallerIDName": "<unknown>",
        "CallerIDNum": "36944000",
        "Cause": "16",
        "Cause-txt": "Normal Clearing",
        "Channel": "SIP/416-0000166c",
        "ChannelState": "6",
        "ChannelStateDesc": "Up",
        "ConnectedLineName": "CID:36944000",
        "ConnectedLineNum": "09136421196",
        "Context": "from-internal",
        "Event": "Hangup",
        "Exten": "h",
        "Language": "pr2",
        "Linkedid": "1750936412.91077",
        "Priority": "1",
        "Privilege": "call,all",
        "Uniqueid": "1750936412.91077"
    },
    "start_time": "2025-06-26T14:42:42",
    "status": "answered",
    "timestamp": "2025-06-26T14:42:52",
    "type": "call_summary",
    "uniqueid": "1750936412.91077"
}

{
    "call_type": "",
    "caller_id_name": "416-RD-SW5",
    "caller_id_num": "416",
    "channel": "SIP/416-0000166e",
    "connected_line_name": "<unknown>",
    "connected_line_num": "<unknown>",
    "direction": "",
    "end_time": "",
    "extension_number": "416",
    "has_ringing": false,
    "linkedid": "1750936584.91129",
    "other_extension_number": "",
    "start_time": "2025-06-26T14:45:31",
    "status": "initiated",
    "timestamp": "2025-06-26T14:45:31",
    "type": "call_started",
    "uniqueid": "1750936584.91129"
}

{
    "channel": "SIP/416-0000166e",
    "privilege": "call,all",
    "timestamp": "2025-06-26T14:45:35",
    "type": "call_answered",
    "uniqueid": "1750936584.91129"
}

{
    "call_type": "external",
    "caller_id_name": "416-RD-SW5",
    "caller_id_num": "416",
    "cause": "16",
    "cause_description": "",
    "cause_txt": "",
    "channel": "SIP/416-0000166e",
    "connected_line_name": "<unknown>",
    "connected_line_num": "<unknown>",
    "direction": "out",
    "end_time": "2025-06-26T14:45:38",
    "extension_number": "416",
    "has_ringing": false,
    "linkedid": "1750936584.91129",
    "other_extension_number": "09136421196",
    "raw_event": {
        "AccountCode": "",
        "CallerIDName": "<unknown>",
        "CallerIDNum": "36944000",
        "Cause": "16",
        "Cause-txt": "Normal Clearing",
        "Channel": "SIP/416-0000166e",
        "ChannelState": "6",
        "ChannelStateDesc": "Up",
        "ConnectedLineName": "CID:36944000",
        "ConnectedLineNum": "09136421196",
        "Context": "from-internal",
        "Event": "Hangup",
        "Exten": "h",
        "Language": "pr2",
        "Linkedid": "1750936584.91129",
        "Priority": "1",
        "Privilege": "call,all",
        "Uniqueid": "1750936584.91129"
    },
    "start_time": "2025-06-26T14:45:35",
    "status": "answered",
    "timestamp": "2025-06-26T14:45:38",
    "type": "call_ended",
    "uniqueid": "1750936584.91129"
}

{
    "call_duration": 2,
    "call_type": "external",
    "caller_id_name": "416-RD-SW5",
    "caller_id_num": "416",
    "cause": "16",
    "cause_description": "",
    "cause_txt": "",
    "channel": "SIP/416-0000166e",
    "connected_line_name": "<unknown>",
    "connected_line_num": "<unknown>",
    "direction": "out",
    "end_time": "2025-06-26T14:45:38",
    "extension_number": "416",
    "has_ringing": false,
    "linkedid": "1750936584.91129",
    "other_extension_number": "09136421196",
    "raw_event": {
        "AccountCode": "",
        "CallerIDName": "<unknown>",
        "CallerIDNum": "36944000",
        "Cause": "16",
        "Cause-txt": "Normal Clearing",
        "Channel": "SIP/416-0000166e",
        "ChannelState": "6",
        "ChannelStateDesc": "Up",
        "ConnectedLineName": "CID:36944000",
        "ConnectedLineNum": "09136421196",
        "Context": "from-internal",
        "Event": "Hangup",
        "Exten": "h",
        "Language": "pr2",
        "Linkedid": "1750936584.91129",
        "Priority": "1",
        "Privilege": "call,all",
        "Uniqueid": "1750936584.91129"
    },
    "start_time": "2025-06-26T14:45:35",
    "status": "answered",
    "timestamp": "2025-06-26T14:45:38",
    "type": "call_summary",
    "uniqueid": "1750936584.91129"
}

{
    "extension": "416",
    "privilege": "call,all",
    "timestamp": "2025-06-28T21:26:07",
    "type": "monitor_initialized"
}

{
    "extension": "416",
    "privilege": "call,all",
    "timestamp": "2025-06-28T21:42:04",
    "type": "monitor_initialized"
}

{
    "extension": "416",
    "privilege": "call,all",
    "timestamp": "2025-06-28T21:47:42",
    "type": "monitor_initialized"
}

{
    "extension": "416",
    "privilege": "call,all",
    "timestamp": "2025-06-28T22:16:57",
    "type": "monitor_initialized"
}

{
    "extension": "416",
    "privilege": "call,all",
    "timestamp": "2025-06-28T22:20:12",
    "type": "monitor_initialized"
}

{
    "extension": "416",
    "privilege": "call,all",
    "timestamp": "2025-06-28T22:27:17",
    "type": "monitor_initialized"
}

{
    "extension": "416",
    "privilege": "call,all",
    "timestamp": "2025-06-28T22:31:02",
    "type": "monitor_initialized"
}

{
    "extension": "416",
    "privilege": "call,all",
    "timestamp": "2025-06-28T22:33:17",
    "type": "monitor_initialized"
}

{
    "extension": "416",
    "privilege": "call,all",
    "timestamp": "2025-06-28T22:36:20",
    "type": "monitor_initialized"
}

{
    "extension": "416",
    "privilege": "call,all",
    "timestamp": "2025-06-28T22:38:31",
    "type": "monitor_initialized"
}

{
    "extension": "416",
    "privilege": "call,all",
    "timestamp": "2025-06-28T22:42:00",
    "type": "monitor_initialized"
}

{
    "extension": "416",
    "privilege": "call,all",
    "timestamp": "2025-06-28T22:44:01",
    "type": "monitor_initialized"
}

{
    "extension": "416",
    "privilege": "call,all",
    "timestamp": "2025-06-28T22:46:26",
    "type": "monitor_initialized"
}

{
    "call_type": "",
    "caller_id_name": "416-RD-SW5",
    "caller_id_num": "416",
    "channel": "SIP/416-00002d63",
    "connected_line_name": "<unknown>",
    "connected_line_num": "<unknown>",
    "direction": "",
    "end_time": "",
    "extension_number": "416",
    "has_ringing": false,
    "linkedid": "1751186149.198396",
    "other_extension_number": "",
    "start_time": "2025-06-29T12:04:56",
    "status": "initiated",
    "timestamp": "2025-06-29T12:04:56",
    "type": "call_started",
    "uniqueid": "1751186149.198399"
}

{
    "channel": "SIP/416-00002d63",
    "privilege": "call,all",
    "timestamp": "2025-06-29T12:04:56",
    "type": "call_ringing",
    "uniqueid": "1751186149.198399"
}

{
    "call_type": "internal",
    "caller_id_name": "416-RD-SW5",
    "caller_id_num": "416",
    "cause": "16",
    "cause_description": "",
    "cause_txt": "",
    "channel": "SIP/416-00002d63",
    "connected_line_name": "<unknown>",
    "connected_line_num": "<unknown>",
    "direction": "in",
    "end_time": "2025-06-29T12:05:27",
    "extension_number": "416",
    "has_ringing": true,
    "linkedid": "1751186149.198396",
    "other_extension_number": "415",
    "raw_event": {
        "AccountCode": "",
        "CallerIDName": "416-RD-SW5",
        "CallerIDNum": "416",
        "Cause": "16",
        "Cause-txt": "Normal Clearing",
        "Channel": "SIP/416-00002d63",
        "ChannelState": "5",
        "ChannelStateDesc": "Ringing",
        "ConnectedLineName": "415-RD-SW4",
        "ConnectedLineNum": "415",
        "Context": "from-internal",
        "Event": "Hangup",
        "Exten": "416",
        "Language": "pr2",
        "Linkedid": "1751186149.198396",
        "Priority": "1",
        "Privilege": "call,all",
        "Uniqueid": "1751186149.198399"
    },
    "start_time": "2025-06-29T12:04:56",
    "status": "ringing",
    "timestamp": "2025-06-29T12:05:27",
    "type": "call_ended",
    "uniqueid": "1751186149.198399"
}

{
    "call_duration": 30,
    "call_type": "internal",
    "caller_id_name": "416-RD-SW5",
    "caller_id_num": "416",
    "cause": "16",
    "cause_description": "",
    "cause_txt": "",
    "channel": "SIP/416-00002d63",
    "connected_line_name": "<unknown>",
    "connected_line_num": "<unknown>",
    "direction": "in",
    "end_time": "2025-06-29T12:05:27",
    "extension_number": "416",
    "has_ringing": true,
    "linkedid": "1751186149.198396",
    "other_extension_number": "415",
    "raw_event": {
        "AccountCode": "",
        "CallerIDName": "416-RD-SW5",
        "CallerIDNum": "416",
        "Cause": "16",
        "Cause-txt": "Normal Clearing",
        "Channel": "SIP/416-00002d63",
        "ChannelState": "5",
        "ChannelStateDesc": "Ringing",
        "ConnectedLineName": "415-RD-SW4",
        "ConnectedLineNum": "415",
        "Context": "from-internal",
        "Event": "Hangup",
        "Exten": "416",
        "Language": "pr2",
        "Linkedid": "1751186149.198396",
        "Priority": "1",
        "Privilege": "call,all",
        "Uniqueid": "1751186149.198399"
    },
    "start_time": "2025-06-29T12:04:56",
    "status": "ringing",
    "timestamp": "2025-06-29T12:05:27",
    "type": "call_summary",
    "uniqueid": "1751186149.198399"
}

{
    "call_type": "",
    "caller_id_name": "416-RD-SW5",
    "caller_id_num": "416",
    "channel": "SIP/416-00002ec0",
    "connected_line_name": "<unknown>",
    "connected_line_num": "<unknown>",
    "direction": "",
    "end_time": "",
    "extension_number": "416",
    "has_ringing": false,
    "linkedid": "1751188098.202424",
    "other_extension_number": "",
    "start_time": "2025-06-29T12:37:25",
    "status": "initiated",
    "timestamp": "2025-06-29T12:37:25",
    "type": "call_started",
    "uniqueid": "1751188098.202424"
}

{
    "channel": "SIP/416-00002ec0",
    "privilege": "call,all",
    "timestamp": "2025-06-29T12:37:27",
    "type": "call_answered",
    "uniqueid": "1751188098.202424"
}

{
    "call_type": "internal",
    "caller_id_name": "416-RD-SW5",
    "caller_id_num": "416",
    "cause": "16",
    "cause_description": "",
    "cause_txt": "",
    "channel": "SIP/416-00002ec0",
    "connected_line_name": "<unknown>",
    "connected_line_num": "<unknown>",
    "direction": "out",
    "end_time": "2025-06-29T12:40:01",
    "extension_number": "416",
    "has_ringing": false,
    "linkedid": "1751188098.202424",
    "other_extension_number": "415",
    "raw_event": {
        "AccountCode": "",
        "CallerIDName": "416-RD-SW5",
        "CallerIDNum": "416",
        "Cause": "16",
        "Cause-txt": "Normal Clearing",
        "Channel": "SIP/416-00002ec0",
        "ChannelState": "6",
        "ChannelStateDesc": "Up",
        "ConnectedLineName": "415-RD-SW4",
        "ConnectedLineNum": "415",
        "Context": "from-internal",
        "Event": "Hangup",
        "Exten": "h",
        "Language": "pr2",
        "Linkedid": "1751188098.202424",
        "Priority": "1",
        "Privilege": "call,all",
        "Uniqueid": "1751188098.202424"
    },
    "start_time": "2025-06-29T12:37:27",
    "status": "answered",
    "timestamp": "2025-06-29T12:40:01",
    "type": "call_ended",
    "uniqueid": "1751188098.202424"
}

{
    "call_duration": 153,
    "call_type": "internal",
    "caller_id_name": "416-RD-SW5",
    "caller_id_num": "416",
    "cause": "16",
    "cause_description": "",
    "cause_txt": "",
    "channel": "SIP/416-00002ec0",
    "connected_line_name": "<unknown>",
    "connected_line_num": "<unknown>",
    "direction": "out",
    "end_time": "2025-06-29T12:40:01",
    "extension_number": "416",
    "has_ringing": false,
    "linkedid": "1751188098.202424",
    "other_extension_number": "415",
    "raw_event": {
        "AccountCode": "",
        "CallerIDName": "416-RD-SW5",
        "CallerIDNum": "416",
        "Cause": "16",
        "Cause-txt": "Normal Clearing",
        "Channel": "SIP/416-00002ec0",
        "ChannelState": "6",
        "ChannelStateDesc": "Up",
        "ConnectedLineName": "415-RD-SW4",
        "ConnectedLineNum": "415",
        "Context": "from-internal",
        "Event": "Hangup",
        "Exten": "h",
        "Language": "pr2",
        "Linkedid": "1751188098.202424",
        "Priority": "1",
        "Privilege": "call,all",
        "Uniqueid": "1751188098.202424"
    },
    "start_time": "2025-06-29T12:37:27",
    "status": "answered",
    "timestamp": "2025-06-29T12:40:01",
    "type": "call_summary",
    "uniqueid": "1751188098.202424"
}

{
    "call_type": "",
    "caller_id_name": "416-RD-SW5",
    "caller_id_num": "416",
    "channel": "SIP/416-00003282",
    "connected_line_name": "<unknown>",
    "connected_line_num": "<unknown>",
    "direction": "",
    "end_time": "",
    "extension_number": "416",
    "has_ringing": false,
    "linkedid": "1751196616.213885",
    "other_extension_number": "",
    "start_time": "2025-06-29T14:59:35",
    "status": "initiated",
    "timestamp": "2025-06-29T14:59:35",
    "type": "call_started",
    "uniqueid": "1751196627.213904"
}

{
    "channel": "SIP/416-00003282",
    "privilege": "call,all",
    "timestamp": "2025-06-29T14:59:35",
    "type": "call_ringing",
    "uniqueid": "1751196627.213904"
}

{
    "channel": "SIP/416-00003282",
    "privilege": "call,all",
    "timestamp": "2025-06-29T14:59:37",
    "type": "call_answered",
    "uniqueid": "1751196627.213904"
}

{
    "call_type": "external",
    "caller_id_name": "416-RD-SW5",
    "caller_id_num": "416",
    "cause": "16",
    "cause_description": "",
    "cause_txt": "",
    "channel": "SIP/416-00003282",
    "connected_line_name": "<unknown>",
    "connected_line_num": "<unknown>",
    "direction": "in",
    "end_time": "2025-06-29T15:00:12",
    "extension_number": "416",
    "has_ringing": true,
    "linkedid": "1751196616.213885",
    "other_extension_number": "9136421196",
    "raw_event": {
        "AccountCode": "",
        "CallerIDName": "416-RD-SW5",
        "CallerIDNum": "416",
        "Cause": "16",
        "Cause-txt": "Normal Clearing",
        "Channel": "SIP/416-00003282",
        "ChannelState": "6",
        "ChannelStateDesc": "Up",
        "ConnectedLineName": "9136421196",
        "ConnectedLineNum": "9136421196",
        "Context": "from-internal",
        "Event": "Hangup",
        "Exten": "",
        "Language": "pr2",
        "Linkedid": "1751196616.213885",
        "Priority": "1",
        "Privilege": "call,all",
        "Uniqueid": "1751196627.213904"
    },
    "start_time": "2025-06-29T14:59:37",
    "status": "answered",
    "timestamp": "2025-06-29T15:00:12",
    "type": "call_ended",
    "uniqueid": "1751196627.213904"
}

{
    "call_duration": 34,
    "call_type": "external",
    "caller_id_name": "416-RD-SW5",
    "caller_id_num": "416",
    "cause": "16",
    "cause_description": "",
    "cause_txt": "",
    "channel": "SIP/416-00003282",
    "connected_line_name": "<unknown>",
    "connected_line_num": "<unknown>",
    "direction": "in",
    "end_time": "2025-06-29T15:00:12",
    "extension_number": "416",
    "has_ringing": true,
    "linkedid": "1751196616.213885",
    "other_extension_number": "9136421196",
    "raw_event": {
        "AccountCode": "",
        "CallerIDName": "416-RD-SW5",
        "CallerIDNum": "416",
        "Cause": "16",
        "Cause-txt": "Normal Clearing",
        "Channel": "SIP/416-00003282",
        "ChannelState": "6",
        "ChannelStateDesc": "Up",
        "ConnectedLineName": "9136421196",
        "ConnectedLineNum": "9136421196",
        "Context": "from-internal",
        "Event": "Hangup",
        "Exten": "",
        "Language": "pr2",
        "Linkedid": "1751196616.213885",
        "Priority": "1",
        "Privilege": "call,all",
        "Uniqueid": "1751196627.213904"
    },
    "start_time": "2025-06-29T14:59:37",
    "status": "answered",
    "timestamp": "2025-06-29T15:00:12",
    "type": "call_summary",
    "uniqueid": "1751196627.213904"
}

{
    "call_type": "",
    "caller_id_name": "416-RD-SW5",
    "caller_id_num": "416",
    "channel": "SIP/416-00003348",
    "connected_line_name": "<unknown>",
    "connected_line_num": "<unknown>",
    "direction": "",
    "end_time": "",
    "extension_number": "416",
    "has_ringing": false,
    "linkedid": "1751198146.215840",
    "other_extension_number": "",
    "start_time": "2025-06-29T15:25:00",
    "status": "initiated",
    "timestamp": "2025-06-29T15:25:00",
    "type": "call_started",
    "uniqueid": "1751198153.215844"
}

{
    "channel": "SIP/416-00003348",
    "privilege": "call,all",
    "timestamp": "2025-06-29T15:25:00",
    "type": "call_ringing",
    "uniqueid": "1751198153.215844"
}

{
    "channel": "SIP/416-00003348",
    "privilege": "call,all",
    "timestamp": "2025-06-29T15:25:01",
    "type": "call_answered",
    "uniqueid": "1751198153.215844"
}

{
    "call_type": "external",
    "caller_id_name": "416-RD-SW5",
    "caller_id_num": "416",
    "cause": "16",
    "cause_description": "",
    "cause_txt": "",
    "channel": "SIP/416-00003348",
    "connected_line_name": "<unknown>",
    "connected_line_num": "<unknown>",
    "direction": "in",
    "end_time": "2025-06-29T15:25:12",
    "extension_number": "416",
    "has_ringing": true,
    "linkedid": "1751198146.215840",
    "other_extension_number": "989036803973",
    "raw_event": {
        "AccountCode": "",
        "CallerIDName": "416-RD-SW5",
        "CallerIDNum": "416",
        "Cause": "16",
        "Cause-txt": "Normal Clearing",
        "Channel": "SIP/416-00003348",
        "ChannelState": "6",
        "ChannelStateDesc": "Up",
        "ConnectedLineName": "989036803973",
        "ConnectedLineNum": "989036803973",
        "Context": "from-internal",
        "Event": "Hangup",
        "Exten": "",
        "Language": "pr2",
        "Linkedid": "1751198146.215840",
        "Priority": "1",
        "Privilege": "call,all",
        "Uniqueid": "1751198153.215844"
    },
    "start_time": "2025-06-29T15:25:01",
    "status": "answered",
    "timestamp": "2025-06-29T15:25:12",
    "type": "call_ended",
    "uniqueid": "1751198153.215844"
}

{
    "call_duration": 10,
    "call_type": "external",
    "caller_id_name": "416-RD-SW5",
    "caller_id_num": "416",
    "cause": "16",
    "cause_description": "",
    "cause_txt": "",
    "channel": "SIP/416-00003348",
    "connected_line_name": "<unknown>",
    "connected_line_num": "<unknown>",
    "direction": "in",
    "end_time": "2025-06-29T15:25:12",
    "extension_number": "416",
    "has_ringing": true,
    "linkedid": "1751198146.215840",
    "other_extension_number": "989036803973",
    "raw_event": {
        "AccountCode": "",
        "CallerIDName": "416-RD-SW5",
        "CallerIDNum": "416",
        "Cause": "16",
        "Cause-txt": "Normal Clearing",
        "Channel": "SIP/416-00003348",
        "ChannelState": "6",
        "ChannelStateDesc": "Up",
        "ConnectedLineName": "989036803973",
        "ConnectedLineNum": "989036803973",
        "Context": "from-internal",
        "Event": "Hangup",
        "Exten": "",
        "Language": "pr2",
        "Linkedid": "1751198146.215840",
        "Priority": "1",
        "Privilege": "call,all",
        "Uniqueid": "1751198153.215844"
    },
    "start_time": "2025-06-29T15:25:01",
    "status": "answered",
    "timestamp": "2025-06-29T15:25:12",
    "type": "call_summary",
    "uniqueid": "1751198153.215844"
}

{
    "extension": "416",
    "privilege": "call,all",
    "timestamp": "2025-06-30T15:59:25",
    "type": "monitor_initialized"
}

{
    "call_type": "",
    "caller_id_name": "416-RD-SW5",
    "caller_id_num": "416",
    "channel": "SIP/416-00000261",
    "connected_line_name": "<unknown>",
    "connected_line_num": "<unknown>",
    "direction": "",
    "end_time": "",
    "extension_number": "416",
    "has_ringing": false,
    "linkedid": "1751286673.6655",
    "other_extension_number": "",
    "start_time": "2025-06-30T16:00:21",
    "status": "initiated",
    "timestamp": "2025-06-30T16:00:21",
    "type": "call_started",
    "uniqueid": "1751286673.6658"
}

{
    "channel": "SIP/416-00000261",
    "privilege": "call,all",
    "timestamp": "2025-06-30T16:00:21",
    "type": "call_ringing",
    "uniqueid": "1751286673.6658"
}

{
    "channel": "SIP/416-00000261",
    "privilege": "call,all",
    "timestamp": "2025-06-30T16:00:33",
    "type": "call_answered",
    "uniqueid": "1751286673.6658"
}

{
    "call_type": "internal",
    "caller_id_name": "416-RD-SW5",
    "caller_id_num": "416",
    "cause": "16",
    "cause_description": "",
    "cause_txt": "",
    "channel": "SIP/416-00000261",
    "connected_line_name": "<unknown>",
    "connected_line_num": "<unknown>",
    "direction": "in",
    "end_time": "2025-06-30T16:00:58",
    "extension_number": "416",
    "has_ringing": true,
    "linkedid": "1751286673.6655",
    "other_extension_number": "414",
    "raw_event": {
        "AccountCode": "",
        "CallerIDName": "416-RD-SW5",
        "CallerIDNum": "416",
        "Cause": "16",
        "Cause-txt": "Normal Clearing",
        "Channel": "SIP/416-00000261",
        "ChannelState": "6",
        "ChannelStateDesc": "Up",
        "ConnectedLineName": "414-RD-SW3",
        "ConnectedLineNum": "414",
        "Context": "from-internal",
        "Event": "Hangup",
        "Exten": "",
        "Language": "pr2",
        "Linkedid": "1751286673.6655",
        "Priority": "1",
        "Privilege": "call,all",
        "Uniqueid": "1751286673.6658"
    },
    "start_time": "2025-06-30T16:00:33",
    "status": "answered",
    "timestamp": "2025-06-30T16:00:58",
    "type": "call_ended",
    "uniqueid": "1751286673.6658"
}

{
    "call_duration": 24,
    "call_type": "internal",
    "caller_id_name": "416-RD-SW5",
    "caller_id_num": "416",
    "cause": "16",
    "cause_description": "",
    "cause_txt": "",
    "channel": "SIP/416-00000261",
    "connected_line_name": "<unknown>",
    "connected_line_num": "<unknown>",
    "direction": "in",
    "end_time": "2025-06-30T16:00:58",
    "extension_number": "416",
    "has_ringing": true,
    "linkedid": "1751286673.6655",
    "other_extension_number": "414",
    "raw_event": {
        "AccountCode": "",
        "CallerIDName": "416-RD-SW5",
        "CallerIDNum": "416",
        "Cause": "16",
        "Cause-txt": "Normal Clearing",
        "Channel": "SIP/416-00000261",
        "ChannelState": "6",
        "ChannelStateDesc": "Up",
        "ConnectedLineName": "414-RD-SW3",
        "ConnectedLineNum": "414",
        "Context": "from-internal",
        "Event": "Hangup",
        "Exten": "",
        "Language": "pr2",
        "Linkedid": "1751286673.6655",
        "Priority": "1",
        "Privilege": "call,all",
        "Uniqueid": "1751286673.6658"
    },
    "start_time": "2025-06-30T16:00:33",
    "status": "answered",
    "timestamp": "2025-06-30T16:00:58",
    "type": "call_summary",
    "uniqueid": "1751286673.6658"
}

{
    "call_type": "",
    "caller_id_name": "416-RD-SW5",
    "caller_id_num": "416",
    "channel": "SIP/416-00000424",
    "connected_line_name": "<unknown>",
    "connected_line_num": "<unknown>",
    "direction": "",
    "end_time": "",
    "extension_number": "416",
    "has_ringing": false,
    "linkedid": "1751292959.11938",
    "other_extension_number": "",
    "start_time": "2025-06-30T17:45:06",
    "status": "initiated",
    "timestamp": "2025-06-30T17:45:06",
    "type": "call_started",
    "uniqueid": "1751292959.11938"
}

{
    "channel": "SIP/416-00000424",
    "privilege": "call,all",
    "timestamp": "2025-06-30T17:45:16",
    "type": "call_answered",
    "uniqueid": "1751292959.11938"
}

{
    "call_type": "external",
    "caller_id_name": "416-RD-SW5",
    "caller_id_num": "416",
    "cause": "16",
    "cause_description": "",
    "cause_txt": "",
    "channel": "SIP/416-00000424",
    "connected_line_name": "<unknown>",
    "connected_line_num": "<unknown>",
    "direction": "out",
    "end_time": "2025-06-30T17:45:20",
    "extension_number": "416",
    "has_ringing": false,
    "linkedid": "1751292959.11938",
    "other_extension_number": "09136421196",
    "raw_event": {
        "AccountCode": "",
        "CallerIDName": "<unknown>",
        "CallerIDNum": "36944000",
        "Cause": "16",
        "Cause-txt": "Normal Clearing",
        "Channel": "SIP/416-00000424",
        "ChannelState": "6",
        "ChannelStateDesc": "Up",
        "ConnectedLineName": "CID:36944000",
        "ConnectedLineNum": "09136421196",
        "Context": "from-internal",
        "Event": "Hangup",
        "Exten": "h",
        "Language": "pr2",
        "Linkedid": "1751292959.11938",
        "Priority": "1",
        "Privilege": "call,all",
        "Uniqueid": "1751292959.11938"
    },
    "start_time": "2025-06-30T17:45:16",
    "status": "answered",
    "timestamp": "2025-06-30T17:45:20",
    "type": "call_ended",
    "uniqueid": "1751292959.11938"
}

{
    "call_duration": 3,
    "call_type": "external",
    "caller_id_name": "416-RD-SW5",
    "caller_id_num": "416",
    "cause": "16",
    "cause_description": "",
    "cause_txt": "",
    "channel": "SIP/416-00000424",
    "connected_line_name": "<unknown>",
    "connected_line_num": "<unknown>",
    "direction": "out",
    "end_time": "2025-06-30T17:45:20",
    "extension_number": "416",
    "has_ringing": false,
    "linkedid": "1751292959.11938",
    "other_extension_number": "09136421196",
    "raw_event": {
        "AccountCode": "",
        "CallerIDName": "<unknown>",
        "CallerIDNum": "36944000",
        "Cause": "16",
        "Cause-txt": "Normal Clearing",
        "Channel": "SIP/416-00000424",
        "ChannelState": "6",
        "ChannelStateDesc": "Up",
        "ConnectedLineName": "CID:36944000",
        "ConnectedLineNum": "09136421196",
        "Context": "from-internal",
        "Event": "Hangup",
        "Exten": "h",
        "Language": "pr2",
        "Linkedid": "1751292959.11938",
        "Priority": "1",
        "Privilege": "call,all",
        "Uniqueid": "1751292959.11938"
    },
    "start_time": "2025-06-30T17:45:16",
    "status": "answered",
    "timestamp": "2025-06-30T17:45:20",
    "type": "call_summary",
    "uniqueid": "1751292959.11938"
}

{
    "extension": "416",
    "privilege": "call,all",
    "timestamp": "2025-06-30T20:41:40",
    "type": "monitor_initialized"
}

{
    "call_type": "",
    "caller_id_name": "416-RD-SW5",
    "caller_id_num": "416",
    "channel": "SIP/416-000007c7",
    "connected_line_name": "<unknown>",
    "connected_line_num": "<unknown>",
    "direction": "",
    "end_time": "",
    "extension_number": "416",
    "has_ringing": false,
    "linkedid": "1751351497.33557",
    "other_extension_number": "",
    "start_time": "2025-07-01T10:00:45",
    "status": "initiated",
    "timestamp": "2025-07-01T10:00:45",
    "type": "call_started",
    "uniqueid": "1751351498.33560"
}

{
    "channel": "SIP/416-000007c7",
    "privilege": "call,all",
    "timestamp": "2025-07-01T10:00:45",
    "type": "call_ringing",
    "uniqueid": "1751351498.33560"
}

{
    "call_type": "internal",
    "caller_id_name": "416-RD-SW5",
    "caller_id_num": "416",
    "cause": "16",
    "cause_description": "",
    "cause_txt": "",
    "channel": "SIP/416-000007c7",
    "connected_line_name": "<unknown>",
    "connected_line_num": "<unknown>",
    "direction": "in",
    "end_time": "2025-07-01T10:01:03",
    "extension_number": "416",
    "has_ringing": true,
    "linkedid": "1751351497.33557",
    "other_extension_number": "414",
    "raw_event": {
        "AccountCode": "",
        "CallerIDName": "416-RD-SW5",
        "CallerIDNum": "416",
        "Cause": "16",
        "Cause-txt": "Normal Clearing",
        "Channel": "SIP/416-000007c7",
        "ChannelState": "5",
        "ChannelStateDesc": "Ringing",
        "ConnectedLineName": "414-RD-SW3",
        "ConnectedLineNum": "414",
        "Context": "from-internal",
        "Event": "Hangup",
        "Exten": "416",
        "Language": "pr2",
        "Linkedid": "1751351497.33557",
        "Priority": "1",
        "Privilege": "call,all",
        "Uniqueid": "1751351498.33560"
    },
    "start_time": "2025-07-01T10:00:45",
    "status": "ringing",
    "timestamp": "2025-07-01T10:01:03",
    "type": "call_ended",
    "uniqueid": "1751351498.33560"
}

{
    "call_duration": 17,
    "call_type": "internal",
    "caller_id_name": "416-RD-SW5",
    "caller_id_num": "416",
    "cause": "16",
    "cause_description": "",
    "cause_txt": "",
    "channel": "SIP/416-000007c7",
    "connected_line_name": "<unknown>",
    "connected_line_num": "<unknown>",
    "direction": "in",
    "end_time": "2025-07-01T10:01:03",
    "extension_number": "416",
    "has_ringing": true,
    "linkedid": "1751351497.33557",
    "other_extension_number": "414",
    "raw_event": {
        "AccountCode": "",
        "CallerIDName": "416-RD-SW5",
        "CallerIDNum": "416",
        "Cause": "16",
        "Cause-txt": "Normal Clearing",
        "Channel": "SIP/416-000007c7",
        "ChannelState": "5",
        "ChannelStateDesc": "Ringing",
        "ConnectedLineName": "414-RD-SW3",
        "ConnectedLineNum": "414",
        "Context": "from-internal",
        "Event": "Hangup",
        "Exten": "416",
        "Language": "pr2",
        "Linkedid": "1751351497.33557",
        "Priority": "1",
        "Privilege": "call,all",
        "Uniqueid": "1751351498.33560"
    },
    "start_time": "2025-07-01T10:00:45",
    "status": "ringing",
    "timestamp": "2025-07-01T10:01:03",
    "type": "call_summary",
    "uniqueid": "1751351498.33560"
}

{
    "extension": "416",
    "privilege": "call,all",
    "timestamp": "2025-07-01T12:49:38",
    "type": "monitor_initialized"
}

{
    "call_type": "",
    "caller_id_name": "416-RD-SW5",
    "caller_id_num": "416",
    "channel": "SIP/416-00000cd5",
    "connected_line_name": "<unknown>",
    "connected_line_num": "<unknown>",
    "direction": "",
    "end_time": "",
    "extension_number": "416",
    "has_ringing": false,
    "linkedid": "1751361731.48781",
    "other_extension_number": "",
    "start_time": "2025-07-01T12:51:18",
    "status": "initiated",
    "timestamp": "2025-07-01T12:51:18",
    "type": "call_started",
    "uniqueid": "1751361731.48781"
}

{
    "call_type": "external",
    "caller_id_name": "<unknown>",
    "caller_id_num": "416",
    "cause": "20",
    "cause_description": "",
    "cause_txt": "",
    "channel": "SIP/416-00000cd5",
    "connected_line_name": "CID:36944000",
    "connected_line_num": "09136421196",
    "direction": "out",
    "end_time": "2025-07-01T12:51:22",
    "extension_number": "416",
    "has_ringing": false,
    "linkedid": "1751361731.48781",
    "other_extension_number": "09136421196",
    "raw_event": {
        "AccountCode": "",
        "CallerIDName": "<unknown>",
        "CallerIDNum": "416",
        "Cause": "20",
        "Cause-txt": "Subscriber absent",
        "Channel": "SIP/416-00000cd5",
        "ChannelState": "4",
        "ChannelStateDesc": "Ring",
        "ConnectedLineName": "CID:36944000",
        "ConnectedLineNum": "09136421196",
        "Context": "from-internal",
        "Event": "Hangup",
        "Exten": "h",
        "Language": "pr2",
        "Linkedid": "1751361731.48781",
        "Priority": "1",
        "Privilege": "call,all",
        "Uniqueid": "1751361731.48781"
    },
    "start_time": "2025-07-01T12:51:18",
    "status": "initiated",
    "timestamp": "2025-07-01T12:51:22",
    "type": "call_ended",
    "uniqueid": "1751361731.48781"
}

{
    "call_duration": 3,
    "call_type": "external",
    "caller_id_name": "<unknown>",
    "caller_id_num": "416",
    "cause": "20",
    "cause_description": "",
    "cause_txt": "",
    "channel": "SIP/416-00000cd5",
    "connected_line_name": "CID:36944000",
    "connected_line_num": "09136421196",
    "direction": "out",
    "end_time": "2025-07-01T12:51:22",
    "extension_number": "416",
    "has_ringing": false,
    "linkedid": "1751361731.48781",
    "other_extension_number": "09136421196",
    "raw_event": {
        "AccountCode": "",
        "CallerIDName": "<unknown>",
        "CallerIDNum": "416",
        "Cause": "20",
        "Cause-txt": "Subscriber absent",
        "Channel": "SIP/416-00000cd5",
        "ChannelState": "4",
        "ChannelStateDesc": "Ring",
        "ConnectedLineName": "CID:36944000",
        "ConnectedLineNum": "09136421196",
        "Context": "from-internal",
        "Event": "Hangup",
        "Exten": "h",
        "Language": "pr2",
        "Linkedid": "1751361731.48781",
        "Priority": "1",
        "Privilege": "call,all",
        "Uniqueid": "1751361731.48781"
    },
    "start_time": "2025-07-01T12:51:18",
    "status": "initiated",
    "timestamp": "2025-07-01T12:51:22",
    "type": "call_summary",
    "uniqueid": "1751361731.48781"
}

{
    "call_type": "",
    "caller_id_name": "416-RD-SW5",
    "caller_id_num": "416",
    "channel": "SIP/416-0000017b",
    "connected_line_name": "<unknown>",
    "connected_line_num": "<unknown>",
    "direction": "",
    "end_time": "",
    "extension_number": "416",
    "has_ringing": false,
    "linkedid": "1751369842.4105",
    "other_extension_number": "",
    "start_time": "2025-07-01T15:06:30",
    "status": "initiated",
    "timestamp": "2025-07-01T15:06:30",
    "type": "call_started",
    "uniqueid": "1751369842.4108"
}

{
    "channel": "SIP/416-0000017b",
    "privilege": "call,all",
    "timestamp": "2025-07-01T15:06:30",
    "type": "call_ringing",
    "uniqueid": "1751369842.4108"
}

{
    "channel": "SIP/416-0000017b",
    "privilege": "call,all",
    "timestamp": "2025-07-01T15:06:33",
    "type": "call_answered",
    "uniqueid": "1751369842.4108"
}

{
    "call_type": "internal",
    "caller_id_name": "416-RD-SW5",
    "caller_id_num": "416",
    "cause": "16",
    "cause_description": "",
    "cause_txt": "",
    "channel": "SIP/416-0000017b",
    "connected_line_name": "414-RD-SW3",
    "connected_line_num": "414",
    "direction": "in",
    "end_time": "2025-07-01T15:06:58",
    "extension_number": "416",
    "has_ringing": true,
    "linkedid": "1751369842.4105",
    "other_extension_number": "414",
    "raw_event": {
        "AccountCode": "",
        "CallerIDName": "416-RD-SW5",
        "CallerIDNum": "416",
        "Cause": "16",
        "Cause-txt": "Normal Clearing",
        "Channel": "SIP/416-0000017b",
        "ChannelState": "6",
        "ChannelStateDesc": "Up",
        "ConnectedLineName": "414-RD-SW3",
        "ConnectedLineNum": "414",
        "Context": "from-internal",
        "Event": "Hangup",
        "Exten": "",
        "Language": "pr2",
        "Linkedid": "1751369842.4105",
        "Priority": "1",
        "Privilege": "call,all",
        "Uniqueid": "1751369842.4108"
    },
    "start_time": "2025-07-01T15:06:33",
    "status": "answered",
    "timestamp": "2025-07-01T15:06:58",
    "type": "call_ended",
    "uniqueid": "1751369842.4108"
}

{
    "call_duration": 24,
    "call_type": "internal",
    "caller_id_name": "416-RD-SW5",
    "caller_id_num": "416",
    "cause": "16",
    "cause_description": "",
    "cause_txt": "",
    "channel": "SIP/416-0000017b",
    "connected_line_name": "414-RD-SW3",
    "connected_line_num": "414",
    "direction": "in",
    "end_time": "2025-07-01T15:06:58",
    "extension_number": "416",
    "has_ringing": true,
    "linkedid": "1751369842.4105",
    "other_extension_number": "414",
    "raw_event": {
        "AccountCode": "",
        "CallerIDName": "416-RD-SW5",
        "CallerIDNum": "416",
        "Cause": "16",
        "Cause-txt": "Normal Clearing",
        "Channel": "SIP/416-0000017b",
        "ChannelState": "6",
        "ChannelStateDesc": "Up",
        "ConnectedLineName": "414-RD-SW3",
        "ConnectedLineNum": "414",
        "Context": "from-internal",
        "Event": "Hangup",
        "Exten": "",
        "Language": "pr2",
        "Linkedid": "1751369842.4105",
        "Priority": "1",
        "Privilege": "call,all",
        "Uniqueid": "1751369842.4108"
    },
    "start_time": "2025-07-01T15:06:33",
    "status": "answered",
    "timestamp": "2025-07-01T15:06:58",
    "type": "call_summary",
    "uniqueid": "1751369842.4108"
}

{
    "extension": "416",
    "privilege": "call,all",
    "timestamp": "2025-07-01T17:25:31",
    "type": "monitor_initialized"
}

{
    "extension": "416",
    "privilege": "call,all",
    "timestamp": "2025-07-01T22:10:29",
    "type": "monitor_initialized"
}

{
    "extension": "416",
    "privilege": "call,all",
    "timestamp": "2025-07-01T22:10:49",
    "type": "monitor_initialized"
}

{
    "extension": "416",
    "privilege": "call,all",
    "timestamp": "2025-07-01T22:12:24",
    "type": "monitor_initialized"
}

{
    "extension": "416",
    "privilege": "call,all",
    "timestamp": "2025-07-01T22:13:46",
    "type": "monitor_initialized"
}

{
    "call_type": "",
    "caller_id_name": "416-RD-SW5",
    "caller_id_num": "416",
    "channel": "SIP/416-00000549",
    "connected_line_name": "<unknown>",
    "connected_line_num": "<unknown>",
    "direction": "",
    "end_time": "",
    "extension_number": "416",
    "has_ringing": false,
    "linkedid": "1751395489.17583",
    "other_extension_number": "",
    "start_time": "2025-07-01T22:13:56",
    "status": "initiated",
    "timestamp": "2025-07-01T22:13:56",
    "type": "call_started",
    "uniqueid": "1751395489.17583"
}

{
    "channel": "SIP/416-00000549",
    "privilege": "call,all",
    "timestamp": "2025-07-01T22:14:02",
    "type": "call_answered",
    "uniqueid": "1751395489.17583"
}

{
    "call_type": "external",
    "caller_id_name": "<unknown>",
    "caller_id_num": "36944000",
    "cause": "16",
    "cause_description": "",
    "cause_txt": "",
    "channel": "SIP/416-00000549",
    "connected_line_name": "CID:36944000",
    "connected_line_num": "09136421196",
    "direction": "out",
    "end_time": "2025-07-01T22:14:17",
    "extension_number": "416",
    "has_ringing": false,
    "linkedid": "1751395489.17583",
    "other_extension_number": "09136421196",
    "raw_event": {
        "AccountCode": "",
        "CallerIDName": "<unknown>",
        "CallerIDNum": "36944000",
        "Cause": "16",
        "Cause-txt": "Normal Clearing",
        "Channel": "SIP/416-00000549",
        "ChannelState": "6",
        "ChannelStateDesc": "Up",
        "ConnectedLineName": "CID:36944000",
        "ConnectedLineNum": "09136421196",
        "Context": "from-internal",
        "Event": "Hangup",
        "Exten": "h",
        "Language": "pr2",
        "Linkedid": "1751395489.17583",
        "Priority": "1",
        "Privilege": "call,all",
        "Uniqueid": "1751395489.17583"
    },
    "start_time": "2025-07-01T22:14:02",
    "status": "answered",
    "timestamp": "2025-07-01T22:14:17",
    "type": "call_ended",
    "uniqueid": "1751395489.17583"
}

{
    "call_duration": 14,
    "call_type": "external",
    "caller_id_name": "<unknown>",
    "caller_id_num": "36944000",
    "cause": "16",
    "cause_description": "",
    "cause_txt": "",
    "channel": "SIP/416-00000549",
    "connected_line_name": "CID:36944000",
    "connected_line_num": "09136421196",
    "direction": "out",
    "end_time": "2025-07-01T22:14:17",
    "extension_number": "416",
    "has_ringing": false,
    "linkedid": "1751395489.17583",
    "other_extension_number": "09136421196",
    "raw_event": {
        "AccountCode": "",
        "CallerIDName": "<unknown>",
        "CallerIDNum": "36944000",
        "Cause": "16",
        "Cause-txt": "Normal Clearing",
        "Channel": "SIP/416-00000549",
        "ChannelState": "6",
        "ChannelStateDesc": "Up",
        "ConnectedLineName": "CID:36944000",
        "ConnectedLineNum": "09136421196",
        "Context": "from-internal",
        "Event": "Hangup",
        "Exten": "h",
        "Language": "pr2",
        "Linkedid": "1751395489.17583",
        "Priority": "1",
        "Privilege": "call,all",
        "Uniqueid": "1751395489.17583"
    },
    "start_time": "2025-07-01T22:14:02",
    "status": "answered",
    "timestamp": "2025-07-01T22:14:17",
    "type": "call_summary",
    "uniqueid": "1751395489.17583"
}

{
    "call_type": "",
    "caller_id_name": "416-RD-SW5",
    "caller_id_num": "416",
    "channel": "SIP/416-0000054b",
    "connected_line_name": "<unknown>",
    "connected_line_num": "<unknown>",
    "direction": "",
    "end_time": "",
    "extension_number": "416",
    "has_ringing": false,
    "linkedid": "1751395730.17646",
    "other_extension_number": "",
    "start_time": "2025-07-01T22:17:57",
    "status": "initiated",
    "timestamp": "2025-07-01T22:17:57",
    "type": "call_started",
    "uniqueid": "1751395730.17646"
}

{
    "channel": "SIP/416-0000054b",
    "privilege": "call,all",
    "timestamp": "2025-07-01T22:18:06",
    "type": "call_answered",
    "uniqueid": "1751395730.17646"
}

{
    "call_type": "external",
    "caller_id_name": "<unknown>",
    "caller_id_num": "36944000",
    "cause": "16",
    "cause_description": "",
    "cause_txt": "",
    "channel": "SIP/416-0000054b",
    "connected_line_name": "CID:36944000",
    "connected_line_num": "09136421196",
    "direction": "out",
    "end_time": "2025-07-01T22:18:11",
    "extension_number": "416",
    "has_ringing": false,
    "linkedid": "1751395730.17646",
    "other_extension_number": "09136421196",
    "raw_event": {
        "AccountCode": "",
        "CallerIDName": "<unknown>",
        "CallerIDNum": "36944000",
        "Cause": "16",
        "Cause-txt": "Normal Clearing",
        "Channel": "SIP/416-0000054b",
        "ChannelState": "6",
        "ChannelStateDesc": "Up",
        "ConnectedLineName": "CID:36944000",
        "ConnectedLineNum": "09136421196",
        "Context": "from-internal",
        "Event": "Hangup",
        "Exten": "h",
        "Language": "pr2",
        "Linkedid": "1751395730.17646",
        "Priority": "1",
        "Privilege": "call,all",
        "Uniqueid": "1751395730.17646"
    },
    "start_time": "2025-07-01T22:18:06",
    "status": "answered",
    "timestamp": "2025-07-01T22:18:11",
    "type": "call_ended",
    "uniqueid": "1751395730.17646"
}

{
    "call_duration": 4,
    "call_type": "external",
    "caller_id_name": "<unknown>",
    "caller_id_num": "36944000",
    "cause": "16",
    "cause_description": "",
    "cause_txt": "",
    "channel": "SIP/416-0000054b",
    "connected_line_name": "CID:36944000",
    "connected_line_num": "09136421196",
    "direction": "out",
    "end_time": "2025-07-01T22:18:11",
    "extension_number": "416",
    "has_ringing": false,
    "linkedid": "1751395730.17646",
    "other_extension_number": "09136421196",
    "raw_event": {
        "AccountCode": "",
        "CallerIDName": "<unknown>",
        "CallerIDNum": "36944000",
        "Cause": "16",
        "Cause-txt": "Normal Clearing",
        "Channel": "SIP/416-0000054b",
        "ChannelState": "6",
        "ChannelStateDesc": "Up",
        "ConnectedLineName": "CID:36944000",
        "ConnectedLineNum": "09136421196",
        "Context": "from-internal",
        "Event": "Hangup",
        "Exten": "h",
        "Language": "pr2",
        "Linkedid": "1751395730.17646",
        "Priority": "1",
        "Privilege": "call,all",
        "Uniqueid": "1751395730.17646"
    },
    "start_time": "2025-07-01T22:18:06",
    "status": "answered",
    "timestamp": "2025-07-01T22:18:11",
    "type": "call_summary",
    "uniqueid": "1751395730.17646"
}

{
    "call_type": "",
    "caller_id_name": "416-RD-SW5",
    "caller_id_num": "416",
    "channel": "SIP/416-0000054e",
    "connected_line_name": "<unknown>",
    "connected_line_num": "<unknown>",
    "direction": "",
    "end_time": "",
    "extension_number": "416",
    "has_ringing": false,
    "linkedid": "1751395814.17687",
    "other_extension_number": "",
    "start_time": "2025-07-01T22:19:31",
    "status": "initiated",
    "timestamp": "2025-07-01T22:19:31",
    "type": "call_started",
    "uniqueid": "1751395823.17691"
}

{
    "channel": "SIP/416-0000054e",
    "privilege": "call,all",
    "timestamp": "2025-07-01T22:19:31",
    "type": "call_ringing",
    "uniqueid": "1751395823.17691"
}

{
    "channel": "SIP/416-0000054e",
    "privilege": "call,all",
    "timestamp": "2025-07-01T22:19:34",
    "type": "call_answered",
    "uniqueid": "1751395823.17691"
}

{
    "call_type": "external",
    "caller_id_name": "416-RD-SW5",
    "caller_id_num": "416",
    "cause": "16",
    "cause_description": "",
    "cause_txt": "",
    "channel": "SIP/416-0000054e",
    "connected_line_name": "9136421196",
    "connected_line_num": "9136421196",
    "direction": "in",
    "end_time": "2025-07-01T22:19:48",
    "extension_number": "416",
    "has_ringing": true,
    "linkedid": "1751395814.17687",
    "other_extension_number": "9136421196",
    "raw_event": {
        "AccountCode": "",
        "CallerIDName": "416-RD-SW5",
        "CallerIDNum": "416",
        "Cause": "16",
        "Cause-txt": "Normal Clearing",
        "Channel": "SIP/416-0000054e",
        "ChannelState": "6",
        "ChannelStateDesc": "Up",
        "ConnectedLineName": "9136421196",
        "ConnectedLineNum": "9136421196",
        "Context": "from-internal",
        "Event": "Hangup",
        "Exten": "",
        "Language": "pr2",
        "Linkedid": "1751395814.17687",
        "Priority": "1",
        "Privilege": "call,all",
        "Uniqueid": "1751395823.17691"
    },
    "start_time": "2025-07-01T22:19:34",
    "status": "answered",
    "timestamp": "2025-07-01T22:19:48",
    "type": "call_ended",
    "uniqueid": "1751395823.17691"
}

{
    "call_duration": 13,
    "call_type": "external",
    "caller_id_name": "416-RD-SW5",
    "caller_id_num": "416",
    "cause": "16",
    "cause_description": "",
    "cause_txt": "",
    "channel": "SIP/416-0000054e",
    "connected_line_name": "9136421196",
    "connected_line_num": "9136421196",
    "direction": "in",
    "end_time": "2025-07-01T22:19:48",
    "extension_number": "416",
    "has_ringing": true,
    "linkedid": "1751395814.17687",
    "other_extension_number": "9136421196",
    "raw_event": {
        "AccountCode": "",
        "CallerIDName": "416-RD-SW5",
        "CallerIDNum": "416",
        "Cause": "16",
        "Cause-txt": "Normal Clearing",
        "Channel": "SIP/416-0000054e",
        "ChannelState": "6",
        "ChannelStateDesc": "Up",
        "ConnectedLineName": "9136421196",
        "ConnectedLineNum": "9136421196",
        "Context": "from-internal",
        "Event": "Hangup",
        "Exten": "",
        "Language": "pr2",
        "Linkedid": "1751395814.17687",
        "Priority": "1",
        "Privilege": "call,all",
        "Uniqueid": "1751395823.17691"
    },
    "start_time": "2025-07-01T22:19:34",
    "status": "answered",
    "timestamp": "2025-07-01T22:19:48",
    "type": "call_summary",
    "uniqueid": "1751395823.17691"
}

{
    "extension": "416",
    "privilege": "call,all",
    "timestamp": "2025-07-01T22:21:57",
    "type": "monitor_initialized"
}

{
    "call_type": "",
    "caller_id_name": "416-RD-SW5",
    "caller_id_num": "416",
    "channel": "SIP/416-0000054f",
    "connected_line_name": "<unknown>",
    "connected_line_num": "<unknown>",
    "direction": "",
    "end_time": "",
    "extension_number": "416",
    "has_ringing": false,
    "linkedid": "1751395987.17739",
    "other_extension_number": "",
    "start_time": "2025-07-01T22:22:15",
    "status": "initiated",
    "timestamp": "2025-07-01T22:22:15",
    "type": "call_started",
    "uniqueid": "1751395987.17739"
}

{
    "channel": "SIP/416-0000054f",
    "privilege": "call,all",
    "timestamp": "2025-07-01T22:22:19",
    "type": "call_answered",
    "uniqueid": "1751395987.17739"
}

{
    "call_type": "external",
    "caller_id_name": "<unknown>",
    "caller_id_num": "36944000",
    "cause": "16",
    "cause_description": "",
    "cause_txt": "",
    "channel": "SIP/416-0000054f",
    "connected_line_name": "CID:36944000",
    "connected_line_num": "09136421196",
    "direction": "out",
    "end_time": "2025-07-01T22:22:30",
    "extension_number": "416",
    "has_ringing": false,
    "linkedid": "1751395987.17739",
    "other_extension_number": "09136421196",
    "raw_event": {
        "AccountCode": "",
        "CallerIDName": "<unknown>",
        "CallerIDNum": "36944000",
        "Cause": "16",
        "Cause-txt": "Normal Clearing",
        "Channel": "SIP/416-0000054f",
        "ChannelState": "6",
        "ChannelStateDesc": "Up",
        "ConnectedLineName": "CID:36944000",
        "ConnectedLineNum": "09136421196",
        "Context": "from-internal",
        "Event": "Hangup",
        "Exten": "h",
        "Language": "pr2",
        "Linkedid": "1751395987.17739",
        "Priority": "1",
        "Privilege": "call,all",
        "Uniqueid": "1751395987.17739"
    },
    "start_time": "2025-07-01T22:22:19",
    "status": "answered",
    "timestamp": "2025-07-01T22:22:30",
    "type": "call_ended",
    "uniqueid": "1751395987.17739"
}

{
    "call_duration": 10,
    "call_type": "external",
    "caller_id_name": "<unknown>",
    "caller_id_num": "36944000",
    "cause": "16",
    "cause_description": "",
    "cause_txt": "",
    "channel": "SIP/416-0000054f",
    "connected_line_name": "CID:36944000",
    "connected_line_num": "09136421196",
    "direction": "out",
    "end_time": "2025-07-01T22:22:30",
    "extension_number": "416",
    "has_ringing": false,
    "linkedid": "1751395987.17739",
    "other_extension_number": "09136421196",
    "raw_event": {
        "AccountCode": "",
        "CallerIDName": "<unknown>",
        "CallerIDNum": "36944000",
        "Cause": "16",
        "Cause-txt": "Normal Clearing",
        "Channel": "SIP/416-0000054f",
        "ChannelState": "6",
        "ChannelStateDesc": "Up",
        "ConnectedLineName": "CID:36944000",
        "ConnectedLineNum": "09136421196",
        "Context": "from-internal",
        "Event": "Hangup",
        "Exten": "h",
        "Language": "pr2",
        "Linkedid": "1751395987.17739",
        "Priority": "1",
        "Privilege": "call,all",
        "Uniqueid": "1751395987.17739"
    },
    "start_time": "2025-07-01T22:22:19",
    "status": "answered",
    "timestamp": "2025-07-01T22:22:30",
    "type": "call_summary",
    "uniqueid": "1751395987.17739"
}

{
    "extension": "416",
    "privilege": "call,all",
    "timestamp": "2025-07-01T22:24:21",
    "type": "monitor_initialized"
}

{
    "call_type": "",
    "caller_id_name": "416-RD-SW5",
    "caller_id_num": "416",
    "channel": "SIP/416-00000551",
    "connected_line_name": "<unknown>",
    "connected_line_num": "<unknown>",
    "direction": "",
    "end_time": "",
    "extension_number": "416",
    "has_ringing": false,
    "linkedid": "1751396118.17780",
    "other_extension_number": "",
    "start_time": "2025-07-01T22:24:26",
    "status": "initiated",
    "timestamp": "2025-07-01T22:24:26",
    "type": "call_started",
    "uniqueid": "1751396118.17780"
}

{
    "channel": "SIP/416-00000551",
    "privilege": "call,all",
    "timestamp": "2025-07-01T22:24:36",
    "type": "call_answered",
    "uniqueid": "1751396118.17780"
}

{
    "call_type": "external",
    "caller_id_name": "<unknown>",
    "caller_id_num": "36944000",
    "cause": "16",
    "cause_description": "",
    "cause_txt": "",
    "channel": "SIP/416-00000551",
    "connected_line_name": "CID:36944000",
    "connected_line_num": "09136421196",
    "direction": "out",
    "end_time": "2025-07-01T22:24:57",
    "extension_number": "416",
    "has_ringing": false,
    "linkedid": "1751396118.17780",
    "other_extension_number": "09136421196",
    "raw_event": {
        "AccountCode": "",
        "CallerIDName": "<unknown>",
        "CallerIDNum": "36944000",
        "Cause": "16",
        "Cause-txt": "Normal Clearing",
        "Channel": "SIP/416-00000551",
        "ChannelState": "6",
        "ChannelStateDesc": "Up",
        "ConnectedLineName": "CID:36944000",
        "ConnectedLineNum": "09136421196",
        "Context": "from-internal",
        "Event": "Hangup",
        "Exten": "h",
        "Language": "pr2",
        "Linkedid": "1751396118.17780",
        "Priority": "1",
        "Privilege": "call,all",
        "Uniqueid": "1751396118.17780"
    },
    "start_time": "2025-07-01T22:24:36",
    "status": "answered",
    "timestamp": "2025-07-01T22:24:57",
    "type": "call_ended",
    "uniqueid": "1751396118.17780"
}

{
    "call_duration": 21,
    "call_type": "external",
    "caller_id_name": "<unknown>",
    "caller_id_num": "36944000",
    "cause": "16",
    "cause_description": "",
    "cause_txt": "",
    "channel": "SIP/416-00000551",
    "connected_line_name": "CID:36944000",
    "connected_line_num": "09136421196",
    "direction": "out",
    "end_time": "2025-07-01T22:24:57",
    "extension_number": "416",
    "has_ringing": false,
    "linkedid": "1751396118.17780",
    "other_extension_number": "09136421196",
    "raw_event": {
        "AccountCode": "",
        "CallerIDName": "<unknown>",
        "CallerIDNum": "36944000",
        "Cause": "16",
        "Cause-txt": "Normal Clearing",
        "Channel": "SIP/416-00000551",
        "ChannelState": "6",
        "ChannelStateDesc": "Up",
        "ConnectedLineName": "CID:36944000",
        "ConnectedLineNum": "09136421196",
        "Context": "from-internal",
        "Event": "Hangup",
        "Exten": "h",
        "Language": "pr2",
        "Linkedid": "1751396118.17780",
        "Priority": "1",
        "Privilege": "call,all",
        "Uniqueid": "1751396118.17780"
    },
    "start_time": "2025-07-01T22:24:36",
    "status": "answered",
    "timestamp": "2025-07-01T22:24:57",
    "type": "call_summary",
    "uniqueid": "1751396118.17780"
}

{
    "extension": "416",
    "privilege": "call,all",
    "timestamp": "2025-07-01T22:27:39",
    "type": "monitor_initialized"
}

{
    "call_type": "",
    "caller_id_name": "416-RD-SW5",
    "caller_id_num": "416",
    "channel": "SIP/416-00000553",
    "connected_line_name": "<unknown>",
    "connected_line_num": "<unknown>",
    "direction": "",
    "end_time": "",
    "extension_number": "416",
    "has_ringing": false,
    "linkedid": "1751396319.17832",
    "other_extension_number": "",
    "start_time": "2025-07-01T22:27:47",
    "status": "initiated",
    "timestamp": "2025-07-01T22:27:47",
    "type": "call_started",
    "uniqueid": "1751396319.17832"
}

{
    "channel": "SIP/416-00000553",
    "privilege": "call,all",
    "timestamp": "2025-07-01T22:27:52",
    "type": "call_answered",
    "uniqueid": "1751396319.17832"
}

{
    "call_type": "external",
    "caller_id_name": "<unknown>",
    "caller_id_num": "36944000",
    "cause": "16",
    "cause_description": "",
    "cause_txt": "",
    "channel": "SIP/416-00000553",
    "connected_line_name": "CID:36944000",
    "connected_line_num": "09136421196",
    "direction": "out",
    "end_time": "2025-07-01T22:28:18",
    "extension_number": "416",
    "has_ringing": false,
    "linkedid": "1751396319.17832",
    "other_extension_number": "09136421196",
    "raw_event": {
        "AccountCode": "",
        "CallerIDName": "<unknown>",
        "CallerIDNum": "36944000",
        "Cause": "16",
        "Cause-txt": "Normal Clearing",
        "Channel": "SIP/416-00000553",
        "ChannelState": "6",
        "ChannelStateDesc": "Up",
        "ConnectedLineName": "CID:36944000",
        "ConnectedLineNum": "09136421196",
        "Context": "from-internal",
        "Event": "Hangup",
        "Exten": "h",
        "Language": "pr2",
        "Linkedid": "1751396319.17832",
        "Priority": "1",
        "Privilege": "call,all",
        "Uniqueid": "1751396319.17832"
    },
    "start_time": "2025-07-01T22:27:52",
    "status": "answered",
    "timestamp": "2025-07-01T22:28:18",
    "type": "call_ended",
    "uniqueid": "1751396319.17832"
}

{
    "call_duration": 25,
    "call_type": "external",
    "caller_id_name": "<unknown>",
    "caller_id_num": "36944000",
    "cause": "16",
    "cause_description": "",
    "cause_txt": "",
    "channel": "SIP/416-00000553",
    "connected_line_name": "CID:36944000",
    "connected_line_num": "09136421196",
    "direction": "out",
    "end_time": "2025-07-01T22:28:18",
    "extension_number": "416",
    "has_ringing": false,
    "linkedid": "1751396319.17832",
    "other_extension_number": "09136421196",
    "raw_event": {
        "AccountCode": "",
        "CallerIDName": "<unknown>",
        "CallerIDNum": "36944000",
        "Cause": "16",
        "Cause-txt": "Normal Clearing",
        "Channel": "SIP/416-00000553",
        "ChannelState": "6",
        "ChannelStateDesc": "Up",
        "ConnectedLineName": "CID:36944000",
        "ConnectedLineNum": "09136421196",
        "Context": "from-internal",
        "Event": "Hangup",
        "Exten": "h",
        "Language": "pr2",
        "Linkedid": "1751396319.17832",
        "Priority": "1",
        "Privilege": "call,all",
        "Uniqueid": "1751396319.17832"
    },
    "start_time": "2025-07-01T22:27:52",
    "status": "answered",
    "timestamp": "2025-07-01T22:28:18",
    "type": "call_summary",
    "uniqueid": "1751396319.17832"
}

{
    "extension": "416",
    "privilege": "call,all",
    "timestamp": "2025-07-01T22:30:42",
    "type": "monitor_initialized"
}

{
    "call_type": "",
    "caller_id_name": "416-RD-SW5",
    "caller_id_num": "416",
    "channel": "SIP/416-00000555",
    "connected_line_name": "<unknown>",
    "connected_line_num": "<unknown>",
    "direction": "",
    "end_time": "",
    "extension_number": "416",
    "has_ringing": false,
    "linkedid": "1751396505.17884",
    "other_extension_number": "",
    "start_time": "2025-07-01T22:30:52",
    "status": "initiated",
    "timestamp": "2025-07-01T22:30:52",
    "type": "call_started",
    "uniqueid": "1751396505.17884"
}

{
    "channel": "SIP/416-00000555",
    "privilege": "call,all",
    "timestamp": "2025-07-01T22:30:58",
    "type": "call_answered",
    "uniqueid": "1751396505.17884"
}

{
    "call_type": "external",
    "caller_id_name": "<unknown>",
    "caller_id_num": "36944000",
    "cause": "16",
    "cause_description": "",
    "cause_txt": "",
    "channel": "SIP/416-00000555",
    "connected_line_name": "CID:36944000",
    "connected_line_num": "09136421196",
    "direction": "out",
    "end_time": "2025-07-01T22:31:17",
    "extension_number": "416",
    "has_ringing": false,
    "linkedid": "1751396505.17884",
    "other_extension_number": "09136421196",
    "raw_event": {
        "AccountCode": "",
        "CallerIDName": "<unknown>",
        "CallerIDNum": "36944000",
        "Cause": "16",
        "Cause-txt": "Normal Clearing",
        "Channel": "SIP/416-00000555",
        "ChannelState": "6",
        "ChannelStateDesc": "Up",
        "ConnectedLineName": "CID:36944000",
        "ConnectedLineNum": "09136421196",
        "Context": "from-internal",
        "Event": "Hangup",
        "Exten": "h",
        "Language": "pr2",
        "Linkedid": "1751396505.17884",
        "Priority": "1",
        "Privilege": "call,all",
        "Uniqueid": "1751396505.17884"
    },
    "start_time": "2025-07-01T22:30:58",
    "status": "answered",
    "timestamp": "2025-07-01T22:31:17",
    "type": "call_ended",
    "uniqueid": "1751396505.17884"
}

{
    "call_duration": 18,
    "call_type": "external",
    "caller_id_name": "<unknown>",
    "caller_id_num": "36944000",
    "cause": "16",
    "cause_description": "",
    "cause_txt": "",
    "channel": "SIP/416-00000555",
    "connected_line_name": "CID:36944000",
    "connected_line_num": "09136421196",
    "direction": "out",
    "end_time": "2025-07-01T22:31:17",
    "extension_number": "416",
    "has_ringing": false,
    "linkedid": "1751396505.17884",
    "other_extension_number": "09136421196",
    "raw_event": {
        "AccountCode": "",
        "CallerIDName": "<unknown>",
        "CallerIDNum": "36944000",
        "Cause": "16",
        "Cause-txt": "Normal Clearing",
        "Channel": "SIP/416-00000555",
        "ChannelState": "6",
        "ChannelStateDesc": "Up",
        "ConnectedLineName": "CID:36944000",
        "ConnectedLineNum": "09136421196",
        "Context": "from-internal",
        "Event": "Hangup",
        "Exten": "h",
        "Language": "pr2",
        "Linkedid": "1751396505.17884",
        "Priority": "1",
        "Privilege": "call,all",
        "Uniqueid": "1751396505.17884"
    },
    "start_time": "2025-07-01T22:30:58",
    "status": "answered",
    "timestamp": "2025-07-01T22:31:17",
    "type": "call_summary",
    "uniqueid": "1751396505.17884"
}

{
    "extension": "416",
    "privilege": "call,all",
    "timestamp": "2025-07-01T22:32:49",
    "type": "monitor_initialized"
}

{
    "call_type": "",
    "caller_id_name": "416-RD-SW5",
    "caller_id_num": "416",
    "channel": "SIP/416-00000557",
    "connected_line_name": "<unknown>",
    "connected_line_num": "<unknown>",
    "direction": "",
    "end_time": "",
    "extension_number": "416",
    "has_ringing": false,
    "linkedid": "1751396659.17936",
    "other_extension_number": "",
    "start_time": "2025-07-01T22:33:26",
    "status": "initiated",
    "timestamp": "2025-07-01T22:33:26",
    "type": "call_started",
    "uniqueid": "1751396659.17936"
}

{
    "call_type": "external",
    "caller_id_name": "<unknown>",
    "caller_id_num": "36944000",
    "cause": "17",
    "cause_description": "",
    "cause_txt": "",
    "channel": "SIP/416-00000557",
    "connected_line_name": "CID:36944000",
    "connected_line_num": "09136421196",
    "direction": "out",
    "end_time": "2025-07-01T22:33:36",
    "extension_number": "416",
    "has_ringing": false,
    "linkedid": "1751396659.17936",
    "other_extension_number": "09136421196",
    "raw_event": {
        "AccountCode": "",
        "CallerIDName": "<unknown>",
        "CallerIDNum": "36944000",
        "Cause": "17",
        "Cause-txt": "User busy",
        "Channel": "SIP/416-00000557",
        "ChannelState": "7",
        "ChannelStateDesc": "Busy",
        "ConnectedLineName": "CID:36944000",
        "ConnectedLineNum": "09136421196",
        "Context": "from-internal",
        "Event": "Hangup",
        "Exten": "h",
        "Language": "pr2",
        "Linkedid": "1751396659.17936",
        "Priority": "1",
        "Privilege": "call,all",
        "Uniqueid": "1751396659.17936"
    },
    "start_time": "2025-07-01T22:33:26",
    "status": "initiated",
    "timestamp": "2025-07-01T22:33:36",
    "type": "call_ended",
    "uniqueid": "1751396659.17936"
}

{
    "call_duration": 10,
    "call_type": "external",
    "caller_id_name": "<unknown>",
    "caller_id_num": "36944000",
    "cause": "17",
    "cause_description": "",
    "cause_txt": "",
    "channel": "SIP/416-00000557",
    "connected_line_name": "CID:36944000",
    "connected_line_num": "09136421196",
    "direction": "out",
    "end_time": "2025-07-01T22:33:36",
    "extension_number": "416",
    "has_ringing": false,
    "linkedid": "1751396659.17936",
    "other_extension_number": "09136421196",
    "raw_event": {
        "AccountCode": "",
        "CallerIDName": "<unknown>",
        "CallerIDNum": "36944000",
        "Cause": "17",
        "Cause-txt": "User busy",
        "Channel": "SIP/416-00000557",
        "ChannelState": "7",
        "ChannelStateDesc": "Busy",
        "ConnectedLineName": "CID:36944000",
        "ConnectedLineNum": "09136421196",
        "Context": "from-internal",
        "Event": "Hangup",
        "Exten": "h",
        "Language": "pr2",
        "Linkedid": "1751396659.17936",
        "Priority": "1",
        "Privilege": "call,all",
        "Uniqueid": "1751396659.17936"
    },
    "start_time": "2025-07-01T22:33:26",
    "status": "initiated",
    "timestamp": "2025-07-01T22:33:36",
    "type": "call_summary",
    "uniqueid": "1751396659.17936"
}

{
    "call_type": "",
    "caller_id_name": "416-RD-SW5",
    "caller_id_num": "416",
    "channel": "SIP/416-00000559",
    "connected_line_name": "<unknown>",
    "connected_line_num": "<unknown>",
    "direction": "",
    "end_time": "",
    "extension_number": "416",
    "has_ringing": false,
    "linkedid": "1751399106.18402",
    "other_extension_number": "",
    "start_time": "2025-07-01T23:14:13",
    "status": "initiated",
    "timestamp": "2025-07-01T23:14:13",
    "type": "call_started",
    "uniqueid": "1751399106.18402"
}

{
    "channel": "SIP/416-00000559",
    "privilege": "call,all",
    "timestamp": "2025-07-01T23:14:21",
    "type": "call_answered",
    "uniqueid": "1751399106.18402"
}

{
    "call_type": "external",
    "caller_id_name": "<unknown>",
    "caller_id_num": "36944000",
    "cause": "16",
    "cause_description": "",
    "cause_txt": "",
    "channel": "SIP/416-00000559",
    "connected_line_name": "CID:36944000",
    "connected_line_num": "09136421196",
    "direction": "out",
    "end_time": "2025-07-01T23:14:32",
    "extension_number": "416",
    "has_ringing": false,
    "linkedid": "1751399106.18402",
    "other_extension_number": "09136421196",
    "raw_event": {
        "AccountCode": "",
        "CallerIDName": "<unknown>",
        "CallerIDNum": "36944000",
        "Cause": "16",
        "Cause-txt": "Normal Clearing",
        "Channel": "SIP/416-00000559",
        "ChannelState": "6",
        "ChannelStateDesc": "Up",
        "ConnectedLineName": "CID:36944000",
        "ConnectedLineNum": "09136421196",
        "Context": "from-internal",
        "Event": "Hangup",
        "Exten": "h",
        "Language": "pr2",
        "Linkedid": "1751399106.18402",
        "Priority": "1",
        "Privilege": "call,all",
        "Uniqueid": "1751399106.18402"
    },
    "start_time": "2025-07-01T23:14:21",
    "status": "answered",
    "timestamp": "2025-07-01T23:14:32",
    "type": "call_ended",
    "uniqueid": "1751399106.18402"
}

{
    "call_duration": 10,
    "call_type": "external",
    "caller_id_name": "<unknown>",
    "caller_id_num": "36944000",
    "cause": "16",
    "cause_description": "",
    "cause_txt": "",
    "channel": "SIP/416-00000559",
    "connected_line_name": "CID:36944000",
    "connected_line_num": "09136421196",
    "direction": "out",
    "end_time": "2025-07-01T23:14:32",
    "extension_number": "416",
    "has_ringing": false,
    "linkedid": "1751399106.18402",
    "other_extension_number": "09136421196",
    "raw_event": {
        "AccountCode": "",
        "CallerIDName": "<unknown>",
        "CallerIDNum": "36944000",
        "Cause": "16",
        "Cause-txt": "Normal Clearing",
        "Channel": "SIP/416-00000559",
        "ChannelState": "6",
        "ChannelStateDesc": "Up",
        "ConnectedLineName": "CID:36944000",
        "ConnectedLineNum": "09136421196",
        "Context": "from-internal",
        "Event": "Hangup",
        "Exten": "h",
        "Language": "pr2",
        "Linkedid": "1751399106.18402",
        "Priority": "1",
        "Privilege": "call,all",
        "Uniqueid": "1751399106.18402"
    },
    "start_time": "2025-07-01T23:14:21",
    "status": "answered",
    "timestamp": "2025-07-01T23:14:32",
    "type": "call_summary",
    "uniqueid": "1751399106.18402"
}

{
    "extension": "416",
    "privilege": "call,all",
    "timestamp": "2025-07-01T23:15:48",
    "type": "monitor_initialized"
}

{
    "call_type": "",
    "caller_id_name": "416-RD-SW5",
    "caller_id_num": "416",
    "channel": "SIP/416-0000055b",
    "connected_line_name": "<unknown>",
    "connected_line_num": "<unknown>",
    "direction": "",
    "end_time": "",
    "extension_number": "416",
    "has_ringing": false,
    "linkedid": "1751399210.18432",
    "other_extension_number": "",
    "start_time": "2025-07-01T23:15:57",
    "status": "initiated",
    "timestamp": "2025-07-01T23:15:57",
    "type": "call_started",
    "uniqueid": "1751399210.18432"
}

{
    "channel": "SIP/416-0000055b",
    "privilege": "call,all",
    "timestamp": "2025-07-01T23:16:03",
    "type": "call_answered",
    "uniqueid": "1751399210.18432"
}

{
    "call_type": "external",
    "caller_id_name": "<unknown>",
    "caller_id_num": "36944000",
    "cause": "16",
    "cause_description": "",
    "cause_txt": "",
    "channel": "SIP/416-0000055b",
    "connected_line_name": "CID:36944000",
    "connected_line_num": "09136421196",
    "direction": "out",
    "end_time": "2025-07-01T23:16:15",
    "extension_number": "416",
    "has_ringing": false,
    "linkedid": "1751399210.18432",
    "other_extension_number": "09136421196",
    "raw_event": {
        "AccountCode": "",
        "CallerIDName": "<unknown>",
        "CallerIDNum": "36944000",
        "Cause": "16",
        "Cause-txt": "Normal Clearing",
        "Channel": "SIP/416-0000055b",
        "ChannelState": "6",
        "ChannelStateDesc": "Up",
        "ConnectedLineName": "CID:36944000",
        "ConnectedLineNum": "09136421196",
        "Context": "from-internal",
        "Event": "Hangup",
        "Exten": "h",
        "Language": "pr2",
        "Linkedid": "1751399210.18432",
        "Priority": "1",
        "Privilege": "call,all",
        "Uniqueid": "1751399210.18432"
    },
    "start_time": "2025-07-01T23:16:03",
    "status": "answered",
    "timestamp": "2025-07-01T23:16:15",
    "type": "call_ended",
    "uniqueid": "1751399210.18432"
}

{
    "call_duration": 11,
    "call_type": "external",
    "caller_id_name": "<unknown>",
    "caller_id_num": "36944000",
    "cause": "16",
    "cause_description": "",
    "cause_txt": "",
    "channel": "SIP/416-0000055b",
    "connected_line_name": "CID:36944000",
    "connected_line_num": "09136421196",
    "direction": "out",
    "end_time": "2025-07-01T23:16:15",
    "extension_number": "416",
    "has_ringing": false,
    "linkedid": "1751399210.18432",
    "other_extension_number": "09136421196",
    "raw_event": {
        "AccountCode": "",
        "CallerIDName": "<unknown>",
        "CallerIDNum": "36944000",
        "Cause": "16",
        "Cause-txt": "Normal Clearing",
        "Channel": "SIP/416-0000055b",
        "ChannelState": "6",
        "ChannelStateDesc": "Up",
        "ConnectedLineName": "CID:36944000",
        "ConnectedLineNum": "09136421196",
        "Context": "from-internal",
        "Event": "Hangup",
        "Exten": "h",
        "Language": "pr2",
        "Linkedid": "1751399210.18432",
        "Priority": "1",
        "Privilege": "call,all",
        "Uniqueid": "1751399210.18432"
    },
    "start_time": "2025-07-01T23:16:03",
    "status": "answered",
    "timestamp": "2025-07-01T23:16:15",
    "type": "call_summary",
    "uniqueid": "1751399210.18432"
}

{
    "call_type": "",
    "caller_id_name": "416-RD-SW5",
    "caller_id_num": "416",
    "channel": "SIP/416-0000055d",
    "connected_line_name": "<unknown>",
    "connected_line_num": "<unknown>",
    "direction": "",
    "end_time": "",
    "extension_number": "416",
    "has_ringing": false,
    "linkedid": "1751399265.18462",
    "other_extension_number": "",
    "start_time": "2025-07-01T23:16:52",
    "status": "initiated",
    "timestamp": "2025-07-01T23:16:52",
    "type": "call_started",
    "uniqueid": "1751399265.18462"
}

{
    "channel": "SIP/416-0000055d",
    "privilege": "call,all",
    "timestamp": "2025-07-01T23:17:00",
    "type": "call_answered",
    "uniqueid": "1751399265.18462"
}

{
    "call_type": "external",
    "caller_id_name": "<unknown>",
    "caller_id_num": "36944000",
    "cause": "16",
    "cause_description": "",
    "cause_txt": "",
    "channel": "SIP/416-0000055d",
    "connected_line_name": "CID:36944000",
    "connected_line_num": "09136421196",
    "direction": "out",
    "end_time": "2025-07-01T23:17:23",
    "extension_number": "416",
    "has_ringing": false,
    "linkedid": "1751399265.18462",
    "other_extension_number": "09136421196",
    "raw_event": {
        "AccountCode": "",
        "CallerIDName": "<unknown>",
        "CallerIDNum": "36944000",
        "Cause": "16",
        "Cause-txt": "Normal Clearing",
        "Channel": "SIP/416-0000055d",
        "ChannelState": "6",
        "ChannelStateDesc": "Up",
        "ConnectedLineName": "CID:36944000",
        "ConnectedLineNum": "09136421196",
        "Context": "from-internal",
        "Event": "Hangup",
        "Exten": "h",
        "Language": "pr2",
        "Linkedid": "1751399265.18462",
        "Priority": "1",
        "Privilege": "call,all",
        "Uniqueid": "1751399265.18462"
    },
    "start_time": "2025-07-01T23:17:00",
    "status": "answered",
    "timestamp": "2025-07-01T23:17:23",
    "type": "call_ended",
    "uniqueid": "1751399265.18462"
}

{
    "call_duration": 22,
    "call_type": "external",
    "caller_id_name": "<unknown>",
    "caller_id_num": "36944000",
    "cause": "16",
    "cause_description": "",
    "cause_txt": "",
    "channel": "SIP/416-0000055d",
    "connected_line_name": "CID:36944000",
    "connected_line_num": "09136421196",
    "direction": "out",
    "end_time": "2025-07-01T23:17:23",
    "extension_number": "416",
    "has_ringing": false,
    "linkedid": "1751399265.18462",
    "other_extension_number": "09136421196",
    "raw_event": {
        "AccountCode": "",
        "CallerIDName": "<unknown>",
        "CallerIDNum": "36944000",
        "Cause": "16",
        "Cause-txt": "Normal Clearing",
        "Channel": "SIP/416-0000055d",
        "ChannelState": "6",
        "ChannelStateDesc": "Up",
        "ConnectedLineName": "CID:36944000",
        "ConnectedLineNum": "09136421196",
        "Context": "from-internal",
        "Event": "Hangup",
        "Exten": "h",
        "Language": "pr2",
        "Linkedid": "1751399265.18462",
        "Priority": "1",
        "Privilege": "call,all",
        "Uniqueid": "1751399265.18462"
    },
    "start_time": "2025-07-01T23:17:00",
    "status": "answered",
    "timestamp": "2025-07-01T23:17:23",
    "type": "call_summary",
    "uniqueid": "1751399265.18462"
}

{
    "call_type": "",
    "caller_id_name": "416-RD-SW5",
    "caller_id_num": "416",
    "channel": "SIP/416-0000055f",
    "connected_line_name": "<unknown>",
    "connected_line_num": "<unknown>",
    "direction": "",
    "end_time": "",
    "extension_number": "416",
    "has_ringing": false,
    "linkedid": "1751399398.18503",
    "other_extension_number": "",
    "start_time": "2025-07-01T23:19:05",
    "status": "initiated",
    "timestamp": "2025-07-01T23:19:05",
    "type": "call_started",
    "uniqueid": "1751399398.18503"
}

{
    "channel": "SIP/416-0000055f",
    "privilege": "call,all",
    "timestamp": "2025-07-01T23:19:14",
    "type": "call_answered",
    "uniqueid": "1751399398.18503"
}

{
    "call_type": "external",
    "caller_id_name": "<unknown>",
    "caller_id_num": "36944000",
    "cause": "16",
    "cause_description": "",
    "cause_txt": "",
    "channel": "SIP/416-0000055f",
    "connected_line_name": "CID:36944000",
    "connected_line_num": "09136421196",
    "direction": "out",
    "end_time": "2025-07-01T23:19:41",
    "extension_number": "416",
    "has_ringing": false,
    "linkedid": "1751399398.18503",
    "other_extension_number": "09136421196",
    "raw_event": {
        "AccountCode": "",
        "CallerIDName": "<unknown>",
        "CallerIDNum": "36944000",
        "Cause": "16",
        "Cause-txt": "Normal Clearing",
        "Channel": "SIP/416-0000055f",
        "ChannelState": "6",
        "ChannelStateDesc": "Up",
        "ConnectedLineName": "CID:36944000",
        "ConnectedLineNum": "09136421196",
        "Context": "from-internal",
        "Event": "Hangup",
        "Exten": "h",
        "Language": "pr2",
        "Linkedid": "1751399398.18503",
        "Priority": "1",
        "Privilege": "call,all",
        "Uniqueid": "1751399398.18503"
    },
    "start_time": "2025-07-01T23:19:14",
    "status": "answered",
    "timestamp": "2025-07-01T23:19:41",
    "type": "call_ended",
    "uniqueid": "1751399398.18503"
}

{
    "call_duration": 27,
    "call_type": "external",
    "caller_id_name": "<unknown>",
    "caller_id_num": "36944000",
    "cause": "16",
    "cause_description": "",
    "cause_txt": "",
    "channel": "SIP/416-0000055f",
    "connected_line_name": "CID:36944000",
    "connected_line_num": "09136421196",
    "direction": "out",
    "end_time": "2025-07-01T23:19:41",
    "extension_number": "416",
    "has_ringing": false,
    "linkedid": "1751399398.18503",
    "other_extension_number": "09136421196",
    "raw_event": {
        "AccountCode": "",
        "CallerIDName": "<unknown>",
        "CallerIDNum": "36944000",
        "Cause": "16",
        "Cause-txt": "Normal Clearing",
        "Channel": "SIP/416-0000055f",
        "ChannelState": "6",
        "ChannelStateDesc": "Up",
        "ConnectedLineName": "CID:36944000",
        "ConnectedLineNum": "09136421196",
        "Context": "from-internal",
        "Event": "Hangup",
        "Exten": "h",
        "Language": "pr2",
        "Linkedid": "1751399398.18503",
        "Priority": "1",
        "Privilege": "call,all",
        "Uniqueid": "1751399398.18503"
    },
    "start_time": "2025-07-01T23:19:14",
    "status": "answered",
    "timestamp": "2025-07-01T23:19:41",
    "type": "call_summary",
    "uniqueid": "1751399398.18503"
}

{
    "extension": "416",
    "privilege": "call,all",
    "timestamp": "2025-07-02T01:19:48",
    "type": "monitor_initialized"
}

{
    "extension": "416",
    "privilege": "call,all",
    "timestamp": "2025-07-02T01:38:59",
    "type": "monitor_initialized"
}

{
    "extension": "416",
    "privilege": "call,all",
    "timestamp": "2025-07-02T01:46:06",
    "type": "monitor_initialized"
}

{
    "extension": "416",
    "privilege": "call,all",
    "timestamp": "2025-07-02T03:52:41",
    "type": "monitor_initialized"
}

{
    "extension": "416",
    "privilege": "call,all",
    "timestamp": "2025-07-07T12:25:08",
    "type": "monitor_initialized"
}

{
    "extension": "416",
    "privilege": "call,all",
    "timestamp": "2025-07-07T12:56:52",
    "type": "monitor_initialized"
}

{
    "extension": "416",
    "privilege": "call,all",
    "timestamp": "2025-07-07T12:59:37",
    "type": "monitor_initialized"
}

{
    "extension": "416",
    "privilege": "call,all",
    "timestamp": "2025-07-07T13:02:21",
    "type": "monitor_initialized"
}

{
    "extension": "416",
    "privilege": "call,all",
    "timestamp": "2025-07-07T13:29:36",
    "type": "monitor_initialized"
}

{
    "call_type": "",
    "caller_id_name": "416-RD-SW5",
    "caller_id_num": "416",
    "channel": "SIP/416-00000d39",
    "connected_line_name": "<unknown>",
    "connected_line_num": "<unknown>",
    "direction": "",
    "end_time": "",
    "extension_number": "416",
    "has_ringing": false,
    "linkedid": "1751882458.112740",
    "other_extension_number": "",
    "start_time": "2025-07-07T13:30:05",
    "status": "initiated",
    "timestamp": "2025-07-07T13:30:05",
    "type": "call_started",
    "uniqueid": "1751882458.112740"
}

{
    "channel": "SIP/416-00000d39",
    "privilege": "call,all",
    "timestamp": "2025-07-07T13:30:14",
    "type": "call_answered",
    "uniqueid": "1751882458.112740"
}

{
    "call_type": "external",
    "caller_id_name": "<unknown>",
    "caller_id_num": "36944000",
    "cause": "16",
    "cause_description": "",
    "cause_txt": "",
    "channel": "SIP/416-00000d39",
    "connected_line_name": "CID:36944000",
    "connected_line_num": "09136421196",
    "direction": "out",
    "end_time": "2025-07-07T13:30:20",
    "extension_number": "416",
    "has_ringing": false,
    "linkedid": "1751882458.112740",
    "other_extension_number": "09136421196",
    "raw_event": {
        "AccountCode": "",
        "CallerIDName": "<unknown>",
        "CallerIDNum": "36944000",
        "Cause": "16",
        "Cause-txt": "Normal Clearing",
        "Channel": "SIP/416-00000d39",
        "ChannelState": "6",
        "ChannelStateDesc": "Up",
        "ConnectedLineName": "CID:36944000",
        "ConnectedLineNum": "09136421196",
        "Context": "from-internal",
        "Event": "Hangup",
        "Exten": "h",
        "Language": "pr2",
        "Linkedid": "1751882458.112740",
        "Priority": "1",
        "Privilege": "call,all",
        "Uniqueid": "1751882458.112740"
    },
    "start_time": "2025-07-07T13:30:14",
    "status": "answered",
    "timestamp": "2025-07-07T13:30:20",
    "type": "call_ended",
    "uniqueid": "1751882458.112740"
}

{
    "call_duration": 6,
    "call_type": "external",
    "caller_id_name": "<unknown>",
    "caller_id_num": "36944000",
    "cause": "16",
    "cause_description": "",
    "cause_txt": "",
    "channel": "SIP/416-00000d39",
    "connected_line_name": "CID:36944000",
    "connected_line_num": "09136421196",
    "direction": "out",
    "end_time": "2025-07-07T13:30:20",
    "extension_number": "416",
    "has_ringing": false,
    "linkedid": "1751882458.112740",
    "other_extension_number": "09136421196",
    "raw_event": {
        "AccountCode": "",
        "CallerIDName": "<unknown>",
        "CallerIDNum": "36944000",
        "Cause": "16",
        "Cause-txt": "Normal Clearing",
        "Channel": "SIP/416-00000d39",
        "ChannelState": "6",
        "ChannelStateDesc": "Up",
        "ConnectedLineName": "CID:36944000",
        "ConnectedLineNum": "09136421196",
        "Context": "from-internal",
        "Event": "Hangup",
        "Exten": "h",
        "Language": "pr2",
        "Linkedid": "1751882458.112740",
        "Priority": "1",
        "Privilege": "call,all",
        "Uniqueid": "1751882458.112740"
    },
    "start_time": "2025-07-07T13:30:14",
    "status": "answered",
    "timestamp": "2025-07-07T13:30:20",
    "type": "call_summary",
    "uniqueid": "1751882458.112740"
}

{
    "extension": "416",
    "privilege": "call,all",
    "timestamp": "2025-07-07T13:32:57",
    "type": "monitor_initialized"
}

{
    "call_type": "",
    "caller_id_name": "416-RD-SW5",
    "caller_id_num": "416",
    "channel": "SIP/416-00000d41",
    "connected_line_name": "<unknown>",
    "connected_line_num": "<unknown>",
    "direction": "",
    "end_time": "",
    "extension_number": "416",
    "has_ringing": false,
    "linkedid": "1751882642.112861",
    "other_extension_number": "",
    "start_time": "2025-07-07T13:33:09",
    "status": "initiated",
    "timestamp": "2025-07-07T13:33:09",
    "type": "call_started",
    "uniqueid": "1751882642.112861"
}

{
    "channel": "SIP/416-00000d41",
    "privilege": "call,all",
    "timestamp": "2025-07-07T13:33:14",
    "type": "call_answered",
    "uniqueid": "1751882642.112861"
}

{
    "call_type": "external",
    "caller_id_name": "<unknown>",
    "caller_id_num": "36944000",
    "cause": "16",
    "cause_description": "",
    "cause_txt": "",
    "channel": "SIP/416-00000d41",
    "connected_line_name": "CID:36944000",
    "connected_line_num": "09136421196",
    "direction": "out",
    "end_time": "2025-07-07T13:33:21",
    "extension_number": "416",
    "has_ringing": false,
    "linkedid": "1751882642.112861",
    "other_extension_number": "09136421196",
    "raw_event": {
        "AccountCode": "",
        "CallerIDName": "<unknown>",
        "CallerIDNum": "36944000",
        "Cause": "16",
        "Cause-txt": "Normal Clearing",
        "Channel": "SIP/416-00000d41",
        "ChannelState": "6",
        "ChannelStateDesc": "Up",
        "ConnectedLineName": "CID:36944000",
        "ConnectedLineNum": "09136421196",
        "Context": "from-internal",
        "Event": "Hangup",
        "Exten": "h",
        "Language": "pr2",
        "Linkedid": "1751882642.112861",
        "Priority": "1",
        "Privilege": "call,all",
        "Uniqueid": "1751882642.112861"
    },
    "start_time": "2025-07-07T13:33:14",
    "status": "answered",
    "timestamp": "2025-07-07T13:33:21",
    "type": "call_ended",
    "uniqueid": "1751882642.112861"
}

{
    "call_duration": 7,
    "call_type": "external",
    "caller_id_name": "<unknown>",
    "caller_id_num": "36944000",
    "cause": "16",
    "cause_description": "",
    "cause_txt": "",
    "channel": "SIP/416-00000d41",
    "connected_line_name": "CID:36944000",
    "connected_line_num": "09136421196",
    "direction": "out",
    "end_time": "2025-07-07T13:33:21",
    "extension_number": "416",
    "has_ringing": false,
    "linkedid": "1751882642.112861",
    "other_extension_number": "09136421196",
    "raw_event": {
        "AccountCode": "",
        "CallerIDName": "<unknown>",
        "CallerIDNum": "36944000",
        "Cause": "16",
        "Cause-txt": "Normal Clearing",
        "Channel": "SIP/416-00000d41",
        "ChannelState": "6",
        "ChannelStateDesc": "Up",
        "ConnectedLineName": "CID:36944000",
        "ConnectedLineNum": "09136421196",
        "Context": "from-internal",
        "Event": "Hangup",
        "Exten": "h",
        "Language": "pr2",
        "Linkedid": "1751882642.112861",
        "Priority": "1",
        "Privilege": "call,all",
        "Uniqueid": "1751882642.112861"
    },
    "start_time": "2025-07-07T13:33:14",
    "status": "answered",
    "timestamp": "2025-07-07T13:33:21",
    "type": "call_summary",
    "uniqueid": "1751882642.112861"
}

{
    "extension": "416",
    "privilege": "call,all",
    "timestamp": "2025-07-07T13:36:38",
    "type": "monitor_initialized"
}

{
    "call_type": "",
    "caller_id_name": "416-RD-SW5",
    "caller_id_num": "416",
    "channel": "SIP/416-00000d5d",
    "connected_line_name": "<unknown>",
    "connected_line_num": "<unknown>",
    "direction": "",
    "end_time": "",
    "extension_number": "416",
    "has_ringing": false,
    "linkedid": "1751882889.113140",
    "other_extension_number": "",
    "start_time": "2025-07-07T13:37:17",
    "status": "initiated",
    "timestamp": "2025-07-07T13:37:17",
    "type": "call_started",
    "uniqueid": "1751882889.113140"
}

{
    "channel": "SIP/416-00000d5d",
    "privilege": "call,all",
    "timestamp": "2025-07-07T13:37:23",
    "type": "call_answered",
    "uniqueid": "1751882889.113140"
}

{
    "call_type": "external",
    "caller_id_name": "<unknown>",
    "caller_id_num": "36944000",
    "cause": "16",
    "cause_description": "",
    "cause_txt": "",
    "channel": "SIP/416-00000d5d",
    "connected_line_name": "CID:36944000",
    "connected_line_num": "09136421196",
    "direction": "out",
    "end_time": "2025-07-07T13:37:29",
    "extension_number": "416",
    "has_ringing": false,
    "linkedid": "1751882889.113140",
    "other_extension_number": "09136421196",
    "raw_event": {
        "AccountCode": "",
        "CallerIDName": "<unknown>",
        "CallerIDNum": "36944000",
        "Cause": "16",
        "Cause-txt": "Normal Clearing",
        "Channel": "SIP/416-00000d5d",
        "ChannelState": "6",
        "ChannelStateDesc": "Up",
        "ConnectedLineName": "CID:36944000",
        "ConnectedLineNum": "09136421196",
        "Context": "from-internal",
        "Event": "Hangup",
        "Exten": "h",
        "Language": "pr2",
        "Linkedid": "1751882889.113140",
        "Priority": "1",
        "Privilege": "call,all",
        "Uniqueid": "1751882889.113140"
    },
    "start_time": "2025-07-07T13:37:23",
    "status": "answered",
    "timestamp": "2025-07-07T13:37:29",
    "type": "call_ended",
    "uniqueid": "1751882889.113140"
}

{
    "call_duration": 6,
    "call_type": "external",
    "caller_id_name": "<unknown>",
    "caller_id_num": "36944000",
    "cause": "16",
    "cause_description": "",
    "cause_txt": "",
    "channel": "SIP/416-00000d5d",
    "connected_line_name": "CID:36944000",
    "connected_line_num": "09136421196",
    "direction": "out",
    "end_time": "2025-07-07T13:37:29",
    "extension_number": "416",
    "has_ringing": false,
    "linkedid": "1751882889.113140",
    "other_extension_number": "09136421196",
    "raw_event": {
        "AccountCode": "",
        "CallerIDName": "<unknown>",
        "CallerIDNum": "36944000",
        "Cause": "16",
        "Cause-txt": "Normal Clearing",
        "Channel": "SIP/416-00000d5d",
        "ChannelState": "6",
        "ChannelStateDesc": "Up",
        "ConnectedLineName": "CID:36944000",
        "ConnectedLineNum": "09136421196",
        "Context": "from-internal",
        "Event": "Hangup",
        "Exten": "h",
        "Language": "pr2",
        "Linkedid": "1751882889.113140",
        "Priority": "1",
        "Privilege": "call,all",
        "Uniqueid": "1751882889.113140"
    },
    "start_time": "2025-07-07T13:37:23",
    "status": "answered",
    "timestamp": "2025-07-07T13:37:29",
    "type": "call_summary",
    "uniqueid": "1751882889.113140"
}

{
    "call_type": "",
    "caller_id_name": "416-RD-SW5",
    "caller_id_num": "416",
    "channel": "SIP/416-00000d73",
    "connected_line_name": "<unknown>",
    "connected_line_num": "<unknown>",
    "direction": "",
    "end_time": "",
    "extension_number": "416",
    "has_ringing": false,
    "linkedid": "1751883049.113355",
    "other_extension_number": "",
    "start_time": "2025-07-07T13:39:56",
    "status": "initiated",
    "timestamp": "2025-07-07T13:39:56",
    "type": "call_started",
    "uniqueid": "1751883049.113355"
}

{
    "channel": "SIP/416-00000d73",
    "privilege": "call,all",
    "timestamp": "2025-07-07T13:40:09",
    "type": "call_answered",
    "uniqueid": "1751883049.113355"
}

{
    "call_type": "external",
    "caller_id_name": "<unknown>",
    "caller_id_num": "36944000",
    "cause": "16",
    "cause_description": "",
    "cause_txt": "",
    "channel": "SIP/416-00000d73",
    "connected_line_name": "CID:36944000",
    "connected_line_num": "09136421196",
    "direction": "out",
    "end_time": "2025-07-07T13:40:12",
    "extension_number": "416",
    "has_ringing": false,
    "linkedid": "1751883049.113355",
    "other_extension_number": "09136421196",
    "raw_event": {
        "AccountCode": "",
        "CallerIDName": "<unknown>",
        "CallerIDNum": "36944000",
        "Cause": "16",
        "Cause-txt": "Normal Clearing",
        "Channel": "SIP/416-00000d73",
        "ChannelState": "6",
        "ChannelStateDesc": "Up",
        "ConnectedLineName": "CID:36944000",
        "ConnectedLineNum": "09136421196",
        "Context": "from-internal",
        "Event": "Hangup",
        "Exten": "h",
        "Language": "pr2",
        "Linkedid": "1751883049.113355",
        "Priority": "1",
        "Privilege": "call,all",
        "Uniqueid": "1751883049.113355"
    },
    "start_time": "2025-07-07T13:40:09",
    "status": "answered",
    "timestamp": "2025-07-07T13:40:12",
    "type": "call_ended",
    "uniqueid": "1751883049.113355"
}

{
    "call_duration": 2,
    "call_type": "external",
    "caller_id_name": "<unknown>",
    "caller_id_num": "36944000",
    "cause": "16",
    "cause_description": "",
    "cause_txt": "",
    "channel": "SIP/416-00000d73",
    "connected_line_name": "CID:36944000",
    "connected_line_num": "09136421196",
    "direction": "out",
    "end_time": "2025-07-07T13:40:12",
    "extension_number": "416",
    "has_ringing": false,
    "linkedid": "1751883049.113355",
    "other_extension_number": "09136421196",
    "raw_event": {
        "AccountCode": "",
        "CallerIDName": "<unknown>",
        "CallerIDNum": "36944000",
        "Cause": "16",
        "Cause-txt": "Normal Clearing",
        "Channel": "SIP/416-00000d73",
        "ChannelState": "6",
        "ChannelStateDesc": "Up",
        "ConnectedLineName": "CID:36944000",
        "ConnectedLineNum": "09136421196",
        "Context": "from-internal",
        "Event": "Hangup",
        "Exten": "h",
        "Language": "pr2",
        "Linkedid": "1751883049.113355",
        "Priority": "1",
        "Privilege": "call,all",
        "Uniqueid": "1751883049.113355"
    },
    "start_time": "2025-07-07T13:40:09",
    "status": "answered",
    "timestamp": "2025-07-07T13:40:12",
    "type": "call_summary",
    "uniqueid": "1751883049.113355"
}

{
    "call_type": "",
    "caller_id_name": "416-RD-SW5",
    "caller_id_num": "416",
    "channel": "SIP/416-00000d7a",
    "connected_line_name": "<unknown>",
    "connected_line_num": "<unknown>",
    "direction": "",
    "end_time": "",
    "extension_number": "416",
    "has_ringing": false,
    "linkedid": "1751883086.113430",
    "other_extension_number": "",
    "start_time": "2025-07-07T13:40:33",
    "status": "initiated",
    "timestamp": "2025-07-07T13:40:33",
    "type": "call_started",
    "uniqueid": "1751883086.113430"
}

{
    "channel": "SIP/416-00000d7a",
    "privilege": "call,all",
    "timestamp": "2025-07-07T13:40:37",
    "type": "call_answered",
    "uniqueid": "1751883086.113430"
}

{
    "call_type": "external",
    "caller_id_name": "<unknown>",
    "caller_id_num": "36944000",
    "cause": "16",
    "cause_description": "",
    "cause_txt": "",
    "channel": "SIP/416-00000d7a",
    "connected_line_name": "CID:36944000",
    "connected_line_num": "09136421196",
    "direction": "out",
    "end_time": "2025-07-07T13:40:40",
    "extension_number": "416",
    "has_ringing": false,
    "linkedid": "1751883086.113430",
    "other_extension_number": "09136421196",
    "raw_event": {
        "AccountCode": "",
        "CallerIDName": "<unknown>",
        "CallerIDNum": "36944000",
        "Cause": "16",
        "Cause-txt": "Normal Clearing",
        "Channel": "SIP/416-00000d7a",
        "ChannelState": "6",
        "ChannelStateDesc": "Up",
        "ConnectedLineName": "CID:36944000",
        "ConnectedLineNum": "09136421196",
        "Context": "from-internal",
        "Event": "Hangup",
        "Exten": "h",
        "Language": "pr2",
        "Linkedid": "1751883086.113430",
        "Priority": "1",
        "Privilege": "call,all",
        "Uniqueid": "1751883086.113430"
    },
    "start_time": "2025-07-07T13:40:37",
    "status": "answered",
    "timestamp": "2025-07-07T13:40:40",
    "type": "call_ended",
    "uniqueid": "1751883086.113430"
}

{
    "call_duration": 2,
    "call_type": "external",
    "caller_id_name": "<unknown>",
    "caller_id_num": "36944000",
    "cause": "16",
    "cause_description": "",
    "cause_txt": "",
    "channel": "SIP/416-00000d7a",
    "connected_line_name": "CID:36944000",
    "connected_line_num": "09136421196",
    "direction": "out",
    "end_time": "2025-07-07T13:40:40",
    "extension_number": "416",
    "has_ringing": false,
    "linkedid": "1751883086.113430",
    "other_extension_number": "09136421196",
    "raw_event": {
        "AccountCode": "",
        "CallerIDName": "<unknown>",
        "CallerIDNum": "36944000",
        "Cause": "16",
        "Cause-txt": "Normal Clearing",
        "Channel": "SIP/416-00000d7a",
        "ChannelState": "6",
        "ChannelStateDesc": "Up",
        "ConnectedLineName": "CID:36944000",
        "ConnectedLineNum": "09136421196",
        "Context": "from-internal",
        "Event": "Hangup",
        "Exten": "h",
        "Language": "pr2",
        "Linkedid": "1751883086.113430",
        "Priority": "1",
        "Privilege": "call,all",
        "Uniqueid": "1751883086.113430"
    },
    "start_time": "2025-07-07T13:40:37",
    "status": "answered",
    "timestamp": "2025-07-07T13:40:40",
    "type": "call_summary",
    "uniqueid": "1751883086.113430"
}

{
    "extension": "416",
    "privilege": "call,all",
    "timestamp": "2025-07-07T13:42:06",
    "type": "monitor_initialized"
}

{
    "call_type": "",
    "caller_id_name": "416-RD-SW5",
    "caller_id_num": "416",
    "channel": "SIP/416-00000d82",
    "connected_line_name": "<unknown>",
    "connected_line_num": "<unknown>",
    "direction": "",
    "end_time": "",
    "extension_number": "416",
    "has_ringing": false,
    "linkedid": "1751883287.113567",
    "other_extension_number": "",
    "start_time": "2025-07-07T13:43:54",
    "status": "initiated",
    "timestamp": "2025-07-07T13:43:54",
    "type": "call_started",
    "uniqueid": "1751883287.113567"
}

{
    "channel": "SIP/416-00000d82",
    "privilege": "call,all",
    "timestamp": "2025-07-07T13:44:01",
    "type": "call_answered",
    "uniqueid": "1751883287.113567"
}

{
    "call_type": "external",
    "caller_id_name": "<unknown>",
    "caller_id_num": "36944000",
    "cause": "16",
    "cause_description": "",
    "cause_txt": "",
    "channel": "SIP/416-00000d82",
    "connected_line_name": "CID:36944000",
    "connected_line_num": "09136421196",
    "direction": "out",
    "end_time": "2025-07-07T13:44:04",
    "extension_number": "416",
    "has_ringing": false,
    "linkedid": "1751883287.113567",
    "other_extension_number": "09136421196",
    "raw_event": {
        "AccountCode": "",
        "CallerIDName": "<unknown>",
        "CallerIDNum": "36944000",
        "Cause": "16",
        "Cause-txt": "Normal Clearing",
        "Channel": "SIP/416-00000d82",
        "ChannelState": "6",
        "ChannelStateDesc": "Up",
        "ConnectedLineName": "CID:36944000",
        "ConnectedLineNum": "09136421196",
        "Context": "from-internal",
        "Event": "Hangup",
        "Exten": "h",
        "Language": "pr2",
        "Linkedid": "1751883287.113567",
        "Priority": "1",
        "Privilege": "call,all",
        "Uniqueid": "1751883287.113567"
    },
    "start_time": "2025-07-07T13:44:01",
    "status": "answered",
    "timestamp": "2025-07-07T13:44:04",
    "type": "call_ended",
    "uniqueid": "1751883287.113567"
}

{
    "call_duration": 3,
    "call_type": "external",
    "caller_id_name": "<unknown>",
    "caller_id_num": "36944000",
    "cause": "16",
    "cause_description": "",
    "cause_txt": "",
    "channel": "SIP/416-00000d82",
    "connected_line_name": "CID:36944000",
    "connected_line_num": "09136421196",
    "direction": "out",
    "end_time": "2025-07-07T13:44:04",
    "extension_number": "416",
    "has_ringing": false,
    "linkedid": "1751883287.113567",
    "other_extension_number": "09136421196",
    "raw_event": {
        "AccountCode": "",
        "CallerIDName": "<unknown>",
        "CallerIDNum": "36944000",
        "Cause": "16",
        "Cause-txt": "Normal Clearing",
        "Channel": "SIP/416-00000d82",
        "ChannelState": "6",
        "ChannelStateDesc": "Up",
        "ConnectedLineName": "CID:36944000",
        "ConnectedLineNum": "09136421196",
        "Context": "from-internal",
        "Event": "Hangup",
        "Exten": "h",
        "Language": "pr2",
        "Linkedid": "1751883287.113567",
        "Priority": "1",
        "Privilege": "call,all",
        "Uniqueid": "1751883287.113567"
    },
    "start_time": "2025-07-07T13:44:01",
    "status": "answered",
    "timestamp": "2025-07-07T13:44:04",
    "type": "call_summary",
    "uniqueid": "1751883287.113567"
}

{
    "call_type": "",
    "caller_id_name": "416-RD-SW5",
    "caller_id_num": "416",
    "channel": "SIP/416-00000d84",
    "connected_line_name": "<unknown>",
    "connected_line_num": "<unknown>",
    "direction": "",
    "end_time": "",
    "extension_number": "416",
    "has_ringing": false,
    "linkedid": "1751883313.113597",
    "other_extension_number": "",
    "start_time": "2025-07-07T13:44:20",
    "status": "initiated",
    "timestamp": "2025-07-07T13:44:20",
    "type": "call_started",
    "uniqueid": "1751883313.113597"
}

{
    "channel": "SIP/416-00000d84",
    "privilege": "call,all",
    "timestamp": "2025-07-07T13:44:27",
    "type": "call_answered",
    "uniqueid": "1751883313.113597"
}

{
    "call_type": "external",
    "caller_id_name": "<unknown>",
    "caller_id_num": "36944000",
    "cause": "16",
    "cause_description": "",
    "cause_txt": "",
    "channel": "SIP/416-00000d84",
    "connected_line_name": "CID:36944000",
    "connected_line_num": "09136421196",
    "direction": "out",
    "end_time": "2025-07-07T13:44:30",
    "extension_number": "416",
    "has_ringing": false,
    "linkedid": "1751883313.113597",
    "other_extension_number": "09136421196",
    "raw_event": {
        "AccountCode": "",
        "CallerIDName": "<unknown>",
        "CallerIDNum": "36944000",
        "Cause": "16",
        "Cause-txt": "Normal Clearing",
        "Channel": "SIP/416-00000d84",
        "ChannelState": "6",
        "ChannelStateDesc": "Up",
        "ConnectedLineName": "CID:36944000",
        "ConnectedLineNum": "09136421196",
        "Context": "from-internal",
        "Event": "Hangup",
        "Exten": "h",
        "Language": "pr2",
        "Linkedid": "1751883313.113597",
        "Priority": "1",
        "Privilege": "call,all",
        "Uniqueid": "1751883313.113597"
    },
    "start_time": "2025-07-07T13:44:27",
    "status": "answered",
    "timestamp": "2025-07-07T13:44:30",
    "type": "call_ended",
    "uniqueid": "1751883313.113597"
}

{
    "call_duration": 2,
    "call_type": "external",
    "caller_id_name": "<unknown>",
    "caller_id_num": "36944000",
    "cause": "16",
    "cause_description": "",
    "cause_txt": "",
    "channel": "SIP/416-00000d84",
    "connected_line_name": "CID:36944000",
    "connected_line_num": "09136421196",
    "direction": "out",
    "end_time": "2025-07-07T13:44:30",
    "extension_number": "416",
    "has_ringing": false,
    "linkedid": "1751883313.113597",
    "other_extension_number": "09136421196",
    "raw_event": {
        "AccountCode": "",
        "CallerIDName": "<unknown>",
        "CallerIDNum": "36944000",
        "Cause": "16",
        "Cause-txt": "Normal Clearing",
        "Channel": "SIP/416-00000d84",
        "ChannelState": "6",
        "ChannelStateDesc": "Up",
        "ConnectedLineName": "CID:36944000",
        "ConnectedLineNum": "09136421196",
        "Context": "from-internal",
        "Event": "Hangup",
        "Exten": "h",
        "Language": "pr2",
        "Linkedid": "1751883313.113597",
        "Priority": "1",
        "Privilege": "call,all",
        "Uniqueid": "1751883313.113597"
    },
    "start_time": "2025-07-07T13:44:27",
    "status": "answered",
    "timestamp": "2025-07-07T13:44:30",
    "type": "call_summary",
    "uniqueid": "1751883313.113597"
}

{
    "extension": "416",
    "privilege": "call,all",
    "timestamp": "2025-07-07T13:54:51",
    "type": "monitor_initialized"
}

{
    "call_type": "",
    "caller_id_name": "416-RD-SW5",
    "caller_id_num": "416",
    "channel": "SIP/416-00000da9",
    "connected_line_name": "<unknown>",
    "connected_line_num": "<unknown>",
    "direction": "",
    "end_time": "",
    "extension_number": "416",
    "has_ringing": false,
    "linkedid": "1751883969.114223",
    "other_extension_number": "",
    "start_time": "2025-07-07T13:55:16",
    "status": "initiated",
    "timestamp": "2025-07-07T13:55:16",
    "type": "call_started",
    "uniqueid": "1751883969.114223"
}

{
    "channel": "SIP/416-00000da9",
    "privilege": "call,all",
    "timestamp": "2025-07-07T13:55:22",
    "type": "call_answered",
    "uniqueid": "1751883969.114223"
}

{
    "call_type": "external",
    "caller_id_name": "<unknown>",
    "caller_id_num": "36944000",
    "cause": "16",
    "cause_description": "",
    "cause_txt": "",
    "channel": "SIP/416-00000da9",
    "connected_line_name": "CID:36944000",
    "connected_line_num": "09136421196",
    "direction": "out",
    "end_time": "2025-07-07T13:55:26",
    "extension_number": "416",
    "has_ringing": false,
    "linkedid": "1751883969.114223",
    "other_extension_number": "09136421196",
    "raw_event": {
        "AccountCode": "",
        "CallerIDName": "<unknown>",
        "CallerIDNum": "36944000",
        "Cause": "16",
        "Cause-txt": "Normal Clearing",
        "Channel": "SIP/416-00000da9",
        "ChannelState": "6",
        "ChannelStateDesc": "Up",
        "ConnectedLineName": "CID:36944000",
        "ConnectedLineNum": "09136421196",
        "Context": "from-internal",
        "Event": "Hangup",
        "Exten": "h",
        "Language": "pr2",
        "Linkedid": "1751883969.114223",
        "Priority": "1",
        "Privilege": "call,all",
        "Uniqueid": "1751883969.114223"
    },
    "start_time": "2025-07-07T13:55:22",
    "status": "answered",
    "timestamp": "2025-07-07T13:55:26",
    "type": "call_ended",
    "uniqueid": "1751883969.114223"
}

{
    "call_duration": 4,
    "call_type": "external",
    "caller_id_name": "<unknown>",
    "caller_id_num": "36944000",
    "cause": "16",
    "cause_description": "",
    "cause_txt": "",
    "channel": "SIP/416-00000da9",
    "connected_line_name": "CID:36944000",
    "connected_line_num": "09136421196",
    "direction": "out",
    "end_time": "2025-07-07T13:55:26",
    "extension_number": "416",
    "has_ringing": false,
    "linkedid": "1751883969.114223",
    "other_extension_number": "09136421196",
    "raw_event": {
        "AccountCode": "",
        "CallerIDName": "<unknown>",
        "CallerIDNum": "36944000",
        "Cause": "16",
        "Cause-txt": "Normal Clearing",
        "Channel": "SIP/416-00000da9",
        "ChannelState": "6",
        "ChannelStateDesc": "Up",
        "ConnectedLineName": "CID:36944000",
        "ConnectedLineNum": "09136421196",
        "Context": "from-internal",
        "Event": "Hangup",
        "Exten": "h",
        "Language": "pr2",
        "Linkedid": "1751883969.114223",
        "Priority": "1",
        "Privilege": "call,all",
        "Uniqueid": "1751883969.114223"
    },
    "start_time": "2025-07-07T13:55:22",
    "status": "answered",
    "timestamp": "2025-07-07T13:55:26",
    "type": "call_summary",
    "uniqueid": "1751883969.114223"
}

{
    "extension": "416",
    "privilege": "call,all",
    "timestamp": "2025-07-07T14:17:02",
    "type": "monitor_initialized"
}

{
    "call_type": "",
    "caller_id_name": "416-RD-SW5",
    "caller_id_num": "416",
    "channel": "SIP/416-00000e32",
    "connected_line_name": "<unknown>",
    "connected_line_num": "<unknown>",
    "direction": "",
    "end_time": "",
    "extension_number": "416",
    "has_ringing": false,
    "linkedid": "1751885303.115907",
    "other_extension_number": "",
    "start_time": "2025-07-07T14:17:30",
    "status": "initiated",
    "timestamp": "2025-07-07T14:17:30",
    "type": "call_started",
    "uniqueid": "1751885303.115907"
}

{
    "channel": "SIP/416-00000e32",
    "privilege": "call,all",
    "timestamp": "2025-07-07T14:17:43",
    "type": "call_answered",
    "uniqueid": "1751885303.115907"
}

{
    "call_type": "external",
    "caller_id_name": "<unknown>",
    "caller_id_num": "36944000",
    "cause": "16",
    "cause_description": "",
    "cause_txt": "",
    "channel": "SIP/416-00000e32",
    "connected_line_name": "CID:36944000",
    "connected_line_num": "09136421196",
    "direction": "out",
    "end_time": "2025-07-07T14:17:50",
    "extension_number": "416",
    "has_ringing": false,
    "linkedid": "1751885303.115907",
    "other_extension_number": "09136421196",
    "raw_event": {
        "AccountCode": "",
        "CallerIDName": "<unknown>",
        "CallerIDNum": "36944000",
        "Cause": "16",
        "Cause-txt": "Normal Clearing",
        "Channel": "SIP/416-00000e32",
        "ChannelState": "6",
        "ChannelStateDesc": "Up",
        "ConnectedLineName": "CID:36944000",
        "ConnectedLineNum": "09136421196",
        "Context": "from-internal",
        "Event": "Hangup",
        "Exten": "h",
        "Language": "pr2",
        "Linkedid": "1751885303.115907",
        "Priority": "1",
        "Privilege": "call,all",
        "Uniqueid": "1751885303.115907"
    },
    "start_time": "2025-07-07T14:17:43",
    "status": "answered",
    "timestamp": "2025-07-07T14:17:50",
    "type": "call_ended",
    "uniqueid": "1751885303.115907"
}

{
    "call_duration": 6,
    "call_type": "external",
    "caller_id_name": "<unknown>",
    "caller_id_num": "36944000",
    "cause": "16",
    "cause_description": "",
    "cause_txt": "",
    "channel": "SIP/416-00000e32",
    "connected_line_name": "CID:36944000",
    "connected_line_num": "09136421196",
    "direction": "out",
    "end_time": "2025-07-07T14:17:50",
    "extension_number": "416",
    "has_ringing": false,
    "linkedid": "1751885303.115907",
    "other_extension_number": "09136421196",
    "raw_event": {
        "AccountCode": "",
        "CallerIDName": "<unknown>",
        "CallerIDNum": "36944000",
        "Cause": "16",
        "Cause-txt": "Normal Clearing",
        "Channel": "SIP/416-00000e32",
        "ChannelState": "6",
        "ChannelStateDesc": "Up",
        "ConnectedLineName": "CID:36944000",
        "ConnectedLineNum": "09136421196",
        "Context": "from-internal",
        "Event": "Hangup",
        "Exten": "h",
        "Language": "pr2",
        "Linkedid": "1751885303.115907",
        "Priority": "1",
        "Privilege": "call,all",
        "Uniqueid": "1751885303.115907"
    },
    "start_time": "2025-07-07T14:17:43",
    "status": "answered",
    "timestamp": "2025-07-07T14:17:50",
    "type": "call_summary",
    "uniqueid": "1751885303.115907"
}

{
    "extension": "416",
    "privilege": "call,all",
    "timestamp": "2025-07-07T14:23:57",
    "type": "monitor_initialized"
}

{
    "call_type": "",
    "caller_id_name": "416-RD-SW5",
    "caller_id_num": "416",
    "channel": "SIP/416-00000e59",
    "connected_line_name": "<unknown>",
    "connected_line_num": "<unknown>",
    "direction": "",
    "end_time": "",
    "extension_number": "416",
    "has_ringing": false,
    "linkedid": "1751885700.116290",
    "other_extension_number": "",
    "start_time": "2025-07-07T14:24:07",
    "status": "initiated",
    "timestamp": "2025-07-07T14:24:07",
    "type": "call_started",
    "uniqueid": "1751885700.116290"
}

{
    "channel": "SIP/416-00000e59",
    "privilege": "call,all",
    "timestamp": "2025-07-07T14:24:14",
    "type": "call_answered",
    "uniqueid": "1751885700.116290"
}

{
    "call_type": "external",
    "caller_id_name": "<unknown>",
    "caller_id_num": "36944000",
    "cause": "16",
    "cause_description": "",
    "cause_txt": "",
    "channel": "SIP/416-00000e59",
    "connected_line_name": "CID:36944000",
    "connected_line_num": "09136421196",
    "direction": "out",
    "end_time": "2025-07-07T14:24:18",
    "extension_number": "416",
    "has_ringing": false,
    "linkedid": "1751885700.116290",
    "other_extension_number": "09136421196",
    "raw_event": {
        "AccountCode": "",
        "CallerIDName": "<unknown>",
        "CallerIDNum": "36944000",
        "Cause": "16",
        "Cause-txt": "Normal Clearing",
        "Channel": "SIP/416-00000e59",
        "ChannelState": "6",
        "ChannelStateDesc": "Up",
        "ConnectedLineName": "CID:36944000",
        "ConnectedLineNum": "09136421196",
        "Context": "from-internal",
        "Event": "Hangup",
        "Exten": "h",
        "Language": "pr2",
        "Linkedid": "1751885700.116290",
        "Priority": "1",
        "Privilege": "call,all",
        "Uniqueid": "1751885700.116290"
    },
    "start_time": "2025-07-07T14:24:14",
    "status": "answered",
    "timestamp": "2025-07-07T14:24:18",
    "type": "call_ended",
    "uniqueid": "1751885700.116290"
}

{
    "call_duration": 4,
    "call_type": "external",
    "caller_id_name": "<unknown>",
    "caller_id_num": "36944000",
    "cause": "16",
    "cause_description": "",
    "cause_txt": "",
    "channel": "SIP/416-00000e59",
    "connected_line_name": "CID:36944000",
    "connected_line_num": "09136421196",
    "direction": "out",
    "end_time": "2025-07-07T14:24:18",
    "extension_number": "416",
    "has_ringing": false,
    "linkedid": "1751885700.116290",
    "other_extension_number": "09136421196",
    "raw_event": {
        "AccountCode": "",
        "CallerIDName": "<unknown>",
        "CallerIDNum": "36944000",
        "Cause": "16",
        "Cause-txt": "Normal Clearing",
        "Channel": "SIP/416-00000e59",
        "ChannelState": "6",
        "ChannelStateDesc": "Up",
        "ConnectedLineName": "CID:36944000",
        "ConnectedLineNum": "09136421196",
        "Context": "from-internal",
        "Event": "Hangup",
        "Exten": "h",
        "Language": "pr2",
        "Linkedid": "1751885700.116290",
        "Priority": "1",
        "Privilege": "call,all",
        "Uniqueid": "1751885700.116290"
    },
    "start_time": "2025-07-07T14:24:14",
    "status": "answered",
    "timestamp": "2025-07-07T14:24:18",
    "type": "call_summary",
    "uniqueid": "1751885700.116290"
}

{
    "extension": "416",
    "privilege": "call,all",
    "timestamp": "2025-07-07T14:32:48",
    "type": "monitor_initialized"
}

{
    "call_type": "",
    "caller_id_name": "416-RD-SW5",
    "caller_id_num": "416",
    "channel": "SIP/416-00000eaa",
    "connected_line_name": "<unknown>",
    "connected_line_num": "<unknown>",
    "direction": "",
    "end_time": "",
    "extension_number": "416",
    "has_ringing": false,
    "linkedid": "1751886243.119180",
    "other_extension_number": "",
    "start_time": "2025-07-07T14:33:10",
    "status": "initiated",
    "timestamp": "2025-07-07T14:33:10",
    "type": "call_started",
    "uniqueid": "1751886243.119180"
}

{
    "channel": "SIP/416-00000eaa",
    "privilege": "call,all",
    "timestamp": "2025-07-07T14:33:17",
    "type": "call_answered",
    "uniqueid": "1751886243.119180"
}

{
    "call_type": "external",
    "caller_id_name": "<unknown>",
    "caller_id_num": "36944000",
    "cause": "16",
    "cause_description": "",
    "cause_txt": "",
    "channel": "SIP/416-00000eaa",
    "connected_line_name": "CID:36944000",
    "connected_line_num": "09136421196",
    "direction": "out",
    "end_time": "2025-07-07T14:33:20",
    "extension_number": "416",
    "has_ringing": false,
    "linkedid": "1751886243.119180",
    "other_extension_number": "09136421196",
    "raw_event": {
        "AccountCode": "",
        "CallerIDName": "<unknown>",
        "CallerIDNum": "36944000",
        "Cause": "16",
        "Cause-txt": "Normal Clearing",
        "Channel": "SIP/416-00000eaa",
        "ChannelState": "6",
        "ChannelStateDesc": "Up",
        "ConnectedLineName": "CID:36944000",
        "ConnectedLineNum": "09136421196",
        "Context": "from-internal",
        "Event": "Hangup",
        "Exten": "h",
        "Language": "pr2",
        "Linkedid": "1751886243.119180",
        "Priority": "1",
        "Privilege": "call,all",
        "Uniqueid": "1751886243.119180"
    },
    "start_time": "2025-07-07T14:33:17",
    "status": "answered",
    "timestamp": "2025-07-07T14:33:20",
    "type": "call_ended",
    "uniqueid": "1751886243.119180"
}

{
    "call_duration": 2,
    "call_type": "external",
    "caller_id_name": "<unknown>",
    "caller_id_num": "36944000",
    "cause": "16",
    "cause_description": "",
    "cause_txt": "",
    "channel": "SIP/416-00000eaa",
    "connected_line_name": "CID:36944000",
    "connected_line_num": "09136421196",
    "direction": "out",
    "end_time": "2025-07-07T14:33:20",
    "extension_number": "416",
    "has_ringing": false,
    "linkedid": "1751886243.119180",
    "other_extension_number": "09136421196",
    "raw_event": {
        "AccountCode": "",
        "CallerIDName": "<unknown>",
        "CallerIDNum": "36944000",
        "Cause": "16",
        "Cause-txt": "Normal Clearing",
        "Channel": "SIP/416-00000eaa",
        "ChannelState": "6",
        "ChannelStateDesc": "Up",
        "ConnectedLineName": "CID:36944000",
        "ConnectedLineNum": "09136421196",
        "Context": "from-internal",
        "Event": "Hangup",
        "Exten": "h",
        "Language": "pr2",
        "Linkedid": "1751886243.119180",
        "Priority": "1",
        "Privilege": "call,all",
        "Uniqueid": "1751886243.119180"
    },
    "start_time": "2025-07-07T14:33:17",
    "status": "answered",
    "timestamp": "2025-07-07T14:33:20",
    "type": "call_summary",
    "uniqueid": "1751886243.119180"
}

{
    "extension": "416",
    "privilege": "call,all",
    "timestamp": "2025-07-07T14:36:31",
    "type": "monitor_initialized"
}

{
    "call_type": "",
    "caller_id_name": "416-RD-SW5",
    "caller_id_num": "416",
    "channel": "SIP/416-00000ec4",
    "connected_line_name": "<unknown>",
    "connected_line_num": "<unknown>",
    "direction": "",
    "end_time": "",
    "extension_number": "416",
    "has_ringing": false,
    "linkedid": "1751886466.119438",
    "other_extension_number": "",
    "start_time": "2025-07-07T14:36:53",
    "status": "initiated",
    "timestamp": "2025-07-07T14:36:53",
    "type": "call_started",
    "uniqueid": "1751886466.119438"
}

{
    "channel": "SIP/416-00000ec4",
    "privilege": "call,all",
    "timestamp": "2025-07-07T14:37:00",
    "type": "call_answered",
    "uniqueid": "1751886466.119438"
}

{
    "call_type": "external",
    "caller_id_name": "<unknown>",
    "caller_id_num": "36944000",
    "cause": "16",
    "cause_description": "",
    "cause_txt": "",
    "channel": "SIP/416-00000ec4",
    "connected_line_name": "CID:36944000",
    "connected_line_num": "09136421196",
    "direction": "out",
    "end_time": "2025-07-07T14:37:04",
    "extension_number": "416",
    "has_ringing": false,
    "linkedid": "1751886466.119438",
    "other_extension_number": "09136421196",
    "raw_event": {
        "AccountCode": "",
        "CallerIDName": "<unknown>",
        "CallerIDNum": "36944000",
        "Cause": "16",
        "Cause-txt": "Normal Clearing",
        "Channel": "SIP/416-00000ec4",
        "ChannelState": "6",
        "ChannelStateDesc": "Up",
        "ConnectedLineName": "CID:36944000",
        "ConnectedLineNum": "09136421196",
        "Context": "from-internal",
        "Event": "Hangup",
        "Exten": "h",
        "Language": "pr2",
        "Linkedid": "1751886466.119438",
        "Priority": "1",
        "Privilege": "call,all",
        "Uniqueid": "1751886466.119438"
    },
    "start_time": "2025-07-07T14:37:00",
    "status": "answered",
    "timestamp": "2025-07-07T14:37:04",
    "type": "call_ended",
    "uniqueid": "1751886466.119438"
}

{
    "call_duration": 4,
    "call_type": "external",
    "caller_id_name": "<unknown>",
    "caller_id_num": "36944000",
    "cause": "16",
    "cause_description": "",
    "cause_txt": "",
    "channel": "SIP/416-00000ec4",
    "connected_line_name": "CID:36944000",
    "connected_line_num": "09136421196",
    "direction": "out",
    "end_time": "2025-07-07T14:37:04",
    "extension_number": "416",
    "has_ringing": false,
    "linkedid": "1751886466.119438",
    "other_extension_number": "09136421196",
    "raw_event": {
        "AccountCode": "",
        "CallerIDName": "<unknown>",
        "CallerIDNum": "36944000",
        "Cause": "16",
        "Cause-txt": "Normal Clearing",
        "Channel": "SIP/416-00000ec4",
        "ChannelState": "6",
        "ChannelStateDesc": "Up",
        "ConnectedLineName": "CID:36944000",
        "ConnectedLineNum": "09136421196",
        "Context": "from-internal",
        "Event": "Hangup",
        "Exten": "h",
        "Language": "pr2",
        "Linkedid": "1751886466.119438",
        "Priority": "1",
        "Privilege": "call,all",
        "Uniqueid": "1751886466.119438"
    },
    "start_time": "2025-07-07T14:37:00",
    "status": "answered",
    "timestamp": "2025-07-07T14:37:04",
    "type": "call_summary",
    "uniqueid": "1751886466.119438"
}

{
    "extension": "416",
    "privilege": "call,all",
    "timestamp": "2025-07-07T14:38:43",
    "type": "monitor_initialized"
}

{
    "call_type": "",
    "caller_id_name": "416-RD-SW5",
    "caller_id_num": "416",
    "channel": "SIP/416-00000eef",
    "connected_line_name": "<unknown>",
    "connected_line_num": "<unknown>",
    "direction": "",
    "end_time": "",
    "extension_number": "416",
    "has_ringing": false,
    "linkedid": "1751886723.119883",
    "other_extension_number": "",
    "start_time": "2025-07-07T14:41:11",
    "status": "initiated",
    "timestamp": "2025-07-07T14:41:11",
    "type": "call_started",
    "uniqueid": "1751886723.119883"
}

{
    "channel": "SIP/416-00000eef",
    "privilege": "call,all",
    "timestamp": "2025-07-07T14:41:16",
    "type": "call_answered",
    "uniqueid": "1751886723.119883"
}

{
    "call_type": "external",
    "caller_id_name": "<unknown>",
    "caller_id_num": "36944000",
    "cause": "16",
    "cause_description": "",
    "cause_txt": "",
    "channel": "SIP/416-00000eef",
    "connected_line_name": "CID:36944000",
    "connected_line_num": "09136421196",
    "direction": "out",
    "end_time": "2025-07-07T14:41:19",
    "extension_number": "416",
    "has_ringing": false,
    "linkedid": "1751886723.119883",
    "other_extension_number": "09136421196",
    "raw_event": {
        "AccountCode": "",
        "CallerIDName": "<unknown>",
        "CallerIDNum": "36944000",
        "Cause": "16",
        "Cause-txt": "Normal Clearing",
        "Channel": "SIP/416-00000eef",
        "ChannelState": "6",
        "ChannelStateDesc": "Up",
        "ConnectedLineName": "CID:36944000",
        "ConnectedLineNum": "09136421196",
        "Context": "from-internal",
        "Event": "Hangup",
        "Exten": "h",
        "Language": "pr2",
        "Linkedid": "1751886723.119883",
        "Priority": "1",
        "Privilege": "call,all",
        "Uniqueid": "1751886723.119883"
    },
    "start_time": "2025-07-07T14:41:16",
    "status": "answered",
    "timestamp": "2025-07-07T14:41:19",
    "type": "call_ended",
    "uniqueid": "1751886723.119883"
}

{
    "call_duration": 2,
    "call_type": "external",
    "caller_id_name": "<unknown>",
    "caller_id_num": "36944000",
    "cause": "16",
    "cause_description": "",
    "cause_txt": "",
    "channel": "SIP/416-00000eef",
    "connected_line_name": "CID:36944000",
    "connected_line_num": "09136421196",
    "direction": "out",
    "end_time": "2025-07-07T14:41:19",
    "extension_number": "416",
    "has_ringing": false,
    "linkedid": "1751886723.119883",
    "other_extension_number": "09136421196",
    "raw_event": {
        "AccountCode": "",
        "CallerIDName": "<unknown>",
        "CallerIDNum": "36944000",
        "Cause": "16",
        "Cause-txt": "Normal Clearing",
        "Channel": "SIP/416-00000eef",
        "ChannelState": "6",
        "ChannelStateDesc": "Up",
        "ConnectedLineName": "CID:36944000",
        "ConnectedLineNum": "09136421196",
        "Context": "from-internal",
        "Event": "Hangup",
        "Exten": "h",
        "Language": "pr2",
        "Linkedid": "1751886723.119883",
        "Priority": "1",
        "Privilege": "call,all",
        "Uniqueid": "1751886723.119883"
    },
    "start_time": "2025-07-07T14:41:16",
    "status": "answered",
    "timestamp": "2025-07-07T14:41:19",
    "type": "call_summary",
    "uniqueid": "1751886723.119883"
}

{
    "extension": "416",
    "privilege": "call,all",
    "timestamp": "2025-07-07T14:50:12",
    "type": "monitor_initialized"
}

{
    "call_type": "",
    "caller_id_name": "416-RD-SW5",
    "caller_id_num": "416",
    "channel": "SIP/416-00000f3b",
    "connected_line_name": "<unknown>",
    "connected_line_num": "<unknown>",
    "direction": "",
    "end_time": "",
    "extension_number": "416",
    "has_ringing": false,
    "linkedid": "1751887324.120722",
    "other_extension_number": "",
    "start_time": "2025-07-07T14:51:12",
    "status": "initiated",
    "timestamp": "2025-07-07T14:51:12",
    "type": "call_started",
    "uniqueid": "1751887324.120722"
}

{
    "channel": "SIP/416-00000f3b",
    "privilege": "call,all",
    "timestamp": "2025-07-07T14:51:17",
    "type": "call_answered",
    "uniqueid": "1751887324.120722"
}

{
    "call_type": "external",
    "caller_id_name": "<unknown>",
    "caller_id_num": "36944000",
    "cause": "16",
    "cause_description": "",
    "cause_txt": "",
    "channel": "SIP/416-00000f3b",
    "connected_line_name": "CID:36944000",
    "connected_line_num": "09136421196",
    "direction": "out",
    "end_time": "2025-07-07T14:51:23",
    "extension_number": "416",
    "has_ringing": false,
    "linkedid": "1751887324.120722",
    "other_extension_number": "09136421196",
    "raw_event": {
        "AccountCode": "",
        "CallerIDName": "<unknown>",
        "CallerIDNum": "36944000",
        "Cause": "16",
        "Cause-txt": "Normal Clearing",
        "Channel": "SIP/416-00000f3b",
        "ChannelState": "6",
        "ChannelStateDesc": "Up",
        "ConnectedLineName": "CID:36944000",
        "ConnectedLineNum": "09136421196",
        "Context": "from-internal",
        "Event": "Hangup",
        "Exten": "h",
        "Language": "pr2",
        "Linkedid": "1751887324.120722",
        "Priority": "1",
        "Privilege": "call,all",
        "Uniqueid": "1751887324.120722"
    },
    "start_time": "2025-07-07T14:51:17",
    "status": "answered",
    "timestamp": "2025-07-07T14:51:23",
    "type": "call_ended",
    "uniqueid": "1751887324.120722"
}

{
    "call_duration": 5,
    "call_type": "external",
    "caller_id_name": "<unknown>",
    "caller_id_num": "36944000",
    "cause": "16",
    "cause_description": "",
    "cause_txt": "",
    "channel": "SIP/416-00000f3b",
    "connected_line_name": "CID:36944000",
    "connected_line_num": "09136421196",
    "direction": "out",
    "end_time": "2025-07-07T14:51:23",
    "extension_number": "416",
    "has_ringing": false,
    "linkedid": "1751887324.120722",
    "other_extension_number": "09136421196",
    "raw_event": {
        "AccountCode": "",
        "CallerIDName": "<unknown>",
        "CallerIDNum": "36944000",
        "Cause": "16",
        "Cause-txt": "Normal Clearing",
        "Channel": "SIP/416-00000f3b",
        "ChannelState": "6",
        "ChannelStateDesc": "Up",
        "ConnectedLineName": "CID:36944000",
        "ConnectedLineNum": "09136421196",
        "Context": "from-internal",
        "Event": "Hangup",
        "Exten": "h",
        "Language": "pr2",
        "Linkedid": "1751887324.120722",
        "Priority": "1",
        "Privilege": "call,all",
        "Uniqueid": "1751887324.120722"
    },
    "start_time": "2025-07-07T14:51:17",
    "status": "answered",
    "timestamp": "2025-07-07T14:51:23",
    "type": "call_summary",
    "uniqueid": "1751887324.120722"
}

{
    "extension": "416",
    "privilege": "call,all",
    "timestamp": "2025-07-07T14:54:02",
    "type": "monitor_initialized"
}

{
    "call_type": "",
    "caller_id_name": "416-RD-SW5",
    "caller_id_num": "416",
    "channel": "SIP/416-00000f7e",
    "connected_line_name": "<unknown>",
    "connected_line_num": "<unknown>",
    "direction": "",
    "end_time": "",
    "extension_number": "416",
    "has_ringing": false,
    "linkedid": "1751887752.121490",
    "other_extension_number": "",
    "start_time": "2025-07-07T14:58:19",
    "status": "initiated",
    "timestamp": "2025-07-07T14:58:19",
    "type": "call_started",
    "uniqueid": "1751887752.121490"
}

{
    "channel": "SIP/416-00000f7e",
    "privilege": "call,all",
    "timestamp": "2025-07-07T14:58:26",
    "type": "call_answered",
    "uniqueid": "1751887752.121490"
}

{
    "call_type": "external",
    "caller_id_name": "<unknown>",
    "caller_id_num": "36944000",
    "cause": "16",
    "cause_description": "",
    "cause_txt": "",
    "channel": "SIP/416-00000f7e",
    "connected_line_name": "CID:36944000",
    "connected_line_num": "09136421196",
    "direction": "out",
    "end_time": "2025-07-07T14:59:13",
    "extension_number": "416",
    "has_ringing": false,
    "linkedid": "1751887752.121490",
    "other_extension_number": "09136421196",
    "raw_event": {
        "AccountCode": "",
        "CallerIDName": "<unknown>",
        "CallerIDNum": "36944000",
        "Cause": "16",
        "Cause-txt": "Normal Clearing",
        "Channel": "SIP/416-00000f7e",
        "ChannelState": "6",
        "ChannelStateDesc": "Up",
        "ConnectedLineName": "CID:36944000",
        "ConnectedLineNum": "09136421196",
        "Context": "from-internal",
        "Event": "Hangup",
        "Exten": "h",
        "Language": "pr2",
        "Linkedid": "1751887752.121490",
        "Priority": "1",
        "Privilege": "call,all",
        "Uniqueid": "1751887752.121490"
    },
    "start_time": "2025-07-07T14:58:26",
    "status": "answered",
    "timestamp": "2025-07-07T14:59:13",
    "type": "call_ended",
    "uniqueid": "1751887752.121490"
}

{
    "call_duration": 47,
    "call_type": "external",
    "caller_id_name": "<unknown>",
    "caller_id_num": "36944000",
    "cause": "16",
    "cause_description": "",
    "cause_txt": "",
    "channel": "SIP/416-00000f7e",
    "connected_line_name": "CID:36944000",
    "connected_line_num": "09136421196",
    "direction": "out",
    "end_time": "2025-07-07T14:59:13",
    "extension_number": "416",
    "has_ringing": false,
    "linkedid": "1751887752.121490",
    "other_extension_number": "09136421196",
    "raw_event": {
        "AccountCode": "",
        "CallerIDName": "<unknown>",
        "CallerIDNum": "36944000",
        "Cause": "16",
        "Cause-txt": "Normal Clearing",
        "Channel": "SIP/416-00000f7e",
        "ChannelState": "6",
        "ChannelStateDesc": "Up",
        "ConnectedLineName": "CID:36944000",
        "ConnectedLineNum": "09136421196",
        "Context": "from-internal",
        "Event": "Hangup",
        "Exten": "h",
        "Language": "pr2",
        "Linkedid": "1751887752.121490",
        "Priority": "1",
        "Privilege": "call,all",
        "Uniqueid": "1751887752.121490"
    },
    "start_time": "2025-07-07T14:58:26",
    "status": "answered",
    "timestamp": "2025-07-07T14:59:13",
    "type": "call_summary",
    "uniqueid": "1751887752.121490"
}

{
    "extension": "416",
    "privilege": "call,all",
    "timestamp": "2025-07-07T15:10:16",
    "type": "monitor_initialized"
}

{
    "call_type": "",
    "caller_id_name": "416-RD-SW5",
    "caller_id_num": "416",
    "channel": "SIP/416-00000fe0",
    "connected_line_name": "<unknown>",
    "connected_line_num": "<unknown>",
    "direction": "",
    "end_time": "",
    "extension_number": "416",
    "has_ringing": false,
    "linkedid": "1751888478.122568",
    "other_extension_number": "",
    "start_time": "2025-07-07T15:10:25",
    "status": "initiated",
    "timestamp": "2025-07-07T15:10:25",
    "type": "call_started",
    "uniqueid": "1751888478.122568"
}

{
    "channel": "SIP/416-00000fe0",
    "privilege": "call,all",
    "timestamp": "2025-07-07T15:10:38",
    "type": "call_answered",
    "uniqueid": "1751888478.122568"
}

{
    "call_type": "external",
    "caller_id_name": "<unknown>",
    "caller_id_num": "36944000",
    "cause": "16",
    "cause_description": "",
    "cause_txt": "",
    "channel": "SIP/416-00000fe0",
    "connected_line_name": "CID:36944000",
    "connected_line_num": "09136421196",
    "direction": "out",
    "end_time": "2025-07-07T15:11:04",
    "extension_number": "416",
    "has_ringing": false,
    "linkedid": "1751888478.122568",
    "other_extension_number": "09136421196",
    "raw_event": {
        "AccountCode": "",
        "CallerIDName": "<unknown>",
        "CallerIDNum": "36944000",
        "Cause": "16",
        "Cause-txt": "Normal Clearing",
        "Channel": "SIP/416-00000fe0",
        "ChannelState": "6",
        "ChannelStateDesc": "Up",
        "ConnectedLineName": "CID:36944000",
        "ConnectedLineNum": "09136421196",
        "Context": "from-internal",
        "Event": "Hangup",
        "Exten": "h",
        "Language": "pr2",
        "Linkedid": "1751888478.122568",
        "Priority": "1",
        "Privilege": "call,all",
        "Uniqueid": "1751888478.122568"
    },
    "start_time": "2025-07-07T15:10:38",
    "status": "answered",
    "timestamp": "2025-07-07T15:11:04",
    "type": "call_ended",
    "uniqueid": "1751888478.122568"
}

{
    "call_duration": 25,
    "call_type": "external",
    "caller_id_name": "<unknown>",
    "caller_id_num": "36944000",
    "cause": "16",
    "cause_description": "",
    "cause_txt": "",
    "channel": "SIP/416-00000fe0",
    "connected_line_name": "CID:36944000",
    "connected_line_num": "09136421196",
    "direction": "out",
    "end_time": "2025-07-07T15:11:04",
    "extension_number": "416",
    "has_ringing": false,
    "linkedid": "1751888478.122568",
    "other_extension_number": "09136421196",
    "raw_event": {
        "AccountCode": "",
        "CallerIDName": "<unknown>",
        "CallerIDNum": "36944000",
        "Cause": "16",
        "Cause-txt": "Normal Clearing",
        "Channel": "SIP/416-00000fe0",
        "ChannelState": "6",
        "ChannelStateDesc": "Up",
        "ConnectedLineName": "CID:36944000",
        "ConnectedLineNum": "09136421196",
        "Context": "from-internal",
        "Event": "Hangup",
        "Exten": "h",
        "Language": "pr2",
        "Linkedid": "1751888478.122568",
        "Priority": "1",
        "Privilege": "call,all",
        "Uniqueid": "1751888478.122568"
    },
    "start_time": "2025-07-07T15:10:38",
    "status": "answered",
    "timestamp": "2025-07-07T15:11:04",
    "type": "call_summary",
    "uniqueid": "1751888478.122568"
}

{
    "call_type": "",
    "caller_id_name": "416-RD-SW5",
    "caller_id_num": "416",
    "channel": "SIP/416-00000fec",
    "connected_line_name": "<unknown>",
    "connected_line_num": "<unknown>",
    "direction": "",
    "end_time": "",
    "extension_number": "416",
    "has_ringing": false,
    "linkedid": "1751888618.122695",
    "other_extension_number": "",
    "start_time": "2025-07-07T15:12:46",
    "status": "initiated",
    "timestamp": "2025-07-07T15:12:46",
    "type": "call_started",
    "uniqueid": "1751888619.122698"
}

{
    "channel": "SIP/416-00000fec",
    "privilege": "call,all",
    "timestamp": "2025-07-07T15:12:46",
    "type": "call_ringing",
    "uniqueid": "1751888619.122698"
}

{
    "channel": "SIP/416-00000fec",
    "privilege": "call,all",
    "timestamp": "2025-07-07T15:12:50",
    "type": "call_answered",
    "uniqueid": "1751888619.122698"
}

{
    "call_type": "internal",
    "caller_id_name": "416-RD-SW5",
    "caller_id_num": "416",
    "cause": "16",
    "cause_description": "",
    "cause_txt": "",
    "channel": "SIP/416-00000fec",
    "connected_line_name": "410-RD-SW",
    "connected_line_num": "410",
    "direction": "in",
    "end_time": "2025-07-07T15:13:23",
    "extension_number": "416",
    "has_ringing": true,
    "linkedid": "1751888618.122695",
    "other_extension_number": "410",
    "raw_event": {
        "AccountCode": "",
        "CallerIDName": "416-RD-SW5",
        "CallerIDNum": "416",
        "Cause": "16",
        "Cause-txt": "Normal Clearing",
        "Channel": "SIP/416-00000fec",
        "ChannelState": "6",
        "ChannelStateDesc": "Up",
        "ConnectedLineName": "410-RD-SW",
        "ConnectedLineNum": "410",
        "Context": "from-internal",
        "Event": "Hangup",
        "Exten": "",
        "Language": "pr2",
        "Linkedid": "1751888618.122695",
        "Priority": "1",
        "Privilege": "call,all",
        "Uniqueid": "1751888619.122698"
    },
    "start_time": "2025-07-07T15:12:50",
    "status": "answered",
    "timestamp": "2025-07-07T15:13:23",
    "type": "call_ended",
    "uniqueid": "1751888619.122698"
}

{
    "call_duration": 33,
    "call_type": "internal",
    "caller_id_name": "416-RD-SW5",
    "caller_id_num": "416",
    "cause": "16",
    "cause_description": "",
    "cause_txt": "",
    "channel": "SIP/416-00000fec",
    "connected_line_name": "410-RD-SW",
    "connected_line_num": "410",
    "direction": "in",
    "end_time": "2025-07-07T15:13:23",
    "extension_number": "416",
    "has_ringing": true,
    "linkedid": "1751888618.122695",
    "other_extension_number": "410",
    "raw_event": {
        "AccountCode": "",
        "CallerIDName": "416-RD-SW5",
        "CallerIDNum": "416",
        "Cause": "16",
        "Cause-txt": "Normal Clearing",
        "Channel": "SIP/416-00000fec",
        "ChannelState": "6",
        "ChannelStateDesc": "Up",
        "ConnectedLineName": "410-RD-SW",
        "ConnectedLineNum": "410",
        "Context": "from-internal",
        "Event": "Hangup",
        "Exten": "",
        "Language": "pr2",
        "Linkedid": "1751888618.122695",
        "Priority": "1",
        "Privilege": "call,all",
        "Uniqueid": "1751888619.122698"
    },
    "start_time": "2025-07-07T15:12:50",
    "status": "answered",
    "timestamp": "2025-07-07T15:13:23",
    "type": "call_summary",
    "uniqueid": "1751888619.122698"
}

{
    "call_type": "",
    "caller_id_name": "416-RD-SW5",
    "caller_id_num": "416",
    "channel": "SIP/416-00001092",
    "connected_line_name": "<unknown>",
    "connected_line_num": "<unknown>",
    "direction": "",
    "end_time": "",
    "extension_number": "416",
    "has_ringing": false,
    "linkedid": "1751890264.124440",
    "other_extension_number": "",
    "start_time": "2025-07-07T15:40:11",
    "status": "initiated",
    "timestamp": "2025-07-07T15:40:11",
    "type": "call_started",
    "uniqueid": "1751890264.124440"
}

{
    "channel": "SIP/416-00001092",
    "privilege": "call,all",
    "timestamp": "2025-07-07T15:40:31",
    "type": "call_answered",
    "uniqueid": "1751890264.124440"
}

{
    "call_type": "internal",
    "caller_id_name": "416-RD-SW5",
    "caller_id_num": "416",
    "cause": "0",
    "cause_description": "",
    "cause_txt": "",
    "channel": "SIP/416-00001092",
    "connected_line_name": "513-ICT4",
    "connected_line_num": "513",
    "direction": "out",
    "end_time": "2025-07-07T15:40:37",
    "extension_number": "416",
    "has_ringing": false,
    "linkedid": "1751890264.124440",
    "other_extension_number": "513",
    "raw_event": {
        "AccountCode": "",
        "CallerIDName": "416-RD-SW5",
        "CallerIDNum": "416",
        "Cause": "0",
        "Cause-txt": "Unknown",
        "Channel": "SIP/416-00001092",
        "ChannelState": "6",
        "ChannelStateDesc": "Up",
        "ConnectedLineName": "513-ICT4",
        "ConnectedLineNum": "513",
        "Context": "app-announcement-4",
        "Event": "Hangup",
        "Exten": "s",
        "Language": "pr2",
        "Linkedid": "1751890264.124440",
        "Priority": "5",
        "Privilege": "call,all",
        "Uniqueid": "1751890264.124440"
    },
    "start_time": "2025-07-07T15:40:31",
    "status": "answered",
    "timestamp": "2025-07-07T15:40:37",
    "type": "call_ended",
    "uniqueid": "1751890264.124440"
}

{
    "call_duration": 5,
    "call_type": "internal",
    "caller_id_name": "416-RD-SW5",
    "caller_id_num": "416",
    "cause": "0",
    "cause_description": "",
    "cause_txt": "",
    "channel": "SIP/416-00001092",
    "connected_line_name": "513-ICT4",
    "connected_line_num": "513",
    "direction": "out",
    "end_time": "2025-07-07T15:40:37",
    "extension_number": "416",
    "has_ringing": false,
    "linkedid": "1751890264.124440",
    "other_extension_number": "513",
    "raw_event": {
        "AccountCode": "",
        "CallerIDName": "416-RD-SW5",
        "CallerIDNum": "416",
        "Cause": "0",
        "Cause-txt": "Unknown",
        "Channel": "SIP/416-00001092",
        "ChannelState": "6",
        "ChannelStateDesc": "Up",
        "ConnectedLineName": "513-ICT4",
        "ConnectedLineNum": "513",
        "Context": "app-announcement-4",
        "Event": "Hangup",
        "Exten": "s",
        "Language": "pr2",
        "Linkedid": "1751890264.124440",
        "Priority": "5",
        "Privilege": "call,all",
        "Uniqueid": "1751890264.124440"
    },
    "start_time": "2025-07-07T15:40:31",
    "status": "answered",
    "timestamp": "2025-07-07T15:40:37",
    "type": "call_summary",
    "uniqueid": "1751890264.124440"
}

{
    "call_type": "",
    "caller_id_name": "416-RD-SW5",
    "caller_id_num": "416",
    "channel": "SIP/416-0000109d",
    "connected_line_name": "<unknown>",
    "connected_line_num": "<unknown>",
    "direction": "",
    "end_time": "",
    "extension_number": "416",
    "has_ringing": false,
    "linkedid": "1751890307.124522",
    "other_extension_number": "",
    "start_time": "2025-07-07T15:40:55",
    "status": "initiated",
    "timestamp": "2025-07-07T15:40:55",
    "type": "call_started",
    "uniqueid": "1751890307.124522"
}

{
    "channel": "SIP/416-0000109d",
    "privilege": "call,all",
    "timestamp": "2025-07-07T15:41:06",
    "type": "call_answered",
    "uniqueid": "1751890307.124522"
}

{
    "call_type": "internal",
    "caller_id_name": "416-RD-SW5",
    "caller_id_num": "416",
    "cause": "16",
    "cause_description": "",
    "cause_txt": "",
    "channel": "SIP/416-0000109d",
    "connected_line_name": "413-RD-SW2",
    "connected_line_num": "413",
    "direction": "out",
    "end_time": "2025-07-07T15:41:29",
    "extension_number": "416",
    "has_ringing": false,
    "linkedid": "1751890307.124522",
    "other_extension_number": "413",
    "raw_event": {
        "AccountCode": "",
        "CallerIDName": "416-RD-SW5",
        "CallerIDNum": "416",
        "Cause": "16",
        "Cause-txt": "Normal Clearing",
        "Channel": "SIP/416-0000109d",
        "ChannelState": "6",
        "ChannelStateDesc": "Up",
        "ConnectedLineName": "413-RD-SW2",
        "ConnectedLineNum": "413",
        "Context": "from-internal",
        "Event": "Hangup",
        "Exten": "h",
        "Language": "pr2",
        "Linkedid": "1751890307.124522",
        "Priority": "1",
        "Privilege": "call,all",
        "Uniqueid": "1751890307.124522"
    },
    "start_time": "2025-07-07T15:41:06",
    "status": "answered",
    "timestamp": "2025-07-07T15:41:29",
    "type": "call_ended",
    "uniqueid": "1751890307.124522"
}

{
    "call_duration": 23,
    "call_type": "internal",
    "caller_id_name": "416-RD-SW5",
    "caller_id_num": "416",
    "cause": "16",
    "cause_description": "",
    "cause_txt": "",
    "channel": "SIP/416-0000109d",
    "connected_line_name": "413-RD-SW2",
    "connected_line_num": "413",
    "direction": "out",
    "end_time": "2025-07-07T15:41:29",
    "extension_number": "416",
    "has_ringing": false,
    "linkedid": "1751890307.124522",
    "other_extension_number": "413",
    "raw_event": {
        "AccountCode": "",
        "CallerIDName": "416-RD-SW5",
        "CallerIDNum": "416",
        "Cause": "16",
        "Cause-txt": "Normal Clearing",
        "Channel": "SIP/416-0000109d",
        "ChannelState": "6",
        "ChannelStateDesc": "Up",
        "ConnectedLineName": "413-RD-SW2",
        "ConnectedLineNum": "413",
        "Context": "from-internal",
        "Event": "Hangup",
        "Exten": "h",
        "Language": "pr2",
        "Linkedid": "1751890307.124522",
        "Priority": "1",
        "Privilege": "call,all",
        "Uniqueid": "1751890307.124522"
    },
    "start_time": "2025-07-07T15:41:06",
    "status": "answered",
    "timestamp": "2025-07-07T15:41:29",
    "type": "call_summary",
    "uniqueid": "1751890307.124522"
}

{
    "call_type": "",
    "caller_id_name": "416-RD-SW5",
    "caller_id_num": "416",
    "channel": "SIP/416-000010a6",
    "connected_line_name": "<unknown>",
    "connected_line_num": "<unknown>",
    "direction": "",
    "end_time": "",
    "extension_number": "416",
    "has_ringing": false,
    "linkedid": "1751890351.124614",
    "other_extension_number": "",
    "start_time": "2025-07-07T15:41:38",
    "status": "initiated",
    "timestamp": "2025-07-07T15:41:38",
    "type": "call_started",
    "uniqueid": "1751890351.124614"
}

{
    "call_type": "internal",
    "caller_id_name": "416-RD-SW5",
    "caller_id_num": "416",
    "cause": "16",
    "cause_description": "",
    "cause_txt": "",
    "channel": "SIP/416-000010a6",
    "connected_line_name": "410-RD-SW",
    "connected_line_num": "410",
    "direction": "out",
    "end_time": "2025-07-07T15:41:40",
    "extension_number": "416",
    "has_ringing": false,
    "linkedid": "1751890351.124614",
    "other_extension_number": "410",
    "raw_event": {
        "AccountCode": "",
        "CallerIDName": "416-RD-SW5",
        "CallerIDNum": "416",
        "Cause": "16",
        "Cause-txt": "Normal Clearing",
        "Channel": "SIP/416-000010a6",
        "ChannelState": "4",
        "ChannelStateDesc": "Ring",
        "ConnectedLineName": "410-RD-SW",
        "ConnectedLineNum": "410",
        "Context": "from-internal",
        "Event": "Hangup",
        "Exten": "h",
        "Language": "pr2",
        "Linkedid": "1751890351.124614",
        "Priority": "1",
        "Privilege": "call,all",
        "Uniqueid": "1751890351.124614"
    },
    "start_time": "2025-07-07T15:41:38",
    "status": "initiated",
    "timestamp": "2025-07-07T15:41:40",
    "type": "call_ended",
    "uniqueid": "1751890351.124614"
}

{
    "call_duration": 2,
    "call_type": "internal",
    "caller_id_name": "416-RD-SW5",
    "caller_id_num": "416",
    "cause": "16",
    "cause_description": "",
    "cause_txt": "",
    "channel": "SIP/416-000010a6",
    "connected_line_name": "410-RD-SW",
    "connected_line_num": "410",
    "direction": "out",
    "end_time": "2025-07-07T15:41:40",
    "extension_number": "416",
    "has_ringing": false,
    "linkedid": "1751890351.124614",
    "other_extension_number": "410",
    "raw_event": {
        "AccountCode": "",
        "CallerIDName": "416-RD-SW5",
        "CallerIDNum": "416",
        "Cause": "16",
        "Cause-txt": "Normal Clearing",
        "Channel": "SIP/416-000010a6",
        "ChannelState": "4",
        "ChannelStateDesc": "Ring",
        "ConnectedLineName": "410-RD-SW",
        "ConnectedLineNum": "410",
        "Context": "from-internal",
        "Event": "Hangup",
        "Exten": "h",
        "Language": "pr2",
        "Linkedid": "1751890351.124614",
        "Priority": "1",
        "Privilege": "call,all",
        "Uniqueid": "1751890351.124614"
    },
    "start_time": "2025-07-07T15:41:38",
    "status": "initiated",
    "timestamp": "2025-07-07T15:41:40",
    "type": "call_summary",
    "uniqueid": "1751890351.124614"
}

{
    "call_type": "",
    "caller_id_name": "416-RD-SW5",
    "caller_id_num": "416",
    "channel": "SIP/416-000010ab",
    "connected_line_name": "<unknown>",
    "connected_line_num": "<unknown>",
    "direction": "",
    "end_time": "",
    "extension_number": "416",
    "has_ringing": false,
    "linkedid": "1751890370.124642",
    "other_extension_number": "",
    "start_time": "2025-07-07T15:41:57",
    "status": "initiated",
    "timestamp": "2025-07-07T15:41:57",
    "type": "call_started",
    "uniqueid": "1751890370.124642"
}

{
    "call_type": "external",
    "caller_id_name": "<unknown>",
    "caller_id_num": "36944000",
    "cause": "16",
    "cause_description": "",
    "cause_txt": "",
    "channel": "SIP/416-000010ab",
    "connected_line_name": "CID:36944000",
    "connected_line_num": "09137307820",
    "direction": "out",
    "end_time": "2025-07-07T15:42:41",
    "extension_number": "416",
    "has_ringing": false,
    "linkedid": "1751890370.124642",
    "other_extension_number": "09137307820",
    "raw_event": {
        "AccountCode": "",
        "CallerIDName": "<unknown>",
        "CallerIDNum": "36944000",
        "Cause": "16",
        "Cause-txt": "Normal Clearing",
        "Channel": "SIP/416-000010ab",
        "ChannelState": "4",
        "ChannelStateDesc": "Ring",
        "ConnectedLineName": "CID:36944000",
        "ConnectedLineNum": "09137307820",
        "Context": "from-internal",
        "Event": "Hangup",
        "Exten": "h",
        "Language": "pr2",
        "Linkedid": "1751890370.124642",
        "Priority": "1",
        "Privilege": "call,all",
        "Uniqueid": "1751890370.124642"
    },
    "start_time": "2025-07-07T15:41:57",
    "status": "initiated",
    "timestamp": "2025-07-07T15:42:41",
    "type": "call_ended",
    "uniqueid": "1751890370.124642"
}

{
    "call_duration": 44,
    "call_type": "external",
    "caller_id_name": "<unknown>",
    "caller_id_num": "36944000",
    "cause": "16",
    "cause_description": "",
    "cause_txt": "",
    "channel": "SIP/416-000010ab",
    "connected_line_name": "CID:36944000",
    "connected_line_num": "09137307820",
    "direction": "out",
    "end_time": "2025-07-07T15:42:41",
    "extension_number": "416",
    "has_ringing": false,
    "linkedid": "1751890370.124642",
    "other_extension_number": "09137307820",
    "raw_event": {
        "AccountCode": "",
        "CallerIDName": "<unknown>",
        "CallerIDNum": "36944000",
        "Cause": "16",
        "Cause-txt": "Normal Clearing",
        "Channel": "SIP/416-000010ab",
        "ChannelState": "4",
        "ChannelStateDesc": "Ring",
        "ConnectedLineName": "CID:36944000",
        "ConnectedLineNum": "09137307820",
        "Context": "from-internal",
        "Event": "Hangup",
        "Exten": "h",
        "Language": "pr2",
        "Linkedid": "1751890370.124642",
        "Priority": "1",
        "Privilege": "call,all",
        "Uniqueid": "1751890370.124642"
    },
    "start_time": "2025-07-07T15:41:57",
    "status": "initiated",
    "timestamp": "2025-07-07T15:42:41",
    "type": "call_summary",
    "uniqueid": "1751890370.124642"
}

{
    "call_type": "",
    "caller_id_name": "416-RD-SW5",
    "caller_id_num": "416",
    "channel": "SIP/416-000010e2",
    "connected_line_name": "<unknown>",
    "connected_line_num": "<unknown>",
    "direction": "",
    "end_time": "",
    "extension_number": "416",
    "has_ringing": false,
    "linkedid": "1751890885.125242",
    "other_extension_number": "",
    "start_time": "2025-07-07T15:50:33",
    "status": "initiated",
    "timestamp": "2025-07-07T15:50:33",
    "type": "call_started",
    "uniqueid": "1751890885.125245"
}

{
    "channel": "SIP/416-000010e2",
    "privilege": "call,all",
    "timestamp": "2025-07-07T15:50:33",
    "type": "call_ringing",
    "uniqueid": "1751890885.125245"
}

{
    "channel": "SIP/416-000010e2",
    "privilege": "call,all",
    "timestamp": "2025-07-07T15:50:36",
    "type": "call_answered",
    "uniqueid": "1751890885.125245"
}

{
    "call_type": "internal",
    "caller_id_name": "416-RD-SW5",
    "caller_id_num": "416",
    "cause": "16",
    "cause_description": "",
    "cause_txt": "",
    "channel": "SIP/416-000010e2",
    "connected_line_name": "413-RD-SW2",
    "connected_line_num": "413",
    "direction": "in",
    "end_time": "2025-07-07T15:51:03",
    "extension_number": "416",
    "has_ringing": true,
    "linkedid": "1751890885.125242",
    "other_extension_number": "413",
    "raw_event": {
        "AccountCode": "",
        "CallerIDName": "416-RD-SW5",
        "CallerIDNum": "416",
        "Cause": "16",
        "Cause-txt": "Normal Clearing",
        "Channel": "SIP/416-000010e2",
        "ChannelState": "6",
        "ChannelStateDesc": "Up",
        "ConnectedLineName": "413-RD-SW2",
        "ConnectedLineNum": "413",
        "Context": "from-internal",
        "Event": "Hangup",
        "Exten": "",
        "Language": "pr2",
        "Linkedid": "1751890885.125242",
        "Priority": "1",
        "Privilege": "call,all",
        "Uniqueid": "1751890885.125245"
    },
    "start_time": "2025-07-07T15:50:36",
    "status": "answered",
    "timestamp": "2025-07-07T15:51:03",
    "type": "call_ended",
    "uniqueid": "1751890885.125245"
}

{
    "call_duration": 27,
    "call_type": "internal",
    "caller_id_name": "416-RD-SW5",
    "caller_id_num": "416",
    "cause": "16",
    "cause_description": "",
    "cause_txt": "",
    "channel": "SIP/416-000010e2",
    "connected_line_name": "413-RD-SW2",
    "connected_line_num": "413",
    "direction": "in",
    "end_time": "2025-07-07T15:51:03",
    "extension_number": "416",
    "has_ringing": true,
    "linkedid": "1751890885.125242",
    "other_extension_number": "413",
    "raw_event": {
        "AccountCode": "",
        "CallerIDName": "416-RD-SW5",
        "CallerIDNum": "416",
        "Cause": "16",
        "Cause-txt": "Normal Clearing",
        "Channel": "SIP/416-000010e2",
        "ChannelState": "6",
        "ChannelStateDesc": "Up",
        "ConnectedLineName": "413-RD-SW2",
        "ConnectedLineNum": "413",
        "Context": "from-internal",
        "Event": "Hangup",
        "Exten": "",
        "Language": "pr2",
        "Linkedid": "1751890885.125242",
        "Priority": "1",
        "Privilege": "call,all",
        "Uniqueid": "1751890885.125245"
    },
    "start_time": "2025-07-07T15:50:36",
    "status": "answered",
    "timestamp": "2025-07-07T15:51:03",
    "type": "call_summary",
    "uniqueid": "1751890885.125245"
}

{
    "call_type": "",
    "caller_id_name": "416-RD-SW5",
    "caller_id_num": "416",
    "channel": "SIP/416-000010e4",
    "connected_line_name": "<unknown>",
    "connected_line_num": "<unknown>",
    "direction": "",
    "end_time": "",
    "extension_number": "416",
    "has_ringing": false,
    "linkedid": "1751890920.125271",
    "other_extension_number": "",
    "start_time": "2025-07-07T15:51:08",
    "status": "initiated",
    "timestamp": "2025-07-07T15:51:08",
    "type": "call_started",
    "uniqueid": "1751890920.125274"
}

{
    "channel": "SIP/416-000010e4",
    "privilege": "call,all",
    "timestamp": "2025-07-07T15:51:08",
    "type": "call_ringing",
    "uniqueid": "1751890920.125274"
}

{
    "channel": "SIP/416-000010e4",
    "privilege": "call,all",
    "timestamp": "2025-07-07T15:51:09",
    "type": "call_answered",
    "uniqueid": "1751890920.125274"
}

{
    "call_type": "internal",
    "caller_id_name": "416-RD-SW5",
    "caller_id_num": "416",
    "cause": "16",
    "cause_description": "",
    "cause_txt": "",
    "channel": "SIP/416-000010e4",
    "connected_line_name": "413-RD-SW2",
    "connected_line_num": "413",
    "direction": "in",
    "end_time": "2025-07-07T15:51:22",
    "extension_number": "416",
    "has_ringing": true,
    "linkedid": "1751890920.125271",
    "other_extension_number": "413",
    "raw_event": {
        "AccountCode": "",
        "CallerIDName": "416-RD-SW5",
        "CallerIDNum": "416",
        "Cause": "16",
        "Cause-txt": "Normal Clearing",
        "Channel": "SIP/416-000010e4",
        "ChannelState": "6",
        "ChannelStateDesc": "Up",
        "ConnectedLineName": "413-RD-SW2",
        "ConnectedLineNum": "413",
        "Context": "from-internal",
        "Event": "Hangup",
        "Exten": "",
        "Language": "pr2",
        "Linkedid": "1751890920.125271",
        "Priority": "1",
        "Privilege": "call,all",
        "Uniqueid": "1751890920.125274"
    },
    "start_time": "2025-07-07T15:51:09",
    "status": "answered",
    "timestamp": "2025-07-07T15:51:22",
    "type": "call_ended",
    "uniqueid": "1751890920.125274"
}

{
    "call_duration": 12,
    "call_type": "internal",
    "caller_id_name": "416-RD-SW5",
    "caller_id_num": "416",
    "cause": "16",
    "cause_description": "",
    "cause_txt": "",
    "channel": "SIP/416-000010e4",
    "connected_line_name": "413-RD-SW2",
    "connected_line_num": "413",
    "direction": "in",
    "end_time": "2025-07-07T15:51:22",
    "extension_number": "416",
    "has_ringing": true,
    "linkedid": "1751890920.125271",
    "other_extension_number": "413",
    "raw_event": {
        "AccountCode": "",
        "CallerIDName": "416-RD-SW5",
        "CallerIDNum": "416",
        "Cause": "16",
        "Cause-txt": "Normal Clearing",
        "Channel": "SIP/416-000010e4",
        "ChannelState": "6",
        "ChannelStateDesc": "Up",
        "ConnectedLineName": "413-RD-SW2",
        "ConnectedLineNum": "413",
        "Context": "from-internal",
        "Event": "Hangup",
        "Exten": "",
        "Language": "pr2",
        "Linkedid": "1751890920.125271",
        "Priority": "1",
        "Privilege": "call,all",
        "Uniqueid": "1751890920.125274"
    },
    "start_time": "2025-07-07T15:51:09",
    "status": "answered",
    "timestamp": "2025-07-07T15:51:22",
    "type": "call_summary",
    "uniqueid": "1751890920.125274"
}

{
    "call_type": "",
    "caller_id_name": "416-RD-SW5",
    "caller_id_num": "416",
    "channel": "SIP/416-000010e5",
    "connected_line_name": "<unknown>",
    "connected_line_num": "<unknown>",
    "direction": "",
    "end_time": "",
    "extension_number": "416",
    "has_ringing": false,
    "linkedid": "1751890941.125301",
    "other_extension_number": "",
    "start_time": "2025-07-07T15:51:28",
    "status": "initiated",
    "timestamp": "2025-07-07T15:51:28",
    "type": "call_started",
    "uniqueid": "1751890941.125301"
}

{
    "channel": "SIP/416-000010e5",
    "privilege": "call,all",
    "timestamp": "2025-07-07T15:51:33",
    "type": "call_answered",
    "uniqueid": "1751890941.125301"
}

{
    "call_type": "internal",
    "caller_id_name": "416-RD-SW5",
    "caller_id_num": "416",
    "cause": "16",
    "cause_description": "",
    "cause_txt": "",
    "channel": "SIP/416-000010e5",
    "connected_line_name": "413-RD-SW2",
    "connected_line_num": "413",
    "direction": "out",
    "end_time": "2025-07-07T15:53:20",
    "extension_number": "416",
    "has_ringing": false,
    "linkedid": "1751890941.125301",
    "other_extension_number": "413",
    "raw_event": {
        "AccountCode": "",
        "CallerIDName": "416-RD-SW5",
        "CallerIDNum": "416",
        "Cause": "16",
        "Cause-txt": "Normal Clearing",
        "Channel": "SIP/416-000010e5",
        "ChannelState": "6",
        "ChannelStateDesc": "Up",
        "ConnectedLineName": "413-RD-SW2",
        "ConnectedLineNum": "413",
        "Context": "from-internal",
        "Event": "Hangup",
        "Exten": "h",
        "Language": "pr2",
        "Linkedid": "1751890941.125301",
        "Priority": "1",
        "Privilege": "call,all",
        "Uniqueid": "1751890941.125301"
    },
    "start_time": "2025-07-07T15:51:33",
    "status": "answered",
    "timestamp": "2025-07-07T15:53:20",
    "type": "call_ended",
    "uniqueid": "1751890941.125301"
}

{
    "call_duration": 107,
    "call_type": "internal",
    "caller_id_name": "416-RD-SW5",
    "caller_id_num": "416",
    "cause": "16",
    "cause_description": "",
    "cause_txt": "",
    "channel": "SIP/416-000010e5",
    "connected_line_name": "413-RD-SW2",
    "connected_line_num": "413",
    "direction": "out",
    "end_time": "2025-07-07T15:53:20",
    "extension_number": "416",
    "has_ringing": false,
    "linkedid": "1751890941.125301",
    "other_extension_number": "413",
    "raw_event": {
        "AccountCode": "",
        "CallerIDName": "416-RD-SW5",
        "CallerIDNum": "416",
        "Cause": "16",
        "Cause-txt": "Normal Clearing",
        "Channel": "SIP/416-000010e5",
        "ChannelState": "6",
        "ChannelStateDesc": "Up",
        "ConnectedLineName": "413-RD-SW2",
        "ConnectedLineNum": "413",
        "Context": "from-internal",
        "Event": "Hangup",
        "Exten": "h",
        "Language": "pr2",
        "Linkedid": "1751890941.125301",
        "Priority": "1",
        "Privilege": "call,all",
        "Uniqueid": "1751890941.125301"
    },
    "start_time": "2025-07-07T15:51:33",
    "status": "answered",
    "timestamp": "2025-07-07T15:53:20",
    "type": "call_summary",
    "uniqueid": "1751890941.125301"
}

{
    "call_type": "",
    "caller_id_name": "416-RD-SW5",
    "caller_id_num": "416",
    "channel": "SIP/416-00001100",
    "connected_line_name": "<unknown>",
    "connected_line_num": "<unknown>",
    "direction": "",
    "end_time": "",
    "extension_number": "416",
    "has_ringing": false,
    "linkedid": "1751891250.125567",
    "other_extension_number": "",
    "start_time": "2025-07-07T15:56:37",
    "status": "initiated",
    "timestamp": "2025-07-07T15:56:37",
    "type": "call_started",
    "uniqueid": "1751891250.125567"
}

{
    "call_type": "internal",
    "caller_id_name": "416-RD-SW5",
    "caller_id_num": "416",
    "cause": "16",
    "cause_description": "",
    "cause_txt": "",
    "channel": "SIP/416-00001100",
    "connected_line_name": "413-RD-SW2",
    "connected_line_num": "413",
    "direction": "out",
    "end_time": "2025-07-07T15:56:39",
    "extension_number": "416",
    "has_ringing": false,
    "linkedid": "1751891250.125567",
    "other_extension_number": "413",
    "raw_event": {
        "AccountCode": "",
        "CallerIDName": "416-RD-SW5",
        "CallerIDNum": "416",
        "Cause": "16",
        "Cause-txt": "Normal Clearing",
        "Channel": "SIP/416-00001100",
        "ChannelState": "4",
        "ChannelStateDesc": "Ring",
        "ConnectedLineName": "413-RD-SW2",
        "ConnectedLineNum": "413",
        "Context": "from-internal",
        "Event": "Hangup",
        "Exten": "h",
        "Language": "pr2",
        "Linkedid": "1751891250.125567",
        "Priority": "1",
        "Privilege": "call,all",
        "Uniqueid": "1751891250.125567"
    },
    "start_time": "2025-07-07T15:56:37",
    "status": "initiated",
    "timestamp": "2025-07-07T15:56:39",
    "type": "call_ended",
    "uniqueid": "1751891250.125567"
}

{
    "call_duration": 1,
    "call_type": "internal",
    "caller_id_name": "416-RD-SW5",
    "caller_id_num": "416",
    "cause": "16",
    "cause_description": "",
    "cause_txt": "",
    "channel": "SIP/416-00001100",
    "connected_line_name": "413-RD-SW2",
    "connected_line_num": "413",
    "direction": "out",
    "end_time": "2025-07-07T15:56:39",
    "extension_number": "416",
    "has_ringing": false,
    "linkedid": "1751891250.125567",
    "other_extension_number": "413",
    "raw_event": {
        "AccountCode": "",
        "CallerIDName": "416-RD-SW5",
        "CallerIDNum": "416",
        "Cause": "16",
        "Cause-txt": "Normal Clearing",
        "Channel": "SIP/416-00001100",
        "ChannelState": "4",
        "ChannelStateDesc": "Ring",
        "ConnectedLineName": "413-RD-SW2",
        "ConnectedLineNum": "413",
        "Context": "from-internal",
        "Event": "Hangup",
        "Exten": "h",
        "Language": "pr2",
        "Linkedid": "1751891250.125567",
        "Priority": "1",
        "Privilege": "call,all",
        "Uniqueid": "1751891250.125567"
    },
    "start_time": "2025-07-07T15:56:37",
    "status": "initiated",
    "timestamp": "2025-07-07T15:56:39",
    "type": "call_summary",
    "uniqueid": "1751891250.125567"
}

{
    "call_type": "",
    "caller_id_name": "416-RD-SW5",
    "caller_id_num": "416",
    "channel": "SIP/416-0000110b",
    "connected_line_name": "<unknown>",
    "connected_line_num": "<unknown>",
    "direction": "",
    "end_time": "",
    "extension_number": "416",
    "has_ringing": false,
    "linkedid": "1751891327.125673",
    "other_extension_number": "",
    "start_time": "2025-07-07T15:57:54",
    "status": "initiated",
    "timestamp": "2025-07-07T15:57:54",
    "type": "call_started",
    "uniqueid": "1751891327.125673"
}

{
    "channel": "SIP/416-0000110b",
    "privilege": "call,all",
    "timestamp": "2025-07-07T15:58:15",
    "type": "call_answered",
    "uniqueid": "1751891327.125673"
}

{
    "call_type": "internal",
    "caller_id_name": "416-RD-SW5",
    "caller_id_num": "416",
    "cause": "0",
    "cause_description": "",
    "cause_txt": "",
    "channel": "SIP/416-0000110b",
    "connected_line_name": "513-ICT4",
    "connected_line_num": "513",
    "direction": "out",
    "end_time": "2025-07-07T15:58:19",
    "extension_number": "416",
    "has_ringing": false,
    "linkedid": "1751891327.125673",
    "other_extension_number": "513",
    "raw_event": {
        "AccountCode": "",
        "CallerIDName": "416-RD-SW5",
        "CallerIDNum": "416",
        "Cause": "0",
        "Cause-txt": "Unknown",
        "Channel": "SIP/416-0000110b",
        "ChannelState": "6",
        "ChannelStateDesc": "Up",
        "ConnectedLineName": "513-ICT4",
        "ConnectedLineNum": "513",
        "Context": "app-announcement-4",
        "Event": "Hangup",
        "Exten": "s",
        "Language": "pr2",
        "Linkedid": "1751891327.125673",
        "Priority": "5",
        "Privilege": "call,all",
        "Uniqueid": "1751891327.125673"
    },
    "start_time": "2025-07-07T15:58:15",
    "status": "answered",
    "timestamp": "2025-07-07T15:58:19",
    "type": "call_ended",
    "uniqueid": "1751891327.125673"
}

{
    "call_duration": 4,
    "call_type": "internal",
    "caller_id_name": "416-RD-SW5",
    "caller_id_num": "416",
    "cause": "0",
    "cause_description": "",
    "cause_txt": "",
    "channel": "SIP/416-0000110b",
    "connected_line_name": "513-ICT4",
    "connected_line_num": "513",
    "direction": "out",
    "end_time": "2025-07-07T15:58:19",
    "extension_number": "416",
    "has_ringing": false,
    "linkedid": "1751891327.125673",
    "other_extension_number": "513",
    "raw_event": {
        "AccountCode": "",
        "CallerIDName": "416-RD-SW5",
        "CallerIDNum": "416",
        "Cause": "0",
        "Cause-txt": "Unknown",
        "Channel": "SIP/416-0000110b",
        "ChannelState": "6",
        "ChannelStateDesc": "Up",
        "ConnectedLineName": "513-ICT4",
        "ConnectedLineNum": "513",
        "Context": "app-announcement-4",
        "Event": "Hangup",
        "Exten": "s",
        "Language": "pr2",
        "Linkedid": "1751891327.125673",
        "Priority": "5",
        "Privilege": "call,all",
        "Uniqueid": "1751891327.125673"
    },
    "start_time": "2025-07-07T15:58:15",
    "status": "answered",
    "timestamp": "2025-07-07T15:58:19",
    "type": "call_summary",
    "uniqueid": "1751891327.125673"
}

{
    "call_type": "",
    "caller_id_name": "416-RD-SW5",
    "caller_id_num": "416",
    "channel": "SIP/416-00001110",
    "connected_line_name": "<unknown>",
    "connected_line_num": "<unknown>",
    "direction": "",
    "end_time": "",
    "extension_number": "416",
    "has_ringing": false,
    "linkedid": "1751891364.125745",
    "other_extension_number": "",
    "start_time": "2025-07-07T15:58:31",
    "status": "initiated",
    "timestamp": "2025-07-07T15:58:31",
    "type": "call_started",
    "uniqueid": "1751891364.125745"
}

{
    "channel": "SIP/416-00001110",
    "privilege": "call,all",
    "timestamp": "2025-07-07T15:58:32",
    "type": "call_answered",
    "uniqueid": "1751891364.125745"
}

{
    "call_type": "internal",
    "caller_id_name": "416-RD-SW5",
    "caller_id_num": "416",
    "cause": "20",
    "cause_description": "",
    "cause_txt": "",
    "channel": "SIP/416-00001110",
    "connected_line_name": "512-ICT3",
    "connected_line_num": "512",
    "direction": "out",
    "end_time": "2025-07-07T15:58:38",
    "extension_number": "416",
    "has_ringing": false,
    "linkedid": "1751891364.125745",
    "other_extension_number": "512",
    "raw_event": {
        "AccountCode": "",
        "CallerIDName": "416-RD-SW5",
        "CallerIDNum": "416",
        "Cause": "20",
        "Cause-txt": "Subscriber absent",
        "Channel": "SIP/416-00001110",
        "ChannelState": "6",
        "ChannelStateDesc": "Up",
        "ConnectedLineName": "512-ICT3",
        "ConnectedLineNum": "512",
        "Context": "app-announcement-4",
        "Event": "Hangup",
        "Exten": "s",
        "Language": "pr2",
        "Linkedid": "1751891364.125745",
        "Priority": "5",
        "Privilege": "call,all",
        "Uniqueid": "1751891364.125745"
    },
    "start_time": "2025-07-07T15:58:32",
    "status": "answered",
    "timestamp": "2025-07-07T15:58:38",
    "type": "call_ended",
    "uniqueid": "1751891364.125745"
}

{
    "call_duration": 5,
    "call_type": "internal",
    "caller_id_name": "416-RD-SW5",
    "caller_id_num": "416",
    "cause": "20",
    "cause_description": "",
    "cause_txt": "",
    "channel": "SIP/416-00001110",
    "connected_line_name": "512-ICT3",
    "connected_line_num": "512",
    "direction": "out",
    "end_time": "2025-07-07T15:58:38",
    "extension_number": "416",
    "has_ringing": false,
    "linkedid": "1751891364.125745",
    "other_extension_number": "512",
    "raw_event": {
        "AccountCode": "",
        "CallerIDName": "416-RD-SW5",
        "CallerIDNum": "416",
        "Cause": "20",
        "Cause-txt": "Subscriber absent",
        "Channel": "SIP/416-00001110",
        "ChannelState": "6",
        "ChannelStateDesc": "Up",
        "ConnectedLineName": "512-ICT3",
        "ConnectedLineNum": "512",
        "Context": "app-announcement-4",
        "Event": "Hangup",
        "Exten": "s",
        "Language": "pr2",
        "Linkedid": "1751891364.125745",
        "Priority": "5",
        "Privilege": "call,all",
        "Uniqueid": "1751891364.125745"
    },
    "start_time": "2025-07-07T15:58:32",
    "status": "answered",
    "timestamp": "2025-07-07T15:58:38",
    "type": "call_summary",
    "uniqueid": "1751891364.125745"
}

{
    "call_type": "",
    "caller_id_name": "416-RD-SW5",
    "caller_id_num": "416",
    "channel": "SIP/416-000011ca",
    "connected_line_name": "<unknown>",
    "connected_line_num": "<unknown>",
    "direction": "",
    "end_time": "",
    "extension_number": "416",
    "has_ringing": false,
    "linkedid": "1751892767.127741",
    "other_extension_number": "",
    "start_time": "2025-07-07T16:21:55",
    "status": "initiated",
    "timestamp": "2025-07-07T16:21:55",
    "type": "call_started",
    "uniqueid": "1751892767.127744"
}

{
    "channel": "SIP/416-000011ca",
    "privilege": "call,all",
    "timestamp": "2025-07-07T16:21:55",
    "type": "call_ringing",
    "uniqueid": "1751892767.127744"
}

{
    "channel": "SIP/416-000011ca",
    "privilege": "call,all",
    "timestamp": "2025-07-07T16:21:57",
    "type": "call_answered",
    "uniqueid": "1751892767.127744"
}

{
    "call_type": "internal",
    "caller_id_name": "416-RD-SW5",
    "caller_id_num": "416",
    "cause": "16",
    "cause_description": "",
    "cause_txt": "",
    "channel": "SIP/416-000011ca",
    "connected_line_name": "413-RD-SW2",
    "connected_line_num": "413",
    "direction": "in",
    "end_time": "2025-07-07T16:22:28",
    "extension_number": "416",
    "has_ringing": true,
    "linkedid": "1751892767.127741",
    "other_extension_number": "413",
    "raw_event": {
        "AccountCode": "",
        "CallerIDName": "416-RD-SW5",
        "CallerIDNum": "416",
        "Cause": "16",
        "Cause-txt": "Normal Clearing",
        "Channel": "SIP/416-000011ca",
        "ChannelState": "6",
        "ChannelStateDesc": "Up",
        "ConnectedLineName": "413-RD-SW2",
        "ConnectedLineNum": "413",
        "Context": "from-internal",
        "Event": "Hangup",
        "Exten": "",
        "Language": "pr2",
        "Linkedid": "1751892767.127741",
        "Priority": "1",
        "Privilege": "call,all",
        "Uniqueid": "1751892767.127744"
    },
    "start_time": "2025-07-07T16:21:57",
    "status": "answered",
    "timestamp": "2025-07-07T16:22:28",
    "type": "call_ended",
    "uniqueid": "1751892767.127744"
}

{
    "call_duration": 31,
    "call_type": "internal",
    "caller_id_name": "416-RD-SW5",
    "caller_id_num": "416",
    "cause": "16",
    "cause_description": "",
    "cause_txt": "",
    "channel": "SIP/416-000011ca",
    "connected_line_name": "413-RD-SW2",
    "connected_line_num": "413",
    "direction": "in",
    "end_time": "2025-07-07T16:22:28",
    "extension_number": "416",
    "has_ringing": true,
    "linkedid": "1751892767.127741",
    "other_extension_number": "413",
    "raw_event": {
        "AccountCode": "",
        "CallerIDName": "416-RD-SW5",
        "CallerIDNum": "416",
        "Cause": "16",
        "Cause-txt": "Normal Clearing",
        "Channel": "SIP/416-000011ca",
        "ChannelState": "6",
        "ChannelStateDesc": "Up",
        "ConnectedLineName": "413-RD-SW2",
        "ConnectedLineNum": "413",
        "Context": "from-internal",
        "Event": "Hangup",
        "Exten": "",
        "Language": "pr2",
        "Linkedid": "1751892767.127741",
        "Priority": "1",
        "Privilege": "call,all",
        "Uniqueid": "1751892767.127744"
    },
    "start_time": "2025-07-07T16:21:57",
    "status": "answered",
    "timestamp": "2025-07-07T16:22:28",
    "type": "call_summary",
    "uniqueid": "1751892767.127744"
}

{
    "call_type": "",
    "caller_id_name": "416-RD-SW5",
    "caller_id_num": "416",
    "channel": "SIP/416-00001207",
    "connected_line_name": "<unknown>",
    "connected_line_num": "<unknown>",
    "direction": "",
    "end_time": "",
    "extension_number": "416",
    "has_ringing": false,
    "linkedid": "1751893115.128398",
    "other_extension_number": "",
    "start_time": "2025-07-07T16:27:42",
    "status": "initiated",
    "timestamp": "2025-07-07T16:27:42",
    "type": "call_started",
    "uniqueid": "1751893115.128398"
}

{
    "channel": "SIP/416-00001207",
    "privilege": "call,all",
    "timestamp": "2025-07-07T16:27:50",
    "type": "call_answered",
    "uniqueid": "1751893115.128398"
}

{
    "call_type": "internal",
    "caller_id_name": "416-RD-SW5",
    "caller_id_num": "416",
    "cause": "16",
    "cause_description": "",
    "cause_txt": "",
    "channel": "SIP/416-00001207",
    "connected_line_name": "413-RD-SW2",
    "connected_line_num": "413",
    "direction": "out",
    "end_time": "2025-07-07T16:30:30",
    "extension_number": "416",
    "has_ringing": false,
    "linkedid": "1751893115.128398",
    "other_extension_number": "413",
    "raw_event": {
        "AccountCode": "",
        "CallerIDName": "416-RD-SW5",
        "CallerIDNum": "416",
        "Cause": "16",
        "Cause-txt": "Normal Clearing",
        "Channel": "SIP/416-00001207",
        "ChannelState": "6",
        "ChannelStateDesc": "Up",
        "ConnectedLineName": "413-RD-SW2",
        "ConnectedLineNum": "413",
        "Context": "from-internal",
        "Event": "Hangup",
        "Exten": "h",
        "Language": "pr2",
        "Linkedid": "1751893115.128398",
        "Priority": "1",
        "Privilege": "call,all",
        "Uniqueid": "1751893115.128398"
    },
    "start_time": "2025-07-07T16:27:50",
    "status": "answered",
    "timestamp": "2025-07-07T16:30:30",
    "type": "call_ended",
    "uniqueid": "1751893115.128398"
}

{
    "call_duration": 159,
    "call_type": "internal",
    "caller_id_name": "416-RD-SW5",
    "caller_id_num": "416",
    "cause": "16",
    "cause_description": "",
    "cause_txt": "",
    "channel": "SIP/416-00001207",
    "connected_line_name": "413-RD-SW2",
    "connected_line_num": "413",
    "direction": "out",
    "end_time": "2025-07-07T16:30:30",
    "extension_number": "416",
    "has_ringing": false,
    "linkedid": "1751893115.128398",
    "other_extension_number": "413",
    "raw_event": {
        "AccountCode": "",
        "CallerIDName": "416-RD-SW5",
        "CallerIDNum": "416",
        "Cause": "16",
        "Cause-txt": "Normal Clearing",
        "Channel": "SIP/416-00001207",
        "ChannelState": "6",
        "ChannelStateDesc": "Up",
        "ConnectedLineName": "413-RD-SW2",
        "ConnectedLineNum": "413",
        "Context": "from-internal",
        "Event": "Hangup",
        "Exten": "h",
        "Language": "pr2",
        "Linkedid": "1751893115.128398",
        "Priority": "1",
        "Privilege": "call,all",
        "Uniqueid": "1751893115.128398"
    },
    "start_time": "2025-07-07T16:27:50",
    "status": "answered",
    "timestamp": "2025-07-07T16:30:30",
    "type": "call_summary",
    "uniqueid": "1751893115.128398"
}

{
    "extension": "416",
    "privilege": "call,all",
    "timestamp": "2025-07-09T18:52:09",
    "type": "monitor_initialized"
}

{
    "extension": "416",
    "privilege": "call,all",
    "timestamp": "2025-07-09T18:54:21",
    "type": "monitor_initialized"
}

{
    "extension": "416",
    "privilege": "call,all",
    "timestamp": "2025-07-09T19:03:17",
    "type": "monitor_initialized"
}

{
    "call_type": "",
    "caller_id_name": "416-RD-SW5",
    "caller_id_num": "416",
    "channel": "SIP/416-000031ca",
    "connected_line_name": "<unknown>",
    "connected_line_num": "<unknown>",
    "direction": "",
    "end_time": "",
    "extension_number": "416",
    "has_ringing": false,
    "linkedid": "1752075808.254183",
    "other_extension_number": "",
    "start_time": "2025-07-09T19:12:35",
    "status": "initiated",
    "timestamp": "2025-07-09T19:12:35",
    "type": "call_started",
    "uniqueid": "1752075808.254183"
}

{
    "channel": "SIP/416-000031ca",
    "privilege": "call,all",
    "timestamp": "2025-07-09T19:12:40",
    "type": "call_answered",
    "uniqueid": "1752075808.254183"
}

{
    "call_type": "external",
    "caller_id_name": "<unknown>",
    "caller_id_num": "36944000",
    "cause": "16",
    "cause_description": "",
    "cause_txt": "",
    "channel": "SIP/416-000031ca",
    "connected_line_name": "CID:36944000",
    "connected_line_num": "09136421196",
    "direction": "out",
    "end_time": "2025-07-09T19:12:54",
    "extension_number": "416",
    "has_ringing": false,
    "linkedid": "1752075808.254183",
    "other_extension_number": "09136421196",
    "raw_event": {
        "AccountCode": "",
        "CallerIDName": "<unknown>",
        "CallerIDNum": "36944000",
        "Cause": "16",
        "Cause-txt": "Normal Clearing",
        "Channel": "SIP/416-000031ca",
        "ChannelState": "6",
        "ChannelStateDesc": "Up",
        "ConnectedLineName": "CID:36944000",
        "ConnectedLineNum": "09136421196",
        "Context": "from-internal",
        "Event": "Hangup",
        "Exten": "h",
        "Language": "pr2",
        "Linkedid": "1752075808.254183",
        "Priority": "1",
        "Privilege": "call,all",
        "Uniqueid": "1752075808.254183"
    },
    "start_time": "2025-07-09T19:12:40",
    "status": "answered",
    "timestamp": "2025-07-09T19:12:54",
    "type": "call_ended",
    "uniqueid": "1752075808.254183"
}

{
    "call_duration": 13,
    "call_type": "external",
    "caller_id_name": "<unknown>",
    "caller_id_num": "36944000",
    "cause": "16",
    "cause_description": "",
    "cause_txt": "",
    "channel": "SIP/416-000031ca",
    "connected_line_name": "CID:36944000",
    "connected_line_num": "09136421196",
    "direction": "out",
    "end_time": "2025-07-09T19:12:54",
    "extension_number": "416",
    "has_ringing": false,
    "linkedid": "1752075808.254183",
    "other_extension_number": "09136421196",
    "raw_event": {
        "AccountCode": "",
        "CallerIDName": "<unknown>",
        "CallerIDNum": "36944000",
        "Cause": "16",
        "Cause-txt": "Normal Clearing",
        "Channel": "SIP/416-000031ca",
        "ChannelState": "6",
        "ChannelStateDesc": "Up",
        "ConnectedLineName": "CID:36944000",
        "ConnectedLineNum": "09136421196",
        "Context": "from-internal",
        "Event": "Hangup",
        "Exten": "h",
        "Language": "pr2",
        "Linkedid": "1752075808.254183",
        "Priority": "1",
        "Privilege": "call,all",
        "Uniqueid": "1752075808.254183"
    },
    "start_time": "2025-07-09T19:12:40",
    "status": "answered",
    "timestamp": "2025-07-09T19:12:54",
    "type": "call_summary",
    "uniqueid": "1752075808.254183"
}

{
    "call_type": "",
    "caller_id_name": "416-RD-SW5",
    "caller_id_num": "416",
    "channel": "SIP/416-000031cc",
    "connected_line_name": "<unknown>",
    "connected_line_num": "<unknown>",
    "direction": "",
    "end_time": "",
    "extension_number": "416",
    "has_ringing": false,
    "linkedid": "1752075838.254202",
    "other_extension_number": "",
    "start_time": "2025-07-09T19:13:06",
    "status": "initiated",
    "timestamp": "2025-07-09T19:13:06",
    "type": "call_started",
    "uniqueid": "1752075838.254202"
}

{
    "channel": "SIP/416-000031cc",
    "privilege": "call,all",
    "timestamp": "2025-07-09T19:13:15",
    "type": "call_answered",
    "uniqueid": "1752075838.254202"
}

{
    "call_type": "external",
    "caller_id_name": "<unknown>",
    "caller_id_num": "36944000",
    "cause": "16",
    "cause_description": "",
    "cause_txt": "",
    "channel": "SIP/416-000031cc",
    "connected_line_name": "CID:36944000",
    "connected_line_num": "09136421196",
    "direction": "out",
    "end_time": "2025-07-09T19:13:18",
    "extension_number": "416",
    "has_ringing": false,
    "linkedid": "1752075838.254202",
    "other_extension_number": "09136421196",
    "raw_event": {
        "AccountCode": "",
        "CallerIDName": "<unknown>",
        "CallerIDNum": "36944000",
        "Cause": "16",
        "Cause-txt": "Normal Clearing",
        "Channel": "SIP/416-000031cc",
        "ChannelState": "6",
        "ChannelStateDesc": "Up",
        "ConnectedLineName": "CID:36944000",
        "ConnectedLineNum": "09136421196",
        "Context": "from-internal",
        "Event": "Hangup",
        "Exten": "h",
        "Language": "pr2",
        "Linkedid": "1752075838.254202",
        "Priority": "1",
        "Privilege": "call,all",
        "Uniqueid": "1752075838.254202"
    },
    "start_time": "2025-07-09T19:13:15",
    "status": "answered",
    "timestamp": "2025-07-09T19:13:18",
    "type": "call_ended",
    "uniqueid": "1752075838.254202"
}

{
    "call_duration": 2,
    "call_type": "external",
    "caller_id_name": "<unknown>",
    "caller_id_num": "36944000",
    "cause": "16",
    "cause_description": "",
    "cause_txt": "",
    "channel": "SIP/416-000031cc",
    "connected_line_name": "CID:36944000",
    "connected_line_num": "09136421196",
    "direction": "out",
    "end_time": "2025-07-09T19:13:18",
    "extension_number": "416",
    "has_ringing": false,
    "linkedid": "1752075838.254202",
    "other_extension_number": "09136421196",
    "raw_event": {
        "AccountCode": "",
        "CallerIDName": "<unknown>",
        "CallerIDNum": "36944000",
        "Cause": "16",
        "Cause-txt": "Normal Clearing",
        "Channel": "SIP/416-000031cc",
        "ChannelState": "6",
        "ChannelStateDesc": "Up",
        "ConnectedLineName": "CID:36944000",
        "ConnectedLineNum": "09136421196",
        "Context": "from-internal",
        "Event": "Hangup",
        "Exten": "h",
        "Language": "pr2",
        "Linkedid": "1752075838.254202",
        "Priority": "1",
        "Privilege": "call,all",
        "Uniqueid": "1752075838.254202"
    },
    "start_time": "2025-07-09T19:13:15",
    "status": "answered",
    "timestamp": "2025-07-09T19:13:18",
    "type": "call_summary",
    "uniqueid": "1752075838.254202"
}

{
    "extension": "416",
    "privilege": "call,all",
    "timestamp": "2025-07-20T19:00:01",
    "type": "monitor_initialized"
}

{
    "extension": "416",
    "privilege": "call,all",
    "timestamp": "2025-07-20T19:18:36",
    "type": "monitor_initialized"
}

{
    "extension": "416",
    "privilege": "call,all",
    "timestamp": "2025-07-29T22:39:18",
    "type": "monitor_initialized"
}

{
    "extension": "416",
    "privilege": "call,all",
    "timestamp": "2025-07-30T11:38:07",
    "type": "monitor_initialized"
}

