{
    "extension": "261",
    "privilege": "call,all",
    "timestamp": "2025-06-23T00:01:47",
    "type": "monitor_initialized"
}

{
    "call_type": "",
    "caller_id_name": "261-SUP8",
    "caller_id_num": "261",
    "channel": "SIP/261-00009cdc",
    "connected_line_name": "<unknown>",
    "connected_line_num": "<unknown>",
    "direction": "",
    "end_time": "",
    "extension_number": "261",
    "has_ringing": false,
    "linkedid": "1750653798.751210",
    "other_extension_number": "",
    "start_time": "2025-06-23T08:12:24",
    "status": "initiated",
    "timestamp": "2025-06-23T08:12:24",
    "type": "call_started",
    "uniqueid": "1750653798.751210"
}

{
    "channel": "SIP/261-00009cdc",
    "privilege": "call,all",
    "timestamp": "2025-06-23T08:12:28",
    "type": "call_answered",
    "uniqueid": "1750653798.751210"
}

{
    "call_type": "internal",
    "caller_id_name": "261-SUP8",
    "caller_id_num": "261",
    "cause": "16",
    "cause_description": "",
    "cause_txt": "",
    "channel": "SIP/261-00009cdc",
    "connected_line_name": "<unknown>",
    "connected_line_num": "<unknown>",
    "direction": "out",
    "end_time": "2025-06-23T08:12:56",
    "extension_number": "261",
    "has_ringing": false,
    "linkedid": "1750653798.751210",
    "other_extension_number": "513",
    "raw_event": {
        "AccountCode": "",
        "CallerIDName": "261-SUP8",
        "CallerIDNum": "261",
        "Cause": "16",
        "Cause-txt": "Normal Clearing",
        "Channel": "SIP/261-00009cdc",
        "ChannelState": "6",
        "ChannelStateDesc": "Up",
        "ConnectedLineName": "513-ICT4",
        "ConnectedLineNum": "513",
        "Context": "ext-local",
        "Event": "Hangup",
        "Exten": "h",
        "Language": "pr2",
        "Linkedid": "1750653798.751210",
        "Priority": "1",
        "Privilege": "call,all",
        "Uniqueid": "1750653798.751210"
    },
    "start_time": "2025-06-23T08:12:28",
    "status": "answered",
    "timestamp": "2025-06-23T08:12:56",
    "type": "call_ended",
    "uniqueid": "1750653798.751210"
}

{
    "call_duration": 28,
    "call_type": "internal",
    "caller_id_name": "261-SUP8",
    "caller_id_num": "261",
    "cause": "16",
    "cause_description": "",
    "cause_txt": "",
    "channel": "SIP/261-00009cdc",
    "connected_line_name": "<unknown>",
    "connected_line_num": "<unknown>",
    "direction": "out",
    "end_time": "2025-06-23T08:12:56",
    "extension_number": "261",
    "has_ringing": false,
    "linkedid": "1750653798.751210",
    "other_extension_number": "513",
    "raw_event": {
        "AccountCode": "",
        "CallerIDName": "261-SUP8",
        "CallerIDNum": "261",
        "Cause": "16",
        "Cause-txt": "Normal Clearing",
        "Channel": "SIP/261-00009cdc",
        "ChannelState": "6",
        "ChannelStateDesc": "Up",
        "ConnectedLineName": "513-ICT4",
        "ConnectedLineNum": "513",
        "Context": "ext-local",
        "Event": "Hangup",
        "Exten": "h",
        "Language": "pr2",
        "Linkedid": "1750653798.751210",
        "Priority": "1",
        "Privilege": "call,all",
        "Uniqueid": "1750653798.751210"
    },
    "start_time": "2025-06-23T08:12:28",
    "status": "answered",
    "timestamp": "2025-06-23T08:12:56",
    "type": "call_summary",
    "uniqueid": "1750653798.751210"
}

{
    "call_type": "",
    "caller_id_name": "261-SUP8",
    "caller_id_num": "261",
    "channel": "SIP/261-00009da8",
    "connected_line_name": "<unknown>",
    "connected_line_num": "<unknown>",
    "direction": "",
    "end_time": "",
    "extension_number": "261",
    "has_ringing": false,
    "linkedid": "1750655379.753362",
    "other_extension_number": "",
    "start_time": "2025-06-23T08:38:47",
    "status": "initiated",
    "timestamp": "2025-06-23T08:38:47",
    "type": "call_started",
    "uniqueid": "1750655379.753365"
}

{
    "channel": "SIP/261-00009da8",
    "privilege": "call,all",
    "timestamp": "2025-06-23T08:38:47",
    "type": "call_ringing",
    "uniqueid": "1750655379.753365"
}

{
    "channel": "SIP/261-00009da8",
    "privilege": "call,all",
    "timestamp": "2025-06-23T08:39:02",
    "type": "call_answered",
    "uniqueid": "1750655379.753365"
}

{
    "call_type": "internal",
    "caller_id_name": "261-SUP8",
    "caller_id_num": "261",
    "cause": "16",
    "cause_description": "",
    "cause_txt": "",
    "channel": "SIP/261-00009da8",
    "connected_line_name": "<unknown>",
    "connected_line_num": "<unknown>",
    "direction": "in",
    "end_time": "2025-06-23T08:39:18",
    "extension_number": "261",
    "has_ringing": true,
    "linkedid": "1750655379.753362",
    "other_extension_number": "510",
    "raw_event": {
        "AccountCode": "",
        "CallerIDName": "261-SUP8",
        "CallerIDNum": "261",
        "Cause": "16",
        "Cause-txt": "Normal Clearing",
        "Channel": "SIP/261-00009da8",
        "ChannelState": "6",
        "ChannelStateDesc": "Up",
        "ConnectedLineName": "510-ICT",
        "ConnectedLineNum": "510",
        "Context": "from-internal",
        "Event": "Hangup",
        "Exten": "",
        "Language": "pr2",
        "Linkedid": "1750655379.753362",
        "Priority": "1",
        "Privilege": "call,all",
        "Uniqueid": "1750655379.753365"
    },
    "start_time": "2025-06-23T08:39:02",
    "status": "answered",
    "timestamp": "2025-06-23T08:39:18",
    "type": "call_ended",
    "uniqueid": "1750655379.753365"
}

{
    "call_duration": 16,
    "call_type": "internal",
    "caller_id_name": "261-SUP8",
    "caller_id_num": "261",
    "cause": "16",
    "cause_description": "",
    "cause_txt": "",
    "channel": "SIP/261-00009da8",
    "connected_line_name": "<unknown>",
    "connected_line_num": "<unknown>",
    "direction": "in",
    "end_time": "2025-06-23T08:39:18",
    "extension_number": "261",
    "has_ringing": true,
    "linkedid": "1750655379.753362",
    "other_extension_number": "510",
    "raw_event": {
        "AccountCode": "",
        "CallerIDName": "261-SUP8",
        "CallerIDNum": "261",
        "Cause": "16",
        "Cause-txt": "Normal Clearing",
        "Channel": "SIP/261-00009da8",
        "ChannelState": "6",
        "ChannelStateDesc": "Up",
        "ConnectedLineName": "510-ICT",
        "ConnectedLineNum": "510",
        "Context": "from-internal",
        "Event": "Hangup",
        "Exten": "",
        "Language": "pr2",
        "Linkedid": "1750655379.753362",
        "Priority": "1",
        "Privilege": "call,all",
        "Uniqueid": "1750655379.753365"
    },
    "start_time": "2025-06-23T08:39:02",
    "status": "answered",
    "timestamp": "2025-06-23T08:39:18",
    "type": "call_summary",
    "uniqueid": "1750655379.753365"
}

{
    "call_type": "",
    "caller_id_name": "261-SUP8",
    "caller_id_num": "261",
    "channel": "SIP/261-00009e90",
    "connected_line_name": "<unknown>",
    "connected_line_num": "<unknown>",
    "direction": "",
    "end_time": "",
    "extension_number": "261",
    "has_ringing": false,
    "linkedid": "1750657231.756102",
    "other_extension_number": "",
    "start_time": "2025-06-23T09:09:37",
    "status": "initiated",
    "timestamp": "2025-06-23T09:09:37",
    "type": "call_started",
    "uniqueid": "1750657231.756102"
}

{
    "call_type": "external",
    "caller_id_name": "261-SUP8",
    "caller_id_num": "261",
    "cause": "16",
    "cause_description": "",
    "cause_txt": "",
    "channel": "SIP/261-00009e90",
    "connected_line_name": "<unknown>",
    "connected_line_num": "<unknown>",
    "direction": "out",
    "end_time": "2025-06-23T09:09:43",
    "extension_number": "261",
    "has_ringing": false,
    "linkedid": "1750657231.756102",
    "other_extension_number": "09354459405",
    "raw_event": {
        "AccountCode": "",
        "CallerIDName": "<unknown>",
        "CallerIDNum": "36944000",
        "Cause": "16",
        "Cause-txt": "Normal Clearing",
        "Channel": "SIP/261-00009e90",
        "ChannelState": "4",
        "ChannelStateDesc": "Ring",
        "ConnectedLineName": "CID:36944000",
        "ConnectedLineNum": "09354459405",
        "Context": "from-internal",
        "Event": "Hangup",
        "Exten": "h",
        "Language": "pr2",
        "Linkedid": "1750657231.756102",
        "Priority": "1",
        "Privilege": "call,all",
        "Uniqueid": "1750657231.756102"
    },
    "start_time": "2025-06-23T09:09:37",
    "status": "initiated",
    "timestamp": "2025-06-23T09:09:43",
    "type": "call_ended",
    "uniqueid": "1750657231.756102"
}

{
    "call_duration": 5,
    "call_type": "external",
    "caller_id_name": "261-SUP8",
    "caller_id_num": "261",
    "cause": "16",
    "cause_description": "",
    "cause_txt": "",
    "channel": "SIP/261-00009e90",
    "connected_line_name": "<unknown>",
    "connected_line_num": "<unknown>",
    "direction": "out",
    "end_time": "2025-06-23T09:09:43",
    "extension_number": "261",
    "has_ringing": false,
    "linkedid": "1750657231.756102",
    "other_extension_number": "09354459405",
    "raw_event": {
        "AccountCode": "",
        "CallerIDName": "<unknown>",
        "CallerIDNum": "36944000",
        "Cause": "16",
        "Cause-txt": "Normal Clearing",
        "Channel": "SIP/261-00009e90",
        "ChannelState": "4",
        "ChannelStateDesc": "Ring",
        "ConnectedLineName": "CID:36944000",
        "ConnectedLineNum": "09354459405",
        "Context": "from-internal",
        "Event": "Hangup",
        "Exten": "h",
        "Language": "pr2",
        "Linkedid": "1750657231.756102",
        "Priority": "1",
        "Privilege": "call,all",
        "Uniqueid": "1750657231.756102"
    },
    "start_time": "2025-06-23T09:09:37",
    "status": "initiated",
    "timestamp": "2025-06-23T09:09:43",
    "type": "call_summary",
    "uniqueid": "1750657231.756102"
}

{
    "call_type": "",
    "caller_id_name": "261-SUP8",
    "caller_id_num": "261",
    "channel": "SIP/261-00009ebc",
    "connected_line_name": "<unknown>",
    "connected_line_num": "<unknown>",
    "direction": "",
    "end_time": "",
    "extension_number": "261",
    "has_ringing": false,
    "linkedid": "1750657491.756487",
    "other_extension_number": "",
    "start_time": "2025-06-23T09:13:57",
    "status": "initiated",
    "timestamp": "2025-06-23T09:13:57",
    "type": "call_started",
    "uniqueid": "1750657491.756487"
}

{
    "call_type": "external",
    "caller_id_name": "261-SUP8",
    "caller_id_num": "261",
    "cause": "16",
    "cause_description": "",
    "cause_txt": "",
    "channel": "SIP/261-00009ebc",
    "connected_line_name": "<unknown>",
    "connected_line_num": "<unknown>",
    "direction": "out",
    "end_time": "2025-06-23T09:14:04",
    "extension_number": "261",
    "has_ringing": false,
    "linkedid": "1750657491.756487",
    "other_extension_number": "09354459405",
    "raw_event": {
        "AccountCode": "",
        "CallerIDName": "<unknown>",
        "CallerIDNum": "36944000",
        "Cause": "16",
        "Cause-txt": "Normal Clearing",
        "Channel": "SIP/261-00009ebc",
        "ChannelState": "4",
        "ChannelStateDesc": "Ring",
        "ConnectedLineName": "CID:36944000",
        "ConnectedLineNum": "09354459405",
        "Context": "from-internal",
        "Event": "Hangup",
        "Exten": "h",
        "Language": "pr2",
        "Linkedid": "1750657491.756487",
        "Priority": "1",
        "Privilege": "call,all",
        "Uniqueid": "1750657491.756487"
    },
    "start_time": "2025-06-23T09:13:57",
    "status": "initiated",
    "timestamp": "2025-06-23T09:14:04",
    "type": "call_ended",
    "uniqueid": "1750657491.756487"
}

{
    "call_duration": 6,
    "call_type": "external",
    "caller_id_name": "261-SUP8",
    "caller_id_num": "261",
    "cause": "16",
    "cause_description": "",
    "cause_txt": "",
    "channel": "SIP/261-00009ebc",
    "connected_line_name": "<unknown>",
    "connected_line_num": "<unknown>",
    "direction": "out",
    "end_time": "2025-06-23T09:14:04",
    "extension_number": "261",
    "has_ringing": false,
    "linkedid": "1750657491.756487",
    "other_extension_number": "09354459405",
    "raw_event": {
        "AccountCode": "",
        "CallerIDName": "<unknown>",
        "CallerIDNum": "36944000",
        "Cause": "16",
        "Cause-txt": "Normal Clearing",
        "Channel": "SIP/261-00009ebc",
        "ChannelState": "4",
        "ChannelStateDesc": "Ring",
        "ConnectedLineName": "CID:36944000",
        "ConnectedLineNum": "09354459405",
        "Context": "from-internal",
        "Event": "Hangup",
        "Exten": "h",
        "Language": "pr2",
        "Linkedid": "1750657491.756487",
        "Priority": "1",
        "Privilege": "call,all",
        "Uniqueid": "1750657491.756487"
    },
    "start_time": "2025-06-23T09:13:57",
    "status": "initiated",
    "timestamp": "2025-06-23T09:14:04",
    "type": "call_summary",
    "uniqueid": "1750657491.756487"
}

{
    "call_type": "",
    "caller_id_name": "261-SUP8",
    "caller_id_num": "261",
    "channel": "SIP/261-00009f08",
    "connected_line_name": "<unknown>",
    "connected_line_num": "<unknown>",
    "direction": "",
    "end_time": "",
    "extension_number": "261",
    "has_ringing": false,
    "linkedid": "1750657965.757270",
    "other_extension_number": "",
    "start_time": "2025-06-23T09:21:51",
    "status": "initiated",
    "timestamp": "2025-06-23T09:21:51",
    "type": "call_started",
    "uniqueid": "1750657965.757270"
}

{
    "call_type": "external",
    "caller_id_name": "261-SUP8",
    "caller_id_num": "261",
    "cause": "16",
    "cause_description": "",
    "cause_txt": "",
    "channel": "SIP/261-00009f08",
    "connected_line_name": "<unknown>",
    "connected_line_num": "<unknown>",
    "direction": "out",
    "end_time": "2025-06-23T09:21:55",
    "extension_number": "261",
    "has_ringing": false,
    "linkedid": "1750657965.757270",
    "other_extension_number": "09354459405",
    "raw_event": {
        "AccountCode": "",
        "CallerIDName": "<unknown>",
        "CallerIDNum": "36944000",
        "Cause": "16",
        "Cause-txt": "Normal Clearing",
        "Channel": "SIP/261-00009f08",
        "ChannelState": "4",
        "ChannelStateDesc": "Ring",
        "ConnectedLineName": "CID:36944000",
        "ConnectedLineNum": "09354459405",
        "Context": "from-internal",
        "Event": "Hangup",
        "Exten": "h",
        "Language": "pr2",
        "Linkedid": "1750657965.757270",
        "Priority": "1",
        "Privilege": "call,all",
        "Uniqueid": "1750657965.757270"
    },
    "start_time": "2025-06-23T09:21:51",
    "status": "initiated",
    "timestamp": "2025-06-23T09:21:55",
    "type": "call_ended",
    "uniqueid": "1750657965.757270"
}

{
    "call_duration": 3,
    "call_type": "external",
    "caller_id_name": "261-SUP8",
    "caller_id_num": "261",
    "cause": "16",
    "cause_description": "",
    "cause_txt": "",
    "channel": "SIP/261-00009f08",
    "connected_line_name": "<unknown>",
    "connected_line_num": "<unknown>",
    "direction": "out",
    "end_time": "2025-06-23T09:21:55",
    "extension_number": "261",
    "has_ringing": false,
    "linkedid": "1750657965.757270",
    "other_extension_number": "09354459405",
    "raw_event": {
        "AccountCode": "",
        "CallerIDName": "<unknown>",
        "CallerIDNum": "36944000",
        "Cause": "16",
        "Cause-txt": "Normal Clearing",
        "Channel": "SIP/261-00009f08",
        "ChannelState": "4",
        "ChannelStateDesc": "Ring",
        "ConnectedLineName": "CID:36944000",
        "ConnectedLineNum": "09354459405",
        "Context": "from-internal",
        "Event": "Hangup",
        "Exten": "h",
        "Language": "pr2",
        "Linkedid": "1750657965.757270",
        "Priority": "1",
        "Privilege": "call,all",
        "Uniqueid": "1750657965.757270"
    },
    "start_time": "2025-06-23T09:21:51",
    "status": "initiated",
    "timestamp": "2025-06-23T09:21:55",
    "type": "call_summary",
    "uniqueid": "1750657965.757270"
}

{
    "call_type": "",
    "caller_id_name": "261-SUP8",
    "caller_id_num": "261",
    "channel": "SIP/261-0000a035",
    "connected_line_name": "<unknown>",
    "connected_line_num": "<unknown>",
    "direction": "",
    "end_time": "",
    "extension_number": "261",
    "has_ringing": false,
    "linkedid": "1750660575.760910",
    "other_extension_number": "",
    "start_time": "2025-06-23T10:05:22",
    "status": "initiated",
    "timestamp": "2025-06-23T10:05:22",
    "type": "call_started",
    "uniqueid": "1750660575.760910"
}

{
    "channel": "SIP/261-0000a035",
    "privilege": "call,all",
    "timestamp": "2025-06-23T10:05:39",
    "type": "call_answered",
    "uniqueid": "1750660575.760910"
}

{
    "call_type": "external",
    "caller_id_name": "261-SUP8",
    "caller_id_num": "261",
    "cause": "16",
    "cause_description": "",
    "cause_txt": "",
    "channel": "SIP/261-0000a035",
    "connected_line_name": "<unknown>",
    "connected_line_num": "<unknown>",
    "direction": "out",
    "end_time": "2025-06-23T10:07:16",
    "extension_number": "261",
    "has_ringing": false,
    "linkedid": "1750660575.760910",
    "other_extension_number": "09132165269",
    "raw_event": {
        "AccountCode": "",
        "CallerIDName": "<unknown>",
        "CallerIDNum": "36944000",
        "Cause": "16",
        "Cause-txt": "Normal Clearing",
        "Channel": "SIP/261-0000a035",
        "ChannelState": "6",
        "ChannelStateDesc": "Up",
        "ConnectedLineName": "CID:36944000",
        "ConnectedLineNum": "09132165269",
        "Context": "from-internal",
        "Event": "Hangup",
        "Exten": "h",
        "Language": "pr2",
        "Linkedid": "1750660575.760910",
        "Priority": "1",
        "Privilege": "call,all",
        "Uniqueid": "1750660575.760910"
    },
    "start_time": "2025-06-23T10:05:39",
    "status": "answered",
    "timestamp": "2025-06-23T10:07:16",
    "type": "call_ended",
    "uniqueid": "1750660575.760910"
}

{
    "call_duration": 96,
    "call_type": "external",
    "caller_id_name": "261-SUP8",
    "caller_id_num": "261",
    "cause": "16",
    "cause_description": "",
    "cause_txt": "",
    "channel": "SIP/261-0000a035",
    "connected_line_name": "<unknown>",
    "connected_line_num": "<unknown>",
    "direction": "out",
    "end_time": "2025-06-23T10:07:16",
    "extension_number": "261",
    "has_ringing": false,
    "linkedid": "1750660575.760910",
    "other_extension_number": "09132165269",
    "raw_event": {
        "AccountCode": "",
        "CallerIDName": "<unknown>",
        "CallerIDNum": "36944000",
        "Cause": "16",
        "Cause-txt": "Normal Clearing",
        "Channel": "SIP/261-0000a035",
        "ChannelState": "6",
        "ChannelStateDesc": "Up",
        "ConnectedLineName": "CID:36944000",
        "ConnectedLineNum": "09132165269",
        "Context": "from-internal",
        "Event": "Hangup",
        "Exten": "h",
        "Language": "pr2",
        "Linkedid": "1750660575.760910",
        "Priority": "1",
        "Privilege": "call,all",
        "Uniqueid": "1750660575.760910"
    },
    "start_time": "2025-06-23T10:05:39",
    "status": "answered",
    "timestamp": "2025-06-23T10:07:16",
    "type": "call_summary",
    "uniqueid": "1750660575.760910"
}

{
    "extension": "261",
    "privilege": "call,all",
    "timestamp": "2025-06-23T20:53:45",
    "type": "monitor_initialized"
}

{
    "call_type": "",
    "caller_id_name": "261-SUP8",
    "caller_id_num": "261",
    "channel": "SIP/261-0000ac8f",
    "connected_line_name": "<unknown>",
    "connected_line_num": "<unknown>",
    "direction": "",
    "end_time": "",
    "extension_number": "261",
    "has_ringing": false,
    "linkedid": "1750742914.805883",
    "other_extension_number": "",
    "start_time": "2025-06-24T08:57:40",
    "status": "initiated",
    "timestamp": "2025-06-24T08:57:40",
    "type": "call_started",
    "uniqueid": "1750742914.805883"
}

{
    "channel": "SIP/261-0000ac8f",
    "privilege": "call,all",
    "timestamp": "2025-06-24T08:58:00",
    "type": "call_answered",
    "uniqueid": "1750742914.805883"
}

{
    "call_type": "internal",
    "caller_id_name": "261-SUP8",
    "caller_id_num": "261",
    "cause": "0",
    "cause_description": "",
    "cause_txt": "",
    "channel": "SIP/261-0000ac8f",
    "connected_line_name": "<unknown>",
    "connected_line_num": "<unknown>",
    "direction": "out",
    "end_time": "2025-06-24T08:58:02",
    "extension_number": "261",
    "has_ringing": false,
    "linkedid": "1750742914.805883",
    "other_extension_number": "131",
    "raw_event": {
        "AccountCode": "",
        "CallerIDName": "261-SUP8",
        "CallerIDNum": "261",
        "Cause": "0",
        "Cause-txt": "Unknown",
        "Channel": "SIP/261-0000ac8f",
        "ChannelState": "6",
        "ChannelStateDesc": "Up",
        "ConnectedLineName": "131-SAL4",
        "ConnectedLineNum": "131",
        "Context": "app-announcement-4",
        "Event": "Hangup",
        "Exten": "s",
        "Language": "pr2",
        "Linkedid": "1750742914.805883",
        "Priority": "5",
        "Privilege": "call,all",
        "Uniqueid": "1750742914.805883"
    },
    "start_time": "2025-06-24T08:58:00",
    "status": "answered",
    "timestamp": "2025-06-24T08:58:02",
    "type": "call_ended",
    "uniqueid": "1750742914.805883"
}

{
    "call_duration": 1,
    "call_type": "internal",
    "caller_id_name": "261-SUP8",
    "caller_id_num": "261",
    "cause": "0",
    "cause_description": "",
    "cause_txt": "",
    "channel": "SIP/261-0000ac8f",
    "connected_line_name": "<unknown>",
    "connected_line_num": "<unknown>",
    "direction": "out",
    "end_time": "2025-06-24T08:58:02",
    "extension_number": "261",
    "has_ringing": false,
    "linkedid": "1750742914.805883",
    "other_extension_number": "131",
    "raw_event": {
        "AccountCode": "",
        "CallerIDName": "261-SUP8",
        "CallerIDNum": "261",
        "Cause": "0",
        "Cause-txt": "Unknown",
        "Channel": "SIP/261-0000ac8f",
        "ChannelState": "6",
        "ChannelStateDesc": "Up",
        "ConnectedLineName": "131-SAL4",
        "ConnectedLineNum": "131",
        "Context": "app-announcement-4",
        "Event": "Hangup",
        "Exten": "s",
        "Language": "pr2",
        "Linkedid": "1750742914.805883",
        "Priority": "5",
        "Privilege": "call,all",
        "Uniqueid": "1750742914.805883"
    },
    "start_time": "2025-06-24T08:58:00",
    "status": "answered",
    "timestamp": "2025-06-24T08:58:02",
    "type": "call_summary",
    "uniqueid": "1750742914.805883"
}

{
    "call_type": "",
    "caller_id_name": "261-SUP8",
    "caller_id_num": "261",
    "channel": "SIP/261-0000ac9b",
    "connected_line_name": "<unknown>",
    "connected_line_num": "<unknown>",
    "direction": "",
    "end_time": "",
    "extension_number": "261",
    "has_ringing": false,
    "linkedid": "1750743013.805985",
    "other_extension_number": "",
    "start_time": "2025-06-24T08:59:20",
    "status": "initiated",
    "timestamp": "2025-06-24T08:59:20",
    "type": "call_started",
    "uniqueid": "1750743013.805985"
}

{
    "channel": "SIP/261-0000ac9b",
    "privilege": "call,all",
    "timestamp": "2025-06-24T08:59:24",
    "type": "call_answered",
    "uniqueid": "1750743013.805985"
}

{
    "call_type": "internal",
    "caller_id_name": "261-SUP8",
    "caller_id_num": "261",
    "cause": "16",
    "cause_description": "",
    "cause_txt": "",
    "channel": "SIP/261-0000ac9b",
    "connected_line_name": "<unknown>",
    "connected_line_num": "<unknown>",
    "direction": "out",
    "end_time": "2025-06-24T09:00:13",
    "extension_number": "261",
    "has_ringing": false,
    "linkedid": "1750743013.805985",
    "other_extension_number": "150",
    "raw_event": {
        "AccountCode": "",
        "CallerIDName": "261-SUP8",
        "CallerIDNum": "261",
        "Cause": "16",
        "Cause-txt": "Normal Clearing",
        "Channel": "SIP/261-0000ac9b",
        "ChannelState": "6",
        "ChannelStateDesc": "Up",
        "ConnectedLineName": "150-SAL8",
        "ConnectedLineNum": "150",
        "Context": "from-internal",
        "Event": "Hangup",
        "Exten": "h",
        "Language": "pr2",
        "Linkedid": "1750743013.805985",
        "Priority": "1",
        "Privilege": "call,all",
        "Uniqueid": "1750743013.805985"
    },
    "start_time": "2025-06-24T08:59:24",
    "status": "answered",
    "timestamp": "2025-06-24T09:00:13",
    "type": "call_ended",
    "uniqueid": "1750743013.805985"
}

{
    "call_duration": 48,
    "call_type": "internal",
    "caller_id_name": "261-SUP8",
    "caller_id_num": "261",
    "cause": "16",
    "cause_description": "",
    "cause_txt": "",
    "channel": "SIP/261-0000ac9b",
    "connected_line_name": "<unknown>",
    "connected_line_num": "<unknown>",
    "direction": "out",
    "end_time": "2025-06-24T09:00:13",
    "extension_number": "261",
    "has_ringing": false,
    "linkedid": "1750743013.805985",
    "other_extension_number": "150",
    "raw_event": {
        "AccountCode": "",
        "CallerIDName": "261-SUP8",
        "CallerIDNum": "261",
        "Cause": "16",
        "Cause-txt": "Normal Clearing",
        "Channel": "SIP/261-0000ac9b",
        "ChannelState": "6",
        "ChannelStateDesc": "Up",
        "ConnectedLineName": "150-SAL8",
        "ConnectedLineNum": "150",
        "Context": "from-internal",
        "Event": "Hangup",
        "Exten": "h",
        "Language": "pr2",
        "Linkedid": "1750743013.805985",
        "Priority": "1",
        "Privilege": "call,all",
        "Uniqueid": "1750743013.805985"
    },
    "start_time": "2025-06-24T08:59:24",
    "status": "answered",
    "timestamp": "2025-06-24T09:00:13",
    "type": "call_summary",
    "uniqueid": "1750743013.805985"
}

{
    "call_type": "",
    "caller_id_name": "261-SUP8",
    "caller_id_num": "261",
    "channel": "SIP/261-0000af21",
    "connected_line_name": "<unknown>",
    "connected_line_num": "<unknown>",
    "direction": "",
    "end_time": "",
    "extension_number": "261",
    "has_ringing": false,
    "linkedid": "1750748850.813481",
    "other_extension_number": "",
    "start_time": "2025-06-24T10:36:36",
    "status": "initiated",
    "timestamp": "2025-06-24T10:36:36",
    "type": "call_started",
    "uniqueid": "1750748850.813481"
}

{
    "call_type": "external",
    "caller_id_name": "261-SUP8",
    "caller_id_num": "261",
    "cause": "17",
    "cause_description": "",
    "cause_txt": "",
    "channel": "SIP/261-0000af21",
    "connected_line_name": "<unknown>",
    "connected_line_num": "<unknown>",
    "direction": "out",
    "end_time": "2025-06-24T10:36:48",
    "extension_number": "261",
    "has_ringing": false,
    "linkedid": "1750748850.813481",
    "other_extension_number": "09133032496",
    "raw_event": {
        "AccountCode": "",
        "CallerIDName": "<unknown>",
        "CallerIDNum": "36944000",
        "Cause": "17",
        "Cause-txt": "User busy",
        "Channel": "SIP/261-0000af21",
        "ChannelState": "7",
        "ChannelStateDesc": "Busy",
        "ConnectedLineName": "CID:36944000",
        "ConnectedLineNum": "09133032496",
        "Context": "from-internal",
        "Event": "Hangup",
        "Exten": "h",
        "Language": "pr2",
        "Linkedid": "1750748850.813481",
        "Priority": "1",
        "Privilege": "call,all",
        "Uniqueid": "1750748850.813481"
    },
    "start_time": "2025-06-24T10:36:36",
    "status": "initiated",
    "timestamp": "2025-06-24T10:36:48",
    "type": "call_ended",
    "uniqueid": "1750748850.813481"
}

{
    "call_duration": 11,
    "call_type": "external",
    "caller_id_name": "261-SUP8",
    "caller_id_num": "261",
    "cause": "17",
    "cause_description": "",
    "cause_txt": "",
    "channel": "SIP/261-0000af21",
    "connected_line_name": "<unknown>",
    "connected_line_num": "<unknown>",
    "direction": "out",
    "end_time": "2025-06-24T10:36:48",
    "extension_number": "261",
    "has_ringing": false,
    "linkedid": "1750748850.813481",
    "other_extension_number": "09133032496",
    "raw_event": {
        "AccountCode": "",
        "CallerIDName": "<unknown>",
        "CallerIDNum": "36944000",
        "Cause": "17",
        "Cause-txt": "User busy",
        "Channel": "SIP/261-0000af21",
        "ChannelState": "7",
        "ChannelStateDesc": "Busy",
        "ConnectedLineName": "CID:36944000",
        "ConnectedLineNum": "09133032496",
        "Context": "from-internal",
        "Event": "Hangup",
        "Exten": "h",
        "Language": "pr2",
        "Linkedid": "1750748850.813481",
        "Priority": "1",
        "Privilege": "call,all",
        "Uniqueid": "1750748850.813481"
    },
    "start_time": "2025-06-24T10:36:36",
    "status": "initiated",
    "timestamp": "2025-06-24T10:36:48",
    "type": "call_summary",
    "uniqueid": "1750748850.813481"
}

{
    "call_type": "",
    "caller_id_name": "261-SUP8",
    "caller_id_num": "261",
    "channel": "SIP/261-0000af30",
    "connected_line_name": "<unknown>",
    "connected_line_num": "<unknown>",
    "direction": "",
    "end_time": "",
    "extension_number": "261",
    "has_ringing": false,
    "linkedid": "1750748905.813612",
    "other_extension_number": "",
    "start_time": "2025-06-24T10:37:32",
    "status": "initiated",
    "timestamp": "2025-06-24T10:37:32",
    "type": "call_started",
    "uniqueid": "1750748905.813612"
}

{
    "channel": "SIP/261-0000af30",
    "privilege": "call,all",
    "timestamp": "2025-06-24T10:37:48",
    "type": "call_answered",
    "uniqueid": "1750748905.813612"
}

{
    "call_type": "external",
    "caller_id_name": "261-SUP8",
    "caller_id_num": "261",
    "cause": "16",
    "cause_description": "",
    "cause_txt": "",
    "channel": "SIP/261-0000af30",
    "connected_line_name": "<unknown>",
    "connected_line_num": "<unknown>",
    "direction": "out",
    "end_time": "2025-06-24T10:38:58",
    "extension_number": "261",
    "has_ringing": false,
    "linkedid": "1750748905.813612",
    "other_extension_number": "09117217845",
    "raw_event": {
        "AccountCode": "",
        "CallerIDName": "<unknown>",
        "CallerIDNum": "36944000",
        "Cause": "16",
        "Cause-txt": "Normal Clearing",
        "Channel": "SIP/261-0000af30",
        "ChannelState": "6",
        "ChannelStateDesc": "Up",
        "ConnectedLineName": "CID:36944000",
        "ConnectedLineNum": "09117217845",
        "Context": "from-internal",
        "Event": "Hangup",
        "Exten": "h",
        "Language": "pr2",
        "Linkedid": "1750748905.813612",
        "Priority": "1",
        "Privilege": "call,all",
        "Uniqueid": "1750748905.813612"
    },
    "start_time": "2025-06-24T10:37:48",
    "status": "answered",
    "timestamp": "2025-06-24T10:38:58",
    "type": "call_ended",
    "uniqueid": "1750748905.813612"
}

{
    "call_duration": 70,
    "call_type": "external",
    "caller_id_name": "261-SUP8",
    "caller_id_num": "261",
    "cause": "16",
    "cause_description": "",
    "cause_txt": "",
    "channel": "SIP/261-0000af30",
    "connected_line_name": "<unknown>",
    "connected_line_num": "<unknown>",
    "direction": "out",
    "end_time": "2025-06-24T10:38:58",
    "extension_number": "261",
    "has_ringing": false,
    "linkedid": "1750748905.813612",
    "other_extension_number": "09117217845",
    "raw_event": {
        "AccountCode": "",
        "CallerIDName": "<unknown>",
        "CallerIDNum": "36944000",
        "Cause": "16",
        "Cause-txt": "Normal Clearing",
        "Channel": "SIP/261-0000af30",
        "ChannelState": "6",
        "ChannelStateDesc": "Up",
        "ConnectedLineName": "CID:36944000",
        "ConnectedLineNum": "09117217845",
        "Context": "from-internal",
        "Event": "Hangup",
        "Exten": "h",
        "Language": "pr2",
        "Linkedid": "1750748905.813612",
        "Priority": "1",
        "Privilege": "call,all",
        "Uniqueid": "1750748905.813612"
    },
    "start_time": "2025-06-24T10:37:48",
    "status": "answered",
    "timestamp": "2025-06-24T10:38:58",
    "type": "call_summary",
    "uniqueid": "1750748905.813612"
}

{
    "call_type": "",
    "caller_id_name": "261-SUP8",
    "caller_id_num": "261",
    "channel": "SIP/261-0000af37",
    "connected_line_name": "<unknown>",
    "connected_line_num": "<unknown>",
    "direction": "",
    "end_time": "",
    "extension_number": "261",
    "has_ringing": false,
    "linkedid": "1750748992.813700",
    "other_extension_number": "",
    "start_time": "2025-06-24T10:38:59",
    "status": "initiated",
    "timestamp": "2025-06-24T10:38:59",
    "type": "call_started",
    "uniqueid": "1750748992.813700"
}

{
    "call_type": "external",
    "caller_id_name": "261-SUP8",
    "caller_id_num": "261",
    "cause": "17",
    "cause_description": "",
    "cause_txt": "",
    "channel": "SIP/261-0000af37",
    "connected_line_name": "<unknown>",
    "connected_line_num": "<unknown>",
    "direction": "out",
    "end_time": "2025-06-24T10:39:47",
    "extension_number": "261",
    "has_ringing": false,
    "linkedid": "1750748992.813700",
    "other_extension_number": "09143445948",
    "raw_event": {
        "AccountCode": "",
        "CallerIDName": "<unknown>",
        "CallerIDNum": "36944000",
        "Cause": "17",
        "Cause-txt": "User busy",
        "Channel": "SIP/261-0000af37",
        "ChannelState": "7",
        "ChannelStateDesc": "Busy",
        "ConnectedLineName": "CID:36944000",
        "ConnectedLineNum": "09143445948",
        "Context": "from-internal",
        "Event": "Hangup",
        "Exten": "h",
        "Language": "pr2",
        "Linkedid": "1750748992.813700",
        "Priority": "1",
        "Privilege": "call,all",
        "Uniqueid": "1750748992.813700"
    },
    "start_time": "2025-06-24T10:38:59",
    "status": "initiated",
    "timestamp": "2025-06-24T10:39:47",
    "type": "call_ended",
    "uniqueid": "1750748992.813700"
}

{
    "call_duration": 47,
    "call_type": "external",
    "caller_id_name": "261-SUP8",
    "caller_id_num": "261",
    "cause": "17",
    "cause_description": "",
    "cause_txt": "",
    "channel": "SIP/261-0000af37",
    "connected_line_name": "<unknown>",
    "connected_line_num": "<unknown>",
    "direction": "out",
    "end_time": "2025-06-24T10:39:47",
    "extension_number": "261",
    "has_ringing": false,
    "linkedid": "1750748992.813700",
    "other_extension_number": "09143445948",
    "raw_event": {
        "AccountCode": "",
        "CallerIDName": "<unknown>",
        "CallerIDNum": "36944000",
        "Cause": "17",
        "Cause-txt": "User busy",
        "Channel": "SIP/261-0000af37",
        "ChannelState": "7",
        "ChannelStateDesc": "Busy",
        "ConnectedLineName": "CID:36944000",
        "ConnectedLineNum": "09143445948",
        "Context": "from-internal",
        "Event": "Hangup",
        "Exten": "h",
        "Language": "pr2",
        "Linkedid": "1750748992.813700",
        "Priority": "1",
        "Privilege": "call,all",
        "Uniqueid": "1750748992.813700"
    },
    "start_time": "2025-06-24T10:38:59",
    "status": "initiated",
    "timestamp": "2025-06-24T10:39:47",
    "type": "call_summary",
    "uniqueid": "1750748992.813700"
}

{
    "call_type": "",
    "caller_id_name": "261-SUP8",
    "caller_id_num": "261",
    "channel": "SIP/261-0000af43",
    "connected_line_name": "<unknown>",
    "connected_line_num": "<unknown>",
    "direction": "",
    "end_time": "",
    "extension_number": "261",
    "has_ringing": false,
    "linkedid": "1750749046.813837",
    "other_extension_number": "",
    "start_time": "2025-06-24T10:39:54",
    "status": "initiated",
    "timestamp": "2025-06-24T10:39:54",
    "type": "call_started",
    "uniqueid": "1750749046.813837"
}

{
    "channel": "SIP/261-0000af43",
    "privilege": "call,all",
    "timestamp": "2025-06-24T10:40:02",
    "type": "call_answered",
    "uniqueid": "1750749046.813837"
}

{
    "call_type": "external",
    "caller_id_name": "261-SUP8",
    "caller_id_num": "261",
    "cause": "16",
    "cause_description": "",
    "cause_txt": "",
    "channel": "SIP/261-0000af43",
    "connected_line_name": "<unknown>",
    "connected_line_num": "<unknown>",
    "direction": "out",
    "end_time": "2025-06-24T10:43:17",
    "extension_number": "261",
    "has_ringing": false,
    "linkedid": "1750749046.813837",
    "other_extension_number": "09151573310",
    "raw_event": {
        "AccountCode": "",
        "CallerIDName": "<unknown>",
        "CallerIDNum": "36944000",
        "Cause": "16",
        "Cause-txt": "Normal Clearing",
        "Channel": "SIP/261-0000af43",
        "ChannelState": "6",
        "ChannelStateDesc": "Up",
        "ConnectedLineName": "CID:36944000",
        "ConnectedLineNum": "09151573310",
        "Context": "from-internal",
        "Event": "Hangup",
        "Exten": "h",
        "Language": "pr2",
        "Linkedid": "1750749046.813837",
        "Priority": "1",
        "Privilege": "call,all",
        "Uniqueid": "1750749046.813837"
    },
    "start_time": "2025-06-24T10:40:02",
    "status": "answered",
    "timestamp": "2025-06-24T10:43:17",
    "type": "call_ended",
    "uniqueid": "1750749046.813837"
}

{
    "call_duration": 195,
    "call_type": "external",
    "caller_id_name": "261-SUP8",
    "caller_id_num": "261",
    "cause": "16",
    "cause_description": "",
    "cause_txt": "",
    "channel": "SIP/261-0000af43",
    "connected_line_name": "<unknown>",
    "connected_line_num": "<unknown>",
    "direction": "out",
    "end_time": "2025-06-24T10:43:17",
    "extension_number": "261",
    "has_ringing": false,
    "linkedid": "1750749046.813837",
    "other_extension_number": "09151573310",
    "raw_event": {
        "AccountCode": "",
        "CallerIDName": "<unknown>",
        "CallerIDNum": "36944000",
        "Cause": "16",
        "Cause-txt": "Normal Clearing",
        "Channel": "SIP/261-0000af43",
        "ChannelState": "6",
        "ChannelStateDesc": "Up",
        "ConnectedLineName": "CID:36944000",
        "ConnectedLineNum": "09151573310",
        "Context": "from-internal",
        "Event": "Hangup",
        "Exten": "h",
        "Language": "pr2",
        "Linkedid": "1750749046.813837",
        "Priority": "1",
        "Privilege": "call,all",
        "Uniqueid": "1750749046.813837"
    },
    "start_time": "2025-06-24T10:40:02",
    "status": "answered",
    "timestamp": "2025-06-24T10:43:17",
    "type": "call_summary",
    "uniqueid": "1750749046.813837"
}

{
    "call_type": "",
    "caller_id_name": "261-SUP8",
    "caller_id_num": "261",
    "channel": "SIP/261-0000af61",
    "connected_line_name": "<unknown>",
    "connected_line_num": "<unknown>",
    "direction": "",
    "end_time": "",
    "extension_number": "261",
    "has_ringing": false,
    "linkedid": "1750749366.814155",
    "other_extension_number": "",
    "start_time": "2025-06-24T10:45:13",
    "status": "initiated",
    "timestamp": "2025-06-24T10:45:13",
    "type": "call_started",
    "uniqueid": "1750749366.814155"
}

{
    "call_type": "external",
    "caller_id_name": "261-SUP8",
    "caller_id_num": "261",
    "cause": "16",
    "cause_description": "",
    "cause_txt": "",
    "channel": "SIP/261-0000af61",
    "connected_line_name": "<unknown>",
    "connected_line_num": "<unknown>",
    "direction": "out",
    "end_time": "2025-06-24T10:45:36",
    "extension_number": "261",
    "has_ringing": false,
    "linkedid": "1750749366.814155",
    "other_extension_number": "09306707906",
    "raw_event": {
        "AccountCode": "",
        "CallerIDName": "<unknown>",
        "CallerIDNum": "36944000",
        "Cause": "16",
        "Cause-txt": "Normal Clearing",
        "Channel": "SIP/261-0000af61",
        "ChannelState": "4",
        "ChannelStateDesc": "Ring",
        "ConnectedLineName": "CID:36944000",
        "ConnectedLineNum": "09306707906",
        "Context": "from-internal",
        "Event": "Hangup",
        "Exten": "h",
        "Language": "pr2",
        "Linkedid": "1750749366.814155",
        "Priority": "1",
        "Privilege": "call,all",
        "Uniqueid": "1750749366.814155"
    },
    "start_time": "2025-06-24T10:45:13",
    "status": "initiated",
    "timestamp": "2025-06-24T10:45:36",
    "type": "call_ended",
    "uniqueid": "1750749366.814155"
}

{
    "call_duration": 23,
    "call_type": "external",
    "caller_id_name": "261-SUP8",
    "caller_id_num": "261",
    "cause": "16",
    "cause_description": "",
    "cause_txt": "",
    "channel": "SIP/261-0000af61",
    "connected_line_name": "<unknown>",
    "connected_line_num": "<unknown>",
    "direction": "out",
    "end_time": "2025-06-24T10:45:36",
    "extension_number": "261",
    "has_ringing": false,
    "linkedid": "1750749366.814155",
    "other_extension_number": "09306707906",
    "raw_event": {
        "AccountCode": "",
        "CallerIDName": "<unknown>",
        "CallerIDNum": "36944000",
        "Cause": "16",
        "Cause-txt": "Normal Clearing",
        "Channel": "SIP/261-0000af61",
        "ChannelState": "4",
        "ChannelStateDesc": "Ring",
        "ConnectedLineName": "CID:36944000",
        "ConnectedLineNum": "09306707906",
        "Context": "from-internal",
        "Event": "Hangup",
        "Exten": "h",
        "Language": "pr2",
        "Linkedid": "1750749366.814155",
        "Priority": "1",
        "Privilege": "call,all",
        "Uniqueid": "1750749366.814155"
    },
    "start_time": "2025-06-24T10:45:13",
    "status": "initiated",
    "timestamp": "2025-06-24T10:45:36",
    "type": "call_summary",
    "uniqueid": "1750749366.814155"
}

{
    "call_type": "",
    "caller_id_name": "261-SUP8",
    "caller_id_num": "261",
    "channel": "SIP/261-0000af69",
    "connected_line_name": "<unknown>",
    "connected_line_num": "<unknown>",
    "direction": "",
    "end_time": "",
    "extension_number": "261",
    "has_ringing": false,
    "linkedid": "1750749414.814225",
    "other_extension_number": "",
    "start_time": "2025-06-24T10:46:01",
    "status": "initiated",
    "timestamp": "2025-06-24T10:46:01",
    "type": "call_started",
    "uniqueid": "1750749414.814225"
}

{
    "channel": "SIP/261-0000af69",
    "privilege": "call,all",
    "timestamp": "2025-06-24T10:46:30",
    "type": "call_answered",
    "uniqueid": "1750749414.814225"
}

{
    "call_type": "external",
    "caller_id_name": "261-SUP8",
    "caller_id_num": "261",
    "cause": "16",
    "cause_description": "",
    "cause_txt": "",
    "channel": "SIP/261-0000af69",
    "connected_line_name": "<unknown>",
    "connected_line_num": "<unknown>",
    "direction": "out",
    "end_time": "2025-06-24T10:48:51",
    "extension_number": "261",
    "has_ringing": false,
    "linkedid": "1750749414.814225",
    "other_extension_number": "09131127320",
    "raw_event": {
        "AccountCode": "",
        "CallerIDName": "<unknown>",
        "CallerIDNum": "36944000",
        "Cause": "16",
        "Cause-txt": "Normal Clearing",
        "Channel": "SIP/261-0000af69",
        "ChannelState": "6",
        "ChannelStateDesc": "Up",
        "ConnectedLineName": "CID:36944000",
        "ConnectedLineNum": "09131127320",
        "Context": "from-internal",
        "Event": "Hangup",
        "Exten": "h",
        "Language": "pr2",
        "Linkedid": "1750749414.814225",
        "Priority": "1",
        "Privilege": "call,all",
        "Uniqueid": "1750749414.814225"
    },
    "start_time": "2025-06-24T10:46:30",
    "status": "answered",
    "timestamp": "2025-06-24T10:48:51",
    "type": "call_ended",
    "uniqueid": "1750749414.814225"
}

{
    "call_duration": 140,
    "call_type": "external",
    "caller_id_name": "261-SUP8",
    "caller_id_num": "261",
    "cause": "16",
    "cause_description": "",
    "cause_txt": "",
    "channel": "SIP/261-0000af69",
    "connected_line_name": "<unknown>",
    "connected_line_num": "<unknown>",
    "direction": "out",
    "end_time": "2025-06-24T10:48:51",
    "extension_number": "261",
    "has_ringing": false,
    "linkedid": "1750749414.814225",
    "other_extension_number": "09131127320",
    "raw_event": {
        "AccountCode": "",
        "CallerIDName": "<unknown>",
        "CallerIDNum": "36944000",
        "Cause": "16",
        "Cause-txt": "Normal Clearing",
        "Channel": "SIP/261-0000af69",
        "ChannelState": "6",
        "ChannelStateDesc": "Up",
        "ConnectedLineName": "CID:36944000",
        "ConnectedLineNum": "09131127320",
        "Context": "from-internal",
        "Event": "Hangup",
        "Exten": "h",
        "Language": "pr2",
        "Linkedid": "1750749414.814225",
        "Priority": "1",
        "Privilege": "call,all",
        "Uniqueid": "1750749414.814225"
    },
    "start_time": "2025-06-24T10:46:30",
    "status": "answered",
    "timestamp": "2025-06-24T10:48:51",
    "type": "call_summary",
    "uniqueid": "1750749414.814225"
}

{
    "call_type": "",
    "caller_id_name": "261-SUP8",
    "caller_id_num": "261",
    "channel": "SIP/261-0000affc",
    "connected_line_name": "<unknown>",
    "connected_line_num": "<unknown>",
    "direction": "",
    "end_time": "",
    "extension_number": "261",
    "has_ringing": false,
    "linkedid": "1750750527.815815",
    "other_extension_number": "",
    "start_time": "2025-06-24T11:04:34",
    "status": "initiated",
    "timestamp": "2025-06-24T11:04:34",
    "type": "call_started",
    "uniqueid": "1750750527.815815"
}

{
    "channel": "SIP/261-0000affc",
    "privilege": "call,all",
    "timestamp": "2025-06-24T11:04:46",
    "type": "call_answered",
    "uniqueid": "1750750527.815815"
}

{
    "call_type": "external",
    "caller_id_name": "261-SUP8",
    "caller_id_num": "261",
    "cause": "16",
    "cause_description": "",
    "cause_txt": "",
    "channel": "SIP/261-0000affc",
    "connected_line_name": "<unknown>",
    "connected_line_num": "<unknown>",
    "direction": "out",
    "end_time": "2025-06-24T11:07:07",
    "extension_number": "261",
    "has_ringing": false,
    "linkedid": "1750750527.815815",
    "other_extension_number": "09163722761",
    "raw_event": {
        "AccountCode": "",
        "CallerIDName": "<unknown>",
        "CallerIDNum": "36944000",
        "Cause": "16",
        "Cause-txt": "Normal Clearing",
        "Channel": "SIP/261-0000affc",
        "ChannelState": "6",
        "ChannelStateDesc": "Up",
        "ConnectedLineName": "CID:36944000",
        "ConnectedLineNum": "09163722761",
        "Context": "from-internal",
        "Event": "Hangup",
        "Exten": "h",
        "Language": "pr2",
        "Linkedid": "1750750527.815815",
        "Priority": "1",
        "Privilege": "call,all",
        "Uniqueid": "1750750527.815815"
    },
    "start_time": "2025-06-24T11:04:46",
    "status": "answered",
    "timestamp": "2025-06-24T11:07:07",
    "type": "call_ended",
    "uniqueid": "1750750527.815815"
}

{
    "call_duration": 141,
    "call_type": "external",
    "caller_id_name": "261-SUP8",
    "caller_id_num": "261",
    "cause": "16",
    "cause_description": "",
    "cause_txt": "",
    "channel": "SIP/261-0000affc",
    "connected_line_name": "<unknown>",
    "connected_line_num": "<unknown>",
    "direction": "out",
    "end_time": "2025-06-24T11:07:07",
    "extension_number": "261",
    "has_ringing": false,
    "linkedid": "1750750527.815815",
    "other_extension_number": "09163722761",
    "raw_event": {
        "AccountCode": "",
        "CallerIDName": "<unknown>",
        "CallerIDNum": "36944000",
        "Cause": "16",
        "Cause-txt": "Normal Clearing",
        "Channel": "SIP/261-0000affc",
        "ChannelState": "6",
        "ChannelStateDesc": "Up",
        "ConnectedLineName": "CID:36944000",
        "ConnectedLineNum": "09163722761",
        "Context": "from-internal",
        "Event": "Hangup",
        "Exten": "h",
        "Language": "pr2",
        "Linkedid": "1750750527.815815",
        "Priority": "1",
        "Privilege": "call,all",
        "Uniqueid": "1750750527.815815"
    },
    "start_time": "2025-06-24T11:04:46",
    "status": "answered",
    "timestamp": "2025-06-24T11:07:07",
    "type": "call_summary",
    "uniqueid": "1750750527.815815"
}

{
    "call_type": "",
    "caller_id_name": "261-SUP8",
    "caller_id_num": "261",
    "channel": "SIP/261-0000b01e",
    "connected_line_name": "<unknown>",
    "connected_line_num": "<unknown>",
    "direction": "",
    "end_time": "",
    "extension_number": "261",
    "has_ringing": false,
    "linkedid": "1750750713.816141",
    "other_extension_number": "",
    "start_time": "2025-06-24T11:07:39",
    "status": "initiated",
    "timestamp": "2025-06-24T11:07:39",
    "type": "call_started",
    "uniqueid": "1750750713.816141"
}

{
    "channel": "SIP/261-0000b01e",
    "privilege": "call,all",
    "timestamp": "2025-06-24T11:07:40",
    "type": "call_answered",
    "uniqueid": "1750750713.816141"
}

{
    "call_type": "external",
    "caller_id_name": "261-SUP8",
    "caller_id_num": "261",
    "cause": "0",
    "cause_description": "",
    "cause_txt": "",
    "channel": "SIP/261-0000b01e",
    "connected_line_name": "<unknown>",
    "connected_line_num": "<unknown>",
    "direction": "out",
    "end_time": "2025-06-24T11:07:46",
    "extension_number": "261",
    "has_ringing": false,
    "linkedid": "1750750713.816141",
    "other_extension_number": "<unknown>",
    "raw_event": {
        "AccountCode": "",
        "CallerIDName": "261-SUP8",
        "CallerIDNum": "261",
        "Cause": "0",
        "Cause-txt": "Unknown",
        "Channel": "SIP/261-0000b01e",
        "ChannelState": "6",
        "ChannelStateDesc": "Up",
        "ConnectedLineName": "<unknown>",
        "ConnectedLineNum": "<unknown>",
        "Context": "app-announcement-2",
        "Event": "Hangup",
        "Exten": "s",
        "Language": "pr2",
        "Linkedid": "1750750713.816141",
        "Priority": "5",
        "Privilege": "call,all",
        "Uniqueid": "1750750713.816141"
    },
    "start_time": "2025-06-24T11:07:40",
    "status": "answered",
    "timestamp": "2025-06-24T11:07:46",
    "type": "call_ended",
    "uniqueid": "1750750713.816141"
}

{
    "call_duration": 5,
    "call_type": "external",
    "caller_id_name": "261-SUP8",
    "caller_id_num": "261",
    "cause": "0",
    "cause_description": "",
    "cause_txt": "",
    "channel": "SIP/261-0000b01e",
    "connected_line_name": "<unknown>",
    "connected_line_num": "<unknown>",
    "direction": "out",
    "end_time": "2025-06-24T11:07:46",
    "extension_number": "261",
    "has_ringing": false,
    "linkedid": "1750750713.816141",
    "other_extension_number": "<unknown>",
    "raw_event": {
        "AccountCode": "",
        "CallerIDName": "261-SUP8",
        "CallerIDNum": "261",
        "Cause": "0",
        "Cause-txt": "Unknown",
        "Channel": "SIP/261-0000b01e",
        "ChannelState": "6",
        "ChannelStateDesc": "Up",
        "ConnectedLineName": "<unknown>",
        "ConnectedLineNum": "<unknown>",
        "Context": "app-announcement-2",
        "Event": "Hangup",
        "Exten": "s",
        "Language": "pr2",
        "Linkedid": "1750750713.816141",
        "Priority": "5",
        "Privilege": "call,all",
        "Uniqueid": "1750750713.816141"
    },
    "start_time": "2025-06-24T11:07:40",
    "status": "answered",
    "timestamp": "2025-06-24T11:07:46",
    "type": "call_summary",
    "uniqueid": "1750750713.816141"
}

{
    "call_type": "",
    "caller_id_name": "261-SUP8",
    "caller_id_num": "261",
    "channel": "SIP/261-0000b021",
    "connected_line_name": "<unknown>",
    "connected_line_num": "<unknown>",
    "direction": "",
    "end_time": "",
    "extension_number": "261",
    "has_ringing": false,
    "linkedid": "1750750750.816179",
    "other_extension_number": "",
    "start_time": "2025-06-24T11:08:16",
    "status": "initiated",
    "timestamp": "2025-06-24T11:08:16",
    "type": "call_started",
    "uniqueid": "1750750750.816179"
}

{
    "call_type": "external",
    "caller_id_name": "261-SUP8",
    "caller_id_num": "261",
    "cause": "17",
    "cause_description": "",
    "cause_txt": "",
    "channel": "SIP/261-0000b021",
    "connected_line_name": "<unknown>",
    "connected_line_num": "<unknown>",
    "direction": "out",
    "end_time": "2025-06-24T11:08:25",
    "extension_number": "261",
    "has_ringing": false,
    "linkedid": "1750750750.816179",
    "other_extension_number": "09374914512",
    "raw_event": {
        "AccountCode": "",
        "CallerIDName": "<unknown>",
        "CallerIDNum": "36944000",
        "Cause": "17",
        "Cause-txt": "User busy",
        "Channel": "SIP/261-0000b021",
        "ChannelState": "7",
        "ChannelStateDesc": "Busy",
        "ConnectedLineName": "CID:36944000",
        "ConnectedLineNum": "09374914512",
        "Context": "from-internal",
        "Event": "Hangup",
        "Exten": "h",
        "Language": "pr2",
        "Linkedid": "1750750750.816179",
        "Priority": "1",
        "Privilege": "call,all",
        "Uniqueid": "1750750750.816179"
    },
    "start_time": "2025-06-24T11:08:16",
    "status": "initiated",
    "timestamp": "2025-06-24T11:08:25",
    "type": "call_ended",
    "uniqueid": "1750750750.816179"
}

{
    "call_duration": 8,
    "call_type": "external",
    "caller_id_name": "261-SUP8",
    "caller_id_num": "261",
    "cause": "17",
    "cause_description": "",
    "cause_txt": "",
    "channel": "SIP/261-0000b021",
    "connected_line_name": "<unknown>",
    "connected_line_num": "<unknown>",
    "direction": "out",
    "end_time": "2025-06-24T11:08:25",
    "extension_number": "261",
    "has_ringing": false,
    "linkedid": "1750750750.816179",
    "other_extension_number": "09374914512",
    "raw_event": {
        "AccountCode": "",
        "CallerIDName": "<unknown>",
        "CallerIDNum": "36944000",
        "Cause": "17",
        "Cause-txt": "User busy",
        "Channel": "SIP/261-0000b021",
        "ChannelState": "7",
        "ChannelStateDesc": "Busy",
        "ConnectedLineName": "CID:36944000",
        "ConnectedLineNum": "09374914512",
        "Context": "from-internal",
        "Event": "Hangup",
        "Exten": "h",
        "Language": "pr2",
        "Linkedid": "1750750750.816179",
        "Priority": "1",
        "Privilege": "call,all",
        "Uniqueid": "1750750750.816179"
    },
    "start_time": "2025-06-24T11:08:16",
    "status": "initiated",
    "timestamp": "2025-06-24T11:08:25",
    "type": "call_summary",
    "uniqueid": "1750750750.816179"
}

{
    "call_type": "",
    "caller_id_name": "261-SUP8",
    "caller_id_num": "261",
    "channel": "SIP/261-0000b024",
    "connected_line_name": "<unknown>",
    "connected_line_num": "<unknown>",
    "direction": "",
    "end_time": "",
    "extension_number": "261",
    "has_ringing": false,
    "linkedid": "1750750785.816223",
    "other_extension_number": "",
    "start_time": "2025-06-24T11:08:51",
    "status": "initiated",
    "timestamp": "2025-06-24T11:08:51",
    "type": "call_started",
    "uniqueid": "1750750785.816223"
}

{
    "channel": "SIP/261-0000b024",
    "privilege": "call,all",
    "timestamp": "2025-06-24T11:09:00",
    "type": "call_answered",
    "uniqueid": "1750750785.816223"
}

{
    "call_type": "external",
    "caller_id_name": "261-SUP8",
    "caller_id_num": "261",
    "cause": "16",
    "cause_description": "",
    "cause_txt": "",
    "channel": "SIP/261-0000b024",
    "connected_line_name": "<unknown>",
    "connected_line_num": "<unknown>",
    "direction": "out",
    "end_time": "2025-06-24T11:10:24",
    "extension_number": "261",
    "has_ringing": false,
    "linkedid": "1750750785.816223",
    "other_extension_number": "09132625319",
    "raw_event": {
        "AccountCode": "",
        "CallerIDName": "<unknown>",
        "CallerIDNum": "36944000",
        "Cause": "16",
        "Cause-txt": "Normal Clearing",
        "Channel": "SIP/261-0000b024",
        "ChannelState": "6",
        "ChannelStateDesc": "Up",
        "ConnectedLineName": "CID:36944000",
        "ConnectedLineNum": "09132625319",
        "Context": "from-internal",
        "Event": "Hangup",
        "Exten": "h",
        "Language": "pr2",
        "Linkedid": "1750750785.816223",
        "Priority": "1",
        "Privilege": "call,all",
        "Uniqueid": "1750750785.816223"
    },
    "start_time": "2025-06-24T11:09:00",
    "status": "answered",
    "timestamp": "2025-06-24T11:10:24",
    "type": "call_ended",
    "uniqueid": "1750750785.816223"
}

{
    "call_duration": 83,
    "call_type": "external",
    "caller_id_name": "261-SUP8",
    "caller_id_num": "261",
    "cause": "16",
    "cause_description": "",
    "cause_txt": "",
    "channel": "SIP/261-0000b024",
    "connected_line_name": "<unknown>",
    "connected_line_num": "<unknown>",
    "direction": "out",
    "end_time": "2025-06-24T11:10:24",
    "extension_number": "261",
    "has_ringing": false,
    "linkedid": "1750750785.816223",
    "other_extension_number": "09132625319",
    "raw_event": {
        "AccountCode": "",
        "CallerIDName": "<unknown>",
        "CallerIDNum": "36944000",
        "Cause": "16",
        "Cause-txt": "Normal Clearing",
        "Channel": "SIP/261-0000b024",
        "ChannelState": "6",
        "ChannelStateDesc": "Up",
        "ConnectedLineName": "CID:36944000",
        "ConnectedLineNum": "09132625319",
        "Context": "from-internal",
        "Event": "Hangup",
        "Exten": "h",
        "Language": "pr2",
        "Linkedid": "1750750785.816223",
        "Priority": "1",
        "Privilege": "call,all",
        "Uniqueid": "1750750785.816223"
    },
    "start_time": "2025-06-24T11:09:00",
    "status": "answered",
    "timestamp": "2025-06-24T11:10:24",
    "type": "call_summary",
    "uniqueid": "1750750785.816223"
}

{
    "call_type": "",
    "caller_id_name": "261-SUP8",
    "caller_id_num": "261",
    "channel": "SIP/261-0000b033",
    "connected_line_name": "<unknown>",
    "connected_line_num": "<unknown>",
    "direction": "",
    "end_time": "",
    "extension_number": "261",
    "has_ringing": false,
    "linkedid": "1750750881.816385",
    "other_extension_number": "",
    "start_time": "2025-06-24T11:10:28",
    "status": "initiated",
    "timestamp": "2025-06-24T11:10:28",
    "type": "call_started",
    "uniqueid": "1750750881.816385"
}

{
    "call_type": "external",
    "caller_id_name": "261-SUP8",
    "caller_id_num": "261",
    "cause": "16",
    "cause_description": "",
    "cause_txt": "",
    "channel": "SIP/261-0000b033",
    "connected_line_name": "<unknown>",
    "connected_line_num": "<unknown>",
    "direction": "out",
    "end_time": "2025-06-24T11:10:35",
    "extension_number": "261",
    "has_ringing": false,
    "linkedid": "1750750881.816385",
    "other_extension_number": "09131027092",
    "raw_event": {
        "AccountCode": "",
        "CallerIDName": "<unknown>",
        "CallerIDNum": "36944000",
        "Cause": "16",
        "Cause-txt": "Normal Clearing",
        "Channel": "SIP/261-0000b033",
        "ChannelState": "4",
        "ChannelStateDesc": "Ring",
        "ConnectedLineName": "CID:36944000",
        "ConnectedLineNum": "09131027092",
        "Context": "from-internal",
        "Event": "Hangup",
        "Exten": "h",
        "Language": "pr2",
        "Linkedid": "1750750881.816385",
        "Priority": "1",
        "Privilege": "call,all",
        "Uniqueid": "1750750881.816385"
    },
    "start_time": "2025-06-24T11:10:28",
    "status": "initiated",
    "timestamp": "2025-06-24T11:10:35",
    "type": "call_ended",
    "uniqueid": "1750750881.816385"
}

{
    "call_duration": 7,
    "call_type": "external",
    "caller_id_name": "261-SUP8",
    "caller_id_num": "261",
    "cause": "16",
    "cause_description": "",
    "cause_txt": "",
    "channel": "SIP/261-0000b033",
    "connected_line_name": "<unknown>",
    "connected_line_num": "<unknown>",
    "direction": "out",
    "end_time": "2025-06-24T11:10:35",
    "extension_number": "261",
    "has_ringing": false,
    "linkedid": "1750750881.816385",
    "other_extension_number": "09131027092",
    "raw_event": {
        "AccountCode": "",
        "CallerIDName": "<unknown>",
        "CallerIDNum": "36944000",
        "Cause": "16",
        "Cause-txt": "Normal Clearing",
        "Channel": "SIP/261-0000b033",
        "ChannelState": "4",
        "ChannelStateDesc": "Ring",
        "ConnectedLineName": "CID:36944000",
        "ConnectedLineNum": "09131027092",
        "Context": "from-internal",
        "Event": "Hangup",
        "Exten": "h",
        "Language": "pr2",
        "Linkedid": "1750750881.816385",
        "Priority": "1",
        "Privilege": "call,all",
        "Uniqueid": "1750750881.816385"
    },
    "start_time": "2025-06-24T11:10:28",
    "status": "initiated",
    "timestamp": "2025-06-24T11:10:35",
    "type": "call_summary",
    "uniqueid": "1750750881.816385"
}

{
    "call_type": "",
    "caller_id_name": "261-SUP8",
    "caller_id_num": "261",
    "channel": "SIP/261-0000b036",
    "connected_line_name": "<unknown>",
    "connected_line_num": "<unknown>",
    "direction": "",
    "end_time": "",
    "extension_number": "261",
    "has_ringing": false,
    "linkedid": "1750750903.816423",
    "other_extension_number": "",
    "start_time": "2025-06-24T11:10:49",
    "status": "initiated",
    "timestamp": "2025-06-24T11:10:49",
    "type": "call_started",
    "uniqueid": "1750750903.816423"
}

{
    "call_type": "external",
    "caller_id_name": "261-SUP8",
    "caller_id_num": "261",
    "cause": "16",
    "cause_description": "",
    "cause_txt": "",
    "channel": "SIP/261-0000b036",
    "connected_line_name": "<unknown>",
    "connected_line_num": "<unknown>",
    "direction": "out",
    "end_time": "2025-06-24T11:10:51",
    "extension_number": "261",
    "has_ringing": false,
    "linkedid": "1750750903.816423",
    "other_extension_number": "09357724355",
    "raw_event": {
        "AccountCode": "",
        "CallerIDName": "<unknown>",
        "CallerIDNum": "36944000",
        "Cause": "16",
        "Cause-txt": "Normal Clearing",
        "Channel": "SIP/261-0000b036",
        "ChannelState": "4",
        "ChannelStateDesc": "Ring",
        "ConnectedLineName": "CID:36944000",
        "ConnectedLineNum": "09357724355",
        "Context": "from-internal",
        "Event": "Hangup",
        "Exten": "h",
        "Language": "pr2",
        "Linkedid": "1750750903.816423",
        "Priority": "1",
        "Privilege": "call,all",
        "Uniqueid": "1750750903.816423"
    },
    "start_time": "2025-06-24T11:10:49",
    "status": "initiated",
    "timestamp": "2025-06-24T11:10:51",
    "type": "call_ended",
    "uniqueid": "1750750903.816423"
}

{
    "call_duration": 1,
    "call_type": "external",
    "caller_id_name": "261-SUP8",
    "caller_id_num": "261",
    "cause": "16",
    "cause_description": "",
    "cause_txt": "",
    "channel": "SIP/261-0000b036",
    "connected_line_name": "<unknown>",
    "connected_line_num": "<unknown>",
    "direction": "out",
    "end_time": "2025-06-24T11:10:51",
    "extension_number": "261",
    "has_ringing": false,
    "linkedid": "1750750903.816423",
    "other_extension_number": "09357724355",
    "raw_event": {
        "AccountCode": "",
        "CallerIDName": "<unknown>",
        "CallerIDNum": "36944000",
        "Cause": "16",
        "Cause-txt": "Normal Clearing",
        "Channel": "SIP/261-0000b036",
        "ChannelState": "4",
        "ChannelStateDesc": "Ring",
        "ConnectedLineName": "CID:36944000",
        "ConnectedLineNum": "09357724355",
        "Context": "from-internal",
        "Event": "Hangup",
        "Exten": "h",
        "Language": "pr2",
        "Linkedid": "1750750903.816423",
        "Priority": "1",
        "Privilege": "call,all",
        "Uniqueid": "1750750903.816423"
    },
    "start_time": "2025-06-24T11:10:49",
    "status": "initiated",
    "timestamp": "2025-06-24T11:10:51",
    "type": "call_summary",
    "uniqueid": "1750750903.816423"
}

{
    "call_type": "",
    "caller_id_name": "261-SUP8",
    "caller_id_num": "261",
    "channel": "SIP/261-0000b03f",
    "connected_line_name": "<unknown>",
    "connected_line_num": "<unknown>",
    "direction": "",
    "end_time": "",
    "extension_number": "261",
    "has_ringing": false,
    "linkedid": "1750750964.816489",
    "other_extension_number": "",
    "start_time": "2025-06-24T11:11:50",
    "status": "initiated",
    "timestamp": "2025-06-24T11:11:50",
    "type": "call_started",
    "uniqueid": "1750750964.816489"
}

{
    "channel": "SIP/261-0000b03f",
    "privilege": "call,all",
    "timestamp": "2025-06-24T11:12:13",
    "type": "call_answered",
    "uniqueid": "1750750964.816489"
}

{
    "call_type": "external",
    "caller_id_name": "261-SUP8",
    "caller_id_num": "261",
    "cause": "16",
    "cause_description": "",
    "cause_txt": "",
    "channel": "SIP/261-0000b03f",
    "connected_line_name": "<unknown>",
    "connected_line_num": "<unknown>",
    "direction": "out",
    "end_time": "2025-06-24T11:13:17",
    "extension_number": "261",
    "has_ringing": false,
    "linkedid": "1750750964.816489",
    "other_extension_number": "09923952371",
    "raw_event": {
        "AccountCode": "",
        "CallerIDName": "<unknown>",
        "CallerIDNum": "36944000",
        "Cause": "16",
        "Cause-txt": "Normal Clearing",
        "Channel": "SIP/261-0000b03f",
        "ChannelState": "6",
        "ChannelStateDesc": "Up",
        "ConnectedLineName": "CID:36944000",
        "ConnectedLineNum": "09923952371",
        "Context": "from-internal",
        "Event": "Hangup",
        "Exten": "h",
        "Language": "pr2",
        "Linkedid": "1750750964.816489",
        "Priority": "1",
        "Privilege": "call,all",
        "Uniqueid": "1750750964.816489"
    },
    "start_time": "2025-06-24T11:12:13",
    "status": "answered",
    "timestamp": "2025-06-24T11:13:17",
    "type": "call_ended",
    "uniqueid": "1750750964.816489"
}

{
    "call_duration": 63,
    "call_type": "external",
    "caller_id_name": "261-SUP8",
    "caller_id_num": "261",
    "cause": "16",
    "cause_description": "",
    "cause_txt": "",
    "channel": "SIP/261-0000b03f",
    "connected_line_name": "<unknown>",
    "connected_line_num": "<unknown>",
    "direction": "out",
    "end_time": "2025-06-24T11:13:17",
    "extension_number": "261",
    "has_ringing": false,
    "linkedid": "1750750964.816489",
    "other_extension_number": "09923952371",
    "raw_event": {
        "AccountCode": "",
        "CallerIDName": "<unknown>",
        "CallerIDNum": "36944000",
        "Cause": "16",
        "Cause-txt": "Normal Clearing",
        "Channel": "SIP/261-0000b03f",
        "ChannelState": "6",
        "ChannelStateDesc": "Up",
        "ConnectedLineName": "CID:36944000",
        "ConnectedLineNum": "09923952371",
        "Context": "from-internal",
        "Event": "Hangup",
        "Exten": "h",
        "Language": "pr2",
        "Linkedid": "1750750964.816489",
        "Priority": "1",
        "Privilege": "call,all",
        "Uniqueid": "1750750964.816489"
    },
    "start_time": "2025-06-24T11:12:13",
    "status": "answered",
    "timestamp": "2025-06-24T11:13:17",
    "type": "call_summary",
    "uniqueid": "1750750964.816489"
}

{
    "call_type": "",
    "caller_id_name": "261-SUP8",
    "caller_id_num": "261",
    "channel": "SIP/261-0000b049",
    "connected_line_name": "<unknown>",
    "connected_line_num": "<unknown>",
    "direction": "",
    "end_time": "",
    "extension_number": "261",
    "has_ringing": false,
    "linkedid": "1750751061.816684",
    "other_extension_number": "",
    "start_time": "2025-06-24T11:13:27",
    "status": "initiated",
    "timestamp": "2025-06-24T11:13:27",
    "type": "call_started",
    "uniqueid": "1750751061.816684"
}

{
    "channel": "SIP/261-0000b049",
    "privilege": "call,all",
    "timestamp": "2025-06-24T11:13:53",
    "type": "call_answered",
    "uniqueid": "1750751061.816684"
}

{
    "call_type": "external",
    "caller_id_name": "261-SUP8",
    "caller_id_num": "261",
    "cause": "16",
    "cause_description": "",
    "cause_txt": "",
    "channel": "SIP/261-0000b049",
    "connected_line_name": "<unknown>",
    "connected_line_num": "<unknown>",
    "direction": "out",
    "end_time": "2025-06-24T11:15:28",
    "extension_number": "261",
    "has_ringing": false,
    "linkedid": "1750751061.816684",
    "other_extension_number": "09131086196",
    "raw_event": {
        "AccountCode": "",
        "CallerIDName": "<unknown>",
        "CallerIDNum": "36944000",
        "Cause": "16",
        "Cause-txt": "Normal Clearing",
        "Channel": "SIP/261-0000b049",
        "ChannelState": "6",
        "ChannelStateDesc": "Up",
        "ConnectedLineName": "CID:36944000",
        "ConnectedLineNum": "09131086196",
        "Context": "from-internal",
        "Event": "Hangup",
        "Exten": "h",
        "Language": "pr2",
        "Linkedid": "1750751061.816684",
        "Priority": "1",
        "Privilege": "call,all",
        "Uniqueid": "1750751061.816684"
    },
    "start_time": "2025-06-24T11:13:53",
    "status": "answered",
    "timestamp": "2025-06-24T11:15:28",
    "type": "call_ended",
    "uniqueid": "1750751061.816684"
}

{
    "call_duration": 94,
    "call_type": "external",
    "caller_id_name": "261-SUP8",
    "caller_id_num": "261",
    "cause": "16",
    "cause_description": "",
    "cause_txt": "",
    "channel": "SIP/261-0000b049",
    "connected_line_name": "<unknown>",
    "connected_line_num": "<unknown>",
    "direction": "out",
    "end_time": "2025-06-24T11:15:28",
    "extension_number": "261",
    "has_ringing": false,
    "linkedid": "1750751061.816684",
    "other_extension_number": "09131086196",
    "raw_event": {
        "AccountCode": "",
        "CallerIDName": "<unknown>",
        "CallerIDNum": "36944000",
        "Cause": "16",
        "Cause-txt": "Normal Clearing",
        "Channel": "SIP/261-0000b049",
        "ChannelState": "6",
        "ChannelStateDesc": "Up",
        "ConnectedLineName": "CID:36944000",
        "ConnectedLineNum": "09131086196",
        "Context": "from-internal",
        "Event": "Hangup",
        "Exten": "h",
        "Language": "pr2",
        "Linkedid": "1750751061.816684",
        "Priority": "1",
        "Privilege": "call,all",
        "Uniqueid": "1750751061.816684"
    },
    "start_time": "2025-06-24T11:13:53",
    "status": "answered",
    "timestamp": "2025-06-24T11:15:28",
    "type": "call_summary",
    "uniqueid": "1750751061.816684"
}

{
    "call_type": "",
    "caller_id_name": "261-SUP8",
    "caller_id_num": "261",
    "channel": "SIP/261-0000b05f",
    "connected_line_name": "<unknown>",
    "connected_line_num": "<unknown>",
    "direction": "",
    "end_time": "",
    "extension_number": "261",
    "has_ringing": false,
    "linkedid": "1750751259.816892",
    "other_extension_number": "",
    "start_time": "2025-06-24T11:16:45",
    "status": "initiated",
    "timestamp": "2025-06-24T11:16:45",
    "type": "call_started",
    "uniqueid": "1750751259.816892"
}

{
    "channel": "SIP/261-0000b05f",
    "privilege": "call,all",
    "timestamp": "2025-06-24T11:17:16",
    "type": "call_answered",
    "uniqueid": "1750751259.816892"
}

{
    "call_type": "external",
    "caller_id_name": "261-SUP8",
    "caller_id_num": "261",
    "cause": "16",
    "cause_description": "",
    "cause_txt": "",
    "channel": "SIP/261-0000b05f",
    "connected_line_name": "<unknown>",
    "connected_line_num": "<unknown>",
    "direction": "out",
    "end_time": "2025-06-24T11:19:01",
    "extension_number": "261",
    "has_ringing": false,
    "linkedid": "1750751259.816892",
    "other_extension_number": "09130723977",
    "raw_event": {
        "AccountCode": "",
        "CallerIDName": "<unknown>",
        "CallerIDNum": "36944000",
        "Cause": "16",
        "Cause-txt": "Normal Clearing",
        "Channel": "SIP/261-0000b05f",
        "ChannelState": "6",
        "ChannelStateDesc": "Up",
        "ConnectedLineName": "CID:36944000",
        "ConnectedLineNum": "09130723977",
        "Context": "from-internal",
        "Event": "Hangup",
        "Exten": "h",
        "Language": "pr2",
        "Linkedid": "1750751259.816892",
        "Priority": "1",
        "Privilege": "call,all",
        "Uniqueid": "1750751259.816892"
    },
    "start_time": "2025-06-24T11:17:16",
    "status": "answered",
    "timestamp": "2025-06-24T11:19:01",
    "type": "call_ended",
    "uniqueid": "1750751259.816892"
}

{
    "call_duration": 105,
    "call_type": "external",
    "caller_id_name": "261-SUP8",
    "caller_id_num": "261",
    "cause": "16",
    "cause_description": "",
    "cause_txt": "",
    "channel": "SIP/261-0000b05f",
    "connected_line_name": "<unknown>",
    "connected_line_num": "<unknown>",
    "direction": "out",
    "end_time": "2025-06-24T11:19:01",
    "extension_number": "261",
    "has_ringing": false,
    "linkedid": "1750751259.816892",
    "other_extension_number": "09130723977",
    "raw_event": {
        "AccountCode": "",
        "CallerIDName": "<unknown>",
        "CallerIDNum": "36944000",
        "Cause": "16",
        "Cause-txt": "Normal Clearing",
        "Channel": "SIP/261-0000b05f",
        "ChannelState": "6",
        "ChannelStateDesc": "Up",
        "ConnectedLineName": "CID:36944000",
        "ConnectedLineNum": "09130723977",
        "Context": "from-internal",
        "Event": "Hangup",
        "Exten": "h",
        "Language": "pr2",
        "Linkedid": "1750751259.816892",
        "Priority": "1",
        "Privilege": "call,all",
        "Uniqueid": "1750751259.816892"
    },
    "start_time": "2025-06-24T11:17:16",
    "status": "answered",
    "timestamp": "2025-06-24T11:19:01",
    "type": "call_summary",
    "uniqueid": "1750751259.816892"
}

{
    "call_type": "",
    "caller_id_name": "261-SUP8",
    "caller_id_num": "261",
    "channel": "SIP/261-0000b06c",
    "connected_line_name": "<unknown>",
    "connected_line_num": "<unknown>",
    "direction": "",
    "end_time": "",
    "extension_number": "261",
    "has_ringing": false,
    "linkedid": "1750751434.817037",
    "other_extension_number": "",
    "start_time": "2025-06-24T11:19:41",
    "status": "initiated",
    "timestamp": "2025-06-24T11:19:41",
    "type": "call_started",
    "uniqueid": "1750751434.817037"
}

{
    "channel": "SIP/261-0000b06c",
    "privilege": "call,all",
    "timestamp": "2025-06-24T11:19:48",
    "type": "call_answered",
    "uniqueid": "1750751434.817037"
}

{
    "call_type": "external",
    "caller_id_name": "261-SUP8",
    "caller_id_num": "261",
    "cause": "16",
    "cause_description": "",
    "cause_txt": "",
    "channel": "SIP/261-0000b06c",
    "connected_line_name": "<unknown>",
    "connected_line_num": "<unknown>",
    "direction": "out",
    "end_time": "2025-06-24T11:20:44",
    "extension_number": "261",
    "has_ringing": false,
    "linkedid": "1750751434.817037",
    "other_extension_number": "09112373927",
    "raw_event": {
        "AccountCode": "",
        "CallerIDName": "<unknown>",
        "CallerIDNum": "36944000",
        "Cause": "16",
        "Cause-txt": "Normal Clearing",
        "Channel": "SIP/261-0000b06c",
        "ChannelState": "6",
        "ChannelStateDesc": "Up",
        "ConnectedLineName": "CID:36944000",
        "ConnectedLineNum": "09112373927",
        "Context": "from-internal",
        "Event": "Hangup",
        "Exten": "h",
        "Language": "pr2",
        "Linkedid": "1750751434.817037",
        "Priority": "1",
        "Privilege": "call,all",
        "Uniqueid": "1750751434.817037"
    },
    "start_time": "2025-06-24T11:19:48",
    "status": "answered",
    "timestamp": "2025-06-24T11:20:44",
    "type": "call_ended",
    "uniqueid": "1750751434.817037"
}

{
    "call_duration": 55,
    "call_type": "external",
    "caller_id_name": "261-SUP8",
    "caller_id_num": "261",
    "cause": "16",
    "cause_description": "",
    "cause_txt": "",
    "channel": "SIP/261-0000b06c",
    "connected_line_name": "<unknown>",
    "connected_line_num": "<unknown>",
    "direction": "out",
    "end_time": "2025-06-24T11:20:44",
    "extension_number": "261",
    "has_ringing": false,
    "linkedid": "1750751434.817037",
    "other_extension_number": "09112373927",
    "raw_event": {
        "AccountCode": "",
        "CallerIDName": "<unknown>",
        "CallerIDNum": "36944000",
        "Cause": "16",
        "Cause-txt": "Normal Clearing",
        "Channel": "SIP/261-0000b06c",
        "ChannelState": "6",
        "ChannelStateDesc": "Up",
        "ConnectedLineName": "CID:36944000",
        "ConnectedLineNum": "09112373927",
        "Context": "from-internal",
        "Event": "Hangup",
        "Exten": "h",
        "Language": "pr2",
        "Linkedid": "1750751434.817037",
        "Priority": "1",
        "Privilege": "call,all",
        "Uniqueid": "1750751434.817037"
    },
    "start_time": "2025-06-24T11:19:48",
    "status": "answered",
    "timestamp": "2025-06-24T11:20:44",
    "type": "call_summary",
    "uniqueid": "1750751434.817037"
}

{
    "call_type": "",
    "caller_id_name": "261-SUP8",
    "caller_id_num": "261",
    "channel": "SIP/261-0000b077",
    "connected_line_name": "<unknown>",
    "connected_line_num": "<unknown>",
    "direction": "",
    "end_time": "",
    "extension_number": "261",
    "has_ringing": false,
    "linkedid": "1750751500.817120",
    "other_extension_number": "",
    "start_time": "2025-06-24T11:20:46",
    "status": "initiated",
    "timestamp": "2025-06-24T11:20:46",
    "type": "call_started",
    "uniqueid": "1750751500.817120"
}

{
    "call_type": "external",
    "caller_id_name": "261-SUP8",
    "caller_id_num": "261",
    "cause": "16",
    "cause_description": "",
    "cause_txt": "",
    "channel": "SIP/261-0000b077",
    "connected_line_name": "<unknown>",
    "connected_line_num": "<unknown>",
    "direction": "out",
    "end_time": "2025-06-24T11:21:25",
    "extension_number": "261",
    "has_ringing": false,
    "linkedid": "1750751500.817120",
    "other_extension_number": "09052580588",
    "raw_event": {
        "AccountCode": "",
        "CallerIDName": "<unknown>",
        "CallerIDNum": "36944000",
        "Cause": "16",
        "Cause-txt": "Normal Clearing",
        "Channel": "SIP/261-0000b077",
        "ChannelState": "4",
        "ChannelStateDesc": "Ring",
        "ConnectedLineName": "CID:36944000",
        "ConnectedLineNum": "09052580588",
        "Context": "from-internal",
        "Event": "Hangup",
        "Exten": "h",
        "Language": "pr2",
        "Linkedid": "1750751500.817120",
        "Priority": "1",
        "Privilege": "call,all",
        "Uniqueid": "1750751500.817120"
    },
    "start_time": "2025-06-24T11:20:46",
    "status": "initiated",
    "timestamp": "2025-06-24T11:21:25",
    "type": "call_ended",
    "uniqueid": "1750751500.817120"
}

{
    "call_duration": 38,
    "call_type": "external",
    "caller_id_name": "261-SUP8",
    "caller_id_num": "261",
    "cause": "16",
    "cause_description": "",
    "cause_txt": "",
    "channel": "SIP/261-0000b077",
    "connected_line_name": "<unknown>",
    "connected_line_num": "<unknown>",
    "direction": "out",
    "end_time": "2025-06-24T11:21:25",
    "extension_number": "261",
    "has_ringing": false,
    "linkedid": "1750751500.817120",
    "other_extension_number": "09052580588",
    "raw_event": {
        "AccountCode": "",
        "CallerIDName": "<unknown>",
        "CallerIDNum": "36944000",
        "Cause": "16",
        "Cause-txt": "Normal Clearing",
        "Channel": "SIP/261-0000b077",
        "ChannelState": "4",
        "ChannelStateDesc": "Ring",
        "ConnectedLineName": "CID:36944000",
        "ConnectedLineNum": "09052580588",
        "Context": "from-internal",
        "Event": "Hangup",
        "Exten": "h",
        "Language": "pr2",
        "Linkedid": "1750751500.817120",
        "Priority": "1",
        "Privilege": "call,all",
        "Uniqueid": "1750751500.817120"
    },
    "start_time": "2025-06-24T11:20:46",
    "status": "initiated",
    "timestamp": "2025-06-24T11:21:25",
    "type": "call_summary",
    "uniqueid": "1750751500.817120"
}

{
    "call_type": "",
    "caller_id_name": "261-SUP8",
    "caller_id_num": "261",
    "channel": "SIP/261-0000b087",
    "connected_line_name": "<unknown>",
    "connected_line_num": "<unknown>",
    "direction": "",
    "end_time": "",
    "extension_number": "261",
    "has_ringing": false,
    "linkedid": "1750751550.817258",
    "other_extension_number": "",
    "start_time": "2025-06-24T11:21:37",
    "status": "initiated",
    "timestamp": "2025-06-24T11:21:37",
    "type": "call_started",
    "uniqueid": "1750751550.817258"
}

{
    "call_type": "external",
    "caller_id_name": "261-SUP8",
    "caller_id_num": "261",
    "cause": "17",
    "cause_description": "",
    "cause_txt": "",
    "channel": "SIP/261-0000b087",
    "connected_line_name": "<unknown>",
    "connected_line_num": "<unknown>",
    "direction": "out",
    "end_time": "2025-06-24T11:21:58",
    "extension_number": "261",
    "has_ringing": false,
    "linkedid": "1750751550.817258",
    "other_extension_number": "09131116270",
    "raw_event": {
        "AccountCode": "",
        "CallerIDName": "<unknown>",
        "CallerIDNum": "36944000",
        "Cause": "17",
        "Cause-txt": "User busy",
        "Channel": "SIP/261-0000b087",
        "ChannelState": "7",
        "ChannelStateDesc": "Busy",
        "ConnectedLineName": "CID:36944000",
        "ConnectedLineNum": "09131116270",
        "Context": "from-internal",
        "Event": "Hangup",
        "Exten": "h",
        "Language": "pr2",
        "Linkedid": "1750751550.817258",
        "Priority": "1",
        "Privilege": "call,all",
        "Uniqueid": "1750751550.817258"
    },
    "start_time": "2025-06-24T11:21:37",
    "status": "initiated",
    "timestamp": "2025-06-24T11:21:58",
    "type": "call_ended",
    "uniqueid": "1750751550.817258"
}

{
    "call_duration": 21,
    "call_type": "external",
    "caller_id_name": "261-SUP8",
    "caller_id_num": "261",
    "cause": "17",
    "cause_description": "",
    "cause_txt": "",
    "channel": "SIP/261-0000b087",
    "connected_line_name": "<unknown>",
    "connected_line_num": "<unknown>",
    "direction": "out",
    "end_time": "2025-06-24T11:21:58",
    "extension_number": "261",
    "has_ringing": false,
    "linkedid": "1750751550.817258",
    "other_extension_number": "09131116270",
    "raw_event": {
        "AccountCode": "",
        "CallerIDName": "<unknown>",
        "CallerIDNum": "36944000",
        "Cause": "17",
        "Cause-txt": "User busy",
        "Channel": "SIP/261-0000b087",
        "ChannelState": "7",
        "ChannelStateDesc": "Busy",
        "ConnectedLineName": "CID:36944000",
        "ConnectedLineNum": "09131116270",
        "Context": "from-internal",
        "Event": "Hangup",
        "Exten": "h",
        "Language": "pr2",
        "Linkedid": "1750751550.817258",
        "Priority": "1",
        "Privilege": "call,all",
        "Uniqueid": "1750751550.817258"
    },
    "start_time": "2025-06-24T11:21:37",
    "status": "initiated",
    "timestamp": "2025-06-24T11:21:58",
    "type": "call_summary",
    "uniqueid": "1750751550.817258"
}

{
    "call_type": "",
    "caller_id_name": "261-SUP8",
    "caller_id_num": "261",
    "channel": "SIP/261-0000b090",
    "connected_line_name": "<unknown>",
    "connected_line_num": "<unknown>",
    "direction": "",
    "end_time": "",
    "extension_number": "261",
    "has_ringing": false,
    "linkedid": "1750751574.817349",
    "other_extension_number": "",
    "start_time": "2025-06-24T11:22:01",
    "status": "initiated",
    "timestamp": "2025-06-24T11:22:01",
    "type": "call_started",
    "uniqueid": "1750751574.817349"
}

{
    "channel": "SIP/261-0000b090",
    "privilege": "call,all",
    "timestamp": "2025-06-24T11:22:12",
    "type": "call_answered",
    "uniqueid": "1750751574.817349"
}

{
    "call_type": "external",
    "caller_id_name": "261-SUP8",
    "caller_id_num": "261",
    "cause": "16",
    "cause_description": "",
    "cause_txt": "",
    "channel": "SIP/261-0000b090",
    "connected_line_name": "<unknown>",
    "connected_line_num": "<unknown>",
    "direction": "out",
    "end_time": "2025-06-24T11:22:47",
    "extension_number": "261",
    "has_ringing": false,
    "linkedid": "1750751574.817349",
    "other_extension_number": "09130556195",
    "raw_event": {
        "AccountCode": "",
        "CallerIDName": "<unknown>",
        "CallerIDNum": "36944000",
        "Cause": "16",
        "Cause-txt": "Normal Clearing",
        "Channel": "SIP/261-0000b090",
        "ChannelState": "6",
        "ChannelStateDesc": "Up",
        "ConnectedLineName": "CID:36944000",
        "ConnectedLineNum": "09130556195",
        "Context": "from-internal",
        "Event": "Hangup",
        "Exten": "h",
        "Language": "pr2",
        "Linkedid": "1750751574.817349",
        "Priority": "1",
        "Privilege": "call,all",
        "Uniqueid": "1750751574.817349"
    },
    "start_time": "2025-06-24T11:22:12",
    "status": "answered",
    "timestamp": "2025-06-24T11:22:47",
    "type": "call_ended",
    "uniqueid": "1750751574.817349"
}

{
    "call_duration": 34,
    "call_type": "external",
    "caller_id_name": "261-SUP8",
    "caller_id_num": "261",
    "cause": "16",
    "cause_description": "",
    "cause_txt": "",
    "channel": "SIP/261-0000b090",
    "connected_line_name": "<unknown>",
    "connected_line_num": "<unknown>",
    "direction": "out",
    "end_time": "2025-06-24T11:22:47",
    "extension_number": "261",
    "has_ringing": false,
    "linkedid": "1750751574.817349",
    "other_extension_number": "09130556195",
    "raw_event": {
        "AccountCode": "",
        "CallerIDName": "<unknown>",
        "CallerIDNum": "36944000",
        "Cause": "16",
        "Cause-txt": "Normal Clearing",
        "Channel": "SIP/261-0000b090",
        "ChannelState": "6",
        "ChannelStateDesc": "Up",
        "ConnectedLineName": "CID:36944000",
        "ConnectedLineNum": "09130556195",
        "Context": "from-internal",
        "Event": "Hangup",
        "Exten": "h",
        "Language": "pr2",
        "Linkedid": "1750751574.817349",
        "Priority": "1",
        "Privilege": "call,all",
        "Uniqueid": "1750751574.817349"
    },
    "start_time": "2025-06-24T11:22:12",
    "status": "answered",
    "timestamp": "2025-06-24T11:22:47",
    "type": "call_summary",
    "uniqueid": "1750751574.817349"
}

{
    "call_type": "",
    "caller_id_name": "261-SUP8",
    "caller_id_num": "261",
    "channel": "SIP/261-0000b0a4",
    "connected_line_name": "<unknown>",
    "connected_line_num": "<unknown>",
    "direction": "",
    "end_time": "",
    "extension_number": "261",
    "has_ringing": false,
    "linkedid": "1750751692.817629",
    "other_extension_number": "",
    "start_time": "2025-06-24T11:23:59",
    "status": "initiated",
    "timestamp": "2025-06-24T11:23:59",
    "type": "call_started",
    "uniqueid": "1750751692.817629"
}

{
    "channel": "SIP/261-0000b0a4",
    "privilege": "call,all",
    "timestamp": "2025-06-24T11:24:06",
    "type": "call_answered",
    "uniqueid": "1750751692.817629"
}

{
    "call_type": "external",
    "caller_id_name": "261-SUP8",
    "caller_id_num": "261",
    "cause": "16",
    "cause_description": "",
    "cause_txt": "",
    "channel": "SIP/261-0000b0a4",
    "connected_line_name": "<unknown>",
    "connected_line_num": "<unknown>",
    "direction": "out",
    "end_time": "2025-06-24T11:28:48",
    "extension_number": "261",
    "has_ringing": false,
    "linkedid": "1750751692.817629",
    "other_extension_number": "09179345405",
    "raw_event": {
        "AccountCode": "",
        "CallerIDName": "<unknown>",
        "CallerIDNum": "36944000",
        "Cause": "16",
        "Cause-txt": "Normal Clearing",
        "Channel": "SIP/261-0000b0a4",
        "ChannelState": "6",
        "ChannelStateDesc": "Up",
        "ConnectedLineName": "CID:36944000",
        "ConnectedLineNum": "09179345405",
        "Context": "from-internal",
        "Event": "Hangup",
        "Exten": "h",
        "Language": "pr2",
        "Linkedid": "1750751692.817629",
        "Priority": "1",
        "Privilege": "call,all",
        "Uniqueid": "1750751692.817629"
    },
    "start_time": "2025-06-24T11:24:06",
    "status": "answered",
    "timestamp": "2025-06-24T11:28:48",
    "type": "call_ended",
    "uniqueid": "1750751692.817629"
}

{
    "call_duration": 281,
    "call_type": "external",
    "caller_id_name": "261-SUP8",
    "caller_id_num": "261",
    "cause": "16",
    "cause_description": "",
    "cause_txt": "",
    "channel": "SIP/261-0000b0a4",
    "connected_line_name": "<unknown>",
    "connected_line_num": "<unknown>",
    "direction": "out",
    "end_time": "2025-06-24T11:28:48",
    "extension_number": "261",
    "has_ringing": false,
    "linkedid": "1750751692.817629",
    "other_extension_number": "09179345405",
    "raw_event": {
        "AccountCode": "",
        "CallerIDName": "<unknown>",
        "CallerIDNum": "36944000",
        "Cause": "16",
        "Cause-txt": "Normal Clearing",
        "Channel": "SIP/261-0000b0a4",
        "ChannelState": "6",
        "ChannelStateDesc": "Up",
        "ConnectedLineName": "CID:36944000",
        "ConnectedLineNum": "09179345405",
        "Context": "from-internal",
        "Event": "Hangup",
        "Exten": "h",
        "Language": "pr2",
        "Linkedid": "1750751692.817629",
        "Priority": "1",
        "Privilege": "call,all",
        "Uniqueid": "1750751692.817629"
    },
    "start_time": "2025-06-24T11:24:06",
    "status": "answered",
    "timestamp": "2025-06-24T11:28:48",
    "type": "call_summary",
    "uniqueid": "1750751692.817629"
}

{
    "call_type": "",
    "caller_id_name": "261-SUP8",
    "caller_id_num": "261",
    "channel": "SIP/261-0000b0db",
    "connected_line_name": "<unknown>",
    "connected_line_num": "<unknown>",
    "direction": "",
    "end_time": "",
    "extension_number": "261",
    "has_ringing": false,
    "linkedid": "1750751983.818169",
    "other_extension_number": "",
    "start_time": "2025-06-24T11:28:49",
    "status": "initiated",
    "timestamp": "2025-06-24T11:28:49",
    "type": "call_started",
    "uniqueid": "1750751983.818169"
}

{
    "channel": "SIP/261-0000b0db",
    "privilege": "call,all",
    "timestamp": "2025-06-24T11:29:03",
    "type": "call_answered",
    "uniqueid": "1750751983.818169"
}

{
    "call_type": "external",
    "caller_id_name": "261-SUP8",
    "caller_id_num": "261",
    "cause": "16",
    "cause_description": "",
    "cause_txt": "",
    "channel": "SIP/261-0000b0db",
    "connected_line_name": "<unknown>",
    "connected_line_num": "<unknown>",
    "direction": "out",
    "end_time": "2025-06-24T11:37:33",
    "extension_number": "261",
    "has_ringing": false,
    "linkedid": "1750751983.818169",
    "other_extension_number": "09163475548",
    "raw_event": {
        "AccountCode": "",
        "CallerIDName": "<unknown>",
        "CallerIDNum": "36944000",
        "Cause": "16",
        "Cause-txt": "Normal Clearing",
        "Channel": "SIP/261-0000b0db",
        "ChannelState": "6",
        "ChannelStateDesc": "Up",
        "ConnectedLineName": "CID:36944000",
        "ConnectedLineNum": "09163475548",
        "Context": "from-internal",
        "Event": "Hangup",
        "Exten": "h",
        "Language": "pr2",
        "Linkedid": "1750751983.818169",
        "Priority": "1",
        "Privilege": "call,all",
        "Uniqueid": "1750751983.818169"
    },
    "start_time": "2025-06-24T11:29:03",
    "status": "answered",
    "timestamp": "2025-06-24T11:37:33",
    "type": "call_ended",
    "uniqueid": "1750751983.818169"
}

{
    "call_duration": 510,
    "call_type": "external",
    "caller_id_name": "261-SUP8",
    "caller_id_num": "261",
    "cause": "16",
    "cause_description": "",
    "cause_txt": "",
    "channel": "SIP/261-0000b0db",
    "connected_line_name": "<unknown>",
    "connected_line_num": "<unknown>",
    "direction": "out",
    "end_time": "2025-06-24T11:37:33",
    "extension_number": "261",
    "has_ringing": false,
    "linkedid": "1750751983.818169",
    "other_extension_number": "09163475548",
    "raw_event": {
        "AccountCode": "",
        "CallerIDName": "<unknown>",
        "CallerIDNum": "36944000",
        "Cause": "16",
        "Cause-txt": "Normal Clearing",
        "Channel": "SIP/261-0000b0db",
        "ChannelState": "6",
        "ChannelStateDesc": "Up",
        "ConnectedLineName": "CID:36944000",
        "ConnectedLineNum": "09163475548",
        "Context": "from-internal",
        "Event": "Hangup",
        "Exten": "h",
        "Language": "pr2",
        "Linkedid": "1750751983.818169",
        "Priority": "1",
        "Privilege": "call,all",
        "Uniqueid": "1750751983.818169"
    },
    "start_time": "2025-06-24T11:29:03",
    "status": "answered",
    "timestamp": "2025-06-24T11:37:33",
    "type": "call_summary",
    "uniqueid": "1750751983.818169"
}

{
    "call_type": "",
    "caller_id_name": "261-SUP8",
    "caller_id_num": "261",
    "channel": "SIP/261-0000b130",
    "connected_line_name": "<unknown>",
    "connected_line_num": "<unknown>",
    "direction": "",
    "end_time": "",
    "extension_number": "261",
    "has_ringing": false,
    "linkedid": "1750752534.818960",
    "other_extension_number": "",
    "start_time": "2025-06-24T11:38:01",
    "status": "initiated",
    "timestamp": "2025-06-24T11:38:01",
    "type": "call_started",
    "uniqueid": "1750752534.818960"
}

{
    "call_type": "external",
    "caller_id_name": "261-SUP8",
    "caller_id_num": "261",
    "cause": "17",
    "cause_description": "",
    "cause_txt": "",
    "channel": "SIP/261-0000b130",
    "connected_line_name": "<unknown>",
    "connected_line_num": "<unknown>",
    "direction": "out",
    "end_time": "2025-06-24T11:38:50",
    "extension_number": "261",
    "has_ringing": false,
    "linkedid": "1750752534.818960",
    "other_extension_number": "09116042838",
    "raw_event": {
        "AccountCode": "",
        "CallerIDName": "<unknown>",
        "CallerIDNum": "36944000",
        "Cause": "17",
        "Cause-txt": "User busy",
        "Channel": "SIP/261-0000b130",
        "ChannelState": "7",
        "ChannelStateDesc": "Busy",
        "ConnectedLineName": "CID:36944000",
        "ConnectedLineNum": "09116042838",
        "Context": "from-internal",
        "Event": "Hangup",
        "Exten": "h",
        "Language": "pr2",
        "Linkedid": "1750752534.818960",
        "Priority": "1",
        "Privilege": "call,all",
        "Uniqueid": "1750752534.818960"
    },
    "start_time": "2025-06-24T11:38:01",
    "status": "initiated",
    "timestamp": "2025-06-24T11:38:50",
    "type": "call_ended",
    "uniqueid": "1750752534.818960"
}

{
    "call_duration": 49,
    "call_type": "external",
    "caller_id_name": "261-SUP8",
    "caller_id_num": "261",
    "cause": "17",
    "cause_description": "",
    "cause_txt": "",
    "channel": "SIP/261-0000b130",
    "connected_line_name": "<unknown>",
    "connected_line_num": "<unknown>",
    "direction": "out",
    "end_time": "2025-06-24T11:38:50",
    "extension_number": "261",
    "has_ringing": false,
    "linkedid": "1750752534.818960",
    "other_extension_number": "09116042838",
    "raw_event": {
        "AccountCode": "",
        "CallerIDName": "<unknown>",
        "CallerIDNum": "36944000",
        "Cause": "17",
        "Cause-txt": "User busy",
        "Channel": "SIP/261-0000b130",
        "ChannelState": "7",
        "ChannelStateDesc": "Busy",
        "ConnectedLineName": "CID:36944000",
        "ConnectedLineNum": "09116042838",
        "Context": "from-internal",
        "Event": "Hangup",
        "Exten": "h",
        "Language": "pr2",
        "Linkedid": "1750752534.818960",
        "Priority": "1",
        "Privilege": "call,all",
        "Uniqueid": "1750752534.818960"
    },
    "start_time": "2025-06-24T11:38:01",
    "status": "initiated",
    "timestamp": "2025-06-24T11:38:50",
    "type": "call_summary",
    "uniqueid": "1750752534.818960"
}

{
    "call_type": "",
    "caller_id_name": "261-SUP8",
    "caller_id_num": "261",
    "channel": "SIP/261-0000b136",
    "connected_line_name": "<unknown>",
    "connected_line_num": "<unknown>",
    "direction": "",
    "end_time": "",
    "extension_number": "261",
    "has_ringing": false,
    "linkedid": "1750752596.819089",
    "other_extension_number": "",
    "start_time": "2025-06-24T11:39:02",
    "status": "initiated",
    "timestamp": "2025-06-24T11:39:02",
    "type": "call_started",
    "uniqueid": "1750752596.819089"
}

{
    "channel": "SIP/261-0000b136",
    "privilege": "call,all",
    "timestamp": "2025-06-24T11:39:11",
    "type": "call_answered",
    "uniqueid": "1750752596.819089"
}

{
    "call_type": "external",
    "caller_id_name": "261-SUP8",
    "caller_id_num": "261",
    "cause": "16",
    "cause_description": "",
    "cause_txt": "",
    "channel": "SIP/261-0000b136",
    "connected_line_name": "<unknown>",
    "connected_line_num": "<unknown>",
    "direction": "out",
    "end_time": "2025-06-24T11:41:41",
    "extension_number": "261",
    "has_ringing": false,
    "linkedid": "1750752596.819089",
    "other_extension_number": "09144520027",
    "raw_event": {
        "AccountCode": "",
        "CallerIDName": "<unknown>",
        "CallerIDNum": "36944000",
        "Cause": "16",
        "Cause-txt": "Normal Clearing",
        "Channel": "SIP/261-0000b136",
        "ChannelState": "6",
        "ChannelStateDesc": "Up",
        "ConnectedLineName": "CID:36944000",
        "ConnectedLineNum": "09144520027",
        "Context": "from-internal",
        "Event": "Hangup",
        "Exten": "h",
        "Language": "pr2",
        "Linkedid": "1750752596.819089",
        "Priority": "1",
        "Privilege": "call,all",
        "Uniqueid": "1750752596.819089"
    },
    "start_time": "2025-06-24T11:39:11",
    "status": "answered",
    "timestamp": "2025-06-24T11:41:41",
    "type": "call_ended",
    "uniqueid": "1750752596.819089"
}

{
    "call_duration": 149,
    "call_type": "external",
    "caller_id_name": "261-SUP8",
    "caller_id_num": "261",
    "cause": "16",
    "cause_description": "",
    "cause_txt": "",
    "channel": "SIP/261-0000b136",
    "connected_line_name": "<unknown>",
    "connected_line_num": "<unknown>",
    "direction": "out",
    "end_time": "2025-06-24T11:41:41",
    "extension_number": "261",
    "has_ringing": false,
    "linkedid": "1750752596.819089",
    "other_extension_number": "09144520027",
    "raw_event": {
        "AccountCode": "",
        "CallerIDName": "<unknown>",
        "CallerIDNum": "36944000",
        "Cause": "16",
        "Cause-txt": "Normal Clearing",
        "Channel": "SIP/261-0000b136",
        "ChannelState": "6",
        "ChannelStateDesc": "Up",
        "ConnectedLineName": "CID:36944000",
        "ConnectedLineNum": "09144520027",
        "Context": "from-internal",
        "Event": "Hangup",
        "Exten": "h",
        "Language": "pr2",
        "Linkedid": "1750752596.819089",
        "Priority": "1",
        "Privilege": "call,all",
        "Uniqueid": "1750752596.819089"
    },
    "start_time": "2025-06-24T11:39:11",
    "status": "answered",
    "timestamp": "2025-06-24T11:41:41",
    "type": "call_summary",
    "uniqueid": "1750752596.819089"
}

{
    "call_type": "",
    "caller_id_name": "261-SUP8",
    "caller_id_num": "261",
    "channel": "SIP/261-0000b169",
    "connected_line_name": "<unknown>",
    "connected_line_num": "<unknown>",
    "direction": "",
    "end_time": "",
    "extension_number": "261",
    "has_ringing": false,
    "linkedid": "1750752848.819511",
    "other_extension_number": "",
    "start_time": "2025-06-24T11:43:15",
    "status": "initiated",
    "timestamp": "2025-06-24T11:43:15",
    "type": "call_started",
    "uniqueid": "1750752848.819514"
}

{
    "channel": "SIP/261-0000b169",
    "privilege": "call,all",
    "timestamp": "2025-06-24T11:43:15",
    "type": "call_ringing",
    "uniqueid": "1750752848.819514"
}

{
    "call_type": "internal",
    "caller_id_name": "261-SUP8",
    "caller_id_num": "261",
    "cause": "16",
    "cause_description": "",
    "cause_txt": "",
    "channel": "SIP/261-0000b169",
    "connected_line_name": "<unknown>",
    "connected_line_num": "<unknown>",
    "direction": "in",
    "end_time": "2025-06-24T11:43:35",
    "extension_number": "261",
    "has_ringing": true,
    "linkedid": "1750752848.819511",
    "other_extension_number": "320",
    "raw_event": {
        "AccountCode": "",
        "CallerIDName": "261-SUP8",
        "CallerIDNum": "261",
        "Cause": "16",
        "Cause-txt": "Normal Clearing",
        "Channel": "SIP/261-0000b169",
        "ChannelState": "5",
        "ChannelStateDesc": "Ringing",
        "ConnectedLineName": "320-WHS",
        "ConnectedLineNum": "320",
        "Context": "from-internal",
        "Event": "Hangup",
        "Exten": "261",
        "Language": "pr2",
        "Linkedid": "1750752848.819511",
        "Priority": "1",
        "Privilege": "call,all",
        "Uniqueid": "1750752848.819514"
    },
    "start_time": "2025-06-24T11:43:15",
    "status": "ringing",
    "timestamp": "2025-06-24T11:43:35",
    "type": "call_ended",
    "uniqueid": "1750752848.819514"
}

{
    "call_duration": 19,
    "call_type": "internal",
    "caller_id_name": "261-SUP8",
    "caller_id_num": "261",
    "cause": "16",
    "cause_description": "",
    "cause_txt": "",
    "channel": "SIP/261-0000b169",
    "connected_line_name": "<unknown>",
    "connected_line_num": "<unknown>",
    "direction": "in",
    "end_time": "2025-06-24T11:43:35",
    "extension_number": "261",
    "has_ringing": true,
    "linkedid": "1750752848.819511",
    "other_extension_number": "320",
    "raw_event": {
        "AccountCode": "",
        "CallerIDName": "261-SUP8",
        "CallerIDNum": "261",
        "Cause": "16",
        "Cause-txt": "Normal Clearing",
        "Channel": "SIP/261-0000b169",
        "ChannelState": "5",
        "ChannelStateDesc": "Ringing",
        "ConnectedLineName": "320-WHS",
        "ConnectedLineNum": "320",
        "Context": "from-internal",
        "Event": "Hangup",
        "Exten": "261",
        "Language": "pr2",
        "Linkedid": "1750752848.819511",
        "Priority": "1",
        "Privilege": "call,all",
        "Uniqueid": "1750752848.819514"
    },
    "start_time": "2025-06-24T11:43:15",
    "status": "ringing",
    "timestamp": "2025-06-24T11:43:35",
    "type": "call_summary",
    "uniqueid": "1750752848.819514"
}

{
    "call_type": "",
    "caller_id_name": "261-SUP8",
    "caller_id_num": "261",
    "channel": "SIP/261-0000b195",
    "connected_line_name": "<unknown>",
    "connected_line_num": "<unknown>",
    "direction": "",
    "end_time": "",
    "extension_number": "261",
    "has_ringing": false,
    "linkedid": "1750753049.819953",
    "other_extension_number": "",
    "start_time": "2025-06-24T11:46:36",
    "status": "initiated",
    "timestamp": "2025-06-24T11:46:36",
    "type": "call_started",
    "uniqueid": "1750753049.819953"
}

{
    "channel": "SIP/261-0000b195",
    "privilege": "call,all",
    "timestamp": "2025-06-24T11:46:56",
    "type": "call_answered",
    "uniqueid": "1750753049.819953"
}

{
    "call_type": "internal",
    "caller_id_name": "261-SUP8",
    "caller_id_num": "261",
    "cause": "0",
    "cause_description": "",
    "cause_txt": "",
    "channel": "SIP/261-0000b195",
    "connected_line_name": "<unknown>",
    "connected_line_num": "<unknown>",
    "direction": "out",
    "end_time": "2025-06-24T11:46:58",
    "extension_number": "261",
    "has_ringing": false,
    "linkedid": "1750753049.819953",
    "other_extension_number": "320",
    "raw_event": {
        "AccountCode": "",
        "CallerIDName": "261-SUP8",
        "CallerIDNum": "261",
        "Cause": "0",
        "Cause-txt": "Unknown",
        "Channel": "SIP/261-0000b195",
        "ChannelState": "6",
        "ChannelStateDesc": "Up",
        "ConnectedLineName": "320-WHS",
        "ConnectedLineNum": "320",
        "Context": "app-announcement-4",
        "Event": "Hangup",
        "Exten": "s",
        "Language": "pr2",
        "Linkedid": "1750753049.819953",
        "Priority": "5",
        "Privilege": "call,all",
        "Uniqueid": "1750753049.819953"
    },
    "start_time": "2025-06-24T11:46:56",
    "status": "answered",
    "timestamp": "2025-06-24T11:46:58",
    "type": "call_ended",
    "uniqueid": "1750753049.819953"
}

{
    "call_duration": 1,
    "call_type": "internal",
    "caller_id_name": "261-SUP8",
    "caller_id_num": "261",
    "cause": "0",
    "cause_description": "",
    "cause_txt": "",
    "channel": "SIP/261-0000b195",
    "connected_line_name": "<unknown>",
    "connected_line_num": "<unknown>",
    "direction": "out",
    "end_time": "2025-06-24T11:46:58",
    "extension_number": "261",
    "has_ringing": false,
    "linkedid": "1750753049.819953",
    "other_extension_number": "320",
    "raw_event": {
        "AccountCode": "",
        "CallerIDName": "261-SUP8",
        "CallerIDNum": "261",
        "Cause": "0",
        "Cause-txt": "Unknown",
        "Channel": "SIP/261-0000b195",
        "ChannelState": "6",
        "ChannelStateDesc": "Up",
        "ConnectedLineName": "320-WHS",
        "ConnectedLineNum": "320",
        "Context": "app-announcement-4",
        "Event": "Hangup",
        "Exten": "s",
        "Language": "pr2",
        "Linkedid": "1750753049.819953",
        "Priority": "5",
        "Privilege": "call,all",
        "Uniqueid": "1750753049.819953"
    },
    "start_time": "2025-06-24T11:46:56",
    "status": "answered",
    "timestamp": "2025-06-24T11:46:58",
    "type": "call_summary",
    "uniqueid": "1750753049.819953"
}

{
    "call_type": "",
    "caller_id_name": "261-SUP8",
    "caller_id_num": "261",
    "channel": "SIP/261-0000b1a5",
    "connected_line_name": "<unknown>",
    "connected_line_num": "<unknown>",
    "direction": "",
    "end_time": "",
    "extension_number": "261",
    "has_ringing": false,
    "linkedid": "1750753193.820112",
    "other_extension_number": "",
    "start_time": "2025-06-24T11:49:00",
    "status": "initiated",
    "timestamp": "2025-06-24T11:49:00",
    "type": "call_started",
    "uniqueid": "1750753193.820112"
}

{
    "call_type": "external",
    "caller_id_name": "261-SUP8",
    "caller_id_num": "261",
    "cause": "16",
    "cause_description": "",
    "cause_txt": "",
    "channel": "SIP/261-0000b1a5",
    "connected_line_name": "<unknown>",
    "connected_line_num": "<unknown>",
    "direction": "out",
    "end_time": "2025-06-24T11:49:34",
    "extension_number": "261",
    "has_ringing": false,
    "linkedid": "1750753193.820112",
    "other_extension_number": "09118934822",
    "raw_event": {
        "AccountCode": "",
        "CallerIDName": "<unknown>",
        "CallerIDNum": "36944000",
        "Cause": "16",
        "Cause-txt": "Normal Clearing",
        "Channel": "SIP/261-0000b1a5",
        "ChannelState": "4",
        "ChannelStateDesc": "Ring",
        "ConnectedLineName": "CID:36944000",
        "ConnectedLineNum": "09118934822",
        "Context": "from-internal",
        "Event": "Hangup",
        "Exten": "h",
        "Language": "pr2",
        "Linkedid": "1750753193.820112",
        "Priority": "1",
        "Privilege": "call,all",
        "Uniqueid": "1750753193.820112"
    },
    "start_time": "2025-06-24T11:49:00",
    "status": "initiated",
    "timestamp": "2025-06-24T11:49:34",
    "type": "call_ended",
    "uniqueid": "1750753193.820112"
}

{
    "call_duration": 33,
    "call_type": "external",
    "caller_id_name": "261-SUP8",
    "caller_id_num": "261",
    "cause": "16",
    "cause_description": "",
    "cause_txt": "",
    "channel": "SIP/261-0000b1a5",
    "connected_line_name": "<unknown>",
    "connected_line_num": "<unknown>",
    "direction": "out",
    "end_time": "2025-06-24T11:49:34",
    "extension_number": "261",
    "has_ringing": false,
    "linkedid": "1750753193.820112",
    "other_extension_number": "09118934822",
    "raw_event": {
        "AccountCode": "",
        "CallerIDName": "<unknown>",
        "CallerIDNum": "36944000",
        "Cause": "16",
        "Cause-txt": "Normal Clearing",
        "Channel": "SIP/261-0000b1a5",
        "ChannelState": "4",
        "ChannelStateDesc": "Ring",
        "ConnectedLineName": "CID:36944000",
        "ConnectedLineNum": "09118934822",
        "Context": "from-internal",
        "Event": "Hangup",
        "Exten": "h",
        "Language": "pr2",
        "Linkedid": "1750753193.820112",
        "Priority": "1",
        "Privilege": "call,all",
        "Uniqueid": "1750753193.820112"
    },
    "start_time": "2025-06-24T11:49:00",
    "status": "initiated",
    "timestamp": "2025-06-24T11:49:34",
    "type": "call_summary",
    "uniqueid": "1750753193.820112"
}

{
    "call_type": "",
    "caller_id_name": "261-SUP8",
    "caller_id_num": "261",
    "channel": "SIP/261-0000b1dc",
    "connected_line_name": "<unknown>",
    "connected_line_num": "<unknown>",
    "direction": "",
    "end_time": "",
    "extension_number": "261",
    "has_ringing": false,
    "linkedid": "1750753530.820601",
    "other_extension_number": "",
    "start_time": "2025-06-24T11:54:37",
    "status": "initiated",
    "timestamp": "2025-06-24T11:54:37",
    "type": "call_started",
    "uniqueid": "1750753530.820601"
}

{
    "call_type": "external",
    "caller_id_name": "261-SUP8",
    "caller_id_num": "261",
    "cause": "17",
    "cause_description": "",
    "cause_txt": "",
    "channel": "SIP/261-0000b1dc",
    "connected_line_name": "<unknown>",
    "connected_line_num": "<unknown>",
    "direction": "out",
    "end_time": "2025-06-24T11:54:59",
    "extension_number": "261",
    "has_ringing": false,
    "linkedid": "1750753530.820601",
    "other_extension_number": "09112105989",
    "raw_event": {
        "AccountCode": "",
        "CallerIDName": "<unknown>",
        "CallerIDNum": "36944000",
        "Cause": "17",
        "Cause-txt": "User busy",
        "Channel": "SIP/261-0000b1dc",
        "ChannelState": "7",
        "ChannelStateDesc": "Busy",
        "ConnectedLineName": "CID:36944000",
        "ConnectedLineNum": "09112105989",
        "Context": "from-internal",
        "Event": "Hangup",
        "Exten": "h",
        "Language": "pr2",
        "Linkedid": "1750753530.820601",
        "Priority": "1",
        "Privilege": "call,all",
        "Uniqueid": "1750753530.820601"
    },
    "start_time": "2025-06-24T11:54:37",
    "status": "initiated",
    "timestamp": "2025-06-24T11:54:59",
    "type": "call_ended",
    "uniqueid": "1750753530.820601"
}

{
    "call_duration": 21,
    "call_type": "external",
    "caller_id_name": "261-SUP8",
    "caller_id_num": "261",
    "cause": "17",
    "cause_description": "",
    "cause_txt": "",
    "channel": "SIP/261-0000b1dc",
    "connected_line_name": "<unknown>",
    "connected_line_num": "<unknown>",
    "direction": "out",
    "end_time": "2025-06-24T11:54:59",
    "extension_number": "261",
    "has_ringing": false,
    "linkedid": "1750753530.820601",
    "other_extension_number": "09112105989",
    "raw_event": {
        "AccountCode": "",
        "CallerIDName": "<unknown>",
        "CallerIDNum": "36944000",
        "Cause": "17",
        "Cause-txt": "User busy",
        "Channel": "SIP/261-0000b1dc",
        "ChannelState": "7",
        "ChannelStateDesc": "Busy",
        "ConnectedLineName": "CID:36944000",
        "ConnectedLineNum": "09112105989",
        "Context": "from-internal",
        "Event": "Hangup",
        "Exten": "h",
        "Language": "pr2",
        "Linkedid": "1750753530.820601",
        "Priority": "1",
        "Privilege": "call,all",
        "Uniqueid": "1750753530.820601"
    },
    "start_time": "2025-06-24T11:54:37",
    "status": "initiated",
    "timestamp": "2025-06-24T11:54:59",
    "type": "call_summary",
    "uniqueid": "1750753530.820601"
}

{
    "call_type": "",
    "caller_id_name": "261-SUP8",
    "caller_id_num": "261",
    "channel": "SIP/261-0000b1ee",
    "connected_line_name": "<unknown>",
    "connected_line_num": "<unknown>",
    "direction": "",
    "end_time": "",
    "extension_number": "261",
    "has_ringing": false,
    "linkedid": "1750753607.820744",
    "other_extension_number": "",
    "start_time": "2025-06-24T11:55:54",
    "status": "initiated",
    "timestamp": "2025-06-24T11:55:54",
    "type": "call_started",
    "uniqueid": "1750753607.820744"
}

{
    "call_type": "external",
    "caller_id_name": "261-SUP8",
    "caller_id_num": "261",
    "cause": "17",
    "cause_description": "",
    "cause_txt": "",
    "channel": "SIP/261-0000b1ee",
    "connected_line_name": "<unknown>",
    "connected_line_num": "<unknown>",
    "direction": "out",
    "end_time": "2025-06-24T11:56:02",
    "extension_number": "261",
    "has_ringing": false,
    "linkedid": "1750753607.820744",
    "other_extension_number": "09139221246",
    "raw_event": {
        "AccountCode": "",
        "CallerIDName": "<unknown>",
        "CallerIDNum": "36944000",
        "Cause": "17",
        "Cause-txt": "User busy",
        "Channel": "SIP/261-0000b1ee",
        "ChannelState": "7",
        "ChannelStateDesc": "Busy",
        "ConnectedLineName": "CID:36944000",
        "ConnectedLineNum": "09139221246",
        "Context": "from-internal",
        "Event": "Hangup",
        "Exten": "h",
        "Language": "pr2",
        "Linkedid": "1750753607.820744",
        "Priority": "1",
        "Privilege": "call,all",
        "Uniqueid": "1750753607.820744"
    },
    "start_time": "2025-06-24T11:55:54",
    "status": "initiated",
    "timestamp": "2025-06-24T11:56:02",
    "type": "call_ended",
    "uniqueid": "1750753607.820744"
}

{
    "call_duration": 7,
    "call_type": "external",
    "caller_id_name": "261-SUP8",
    "caller_id_num": "261",
    "cause": "17",
    "cause_description": "",
    "cause_txt": "",
    "channel": "SIP/261-0000b1ee",
    "connected_line_name": "<unknown>",
    "connected_line_num": "<unknown>",
    "direction": "out",
    "end_time": "2025-06-24T11:56:02",
    "extension_number": "261",
    "has_ringing": false,
    "linkedid": "1750753607.820744",
    "other_extension_number": "09139221246",
    "raw_event": {
        "AccountCode": "",
        "CallerIDName": "<unknown>",
        "CallerIDNum": "36944000",
        "Cause": "17",
        "Cause-txt": "User busy",
        "Channel": "SIP/261-0000b1ee",
        "ChannelState": "7",
        "ChannelStateDesc": "Busy",
        "ConnectedLineName": "CID:36944000",
        "ConnectedLineNum": "09139221246",
        "Context": "from-internal",
        "Event": "Hangup",
        "Exten": "h",
        "Language": "pr2",
        "Linkedid": "1750753607.820744",
        "Priority": "1",
        "Privilege": "call,all",
        "Uniqueid": "1750753607.820744"
    },
    "start_time": "2025-06-24T11:55:54",
    "status": "initiated",
    "timestamp": "2025-06-24T11:56:02",
    "type": "call_summary",
    "uniqueid": "1750753607.820744"
}

{
    "call_type": "",
    "caller_id_name": "261-SUP8",
    "caller_id_num": "261",
    "channel": "SIP/261-0000b1fe",
    "connected_line_name": "<unknown>",
    "connected_line_num": "<unknown>",
    "direction": "",
    "end_time": "",
    "extension_number": "261",
    "has_ringing": false,
    "linkedid": "1750753660.820904",
    "other_extension_number": "",
    "start_time": "2025-06-24T11:56:47",
    "status": "initiated",
    "timestamp": "2025-06-24T11:56:47",
    "type": "call_started",
    "uniqueid": "1750753660.820904"
}

{
    "channel": "SIP/261-0000b1fe",
    "privilege": "call,all",
    "timestamp": "2025-06-24T11:57:09",
    "type": "call_answered",
    "uniqueid": "1750753660.820904"
}

{
    "call_type": "external",
    "caller_id_name": "261-SUP8",
    "caller_id_num": "261",
    "cause": "16",
    "cause_description": "",
    "cause_txt": "",
    "channel": "SIP/261-0000b1fe",
    "connected_line_name": "<unknown>",
    "connected_line_num": "<unknown>",
    "direction": "out",
    "end_time": "2025-06-24T11:59:20",
    "extension_number": "261",
    "has_ringing": false,
    "linkedid": "1750753660.820904",
    "other_extension_number": "09302752743",
    "raw_event": {
        "AccountCode": "",
        "CallerIDName": "<unknown>",
        "CallerIDNum": "36944000",
        "Cause": "16",
        "Cause-txt": "Normal Clearing",
        "Channel": "SIP/261-0000b1fe",
        "ChannelState": "6",
        "ChannelStateDesc": "Up",
        "ConnectedLineName": "CID:36944000",
        "ConnectedLineNum": "09302752743",
        "Context": "from-internal",
        "Event": "Hangup",
        "Exten": "h",
        "Language": "pr2",
        "Linkedid": "1750753660.820904",
        "Priority": "1",
        "Privilege": "call,all",
        "Uniqueid": "1750753660.820904"
    },
    "start_time": "2025-06-24T11:57:09",
    "status": "answered",
    "timestamp": "2025-06-24T11:59:20",
    "type": "call_ended",
    "uniqueid": "1750753660.820904"
}

{
    "call_duration": 131,
    "call_type": "external",
    "caller_id_name": "261-SUP8",
    "caller_id_num": "261",
    "cause": "16",
    "cause_description": "",
    "cause_txt": "",
    "channel": "SIP/261-0000b1fe",
    "connected_line_name": "<unknown>",
    "connected_line_num": "<unknown>",
    "direction": "out",
    "end_time": "2025-06-24T11:59:20",
    "extension_number": "261",
    "has_ringing": false,
    "linkedid": "1750753660.820904",
    "other_extension_number": "09302752743",
    "raw_event": {
        "AccountCode": "",
        "CallerIDName": "<unknown>",
        "CallerIDNum": "36944000",
        "Cause": "16",
        "Cause-txt": "Normal Clearing",
        "Channel": "SIP/261-0000b1fe",
        "ChannelState": "6",
        "ChannelStateDesc": "Up",
        "ConnectedLineName": "CID:36944000",
        "ConnectedLineNum": "09302752743",
        "Context": "from-internal",
        "Event": "Hangup",
        "Exten": "h",
        "Language": "pr2",
        "Linkedid": "1750753660.820904",
        "Priority": "1",
        "Privilege": "call,all",
        "Uniqueid": "1750753660.820904"
    },
    "start_time": "2025-06-24T11:57:09",
    "status": "answered",
    "timestamp": "2025-06-24T11:59:20",
    "type": "call_summary",
    "uniqueid": "1750753660.820904"
}

{
    "call_type": "",
    "caller_id_name": "261-SUP8",
    "caller_id_num": "261",
    "channel": "SIP/261-0000b228",
    "connected_line_name": "<unknown>",
    "connected_line_num": "<unknown>",
    "direction": "",
    "end_time": "",
    "extension_number": "261",
    "has_ringing": false,
    "linkedid": "1750753823.821227",
    "other_extension_number": "",
    "start_time": "2025-06-24T11:59:32",
    "status": "initiated",
    "timestamp": "2025-06-24T11:59:32",
    "type": "call_started",
    "uniqueid": "1750753823.821227"
}

{
    "channel": "SIP/261-0000b228",
    "privilege": "call,all",
    "timestamp": "2025-06-24T11:59:38",
    "type": "call_answered",
    "uniqueid": "1750753823.821227"
}

{
    "call_type": "external",
    "caller_id_name": "261-SUP8",
    "caller_id_num": "261",
    "cause": "16",
    "cause_description": "",
    "cause_txt": "",
    "channel": "SIP/261-0000b228",
    "connected_line_name": "<unknown>",
    "connected_line_num": "<unknown>",
    "direction": "out",
    "end_time": "2025-06-24T12:01:05",
    "extension_number": "261",
    "has_ringing": false,
    "linkedid": "1750753823.821227",
    "other_extension_number": "09143417699",
    "raw_event": {
        "AccountCode": "",
        "CallerIDName": "<unknown>",
        "CallerIDNum": "36944000",
        "Cause": "16",
        "Cause-txt": "Normal Clearing",
        "Channel": "SIP/261-0000b228",
        "ChannelState": "6",
        "ChannelStateDesc": "Up",
        "ConnectedLineName": "CID:36944000",
        "ConnectedLineNum": "09143417699",
        "Context": "from-internal",
        "Event": "Hangup",
        "Exten": "h",
        "Language": "pr2",
        "Linkedid": "1750753823.821227",
        "Priority": "1",
        "Privilege": "call,all",
        "Uniqueid": "1750753823.821227"
    },
    "start_time": "2025-06-24T11:59:38",
    "status": "answered",
    "timestamp": "2025-06-24T12:01:05",
    "type": "call_ended",
    "uniqueid": "1750753823.821227"
}

{
    "call_duration": 86,
    "call_type": "external",
    "caller_id_name": "261-SUP8",
    "caller_id_num": "261",
    "cause": "16",
    "cause_description": "",
    "cause_txt": "",
    "channel": "SIP/261-0000b228",
    "connected_line_name": "<unknown>",
    "connected_line_num": "<unknown>",
    "direction": "out",
    "end_time": "2025-06-24T12:01:05",
    "extension_number": "261",
    "has_ringing": false,
    "linkedid": "1750753823.821227",
    "other_extension_number": "09143417699",
    "raw_event": {
        "AccountCode": "",
        "CallerIDName": "<unknown>",
        "CallerIDNum": "36944000",
        "Cause": "16",
        "Cause-txt": "Normal Clearing",
        "Channel": "SIP/261-0000b228",
        "ChannelState": "6",
        "ChannelStateDesc": "Up",
        "ConnectedLineName": "CID:36944000",
        "ConnectedLineNum": "09143417699",
        "Context": "from-internal",
        "Event": "Hangup",
        "Exten": "h",
        "Language": "pr2",
        "Linkedid": "1750753823.821227",
        "Priority": "1",
        "Privilege": "call,all",
        "Uniqueid": "1750753823.821227"
    },
    "start_time": "2025-06-24T11:59:38",
    "status": "answered",
    "timestamp": "2025-06-24T12:01:05",
    "type": "call_summary",
    "uniqueid": "1750753823.821227"
}

{
    "call_type": "",
    "caller_id_name": "261-SUP8",
    "caller_id_num": "261",
    "channel": "SIP/261-0000b240",
    "connected_line_name": "<unknown>",
    "connected_line_num": "<unknown>",
    "direction": "",
    "end_time": "",
    "extension_number": "261",
    "has_ringing": false,
    "linkedid": "1750753953.821503",
    "other_extension_number": "",
    "start_time": "2025-06-24T12:01:40",
    "status": "initiated",
    "timestamp": "2025-06-24T12:01:40",
    "type": "call_started",
    "uniqueid": "1750753953.821503"
}

{
    "call_type": "external",
    "caller_id_name": "261-SUP8",
    "caller_id_num": "261",
    "cause": "16",
    "cause_description": "",
    "cause_txt": "",
    "channel": "SIP/261-0000b240",
    "connected_line_name": "<unknown>",
    "connected_line_num": "<unknown>",
    "direction": "out",
    "end_time": "2025-06-24T12:02:27",
    "extension_number": "261",
    "has_ringing": false,
    "linkedid": "1750753953.821503",
    "other_extension_number": "09112137435",
    "raw_event": {
        "AccountCode": "",
        "CallerIDName": "<unknown>",
        "CallerIDNum": "36944000",
        "Cause": "16",
        "Cause-txt": "Normal Clearing",
        "Channel": "SIP/261-0000b240",
        "ChannelState": "4",
        "ChannelStateDesc": "Ring",
        "ConnectedLineName": "CID:36944000",
        "ConnectedLineNum": "09112137435",
        "Context": "from-internal",
        "Event": "Hangup",
        "Exten": "h",
        "Language": "pr2",
        "Linkedid": "1750753953.821503",
        "Priority": "1",
        "Privilege": "call,all",
        "Uniqueid": "1750753953.821503"
    },
    "start_time": "2025-06-24T12:01:40",
    "status": "initiated",
    "timestamp": "2025-06-24T12:02:27",
    "type": "call_ended",
    "uniqueid": "1750753953.821503"
}

{
    "call_duration": 47,
    "call_type": "external",
    "caller_id_name": "261-SUP8",
    "caller_id_num": "261",
    "cause": "16",
    "cause_description": "",
    "cause_txt": "",
    "channel": "SIP/261-0000b240",
    "connected_line_name": "<unknown>",
    "connected_line_num": "<unknown>",
    "direction": "out",
    "end_time": "2025-06-24T12:02:27",
    "extension_number": "261",
    "has_ringing": false,
    "linkedid": "1750753953.821503",
    "other_extension_number": "09112137435",
    "raw_event": {
        "AccountCode": "",
        "CallerIDName": "<unknown>",
        "CallerIDNum": "36944000",
        "Cause": "16",
        "Cause-txt": "Normal Clearing",
        "Channel": "SIP/261-0000b240",
        "ChannelState": "4",
        "ChannelStateDesc": "Ring",
        "ConnectedLineName": "CID:36944000",
        "ConnectedLineNum": "09112137435",
        "Context": "from-internal",
        "Event": "Hangup",
        "Exten": "h",
        "Language": "pr2",
        "Linkedid": "1750753953.821503",
        "Priority": "1",
        "Privilege": "call,all",
        "Uniqueid": "1750753953.821503"
    },
    "start_time": "2025-06-24T12:01:40",
    "status": "initiated",
    "timestamp": "2025-06-24T12:02:27",
    "type": "call_summary",
    "uniqueid": "1750753953.821503"
}

{
    "call_type": "",
    "caller_id_name": "261-SUP8",
    "caller_id_num": "261",
    "channel": "SIP/261-0000b24d",
    "connected_line_name": "<unknown>",
    "connected_line_num": "<unknown>",
    "direction": "",
    "end_time": "",
    "extension_number": "261",
    "has_ringing": false,
    "linkedid": "1750754003.821622",
    "other_extension_number": "",
    "start_time": "2025-06-24T12:02:29",
    "status": "initiated",
    "timestamp": "2025-06-24T12:02:29",
    "type": "call_started",
    "uniqueid": "1750754003.821622"
}

{
    "channel": "SIP/261-0000b24d",
    "privilege": "call,all",
    "timestamp": "2025-06-24T12:02:50",
    "type": "call_answered",
    "uniqueid": "1750754003.821622"
}

{
    "call_type": "internal",
    "caller_id_name": "261-SUP8",
    "caller_id_num": "261",
    "cause": "0",
    "cause_description": "",
    "cause_txt": "",
    "channel": "SIP/261-0000b24d",
    "connected_line_name": "<unknown>",
    "connected_line_num": "<unknown>",
    "direction": "out",
    "end_time": "2025-06-24T12:02:51",
    "extension_number": "261",
    "has_ringing": false,
    "linkedid": "1750754003.821622",
    "other_extension_number": "320",
    "raw_event": {
        "AccountCode": "",
        "CallerIDName": "261-SUP8",
        "CallerIDNum": "261",
        "Cause": "0",
        "Cause-txt": "Unknown",
        "Channel": "SIP/261-0000b24d",
        "ChannelState": "6",
        "ChannelStateDesc": "Up",
        "ConnectedLineName": "320-WHS",
        "ConnectedLineNum": "320",
        "Context": "app-announcement-4",
        "Event": "Hangup",
        "Exten": "s",
        "Language": "pr2",
        "Linkedid": "1750754003.821622",
        "Priority": "5",
        "Privilege": "call,all",
        "Uniqueid": "1750754003.821622"
    },
    "start_time": "2025-06-24T12:02:50",
    "status": "answered",
    "timestamp": "2025-06-24T12:02:51",
    "type": "call_ended",
    "uniqueid": "1750754003.821622"
}

{
    "call_duration": 1,
    "call_type": "internal",
    "caller_id_name": "261-SUP8",
    "caller_id_num": "261",
    "cause": "0",
    "cause_description": "",
    "cause_txt": "",
    "channel": "SIP/261-0000b24d",
    "connected_line_name": "<unknown>",
    "connected_line_num": "<unknown>",
    "direction": "out",
    "end_time": "2025-06-24T12:02:51",
    "extension_number": "261",
    "has_ringing": false,
    "linkedid": "1750754003.821622",
    "other_extension_number": "320",
    "raw_event": {
        "AccountCode": "",
        "CallerIDName": "261-SUP8",
        "CallerIDNum": "261",
        "Cause": "0",
        "Cause-txt": "Unknown",
        "Channel": "SIP/261-0000b24d",
        "ChannelState": "6",
        "ChannelStateDesc": "Up",
        "ConnectedLineName": "320-WHS",
        "ConnectedLineNum": "320",
        "Context": "app-announcement-4",
        "Event": "Hangup",
        "Exten": "s",
        "Language": "pr2",
        "Linkedid": "1750754003.821622",
        "Priority": "5",
        "Privilege": "call,all",
        "Uniqueid": "1750754003.821622"
    },
    "start_time": "2025-06-24T12:02:50",
    "status": "answered",
    "timestamp": "2025-06-24T12:02:51",
    "type": "call_summary",
    "uniqueid": "1750754003.821622"
}

{
    "call_type": "",
    "caller_id_name": "261-SUP8",
    "caller_id_num": "261",
    "channel": "SIP/261-0000b25a",
    "connected_line_name": "<unknown>",
    "connected_line_num": "<unknown>",
    "direction": "",
    "end_time": "",
    "extension_number": "261",
    "has_ringing": false,
    "linkedid": "1750754055.821751",
    "other_extension_number": "",
    "start_time": "2025-06-24T12:03:22",
    "status": "initiated",
    "timestamp": "2025-06-24T12:03:22",
    "type": "call_started",
    "uniqueid": "1750754055.821751"
}

{
    "channel": "SIP/261-0000b25a",
    "privilege": "call,all",
    "timestamp": "2025-06-24T12:03:42",
    "type": "call_answered",
    "uniqueid": "1750754055.821751"
}

{
    "call_type": "internal",
    "caller_id_name": "261-SUP8",
    "caller_id_num": "261",
    "cause": "0",
    "cause_description": "",
    "cause_txt": "",
    "channel": "SIP/261-0000b25a",
    "connected_line_name": "<unknown>",
    "connected_line_num": "<unknown>",
    "direction": "out",
    "end_time": "2025-06-24T12:03:44",
    "extension_number": "261",
    "has_ringing": false,
    "linkedid": "1750754055.821751",
    "other_extension_number": "323",
    "raw_event": {
        "AccountCode": "",
        "CallerIDName": "261-SUP8",
        "CallerIDNum": "261",
        "Cause": "0",
        "Cause-txt": "Unknown",
        "Channel": "SIP/261-0000b25a",
        "ChannelState": "6",
        "ChannelStateDesc": "Up",
        "ConnectedLineName": "323-WHS3",
        "ConnectedLineNum": "323",
        "Context": "app-announcement-4",
        "Event": "Hangup",
        "Exten": "s",
        "Language": "pr2",
        "Linkedid": "1750754055.821751",
        "Priority": "5",
        "Privilege": "call,all",
        "Uniqueid": "1750754055.821751"
    },
    "start_time": "2025-06-24T12:03:42",
    "status": "answered",
    "timestamp": "2025-06-24T12:03:44",
    "type": "call_ended",
    "uniqueid": "1750754055.821751"
}

{
    "call_duration": 1,
    "call_type": "internal",
    "caller_id_name": "261-SUP8",
    "caller_id_num": "261",
    "cause": "0",
    "cause_description": "",
    "cause_txt": "",
    "channel": "SIP/261-0000b25a",
    "connected_line_name": "<unknown>",
    "connected_line_num": "<unknown>",
    "direction": "out",
    "end_time": "2025-06-24T12:03:44",
    "extension_number": "261",
    "has_ringing": false,
    "linkedid": "1750754055.821751",
    "other_extension_number": "323",
    "raw_event": {
        "AccountCode": "",
        "CallerIDName": "261-SUP8",
        "CallerIDNum": "261",
        "Cause": "0",
        "Cause-txt": "Unknown",
        "Channel": "SIP/261-0000b25a",
        "ChannelState": "6",
        "ChannelStateDesc": "Up",
        "ConnectedLineName": "323-WHS3",
        "ConnectedLineNum": "323",
        "Context": "app-announcement-4",
        "Event": "Hangup",
        "Exten": "s",
        "Language": "pr2",
        "Linkedid": "1750754055.821751",
        "Priority": "5",
        "Privilege": "call,all",
        "Uniqueid": "1750754055.821751"
    },
    "start_time": "2025-06-24T12:03:42",
    "status": "answered",
    "timestamp": "2025-06-24T12:03:44",
    "type": "call_summary",
    "uniqueid": "1750754055.821751"
}

{
    "call_type": "",
    "caller_id_name": "261-SUP8",
    "caller_id_num": "261",
    "channel": "SIP/261-0000b26d",
    "connected_line_name": "<unknown>",
    "connected_line_num": "<unknown>",
    "direction": "",
    "end_time": "",
    "extension_number": "261",
    "has_ringing": false,
    "linkedid": "1750754128.821892",
    "other_extension_number": "",
    "start_time": "2025-06-24T12:04:34",
    "status": "initiated",
    "timestamp": "2025-06-24T12:04:34",
    "type": "call_started",
    "uniqueid": "1750754128.821892"
}

{
    "channel": "SIP/261-0000b26d",
    "privilege": "call,all",
    "timestamp": "2025-06-24T12:04:47",
    "type": "call_answered",
    "uniqueid": "1750754128.821892"
}

{
    "call_type": "external",
    "caller_id_name": "261-SUP8",
    "caller_id_num": "261",
    "cause": "16",
    "cause_description": "",
    "cause_txt": "",
    "channel": "SIP/261-0000b26d",
    "connected_line_name": "<unknown>",
    "connected_line_num": "<unknown>",
    "direction": "out",
    "end_time": "2025-06-24T12:06:32",
    "extension_number": "261",
    "has_ringing": false,
    "linkedid": "1750754128.821892",
    "other_extension_number": "09046919544",
    "raw_event": {
        "AccountCode": "",
        "CallerIDName": "<unknown>",
        "CallerIDNum": "36944000",
        "Cause": "16",
        "Cause-txt": "Normal Clearing",
        "Channel": "SIP/261-0000b26d",
        "ChannelState": "6",
        "ChannelStateDesc": "Up",
        "ConnectedLineName": "CID:36944000",
        "ConnectedLineNum": "09046919544",
        "Context": "from-internal",
        "Event": "Hangup",
        "Exten": "h",
        "Language": "pr2",
        "Linkedid": "1750754128.821892",
        "Priority": "1",
        "Privilege": "call,all",
        "Uniqueid": "1750754128.821892"
    },
    "start_time": "2025-06-24T12:04:47",
    "status": "answered",
    "timestamp": "2025-06-24T12:06:32",
    "type": "call_ended",
    "uniqueid": "1750754128.821892"
}

{
    "call_duration": 105,
    "call_type": "external",
    "caller_id_name": "261-SUP8",
    "caller_id_num": "261",
    "cause": "16",
    "cause_description": "",
    "cause_txt": "",
    "channel": "SIP/261-0000b26d",
    "connected_line_name": "<unknown>",
    "connected_line_num": "<unknown>",
    "direction": "out",
    "end_time": "2025-06-24T12:06:32",
    "extension_number": "261",
    "has_ringing": false,
    "linkedid": "1750754128.821892",
    "other_extension_number": "09046919544",
    "raw_event": {
        "AccountCode": "",
        "CallerIDName": "<unknown>",
        "CallerIDNum": "36944000",
        "Cause": "16",
        "Cause-txt": "Normal Clearing",
        "Channel": "SIP/261-0000b26d",
        "ChannelState": "6",
        "ChannelStateDesc": "Up",
        "ConnectedLineName": "CID:36944000",
        "ConnectedLineNum": "09046919544",
        "Context": "from-internal",
        "Event": "Hangup",
        "Exten": "h",
        "Language": "pr2",
        "Linkedid": "1750754128.821892",
        "Priority": "1",
        "Privilege": "call,all",
        "Uniqueid": "1750754128.821892"
    },
    "start_time": "2025-06-24T12:04:47",
    "status": "answered",
    "timestamp": "2025-06-24T12:06:32",
    "type": "call_summary",
    "uniqueid": "1750754128.821892"
}

{
    "extension": "261",
    "privilege": "call,all",
    "timestamp": "2025-06-24T17:01:41",
    "type": "monitor_initialized"
}

{
    "call_type": "",
    "caller_id_name": "261-SUP8",
    "caller_id_num": "261",
    "channel": "SIP/261-00000972",
    "connected_line_name": "<unknown>",
    "connected_line_num": "<unknown>",
    "direction": "",
    "end_time": "",
    "extension_number": "261",
    "has_ringing": false,
    "linkedid": "1750829392.36397",
    "other_extension_number": "",
    "start_time": "2025-06-25T08:58:58",
    "status": "initiated",
    "timestamp": "2025-06-25T08:58:58",
    "type": "call_started",
    "uniqueid": "1750829392.36397"
}

{
    "channel": "SIP/261-00000972",
    "privilege": "call,all",
    "timestamp": "2025-06-25T08:59:19",
    "type": "call_answered",
    "uniqueid": "1750829392.36397"
}

{
    "call_type": "internal",
    "caller_id_name": "261-SUP8",
    "caller_id_num": "261",
    "cause": "0",
    "cause_description": "",
    "cause_txt": "",
    "channel": "SIP/261-00000972",
    "connected_line_name": "<unknown>",
    "connected_line_num": "<unknown>",
    "direction": "out",
    "end_time": "2025-06-25T08:59:23",
    "extension_number": "261",
    "has_ringing": false,
    "linkedid": "1750829392.36397",
    "other_extension_number": "323",
    "raw_event": {
        "AccountCode": "",
        "CallerIDName": "261-SUP8",
        "CallerIDNum": "261",
        "Cause": "0",
        "Cause-txt": "Unknown",
        "Channel": "SIP/261-00000972",
        "ChannelState": "6",
        "ChannelStateDesc": "Up",
        "ConnectedLineName": "323-WHS3",
        "ConnectedLineNum": "323",
        "Context": "app-announcement-4",
        "Event": "Hangup",
        "Exten": "s",
        "Language": "pr2",
        "Linkedid": "1750829392.36397",
        "Priority": "5",
        "Privilege": "call,all",
        "Uniqueid": "1750829392.36397"
    },
    "start_time": "2025-06-25T08:59:19",
    "status": "answered",
    "timestamp": "2025-06-25T08:59:23",
    "type": "call_ended",
    "uniqueid": "1750829392.36397"
}

{
    "call_duration": 4,
    "call_type": "internal",
    "caller_id_name": "261-SUP8",
    "caller_id_num": "261",
    "cause": "0",
    "cause_description": "",
    "cause_txt": "",
    "channel": "SIP/261-00000972",
    "connected_line_name": "<unknown>",
    "connected_line_num": "<unknown>",
    "direction": "out",
    "end_time": "2025-06-25T08:59:23",
    "extension_number": "261",
    "has_ringing": false,
    "linkedid": "1750829392.36397",
    "other_extension_number": "323",
    "raw_event": {
        "AccountCode": "",
        "CallerIDName": "261-SUP8",
        "CallerIDNum": "261",
        "Cause": "0",
        "Cause-txt": "Unknown",
        "Channel": "SIP/261-00000972",
        "ChannelState": "6",
        "ChannelStateDesc": "Up",
        "ConnectedLineName": "323-WHS3",
        "ConnectedLineNum": "323",
        "Context": "app-announcement-4",
        "Event": "Hangup",
        "Exten": "s",
        "Language": "pr2",
        "Linkedid": "1750829392.36397",
        "Priority": "5",
        "Privilege": "call,all",
        "Uniqueid": "1750829392.36397"
    },
    "start_time": "2025-06-25T08:59:19",
    "status": "answered",
    "timestamp": "2025-06-25T08:59:23",
    "type": "call_summary",
    "uniqueid": "1750829392.36397"
}

{
    "call_type": "",
    "caller_id_name": "261-SUP8",
    "caller_id_num": "261",
    "channel": "SIP/261-000009f3",
    "connected_line_name": "<unknown>",
    "connected_line_num": "<unknown>",
    "direction": "",
    "end_time": "",
    "extension_number": "261",
    "has_ringing": false,
    "linkedid": "1750830483.37908",
    "other_extension_number": "",
    "start_time": "2025-06-25T09:17:09",
    "status": "initiated",
    "timestamp": "2025-06-25T09:17:09",
    "type": "call_started",
    "uniqueid": "1750830483.37908"
}

{
    "call_type": "external",
    "caller_id_name": "261-SUP8",
    "caller_id_num": "261",
    "cause": "16",
    "cause_description": "",
    "cause_txt": "",
    "channel": "SIP/261-000009f3",
    "connected_line_name": "<unknown>",
    "connected_line_num": "<unknown>",
    "direction": "out",
    "end_time": "2025-06-25T09:17:42",
    "extension_number": "261",
    "has_ringing": false,
    "linkedid": "1750830483.37908",
    "other_extension_number": "09166166071",
    "raw_event": {
        "AccountCode": "",
        "CallerIDName": "<unknown>",
        "CallerIDNum": "36944000",
        "Cause": "16",
        "Cause-txt": "Normal Clearing",
        "Channel": "SIP/261-000009f3",
        "ChannelState": "4",
        "ChannelStateDesc": "Ring",
        "ConnectedLineName": "CID:36944000",
        "ConnectedLineNum": "09166166071",
        "Context": "from-internal",
        "Event": "Hangup",
        "Exten": "h",
        "Language": "pr2",
        "Linkedid": "1750830483.37908",
        "Priority": "1",
        "Privilege": "call,all",
        "Uniqueid": "1750830483.37908"
    },
    "start_time": "2025-06-25T09:17:09",
    "status": "initiated",
    "timestamp": "2025-06-25T09:17:42",
    "type": "call_ended",
    "uniqueid": "1750830483.37908"
}

{
    "call_duration": 33,
    "call_type": "external",
    "caller_id_name": "261-SUP8",
    "caller_id_num": "261",
    "cause": "16",
    "cause_description": "",
    "cause_txt": "",
    "channel": "SIP/261-000009f3",
    "connected_line_name": "<unknown>",
    "connected_line_num": "<unknown>",
    "direction": "out",
    "end_time": "2025-06-25T09:17:42",
    "extension_number": "261",
    "has_ringing": false,
    "linkedid": "1750830483.37908",
    "other_extension_number": "09166166071",
    "raw_event": {
        "AccountCode": "",
        "CallerIDName": "<unknown>",
        "CallerIDNum": "36944000",
        "Cause": "16",
        "Cause-txt": "Normal Clearing",
        "Channel": "SIP/261-000009f3",
        "ChannelState": "4",
        "ChannelStateDesc": "Ring",
        "ConnectedLineName": "CID:36944000",
        "ConnectedLineNum": "09166166071",
        "Context": "from-internal",
        "Event": "Hangup",
        "Exten": "h",
        "Language": "pr2",
        "Linkedid": "1750830483.37908",
        "Priority": "1",
        "Privilege": "call,all",
        "Uniqueid": "1750830483.37908"
    },
    "start_time": "2025-06-25T09:17:09",
    "status": "initiated",
    "timestamp": "2025-06-25T09:17:42",
    "type": "call_summary",
    "uniqueid": "1750830483.37908"
}

{
    "call_type": "",
    "caller_id_name": "261-SUP8",
    "caller_id_num": "261",
    "channel": "SIP/261-000009fb",
    "connected_line_name": "<unknown>",
    "connected_line_num": "<unknown>",
    "direction": "",
    "end_time": "",
    "extension_number": "261",
    "has_ringing": false,
    "linkedid": "1750830519.37964",
    "other_extension_number": "",
    "start_time": "2025-06-25T09:17:46",
    "status": "initiated",
    "timestamp": "2025-06-25T09:17:46",
    "type": "call_started",
    "uniqueid": "1750830519.37964"
}

{
    "channel": "SIP/261-000009fb",
    "privilege": "call,all",
    "timestamp": "2025-06-25T09:18:09",
    "type": "call_answered",
    "uniqueid": "1750830519.37964"
}

{
    "call_type": "external",
    "caller_id_name": "261-SUP8",
    "caller_id_num": "261",
    "cause": "16",
    "cause_description": "",
    "cause_txt": "",
    "channel": "SIP/261-000009fb",
    "connected_line_name": "<unknown>",
    "connected_line_num": "<unknown>",
    "direction": "out",
    "end_time": "2025-06-25T09:18:12",
    "extension_number": "261",
    "has_ringing": false,
    "linkedid": "1750830519.37964",
    "other_extension_number": "09153404749",
    "raw_event": {
        "AccountCode": "",
        "CallerIDName": "<unknown>",
        "CallerIDNum": "36944000",
        "Cause": "16",
        "Cause-txt": "Normal Clearing",
        "Channel": "SIP/261-000009fb",
        "ChannelState": "6",
        "ChannelStateDesc": "Up",
        "ConnectedLineName": "CID:36944000",
        "ConnectedLineNum": "09153404749",
        "Context": "from-internal",
        "Event": "Hangup",
        "Exten": "h",
        "Language": "pr2",
        "Linkedid": "1750830519.37964",
        "Priority": "1",
        "Privilege": "call,all",
        "Uniqueid": "1750830519.37964"
    },
    "start_time": "2025-06-25T09:18:09",
    "status": "answered",
    "timestamp": "2025-06-25T09:18:12",
    "type": "call_ended",
    "uniqueid": "1750830519.37964"
}

{
    "call_duration": 3,
    "call_type": "external",
    "caller_id_name": "261-SUP8",
    "caller_id_num": "261",
    "cause": "16",
    "cause_description": "",
    "cause_txt": "",
    "channel": "SIP/261-000009fb",
    "connected_line_name": "<unknown>",
    "connected_line_num": "<unknown>",
    "direction": "out",
    "end_time": "2025-06-25T09:18:12",
    "extension_number": "261",
    "has_ringing": false,
    "linkedid": "1750830519.37964",
    "other_extension_number": "09153404749",
    "raw_event": {
        "AccountCode": "",
        "CallerIDName": "<unknown>",
        "CallerIDNum": "36944000",
        "Cause": "16",
        "Cause-txt": "Normal Clearing",
        "Channel": "SIP/261-000009fb",
        "ChannelState": "6",
        "ChannelStateDesc": "Up",
        "ConnectedLineName": "CID:36944000",
        "ConnectedLineNum": "09153404749",
        "Context": "from-internal",
        "Event": "Hangup",
        "Exten": "h",
        "Language": "pr2",
        "Linkedid": "1750830519.37964",
        "Priority": "1",
        "Privilege": "call,all",
        "Uniqueid": "1750830519.37964"
    },
    "start_time": "2025-06-25T09:18:09",
    "status": "answered",
    "timestamp": "2025-06-25T09:18:12",
    "type": "call_summary",
    "uniqueid": "1750830519.37964"
}

{
    "call_type": "",
    "caller_id_name": "261-SUP8",
    "caller_id_num": "261",
    "channel": "SIP/261-000009ff",
    "connected_line_name": "<unknown>",
    "connected_line_num": "<unknown>",
    "direction": "",
    "end_time": "",
    "extension_number": "261",
    "has_ringing": false,
    "linkedid": "1750830553.38013",
    "other_extension_number": "",
    "start_time": "2025-06-25T09:18:19",
    "status": "initiated",
    "timestamp": "2025-06-25T09:18:19",
    "type": "call_started",
    "uniqueid": "1750830553.38013"
}

{
    "channel": "SIP/261-000009ff",
    "privilege": "call,all",
    "timestamp": "2025-06-25T09:18:35",
    "type": "call_answered",
    "uniqueid": "1750830553.38013"
}

{
    "call_type": "external",
    "caller_id_name": "261-SUP8",
    "caller_id_num": "261",
    "cause": "16",
    "cause_description": "",
    "cause_txt": "",
    "channel": "SIP/261-000009ff",
    "connected_line_name": "<unknown>",
    "connected_line_num": "<unknown>",
    "direction": "out",
    "end_time": "2025-06-25T09:20:48",
    "extension_number": "261",
    "has_ringing": false,
    "linkedid": "1750830553.38013",
    "other_extension_number": "09335442768",
    "raw_event": {
        "AccountCode": "",
        "CallerIDName": "<unknown>",
        "CallerIDNum": "36944000",
        "Cause": "16",
        "Cause-txt": "Normal Clearing",
        "Channel": "SIP/261-000009ff",
        "ChannelState": "6",
        "ChannelStateDesc": "Up",
        "ConnectedLineName": "CID:36944000",
        "ConnectedLineNum": "09335442768",
        "Context": "from-internal",
        "Event": "Hangup",
        "Exten": "h",
        "Language": "pr2",
        "Linkedid": "1750830553.38013",
        "Priority": "1",
        "Privilege": "call,all",
        "Uniqueid": "1750830553.38013"
    },
    "start_time": "2025-06-25T09:18:35",
    "status": "answered",
    "timestamp": "2025-06-25T09:20:48",
    "type": "call_ended",
    "uniqueid": "1750830553.38013"
}

{
    "call_duration": 132,
    "call_type": "external",
    "caller_id_name": "261-SUP8",
    "caller_id_num": "261",
    "cause": "16",
    "cause_description": "",
    "cause_txt": "",
    "channel": "SIP/261-000009ff",
    "connected_line_name": "<unknown>",
    "connected_line_num": "<unknown>",
    "direction": "out",
    "end_time": "2025-06-25T09:20:48",
    "extension_number": "261",
    "has_ringing": false,
    "linkedid": "1750830553.38013",
    "other_extension_number": "09335442768",
    "raw_event": {
        "AccountCode": "",
        "CallerIDName": "<unknown>",
        "CallerIDNum": "36944000",
        "Cause": "16",
        "Cause-txt": "Normal Clearing",
        "Channel": "SIP/261-000009ff",
        "ChannelState": "6",
        "ChannelStateDesc": "Up",
        "ConnectedLineName": "CID:36944000",
        "ConnectedLineNum": "09335442768",
        "Context": "from-internal",
        "Event": "Hangup",
        "Exten": "h",
        "Language": "pr2",
        "Linkedid": "1750830553.38013",
        "Priority": "1",
        "Privilege": "call,all",
        "Uniqueid": "1750830553.38013"
    },
    "start_time": "2025-06-25T09:18:35",
    "status": "answered",
    "timestamp": "2025-06-25T09:20:48",
    "type": "call_summary",
    "uniqueid": "1750830553.38013"
}

{
    "call_type": "",
    "caller_id_name": "261-SUP8",
    "caller_id_num": "261",
    "channel": "SIP/261-00000a1d",
    "connected_line_name": "<unknown>",
    "connected_line_num": "<unknown>",
    "direction": "",
    "end_time": "",
    "extension_number": "261",
    "has_ringing": false,
    "linkedid": "1750830726.38293",
    "other_extension_number": "",
    "start_time": "2025-06-25T09:21:12",
    "status": "initiated",
    "timestamp": "2025-06-25T09:21:12",
    "type": "call_started",
    "uniqueid": "1750830726.38293"
}

{
    "call_type": "external",
    "caller_id_name": "261-SUP8",
    "caller_id_num": "261",
    "cause": "16",
    "cause_description": "",
    "cause_txt": "",
    "channel": "SIP/261-00000a1d",
    "connected_line_name": "<unknown>",
    "connected_line_num": "<unknown>",
    "direction": "out",
    "end_time": "2025-06-25T09:21:56",
    "extension_number": "261",
    "has_ringing": false,
    "linkedid": "1750830726.38293",
    "other_extension_number": "09034914585",
    "raw_event": {
        "AccountCode": "",
        "CallerIDName": "<unknown>",
        "CallerIDNum": "36944000",
        "Cause": "16",
        "Cause-txt": "Normal Clearing",
        "Channel": "SIP/261-00000a1d",
        "ChannelState": "4",
        "ChannelStateDesc": "Ring",
        "ConnectedLineName": "CID:36944000",
        "ConnectedLineNum": "09034914585",
        "Context": "from-internal",
        "Event": "Hangup",
        "Exten": "h",
        "Language": "pr2",
        "Linkedid": "1750830726.38293",
        "Priority": "1",
        "Privilege": "call,all",
        "Uniqueid": "1750830726.38293"
    },
    "start_time": "2025-06-25T09:21:12",
    "status": "initiated",
    "timestamp": "2025-06-25T09:21:56",
    "type": "call_ended",
    "uniqueid": "1750830726.38293"
}

{
    "call_duration": 43,
    "call_type": "external",
    "caller_id_name": "261-SUP8",
    "caller_id_num": "261",
    "cause": "16",
    "cause_description": "",
    "cause_txt": "",
    "channel": "SIP/261-00000a1d",
    "connected_line_name": "<unknown>",
    "connected_line_num": "<unknown>",
    "direction": "out",
    "end_time": "2025-06-25T09:21:56",
    "extension_number": "261",
    "has_ringing": false,
    "linkedid": "1750830726.38293",
    "other_extension_number": "09034914585",
    "raw_event": {
        "AccountCode": "",
        "CallerIDName": "<unknown>",
        "CallerIDNum": "36944000",
        "Cause": "16",
        "Cause-txt": "Normal Clearing",
        "Channel": "SIP/261-00000a1d",
        "ChannelState": "4",
        "ChannelStateDesc": "Ring",
        "ConnectedLineName": "CID:36944000",
        "ConnectedLineNum": "09034914585",
        "Context": "from-internal",
        "Event": "Hangup",
        "Exten": "h",
        "Language": "pr2",
        "Linkedid": "1750830726.38293",
        "Priority": "1",
        "Privilege": "call,all",
        "Uniqueid": "1750830726.38293"
    },
    "start_time": "2025-06-25T09:21:12",
    "status": "initiated",
    "timestamp": "2025-06-25T09:21:56",
    "type": "call_summary",
    "uniqueid": "1750830726.38293"
}

{
    "call_type": "",
    "caller_id_name": "261-SUP8",
    "caller_id_num": "261",
    "channel": "SIP/261-00000a27",
    "connected_line_name": "<unknown>",
    "connected_line_num": "<unknown>",
    "direction": "",
    "end_time": "",
    "extension_number": "261",
    "has_ringing": false,
    "linkedid": "1750830775.38428",
    "other_extension_number": "",
    "start_time": "2025-06-25T09:22:01",
    "status": "initiated",
    "timestamp": "2025-06-25T09:22:01",
    "type": "call_started",
    "uniqueid": "1750830775.38428"
}

{
    "call_type": "external",
    "caller_id_name": "261-SUP8",
    "caller_id_num": "261",
    "cause": "17",
    "cause_description": "",
    "cause_txt": "",
    "channel": "SIP/261-00000a27",
    "connected_line_name": "<unknown>",
    "connected_line_num": "<unknown>",
    "direction": "out",
    "end_time": "2025-06-25T09:22:18",
    "extension_number": "261",
    "has_ringing": false,
    "linkedid": "1750830775.38428",
    "other_extension_number": "09163976878",
    "raw_event": {
        "AccountCode": "",
        "CallerIDName": "<unknown>",
        "CallerIDNum": "36944000",
        "Cause": "17",
        "Cause-txt": "User busy",
        "Channel": "SIP/261-00000a27",
        "ChannelState": "7",
        "ChannelStateDesc": "Busy",
        "ConnectedLineName": "CID:36944000",
        "ConnectedLineNum": "09163976878",
        "Context": "from-internal",
        "Event": "Hangup",
        "Exten": "h",
        "Language": "pr2",
        "Linkedid": "1750830775.38428",
        "Priority": "1",
        "Privilege": "call,all",
        "Uniqueid": "1750830775.38428"
    },
    "start_time": "2025-06-25T09:22:01",
    "status": "initiated",
    "timestamp": "2025-06-25T09:22:18",
    "type": "call_ended",
    "uniqueid": "1750830775.38428"
}

{
    "call_duration": 16,
    "call_type": "external",
    "caller_id_name": "261-SUP8",
    "caller_id_num": "261",
    "cause": "17",
    "cause_description": "",
    "cause_txt": "",
    "channel": "SIP/261-00000a27",
    "connected_line_name": "<unknown>",
    "connected_line_num": "<unknown>",
    "direction": "out",
    "end_time": "2025-06-25T09:22:18",
    "extension_number": "261",
    "has_ringing": false,
    "linkedid": "1750830775.38428",
    "other_extension_number": "09163976878",
    "raw_event": {
        "AccountCode": "",
        "CallerIDName": "<unknown>",
        "CallerIDNum": "36944000",
        "Cause": "17",
        "Cause-txt": "User busy",
        "Channel": "SIP/261-00000a27",
        "ChannelState": "7",
        "ChannelStateDesc": "Busy",
        "ConnectedLineName": "CID:36944000",
        "ConnectedLineNum": "09163976878",
        "Context": "from-internal",
        "Event": "Hangup",
        "Exten": "h",
        "Language": "pr2",
        "Linkedid": "1750830775.38428",
        "Priority": "1",
        "Privilege": "call,all",
        "Uniqueid": "1750830775.38428"
    },
    "start_time": "2025-06-25T09:22:01",
    "status": "initiated",
    "timestamp": "2025-06-25T09:22:18",
    "type": "call_summary",
    "uniqueid": "1750830775.38428"
}

{
    "call_type": "",
    "caller_id_name": "261-SUP8",
    "caller_id_num": "261",
    "channel": "SIP/261-00000a2e",
    "connected_line_name": "<unknown>",
    "connected_line_num": "<unknown>",
    "direction": "",
    "end_time": "",
    "extension_number": "261",
    "has_ringing": false,
    "linkedid": "1750830814.38505",
    "other_extension_number": "",
    "start_time": "2025-06-25T09:22:40",
    "status": "initiated",
    "timestamp": "2025-06-25T09:22:40",
    "type": "call_started",
    "uniqueid": "1750830814.38505"
}

{
    "channel": "SIP/261-00000a2e",
    "privilege": "call,all",
    "timestamp": "2025-06-25T09:22:54",
    "type": "call_answered",
    "uniqueid": "1750830814.38505"
}

{
    "call_type": "external",
    "caller_id_name": "261-SUP8",
    "caller_id_num": "261",
    "cause": "16",
    "cause_description": "",
    "cause_txt": "",
    "channel": "SIP/261-00000a2e",
    "connected_line_name": "<unknown>",
    "connected_line_num": "<unknown>",
    "direction": "out",
    "end_time": "2025-06-25T09:26:33",
    "extension_number": "261",
    "has_ringing": false,
    "linkedid": "1750830814.38505",
    "other_extension_number": "09169846743",
    "raw_event": {
        "AccountCode": "",
        "CallerIDName": "<unknown>",
        "CallerIDNum": "36944000",
        "Cause": "16",
        "Cause-txt": "Normal Clearing",
        "Channel": "SIP/261-00000a2e",
        "ChannelState": "6",
        "ChannelStateDesc": "Up",
        "ConnectedLineName": "CID:36944000",
        "ConnectedLineNum": "09169846743",
        "Context": "from-internal",
        "Event": "Hangup",
        "Exten": "h",
        "Language": "pr2",
        "Linkedid": "1750830814.38505",
        "Priority": "1",
        "Privilege": "call,all",
        "Uniqueid": "1750830814.38505"
    },
    "start_time": "2025-06-25T09:22:54",
    "status": "answered",
    "timestamp": "2025-06-25T09:26:33",
    "type": "call_ended",
    "uniqueid": "1750830814.38505"
}

{
    "call_duration": 219,
    "call_type": "external",
    "caller_id_name": "261-SUP8",
    "caller_id_num": "261",
    "cause": "16",
    "cause_description": "",
    "cause_txt": "",
    "channel": "SIP/261-00000a2e",
    "connected_line_name": "<unknown>",
    "connected_line_num": "<unknown>",
    "direction": "out",
    "end_time": "2025-06-25T09:26:33",
    "extension_number": "261",
    "has_ringing": false,
    "linkedid": "1750830814.38505",
    "other_extension_number": "09169846743",
    "raw_event": {
        "AccountCode": "",
        "CallerIDName": "<unknown>",
        "CallerIDNum": "36944000",
        "Cause": "16",
        "Cause-txt": "Normal Clearing",
        "Channel": "SIP/261-00000a2e",
        "ChannelState": "6",
        "ChannelStateDesc": "Up",
        "ConnectedLineName": "CID:36944000",
        "ConnectedLineNum": "09169846743",
        "Context": "from-internal",
        "Event": "Hangup",
        "Exten": "h",
        "Language": "pr2",
        "Linkedid": "1750830814.38505",
        "Priority": "1",
        "Privilege": "call,all",
        "Uniqueid": "1750830814.38505"
    },
    "start_time": "2025-06-25T09:22:54",
    "status": "answered",
    "timestamp": "2025-06-25T09:26:33",
    "type": "call_summary",
    "uniqueid": "1750830814.38505"
}

{
    "call_type": "",
    "caller_id_name": "261-SUP8",
    "caller_id_num": "261",
    "channel": "SIP/261-00000a50",
    "connected_line_name": "<unknown>",
    "connected_line_num": "<unknown>",
    "direction": "",
    "end_time": "",
    "extension_number": "261",
    "has_ringing": false,
    "linkedid": "1750831047.38809",
    "other_extension_number": "",
    "start_time": "2025-06-25T09:26:33",
    "status": "initiated",
    "timestamp": "2025-06-25T09:26:33",
    "type": "call_started",
    "uniqueid": "1750831047.38809"
}

{
    "call_type": "external",
    "caller_id_name": "261-SUP8",
    "caller_id_num": "261",
    "cause": "17",
    "cause_description": "",
    "cause_txt": "",
    "channel": "SIP/261-00000a50",
    "connected_line_name": "<unknown>",
    "connected_line_num": "<unknown>",
    "direction": "out",
    "end_time": "2025-06-25T09:26:34",
    "extension_number": "261",
    "has_ringing": false,
    "linkedid": "1750831047.38809",
    "other_extension_number": "09169846743",
    "raw_event": {
        "AccountCode": "",
        "CallerIDName": "<unknown>",
        "CallerIDNum": "36944000",
        "Cause": "17",
        "Cause-txt": "User busy",
        "Channel": "SIP/261-00000a50",
        "ChannelState": "7",
        "ChannelStateDesc": "Busy",
        "ConnectedLineName": "CID:36944000",
        "ConnectedLineNum": "09169846743",
        "Context": "from-internal",
        "Event": "Hangup",
        "Exten": "h",
        "Language": "pr2",
        "Linkedid": "1750831047.38809",
        "Priority": "1",
        "Privilege": "call,all",
        "Uniqueid": "1750831047.38809"
    },
    "start_time": "2025-06-25T09:26:33",
    "status": "initiated",
    "timestamp": "2025-06-25T09:26:34",
    "type": "call_ended",
    "uniqueid": "1750831047.38809"
}

{
    "call_duration": 0,
    "call_type": "external",
    "caller_id_name": "261-SUP8",
    "caller_id_num": "261",
    "cause": "17",
    "cause_description": "",
    "cause_txt": "",
    "channel": "SIP/261-00000a50",
    "connected_line_name": "<unknown>",
    "connected_line_num": "<unknown>",
    "direction": "out",
    "end_time": "2025-06-25T09:26:34",
    "extension_number": "261",
    "has_ringing": false,
    "linkedid": "1750831047.38809",
    "other_extension_number": "09169846743",
    "raw_event": {
        "AccountCode": "",
        "CallerIDName": "<unknown>",
        "CallerIDNum": "36944000",
        "Cause": "17",
        "Cause-txt": "User busy",
        "Channel": "SIP/261-00000a50",
        "ChannelState": "7",
        "ChannelStateDesc": "Busy",
        "ConnectedLineName": "CID:36944000",
        "ConnectedLineNum": "09169846743",
        "Context": "from-internal",
        "Event": "Hangup",
        "Exten": "h",
        "Language": "pr2",
        "Linkedid": "1750831047.38809",
        "Priority": "1",
        "Privilege": "call,all",
        "Uniqueid": "1750831047.38809"
    },
    "start_time": "2025-06-25T09:26:33",
    "status": "initiated",
    "timestamp": "2025-06-25T09:26:34",
    "type": "call_summary",
    "uniqueid": "1750831047.38809"
}

{
    "call_type": "",
    "caller_id_name": "261-SUP8",
    "caller_id_num": "261",
    "channel": "SIP/261-00000a53",
    "connected_line_name": "<unknown>",
    "connected_line_num": "<unknown>",
    "direction": "",
    "end_time": "",
    "extension_number": "261",
    "has_ringing": false,
    "linkedid": "1750831051.38827",
    "other_extension_number": "",
    "start_time": "2025-06-25T09:26:37",
    "status": "initiated",
    "timestamp": "2025-06-25T09:26:37",
    "type": "call_started",
    "uniqueid": "1750831051.38827"
}

{
    "channel": "SIP/261-00000a53",
    "privilege": "call,all",
    "timestamp": "2025-06-25T09:26:38",
    "type": "call_answered",
    "uniqueid": "1750831051.38827"
}

{
    "call_type": "external",
    "caller_id_name": "261-SUP8",
    "caller_id_num": "261",
    "cause": "1",
    "cause_description": "",
    "cause_txt": "",
    "channel": "SIP/261-00000a53",
    "connected_line_name": "<unknown>",
    "connected_line_num": "<unknown>",
    "direction": "out",
    "end_time": "2025-06-25T09:26:40",
    "extension_number": "261",
    "has_ringing": false,
    "linkedid": "1750831051.38827",
    "other_extension_number": "809169846743",
    "raw_event": {
        "AccountCode": "",
        "CallerIDName": "<unknown>",
        "CallerIDNum": "261",
        "Cause": "1",
        "Cause-txt": "Unallocated (unassigned) number",
        "Channel": "SIP/261-00000a53",
        "ChannelState": "6",
        "ChannelStateDesc": "Up",
        "ConnectedLineName": "CID:36944000",
        "ConnectedLineNum": "809169846743",
        "Context": "from-internal",
        "Event": "Hangup",
        "Exten": "h",
        "Language": "pr2",
        "Linkedid": "1750831051.38827",
        "Priority": "1",
        "Privilege": "call,all",
        "Uniqueid": "1750831051.38827"
    },
    "start_time": "2025-06-25T09:26:38",
    "status": "answered",
    "timestamp": "2025-06-25T09:26:40",
    "type": "call_ended",
    "uniqueid": "1750831051.38827"
}

{
    "call_duration": 2,
    "call_type": "external",
    "caller_id_name": "261-SUP8",
    "caller_id_num": "261",
    "cause": "1",
    "cause_description": "",
    "cause_txt": "",
    "channel": "SIP/261-00000a53",
    "connected_line_name": "<unknown>",
    "connected_line_num": "<unknown>",
    "direction": "out",
    "end_time": "2025-06-25T09:26:40",
    "extension_number": "261",
    "has_ringing": false,
    "linkedid": "1750831051.38827",
    "other_extension_number": "809169846743",
    "raw_event": {
        "AccountCode": "",
        "CallerIDName": "<unknown>",
        "CallerIDNum": "261",
        "Cause": "1",
        "Cause-txt": "Unallocated (unassigned) number",
        "Channel": "SIP/261-00000a53",
        "ChannelState": "6",
        "ChannelStateDesc": "Up",
        "ConnectedLineName": "CID:36944000",
        "ConnectedLineNum": "809169846743",
        "Context": "from-internal",
        "Event": "Hangup",
        "Exten": "h",
        "Language": "pr2",
        "Linkedid": "1750831051.38827",
        "Priority": "1",
        "Privilege": "call,all",
        "Uniqueid": "1750831051.38827"
    },
    "start_time": "2025-06-25T09:26:38",
    "status": "answered",
    "timestamp": "2025-06-25T09:26:40",
    "type": "call_summary",
    "uniqueid": "1750831051.38827"
}

{
    "call_type": "",
    "caller_id_name": "261-SUP8",
    "caller_id_num": "261",
    "channel": "SIP/261-00000a55",
    "connected_line_name": "<unknown>",
    "connected_line_num": "<unknown>",
    "direction": "",
    "end_time": "",
    "extension_number": "261",
    "has_ringing": false,
    "linkedid": "1750831055.38852",
    "other_extension_number": "",
    "start_time": "2025-06-25T09:26:41",
    "status": "initiated",
    "timestamp": "2025-06-25T09:26:41",
    "type": "call_started",
    "uniqueid": "1750831055.38852"
}

{
    "call_type": "external",
    "caller_id_name": "261-SUP8",
    "caller_id_num": "261",
    "cause": "16",
    "cause_description": "",
    "cause_txt": "",
    "channel": "SIP/261-00000a55",
    "connected_line_name": "<unknown>",
    "connected_line_num": "<unknown>",
    "direction": "out",
    "end_time": "2025-06-25T09:26:56",
    "extension_number": "261",
    "has_ringing": false,
    "linkedid": "1750831055.38852",
    "other_extension_number": "09169846743",
    "raw_event": {
        "AccountCode": "",
        "CallerIDName": "<unknown>",
        "CallerIDNum": "3195015571",
        "Cause": "16",
        "Cause-txt": "Normal Clearing",
        "Channel": "SIP/261-00000a55",
        "ChannelState": "4",
        "ChannelStateDesc": "Ring",
        "ConnectedLineName": "CID:3195015571",
        "ConnectedLineNum": "09169846743",
        "Context": "from-internal",
        "Event": "Hangup",
        "Exten": "h",
        "Language": "pr2",
        "Linkedid": "1750831055.38852",
        "Priority": "1",
        "Privilege": "call,all",
        "Uniqueid": "1750831055.38852"
    },
    "start_time": "2025-06-25T09:26:41",
    "status": "initiated",
    "timestamp": "2025-06-25T09:26:56",
    "type": "call_ended",
    "uniqueid": "1750831055.38852"
}

{
    "call_duration": 15,
    "call_type": "external",
    "caller_id_name": "261-SUP8",
    "caller_id_num": "261",
    "cause": "16",
    "cause_description": "",
    "cause_txt": "",
    "channel": "SIP/261-00000a55",
    "connected_line_name": "<unknown>",
    "connected_line_num": "<unknown>",
    "direction": "out",
    "end_time": "2025-06-25T09:26:56",
    "extension_number": "261",
    "has_ringing": false,
    "linkedid": "1750831055.38852",
    "other_extension_number": "09169846743",
    "raw_event": {
        "AccountCode": "",
        "CallerIDName": "<unknown>",
        "CallerIDNum": "3195015571",
        "Cause": "16",
        "Cause-txt": "Normal Clearing",
        "Channel": "SIP/261-00000a55",
        "ChannelState": "4",
        "ChannelStateDesc": "Ring",
        "ConnectedLineName": "CID:3195015571",
        "ConnectedLineNum": "09169846743",
        "Context": "from-internal",
        "Event": "Hangup",
        "Exten": "h",
        "Language": "pr2",
        "Linkedid": "1750831055.38852",
        "Priority": "1",
        "Privilege": "call,all",
        "Uniqueid": "1750831055.38852"
    },
    "start_time": "2025-06-25T09:26:41",
    "status": "initiated",
    "timestamp": "2025-06-25T09:26:56",
    "type": "call_summary",
    "uniqueid": "1750831055.38852"
}

{
    "call_type": "",
    "caller_id_name": "261-SUP8",
    "caller_id_num": "261",
    "channel": "SIP/261-00000a5b",
    "connected_line_name": "<unknown>",
    "connected_line_num": "<unknown>",
    "direction": "",
    "end_time": "",
    "extension_number": "261",
    "has_ringing": false,
    "linkedid": "1750831071.38887",
    "other_extension_number": "",
    "start_time": "2025-06-25T09:26:57",
    "status": "initiated",
    "timestamp": "2025-06-25T09:26:57",
    "type": "call_started",
    "uniqueid": "1750831071.38887"
}

{
    "call_type": "external",
    "caller_id_name": "261-SUP8",
    "caller_id_num": "261",
    "cause": "17",
    "cause_description": "",
    "cause_txt": "",
    "channel": "SIP/261-00000a5b",
    "connected_line_name": "<unknown>",
    "connected_line_num": "<unknown>",
    "direction": "out",
    "end_time": "2025-06-25T09:27:07",
    "extension_number": "261",
    "has_ringing": false,
    "linkedid": "1750831071.38887",
    "other_extension_number": "09169846743",
    "raw_event": {
        "AccountCode": "",
        "CallerIDName": "<unknown>",
        "CallerIDNum": "36944000",
        "Cause": "17",
        "Cause-txt": "User busy",
        "Channel": "SIP/261-00000a5b",
        "ChannelState": "7",
        "ChannelStateDesc": "Busy",
        "ConnectedLineName": "CID:36944000",
        "ConnectedLineNum": "09169846743",
        "Context": "from-internal",
        "Event": "Hangup",
        "Exten": "h",
        "Language": "pr2",
        "Linkedid": "1750831071.38887",
        "Priority": "1",
        "Privilege": "call,all",
        "Uniqueid": "1750831071.38887"
    },
    "start_time": "2025-06-25T09:26:57",
    "status": "initiated",
    "timestamp": "2025-06-25T09:27:07",
    "type": "call_ended",
    "uniqueid": "1750831071.38887"
}

{
    "call_duration": 9,
    "call_type": "external",
    "caller_id_name": "261-SUP8",
    "caller_id_num": "261",
    "cause": "17",
    "cause_description": "",
    "cause_txt": "",
    "channel": "SIP/261-00000a5b",
    "connected_line_name": "<unknown>",
    "connected_line_num": "<unknown>",
    "direction": "out",
    "end_time": "2025-06-25T09:27:07",
    "extension_number": "261",
    "has_ringing": false,
    "linkedid": "1750831071.38887",
    "other_extension_number": "09169846743",
    "raw_event": {
        "AccountCode": "",
        "CallerIDName": "<unknown>",
        "CallerIDNum": "36944000",
        "Cause": "17",
        "Cause-txt": "User busy",
        "Channel": "SIP/261-00000a5b",
        "ChannelState": "7",
        "ChannelStateDesc": "Busy",
        "ConnectedLineName": "CID:36944000",
        "ConnectedLineNum": "09169846743",
        "Context": "from-internal",
        "Event": "Hangup",
        "Exten": "h",
        "Language": "pr2",
        "Linkedid": "1750831071.38887",
        "Priority": "1",
        "Privilege": "call,all",
        "Uniqueid": "1750831071.38887"
    },
    "start_time": "2025-06-25T09:26:57",
    "status": "initiated",
    "timestamp": "2025-06-25T09:27:07",
    "type": "call_summary",
    "uniqueid": "1750831071.38887"
}

{
    "call_type": "",
    "caller_id_name": "261-SUP8",
    "caller_id_num": "261",
    "channel": "SIP/261-00000a62",
    "connected_line_name": "<unknown>",
    "connected_line_num": "<unknown>",
    "direction": "",
    "end_time": "",
    "extension_number": "261",
    "has_ringing": false,
    "linkedid": "1750831096.38970",
    "other_extension_number": "",
    "start_time": "2025-06-25T09:27:23",
    "status": "initiated",
    "timestamp": "2025-06-25T09:27:23",
    "type": "call_started",
    "uniqueid": "1750831096.38970"
}

{
    "call_type": "external",
    "caller_id_name": "261-SUP8",
    "caller_id_num": "261",
    "cause": "17",
    "cause_description": "",
    "cause_txt": "",
    "channel": "SIP/261-00000a62",
    "connected_line_name": "<unknown>",
    "connected_line_num": "<unknown>",
    "direction": "out",
    "end_time": "2025-06-25T09:27:42",
    "extension_number": "261",
    "has_ringing": false,
    "linkedid": "1750831096.38970",
    "other_extension_number": "09169846743",
    "raw_event": {
        "AccountCode": "",
        "CallerIDName": "<unknown>",
        "CallerIDNum": "36944000",
        "Cause": "17",
        "Cause-txt": "User busy",
        "Channel": "SIP/261-00000a62",
        "ChannelState": "7",
        "ChannelStateDesc": "Busy",
        "ConnectedLineName": "CID:36944000",
        "ConnectedLineNum": "09169846743",
        "Context": "from-internal",
        "Event": "Hangup",
        "Exten": "h",
        "Language": "pr2",
        "Linkedid": "1750831096.38970",
        "Priority": "1",
        "Privilege": "call,all",
        "Uniqueid": "1750831096.38970"
    },
    "start_time": "2025-06-25T09:27:23",
    "status": "initiated",
    "timestamp": "2025-06-25T09:27:42",
    "type": "call_ended",
    "uniqueid": "1750831096.38970"
}

{
    "call_duration": 18,
    "call_type": "external",
    "caller_id_name": "261-SUP8",
    "caller_id_num": "261",
    "cause": "17",
    "cause_description": "",
    "cause_txt": "",
    "channel": "SIP/261-00000a62",
    "connected_line_name": "<unknown>",
    "connected_line_num": "<unknown>",
    "direction": "out",
    "end_time": "2025-06-25T09:27:42",
    "extension_number": "261",
    "has_ringing": false,
    "linkedid": "1750831096.38970",
    "other_extension_number": "09169846743",
    "raw_event": {
        "AccountCode": "",
        "CallerIDName": "<unknown>",
        "CallerIDNum": "36944000",
        "Cause": "17",
        "Cause-txt": "User busy",
        "Channel": "SIP/261-00000a62",
        "ChannelState": "7",
        "ChannelStateDesc": "Busy",
        "ConnectedLineName": "CID:36944000",
        "ConnectedLineNum": "09169846743",
        "Context": "from-internal",
        "Event": "Hangup",
        "Exten": "h",
        "Language": "pr2",
        "Linkedid": "1750831096.38970",
        "Priority": "1",
        "Privilege": "call,all",
        "Uniqueid": "1750831096.38970"
    },
    "start_time": "2025-06-25T09:27:23",
    "status": "initiated",
    "timestamp": "2025-06-25T09:27:42",
    "type": "call_summary",
    "uniqueid": "1750831096.38970"
}

{
    "call_type": "",
    "caller_id_name": "261-SUP8",
    "caller_id_num": "261",
    "channel": "SIP/261-00000a6a",
    "connected_line_name": "<unknown>",
    "connected_line_num": "<unknown>",
    "direction": "",
    "end_time": "",
    "extension_number": "261",
    "has_ringing": false,
    "linkedid": "1750831132.39033",
    "other_extension_number": "",
    "start_time": "2025-06-25T09:27:59",
    "status": "initiated",
    "timestamp": "2025-06-25T09:27:59",
    "type": "call_started",
    "uniqueid": "1750831132.39033"
}

{
    "call_type": "external",
    "caller_id_name": "261-SUP8",
    "caller_id_num": "261",
    "cause": "16",
    "cause_description": "",
    "cause_txt": "",
    "channel": "SIP/261-00000a6a",
    "connected_line_name": "<unknown>",
    "connected_line_num": "<unknown>",
    "direction": "out",
    "end_time": "2025-06-25T09:28:01",
    "extension_number": "261",
    "has_ringing": false,
    "linkedid": "1750831132.39033",
    "other_extension_number": "9169846743",
    "raw_event": {
        "AccountCode": "",
        "CallerIDName": "<unknown>",
        "CallerIDNum": "3195015571",
        "Cause": "16",
        "Cause-txt": "Normal Clearing",
        "Channel": "SIP/261-00000a6a",
        "ChannelState": "4",
        "ChannelStateDesc": "Ring",
        "ConnectedLineName": "CID:3195015571",
        "ConnectedLineNum": "9169846743",
        "Context": "from-internal",
        "Event": "Hangup",
        "Exten": "h",
        "Language": "pr2",
        "Linkedid": "1750831132.39033",
        "Priority": "1",
        "Privilege": "call,all",
        "Uniqueid": "1750831132.39033"
    },
    "start_time": "2025-06-25T09:27:59",
    "status": "initiated",
    "timestamp": "2025-06-25T09:28:01",
    "type": "call_ended",
    "uniqueid": "1750831132.39033"
}

{
    "call_duration": 1,
    "call_type": "external",
    "caller_id_name": "261-SUP8",
    "caller_id_num": "261",
    "cause": "16",
    "cause_description": "",
    "cause_txt": "",
    "channel": "SIP/261-00000a6a",
    "connected_line_name": "<unknown>",
    "connected_line_num": "<unknown>",
    "direction": "out",
    "end_time": "2025-06-25T09:28:01",
    "extension_number": "261",
    "has_ringing": false,
    "linkedid": "1750831132.39033",
    "other_extension_number": "9169846743",
    "raw_event": {
        "AccountCode": "",
        "CallerIDName": "<unknown>",
        "CallerIDNum": "3195015571",
        "Cause": "16",
        "Cause-txt": "Normal Clearing",
        "Channel": "SIP/261-00000a6a",
        "ChannelState": "4",
        "ChannelStateDesc": "Ring",
        "ConnectedLineName": "CID:3195015571",
        "ConnectedLineNum": "9169846743",
        "Context": "from-internal",
        "Event": "Hangup",
        "Exten": "h",
        "Language": "pr2",
        "Linkedid": "1750831132.39033",
        "Priority": "1",
        "Privilege": "call,all",
        "Uniqueid": "1750831132.39033"
    },
    "start_time": "2025-06-25T09:27:59",
    "status": "initiated",
    "timestamp": "2025-06-25T09:28:01",
    "type": "call_summary",
    "uniqueid": "1750831132.39033"
}

{
    "call_type": "",
    "caller_id_name": "261-SUP8",
    "caller_id_num": "261",
    "channel": "SIP/261-00000a6c",
    "connected_line_name": "<unknown>",
    "connected_line_num": "<unknown>",
    "direction": "",
    "end_time": "",
    "extension_number": "261",
    "has_ringing": false,
    "linkedid": "1750831136.39046",
    "other_extension_number": "",
    "start_time": "2025-06-25T09:28:02",
    "status": "initiated",
    "timestamp": "2025-06-25T09:28:02",
    "type": "call_started",
    "uniqueid": "1750831136.39046"
}

{
    "call_type": "external",
    "caller_id_name": "261-SUP8",
    "caller_id_num": "261",
    "cause": "17",
    "cause_description": "",
    "cause_txt": "",
    "channel": "SIP/261-00000a6c",
    "connected_line_name": "<unknown>",
    "connected_line_num": "<unknown>",
    "direction": "out",
    "end_time": "2025-06-25T09:28:22",
    "extension_number": "261",
    "has_ringing": false,
    "linkedid": "1750831136.39046",
    "other_extension_number": "09169846743",
    "raw_event": {
        "AccountCode": "",
        "CallerIDName": "<unknown>",
        "CallerIDNum": "3195015572",
        "Cause": "17",
        "Cause-txt": "User busy",
        "Channel": "SIP/261-00000a6c",
        "ChannelState": "4",
        "ChannelStateDesc": "Ring",
        "ConnectedLineName": "CID:3195015572",
        "ConnectedLineNum": "09169846743",
        "Context": "from-internal",
        "Event": "Hangup",
        "Exten": "h",
        "Language": "pr2",
        "Linkedid": "1750831136.39046",
        "Priority": "1",
        "Privilege": "call,all",
        "Uniqueid": "1750831136.39046"
    },
    "start_time": "2025-06-25T09:28:02",
    "status": "initiated",
    "timestamp": "2025-06-25T09:28:22",
    "type": "call_ended",
    "uniqueid": "1750831136.39046"
}

{
    "call_duration": 19,
    "call_type": "external",
    "caller_id_name": "261-SUP8",
    "caller_id_num": "261",
    "cause": "17",
    "cause_description": "",
    "cause_txt": "",
    "channel": "SIP/261-00000a6c",
    "connected_line_name": "<unknown>",
    "connected_line_num": "<unknown>",
    "direction": "out",
    "end_time": "2025-06-25T09:28:22",
    "extension_number": "261",
    "has_ringing": false,
    "linkedid": "1750831136.39046",
    "other_extension_number": "09169846743",
    "raw_event": {
        "AccountCode": "",
        "CallerIDName": "<unknown>",
        "CallerIDNum": "3195015572",
        "Cause": "17",
        "Cause-txt": "User busy",
        "Channel": "SIP/261-00000a6c",
        "ChannelState": "4",
        "ChannelStateDesc": "Ring",
        "ConnectedLineName": "CID:3195015572",
        "ConnectedLineNum": "09169846743",
        "Context": "from-internal",
        "Event": "Hangup",
        "Exten": "h",
        "Language": "pr2",
        "Linkedid": "1750831136.39046",
        "Priority": "1",
        "Privilege": "call,all",
        "Uniqueid": "1750831136.39046"
    },
    "start_time": "2025-06-25T09:28:02",
    "status": "initiated",
    "timestamp": "2025-06-25T09:28:22",
    "type": "call_summary",
    "uniqueid": "1750831136.39046"
}

{
    "call_type": "",
    "caller_id_name": "261-SUP8",
    "caller_id_num": "261",
    "channel": "SIP/261-00000a6f",
    "connected_line_name": "<unknown>",
    "connected_line_num": "<unknown>",
    "direction": "",
    "end_time": "",
    "extension_number": "261",
    "has_ringing": false,
    "linkedid": "1750831162.39103",
    "other_extension_number": "",
    "start_time": "2025-06-25T09:28:28",
    "status": "initiated",
    "timestamp": "2025-06-25T09:28:28",
    "type": "call_started",
    "uniqueid": "1750831162.39103"
}

{
    "channel": "SIP/261-00000a6f",
    "privilege": "call,all",
    "timestamp": "2025-06-25T09:28:37",
    "type": "call_answered",
    "uniqueid": "1750831162.39103"
}

{
    "call_type": "external",
    "caller_id_name": "261-SUP8",
    "caller_id_num": "261",
    "cause": "16",
    "cause_description": "",
    "cause_txt": "",
    "channel": "SIP/261-00000a6f",
    "connected_line_name": "<unknown>",
    "connected_line_num": "<unknown>",
    "direction": "out",
    "end_time": "2025-06-25T09:41:08",
    "extension_number": "261",
    "has_ringing": false,
    "linkedid": "1750831162.39103",
    "other_extension_number": "09133656139",
    "raw_event": {
        "AccountCode": "",
        "CallerIDName": "<unknown>",
        "CallerIDNum": "36944000",
        "Cause": "16",
        "Cause-txt": "Normal Clearing",
        "Channel": "SIP/261-00000a6f",
        "ChannelState": "6",
        "ChannelStateDesc": "Up",
        "ConnectedLineName": "CID:36944000",
        "ConnectedLineNum": "09133656139",
        "Context": "from-internal",
        "Event": "Hangup",
        "Exten": "h",
        "Language": "pr2",
        "Linkedid": "1750831162.39103",
        "Priority": "1",
        "Privilege": "call,all",
        "Uniqueid": "1750831162.39103"
    },
    "start_time": "2025-06-25T09:28:37",
    "status": "answered",
    "timestamp": "2025-06-25T09:41:08",
    "type": "call_ended",
    "uniqueid": "1750831162.39103"
}

{
    "call_duration": 750,
    "call_type": "external",
    "caller_id_name": "261-SUP8",
    "caller_id_num": "261",
    "cause": "16",
    "cause_description": "",
    "cause_txt": "",
    "channel": "SIP/261-00000a6f",
    "connected_line_name": "<unknown>",
    "connected_line_num": "<unknown>",
    "direction": "out",
    "end_time": "2025-06-25T09:41:08",
    "extension_number": "261",
    "has_ringing": false,
    "linkedid": "1750831162.39103",
    "other_extension_number": "09133656139",
    "raw_event": {
        "AccountCode": "",
        "CallerIDName": "<unknown>",
        "CallerIDNum": "36944000",
        "Cause": "16",
        "Cause-txt": "Normal Clearing",
        "Channel": "SIP/261-00000a6f",
        "ChannelState": "6",
        "ChannelStateDesc": "Up",
        "ConnectedLineName": "CID:36944000",
        "ConnectedLineNum": "09133656139",
        "Context": "from-internal",
        "Event": "Hangup",
        "Exten": "h",
        "Language": "pr2",
        "Linkedid": "1750831162.39103",
        "Priority": "1",
        "Privilege": "call,all",
        "Uniqueid": "1750831162.39103"
    },
    "start_time": "2025-06-25T09:28:37",
    "status": "answered",
    "timestamp": "2025-06-25T09:41:08",
    "type": "call_summary",
    "uniqueid": "1750831162.39103"
}

{
    "call_type": "",
    "caller_id_name": "261-SUP8",
    "caller_id_num": "261",
    "channel": "SIP/261-00000bcc",
    "connected_line_name": "<unknown>",
    "connected_line_num": "<unknown>",
    "direction": "",
    "end_time": "",
    "extension_number": "261",
    "has_ringing": false,
    "linkedid": "1750834237.43048",
    "other_extension_number": "",
    "start_time": "2025-06-25T10:19:44",
    "status": "initiated",
    "timestamp": "2025-06-25T10:19:44",
    "type": "call_started",
    "uniqueid": "1750834237.43048"
}

{
    "channel": "SIP/261-00000bcc",
    "privilege": "call,all",
    "timestamp": "2025-06-25T10:19:59",
    "type": "call_answered",
    "uniqueid": "1750834237.43048"
}

{
    "call_type": "external",
    "caller_id_name": "261-SUP8",
    "caller_id_num": "261",
    "cause": "16",
    "cause_description": "",
    "cause_txt": "",
    "channel": "SIP/261-00000bcc",
    "connected_line_name": "<unknown>",
    "connected_line_num": "<unknown>",
    "direction": "out",
    "end_time": "2025-06-25T10:21:43",
    "extension_number": "261",
    "has_ringing": false,
    "linkedid": "1750834237.43048",
    "other_extension_number": "09136644330",
    "raw_event": {
        "AccountCode": "",
        "CallerIDName": "<unknown>",
        "CallerIDNum": "36944000",
        "Cause": "16",
        "Cause-txt": "Normal Clearing",
        "Channel": "SIP/261-00000bcc",
        "ChannelState": "6",
        "ChannelStateDesc": "Up",
        "ConnectedLineName": "CID:36944000",
        "ConnectedLineNum": "09136644330",
        "Context": "from-internal",
        "Event": "Hangup",
        "Exten": "h",
        "Language": "pr2",
        "Linkedid": "1750834237.43048",
        "Priority": "1",
        "Privilege": "call,all",
        "Uniqueid": "1750834237.43048"
    },
    "start_time": "2025-06-25T10:19:59",
    "status": "answered",
    "timestamp": "2025-06-25T10:21:43",
    "type": "call_ended",
    "uniqueid": "1750834237.43048"
}

{
    "call_duration": 104,
    "call_type": "external",
    "caller_id_name": "261-SUP8",
    "caller_id_num": "261",
    "cause": "16",
    "cause_description": "",
    "cause_txt": "",
    "channel": "SIP/261-00000bcc",
    "connected_line_name": "<unknown>",
    "connected_line_num": "<unknown>",
    "direction": "out",
    "end_time": "2025-06-25T10:21:43",
    "extension_number": "261",
    "has_ringing": false,
    "linkedid": "1750834237.43048",
    "other_extension_number": "09136644330",
    "raw_event": {
        "AccountCode": "",
        "CallerIDName": "<unknown>",
        "CallerIDNum": "36944000",
        "Cause": "16",
        "Cause-txt": "Normal Clearing",
        "Channel": "SIP/261-00000bcc",
        "ChannelState": "6",
        "ChannelStateDesc": "Up",
        "ConnectedLineName": "CID:36944000",
        "ConnectedLineNum": "09136644330",
        "Context": "from-internal",
        "Event": "Hangup",
        "Exten": "h",
        "Language": "pr2",
        "Linkedid": "1750834237.43048",
        "Priority": "1",
        "Privilege": "call,all",
        "Uniqueid": "1750834237.43048"
    },
    "start_time": "2025-06-25T10:19:59",
    "status": "answered",
    "timestamp": "2025-06-25T10:21:43",
    "type": "call_summary",
    "uniqueid": "1750834237.43048"
}

{
    "call_type": "",
    "caller_id_name": "261-SUP8",
    "caller_id_num": "261",
    "channel": "SIP/261-00000bdf",
    "connected_line_name": "<unknown>",
    "connected_line_num": "<unknown>",
    "direction": "",
    "end_time": "",
    "extension_number": "261",
    "has_ringing": false,
    "linkedid": "1750834369.43242",
    "other_extension_number": "",
    "start_time": "2025-06-25T10:21:56",
    "status": "initiated",
    "timestamp": "2025-06-25T10:21:56",
    "type": "call_started",
    "uniqueid": "1750834369.43242"
}

{
    "call_type": "external",
    "caller_id_name": "261-SUP8",
    "caller_id_num": "261",
    "cause": "17",
    "cause_description": "",
    "cause_txt": "",
    "channel": "SIP/261-00000bdf",
    "connected_line_name": "<unknown>",
    "connected_line_num": "<unknown>",
    "direction": "out",
    "end_time": "2025-06-25T10:22:45",
    "extension_number": "261",
    "has_ringing": false,
    "linkedid": "1750834369.43242",
    "other_extension_number": "09191878534",
    "raw_event": {
        "AccountCode": "",
        "CallerIDName": "<unknown>",
        "CallerIDNum": "36944000",
        "Cause": "17",
        "Cause-txt": "User busy",
        "Channel": "SIP/261-00000bdf",
        "ChannelState": "7",
        "ChannelStateDesc": "Busy",
        "ConnectedLineName": "CID:36944000",
        "ConnectedLineNum": "09191878534",
        "Context": "from-internal",
        "Event": "Hangup",
        "Exten": "h",
        "Language": "pr2",
        "Linkedid": "1750834369.43242",
        "Priority": "1",
        "Privilege": "call,all",
        "Uniqueid": "1750834369.43242"
    },
    "start_time": "2025-06-25T10:21:56",
    "status": "initiated",
    "timestamp": "2025-06-25T10:22:45",
    "type": "call_ended",
    "uniqueid": "1750834369.43242"
}

{
    "call_duration": 49,
    "call_type": "external",
    "caller_id_name": "261-SUP8",
    "caller_id_num": "261",
    "cause": "17",
    "cause_description": "",
    "cause_txt": "",
    "channel": "SIP/261-00000bdf",
    "connected_line_name": "<unknown>",
    "connected_line_num": "<unknown>",
    "direction": "out",
    "end_time": "2025-06-25T10:22:45",
    "extension_number": "261",
    "has_ringing": false,
    "linkedid": "1750834369.43242",
    "other_extension_number": "09191878534",
    "raw_event": {
        "AccountCode": "",
        "CallerIDName": "<unknown>",
        "CallerIDNum": "36944000",
        "Cause": "17",
        "Cause-txt": "User busy",
        "Channel": "SIP/261-00000bdf",
        "ChannelState": "7",
        "ChannelStateDesc": "Busy",
        "ConnectedLineName": "CID:36944000",
        "ConnectedLineNum": "09191878534",
        "Context": "from-internal",
        "Event": "Hangup",
        "Exten": "h",
        "Language": "pr2",
        "Linkedid": "1750834369.43242",
        "Priority": "1",
        "Privilege": "call,all",
        "Uniqueid": "1750834369.43242"
    },
    "start_time": "2025-06-25T10:21:56",
    "status": "initiated",
    "timestamp": "2025-06-25T10:22:45",
    "type": "call_summary",
    "uniqueid": "1750834369.43242"
}

{
    "call_type": "",
    "caller_id_name": "261-SUP8",
    "caller_id_num": "261",
    "channel": "SIP/261-00000be7",
    "connected_line_name": "<unknown>",
    "connected_line_num": "<unknown>",
    "direction": "",
    "end_time": "",
    "extension_number": "261",
    "has_ringing": false,
    "linkedid": "1750834424.43333",
    "other_extension_number": "",
    "start_time": "2025-06-25T10:22:51",
    "status": "initiated",
    "timestamp": "2025-06-25T10:22:51",
    "type": "call_started",
    "uniqueid": "1750834424.43333"
}

{
    "channel": "SIP/261-00000be7",
    "privilege": "call,all",
    "timestamp": "2025-06-25T10:23:32",
    "type": "call_answered",
    "uniqueid": "1750834424.43333"
}

{
    "call_type": "external",
    "caller_id_name": "261-SUP8",
    "caller_id_num": "261",
    "cause": "16",
    "cause_description": "",
    "cause_txt": "",
    "channel": "SIP/261-00000be7",
    "connected_line_name": "<unknown>",
    "connected_line_num": "<unknown>",
    "direction": "out",
    "end_time": "2025-06-25T10:24:40",
    "extension_number": "261",
    "has_ringing": false,
    "linkedid": "1750834424.43333",
    "other_extension_number": "09032926447",
    "raw_event": {
        "AccountCode": "",
        "CallerIDName": "<unknown>",
        "CallerIDNum": "36944000",
        "Cause": "16",
        "Cause-txt": "Normal Clearing",
        "Channel": "SIP/261-00000be7",
        "ChannelState": "6",
        "ChannelStateDesc": "Up",
        "ConnectedLineName": "CID:36944000",
        "ConnectedLineNum": "09032926447",
        "Context": "from-internal",
        "Event": "Hangup",
        "Exten": "h",
        "Language": "pr2",
        "Linkedid": "1750834424.43333",
        "Priority": "1",
        "Privilege": "call,all",
        "Uniqueid": "1750834424.43333"
    },
    "start_time": "2025-06-25T10:23:32",
    "status": "answered",
    "timestamp": "2025-06-25T10:24:40",
    "type": "call_ended",
    "uniqueid": "1750834424.43333"
}

{
    "call_duration": 67,
    "call_type": "external",
    "caller_id_name": "261-SUP8",
    "caller_id_num": "261",
    "cause": "16",
    "cause_description": "",
    "cause_txt": "",
    "channel": "SIP/261-00000be7",
    "connected_line_name": "<unknown>",
    "connected_line_num": "<unknown>",
    "direction": "out",
    "end_time": "2025-06-25T10:24:40",
    "extension_number": "261",
    "has_ringing": false,
    "linkedid": "1750834424.43333",
    "other_extension_number": "09032926447",
    "raw_event": {
        "AccountCode": "",
        "CallerIDName": "<unknown>",
        "CallerIDNum": "36944000",
        "Cause": "16",
        "Cause-txt": "Normal Clearing",
        "Channel": "SIP/261-00000be7",
        "ChannelState": "6",
        "ChannelStateDesc": "Up",
        "ConnectedLineName": "CID:36944000",
        "ConnectedLineNum": "09032926447",
        "Context": "from-internal",
        "Event": "Hangup",
        "Exten": "h",
        "Language": "pr2",
        "Linkedid": "1750834424.43333",
        "Priority": "1",
        "Privilege": "call,all",
        "Uniqueid": "1750834424.43333"
    },
    "start_time": "2025-06-25T10:23:32",
    "status": "answered",
    "timestamp": "2025-06-25T10:24:40",
    "type": "call_summary",
    "uniqueid": "1750834424.43333"
}

{
    "call_type": "",
    "caller_id_name": "261-SUP8",
    "caller_id_num": "261",
    "channel": "SIP/261-00000bfc",
    "connected_line_name": "<unknown>",
    "connected_line_num": "<unknown>",
    "direction": "",
    "end_time": "",
    "extension_number": "261",
    "has_ringing": false,
    "linkedid": "1750834537.43559",
    "other_extension_number": "",
    "start_time": "2025-06-25T10:24:44",
    "status": "initiated",
    "timestamp": "2025-06-25T10:24:44",
    "type": "call_started",
    "uniqueid": "1750834537.43559"
}

{
    "channel": "SIP/261-00000bfc",
    "privilege": "call,all",
    "timestamp": "2025-06-25T10:24:56",
    "type": "call_answered",
    "uniqueid": "1750834537.43559"
}

{
    "call_type": "external",
    "caller_id_name": "261-SUP8",
    "caller_id_num": "261",
    "cause": "16",
    "cause_description": "",
    "cause_txt": "",
    "channel": "SIP/261-00000bfc",
    "connected_line_name": "<unknown>",
    "connected_line_num": "<unknown>",
    "direction": "out",
    "end_time": "2025-06-25T10:26:14",
    "extension_number": "261",
    "has_ringing": false,
    "linkedid": "1750834537.43559",
    "other_extension_number": "09136862721",
    "raw_event": {
        "AccountCode": "",
        "CallerIDName": "<unknown>",
        "CallerIDNum": "36944000",
        "Cause": "16",
        "Cause-txt": "Normal Clearing",
        "Channel": "SIP/261-00000bfc",
        "ChannelState": "6",
        "ChannelStateDesc": "Up",
        "ConnectedLineName": "CID:36944000",
        "ConnectedLineNum": "09136862721",
        "Context": "from-internal",
        "Event": "Hangup",
        "Exten": "h",
        "Language": "pr2",
        "Linkedid": "1750834537.43559",
        "Priority": "1",
        "Privilege": "call,all",
        "Uniqueid": "1750834537.43559"
    },
    "start_time": "2025-06-25T10:24:56",
    "status": "answered",
    "timestamp": "2025-06-25T10:26:14",
    "type": "call_ended",
    "uniqueid": "1750834537.43559"
}

{
    "call_duration": 77,
    "call_type": "external",
    "caller_id_name": "261-SUP8",
    "caller_id_num": "261",
    "cause": "16",
    "cause_description": "",
    "cause_txt": "",
    "channel": "SIP/261-00000bfc",
    "connected_line_name": "<unknown>",
    "connected_line_num": "<unknown>",
    "direction": "out",
    "end_time": "2025-06-25T10:26:14",
    "extension_number": "261",
    "has_ringing": false,
    "linkedid": "1750834537.43559",
    "other_extension_number": "09136862721",
    "raw_event": {
        "AccountCode": "",
        "CallerIDName": "<unknown>",
        "CallerIDNum": "36944000",
        "Cause": "16",
        "Cause-txt": "Normal Clearing",
        "Channel": "SIP/261-00000bfc",
        "ChannelState": "6",
        "ChannelStateDesc": "Up",
        "ConnectedLineName": "CID:36944000",
        "ConnectedLineNum": "09136862721",
        "Context": "from-internal",
        "Event": "Hangup",
        "Exten": "h",
        "Language": "pr2",
        "Linkedid": "1750834537.43559",
        "Priority": "1",
        "Privilege": "call,all",
        "Uniqueid": "1750834537.43559"
    },
    "start_time": "2025-06-25T10:24:56",
    "status": "answered",
    "timestamp": "2025-06-25T10:26:14",
    "type": "call_summary",
    "uniqueid": "1750834537.43559"
}

{
    "call_type": "",
    "caller_id_name": "261-SUP8",
    "caller_id_num": "261",
    "channel": "SIP/261-00000c15",
    "connected_line_name": "<unknown>",
    "connected_line_num": "<unknown>",
    "direction": "",
    "end_time": "",
    "extension_number": "261",
    "has_ringing": false,
    "linkedid": "1750834632.44125",
    "other_extension_number": "",
    "start_time": "2025-06-25T10:26:19",
    "status": "initiated",
    "timestamp": "2025-06-25T10:26:19",
    "type": "call_started",
    "uniqueid": "1750834632.44125"
}

{
    "channel": "SIP/261-00000c15",
    "privilege": "call,all",
    "timestamp": "2025-06-25T10:26:36",
    "type": "call_answered",
    "uniqueid": "1750834632.44125"
}

{
    "call_type": "external",
    "caller_id_name": "261-SUP8",
    "caller_id_num": "261",
    "cause": "16",
    "cause_description": "",
    "cause_txt": "",
    "channel": "SIP/261-00000c15",
    "connected_line_name": "<unknown>",
    "connected_line_num": "<unknown>",
    "direction": "out",
    "end_time": "2025-06-25T10:26:38",
    "extension_number": "261",
    "has_ringing": false,
    "linkedid": "1750834632.44125",
    "other_extension_number": "09145999227",
    "raw_event": {
        "AccountCode": "",
        "CallerIDName": "<unknown>",
        "CallerIDNum": "36944000",
        "Cause": "16",
        "Cause-txt": "Normal Clearing",
        "Channel": "SIP/261-00000c15",
        "ChannelState": "6",
        "ChannelStateDesc": "Up",
        "ConnectedLineName": "CID:36944000",
        "ConnectedLineNum": "09145999227",
        "Context": "from-internal",
        "Event": "Hangup",
        "Exten": "h",
        "Language": "pr2",
        "Linkedid": "1750834632.44125",
        "Priority": "1",
        "Privilege": "call,all",
        "Uniqueid": "1750834632.44125"
    },
    "start_time": "2025-06-25T10:26:36",
    "status": "answered",
    "timestamp": "2025-06-25T10:26:38",
    "type": "call_ended",
    "uniqueid": "1750834632.44125"
}

{
    "call_duration": 2,
    "call_type": "external",
    "caller_id_name": "261-SUP8",
    "caller_id_num": "261",
    "cause": "16",
    "cause_description": "",
    "cause_txt": "",
    "channel": "SIP/261-00000c15",
    "connected_line_name": "<unknown>",
    "connected_line_num": "<unknown>",
    "direction": "out",
    "end_time": "2025-06-25T10:26:38",
    "extension_number": "261",
    "has_ringing": false,
    "linkedid": "1750834632.44125",
    "other_extension_number": "09145999227",
    "raw_event": {
        "AccountCode": "",
        "CallerIDName": "<unknown>",
        "CallerIDNum": "36944000",
        "Cause": "16",
        "Cause-txt": "Normal Clearing",
        "Channel": "SIP/261-00000c15",
        "ChannelState": "6",
        "ChannelStateDesc": "Up",
        "ConnectedLineName": "CID:36944000",
        "ConnectedLineNum": "09145999227",
        "Context": "from-internal",
        "Event": "Hangup",
        "Exten": "h",
        "Language": "pr2",
        "Linkedid": "1750834632.44125",
        "Priority": "1",
        "Privilege": "call,all",
        "Uniqueid": "1750834632.44125"
    },
    "start_time": "2025-06-25T10:26:36",
    "status": "answered",
    "timestamp": "2025-06-25T10:26:38",
    "type": "call_summary",
    "uniqueid": "1750834632.44125"
}

{
    "call_type": "",
    "caller_id_name": "261-SUP8",
    "caller_id_num": "261",
    "channel": "SIP/261-00000c20",
    "connected_line_name": "<unknown>",
    "connected_line_num": "<unknown>",
    "direction": "",
    "end_time": "",
    "extension_number": "261",
    "has_ringing": false,
    "linkedid": "1750834741.44954",
    "other_extension_number": "",
    "start_time": "2025-06-25T10:28:08",
    "status": "initiated",
    "timestamp": "2025-06-25T10:28:08",
    "type": "call_started",
    "uniqueid": "1750834741.44954"
}

{
    "channel": "SIP/261-00000c20",
    "privilege": "call,all",
    "timestamp": "2025-06-25T10:28:34",
    "type": "call_answered",
    "uniqueid": "1750834741.44954"
}

{
    "call_type": "external",
    "caller_id_name": "261-SUP8",
    "caller_id_num": "261",
    "cause": "16",
    "cause_description": "",
    "cause_txt": "",
    "channel": "SIP/261-00000c20",
    "connected_line_name": "<unknown>",
    "connected_line_num": "<unknown>",
    "direction": "out",
    "end_time": "2025-06-25T10:29:40",
    "extension_number": "261",
    "has_ringing": false,
    "linkedid": "1750834741.44954",
    "other_extension_number": "09132297492",
    "raw_event": {
        "AccountCode": "",
        "CallerIDName": "<unknown>",
        "CallerIDNum": "36944000",
        "Cause": "16",
        "Cause-txt": "Normal Clearing",
        "Channel": "SIP/261-00000c20",
        "ChannelState": "6",
        "ChannelStateDesc": "Up",
        "ConnectedLineName": "CID:36944000",
        "ConnectedLineNum": "09132297492",
        "Context": "from-internal",
        "Event": "Hangup",
        "Exten": "h",
        "Language": "pr2",
        "Linkedid": "1750834741.44954",
        "Priority": "1",
        "Privilege": "call,all",
        "Uniqueid": "1750834741.44954"
    },
    "start_time": "2025-06-25T10:28:34",
    "status": "answered",
    "timestamp": "2025-06-25T10:29:40",
    "type": "call_ended",
    "uniqueid": "1750834741.44954"
}

{
    "call_duration": 66,
    "call_type": "external",
    "caller_id_name": "261-SUP8",
    "caller_id_num": "261",
    "cause": "16",
    "cause_description": "",
    "cause_txt": "",
    "channel": "SIP/261-00000c20",
    "connected_line_name": "<unknown>",
    "connected_line_num": "<unknown>",
    "direction": "out",
    "end_time": "2025-06-25T10:29:40",
    "extension_number": "261",
    "has_ringing": false,
    "linkedid": "1750834741.44954",
    "other_extension_number": "09132297492",
    "raw_event": {
        "AccountCode": "",
        "CallerIDName": "<unknown>",
        "CallerIDNum": "36944000",
        "Cause": "16",
        "Cause-txt": "Normal Clearing",
        "Channel": "SIP/261-00000c20",
        "ChannelState": "6",
        "ChannelStateDesc": "Up",
        "ConnectedLineName": "CID:36944000",
        "ConnectedLineNum": "09132297492",
        "Context": "from-internal",
        "Event": "Hangup",
        "Exten": "h",
        "Language": "pr2",
        "Linkedid": "1750834741.44954",
        "Priority": "1",
        "Privilege": "call,all",
        "Uniqueid": "1750834741.44954"
    },
    "start_time": "2025-06-25T10:28:34",
    "status": "answered",
    "timestamp": "2025-06-25T10:29:40",
    "type": "call_summary",
    "uniqueid": "1750834741.44954"
}

{
    "call_type": "",
    "caller_id_name": "261-SUP8",
    "caller_id_num": "261",
    "channel": "SIP/261-00000c25",
    "connected_line_name": "<unknown>",
    "connected_line_num": "<unknown>",
    "direction": "",
    "end_time": "",
    "extension_number": "261",
    "has_ringing": false,
    "linkedid": "1750834834.45057",
    "other_extension_number": "",
    "start_time": "2025-06-25T10:29:41",
    "status": "initiated",
    "timestamp": "2025-06-25T10:29:41",
    "type": "call_started",
    "uniqueid": "1750834834.45057"
}

{
    "channel": "SIP/261-00000c25",
    "privilege": "call,all",
    "timestamp": "2025-06-25T10:30:07",
    "type": "call_answered",
    "uniqueid": "1750834834.45057"
}

{
    "call_type": "external",
    "caller_id_name": "261-SUP8",
    "caller_id_num": "261",
    "cause": "16",
    "cause_description": "",
    "cause_txt": "",
    "channel": "SIP/261-00000c25",
    "connected_line_name": "<unknown>",
    "connected_line_num": "<unknown>",
    "direction": "out",
    "end_time": "2025-06-25T10:35:27",
    "extension_number": "261",
    "has_ringing": false,
    "linkedid": "1750834834.45057",
    "other_extension_number": "09919284178",
    "raw_event": {
        "AccountCode": "",
        "CallerIDName": "<unknown>",
        "CallerIDNum": "36944000",
        "Cause": "16",
        "Cause-txt": "Normal Clearing",
        "Channel": "SIP/261-00000c25",
        "ChannelState": "6",
        "ChannelStateDesc": "Up",
        "ConnectedLineName": "CID:36944000",
        "ConnectedLineNum": "09919284178",
        "Context": "from-internal",
        "Event": "Hangup",
        "Exten": "h",
        "Language": "pr2",
        "Linkedid": "1750834834.45057",
        "Priority": "1",
        "Privilege": "call,all",
        "Uniqueid": "1750834834.45057"
    },
    "start_time": "2025-06-25T10:30:07",
    "status": "answered",
    "timestamp": "2025-06-25T10:35:27",
    "type": "call_ended",
    "uniqueid": "1750834834.45057"
}

{
    "call_duration": 320,
    "call_type": "external",
    "caller_id_name": "261-SUP8",
    "caller_id_num": "261",
    "cause": "16",
    "cause_description": "",
    "cause_txt": "",
    "channel": "SIP/261-00000c25",
    "connected_line_name": "<unknown>",
    "connected_line_num": "<unknown>",
    "direction": "out",
    "end_time": "2025-06-25T10:35:27",
    "extension_number": "261",
    "has_ringing": false,
    "linkedid": "1750834834.45057",
    "other_extension_number": "09919284178",
    "raw_event": {
        "AccountCode": "",
        "CallerIDName": "<unknown>",
        "CallerIDNum": "36944000",
        "Cause": "16",
        "Cause-txt": "Normal Clearing",
        "Channel": "SIP/261-00000c25",
        "ChannelState": "6",
        "ChannelStateDesc": "Up",
        "ConnectedLineName": "CID:36944000",
        "ConnectedLineNum": "09919284178",
        "Context": "from-internal",
        "Event": "Hangup",
        "Exten": "h",
        "Language": "pr2",
        "Linkedid": "1750834834.45057",
        "Priority": "1",
        "Privilege": "call,all",
        "Uniqueid": "1750834834.45057"
    },
    "start_time": "2025-06-25T10:30:07",
    "status": "answered",
    "timestamp": "2025-06-25T10:35:27",
    "type": "call_summary",
    "uniqueid": "1750834834.45057"
}

{
    "call_type": "",
    "caller_id_name": "261-SUP8",
    "caller_id_num": "261",
    "channel": "SIP/261-00000c69",
    "connected_line_name": "<unknown>",
    "connected_line_num": "<unknown>",
    "direction": "",
    "end_time": "",
    "extension_number": "261",
    "has_ringing": false,
    "linkedid": "1750835265.45734",
    "other_extension_number": "",
    "start_time": "2025-06-25T10:36:51",
    "status": "initiated",
    "timestamp": "2025-06-25T10:36:51",
    "type": "call_started",
    "uniqueid": "1750835265.45734"
}

{
    "channel": "SIP/261-00000c69",
    "privilege": "call,all",
    "timestamp": "2025-06-25T10:37:25",
    "type": "call_answered",
    "uniqueid": "1750835265.45734"
}

{
    "call_type": "external",
    "caller_id_name": "261-SUP8",
    "caller_id_num": "261",
    "cause": "16",
    "cause_description": "",
    "cause_txt": "",
    "channel": "SIP/261-00000c69",
    "connected_line_name": "<unknown>",
    "connected_line_num": "<unknown>",
    "direction": "out",
    "end_time": "2025-06-25T10:39:37",
    "extension_number": "261",
    "has_ringing": false,
    "linkedid": "1750835265.45734",
    "other_extension_number": "09141071779",
    "raw_event": {
        "AccountCode": "",
        "CallerIDName": "<unknown>",
        "CallerIDNum": "36944000",
        "Cause": "16",
        "Cause-txt": "Normal Clearing",
        "Channel": "SIP/261-00000c69",
        "ChannelState": "6",
        "ChannelStateDesc": "Up",
        "ConnectedLineName": "CID:36944000",
        "ConnectedLineNum": "09141071779",
        "Context": "from-internal",
        "Event": "Hangup",
        "Exten": "h",
        "Language": "pr2",
        "Linkedid": "1750835265.45734",
        "Priority": "1",
        "Privilege": "call,all",
        "Uniqueid": "1750835265.45734"
    },
    "start_time": "2025-06-25T10:37:25",
    "status": "answered",
    "timestamp": "2025-06-25T10:39:37",
    "type": "call_ended",
    "uniqueid": "1750835265.45734"
}

{
    "call_duration": 132,
    "call_type": "external",
    "caller_id_name": "261-SUP8",
    "caller_id_num": "261",
    "cause": "16",
    "cause_description": "",
    "cause_txt": "",
    "channel": "SIP/261-00000c69",
    "connected_line_name": "<unknown>",
    "connected_line_num": "<unknown>",
    "direction": "out",
    "end_time": "2025-06-25T10:39:37",
    "extension_number": "261",
    "has_ringing": false,
    "linkedid": "1750835265.45734",
    "other_extension_number": "09141071779",
    "raw_event": {
        "AccountCode": "",
        "CallerIDName": "<unknown>",
        "CallerIDNum": "36944000",
        "Cause": "16",
        "Cause-txt": "Normal Clearing",
        "Channel": "SIP/261-00000c69",
        "ChannelState": "6",
        "ChannelStateDesc": "Up",
        "ConnectedLineName": "CID:36944000",
        "ConnectedLineNum": "09141071779",
        "Context": "from-internal",
        "Event": "Hangup",
        "Exten": "h",
        "Language": "pr2",
        "Linkedid": "1750835265.45734",
        "Priority": "1",
        "Privilege": "call,all",
        "Uniqueid": "1750835265.45734"
    },
    "start_time": "2025-06-25T10:37:25",
    "status": "answered",
    "timestamp": "2025-06-25T10:39:37",
    "type": "call_summary",
    "uniqueid": "1750835265.45734"
}

{
    "call_type": "",
    "caller_id_name": "261-SUP8",
    "caller_id_num": "261",
    "channel": "SIP/261-00000c8c",
    "connected_line_name": "<unknown>",
    "connected_line_num": "<unknown>",
    "direction": "",
    "end_time": "",
    "extension_number": "261",
    "has_ringing": false,
    "linkedid": "1750835454.46152",
    "other_extension_number": "",
    "start_time": "2025-06-25T10:40:00",
    "status": "initiated",
    "timestamp": "2025-06-25T10:40:00",
    "type": "call_started",
    "uniqueid": "1750835454.46152"
}

{
    "channel": "SIP/261-00000c8c",
    "privilege": "call,all",
    "timestamp": "2025-06-25T10:40:16",
    "type": "call_answered",
    "uniqueid": "1750835454.46152"
}

{
    "call_type": "external",
    "caller_id_name": "261-SUP8",
    "caller_id_num": "261",
    "cause": "16",
    "cause_description": "",
    "cause_txt": "",
    "channel": "SIP/261-00000c8c",
    "connected_line_name": "<unknown>",
    "connected_line_num": "<unknown>",
    "direction": "out",
    "end_time": "2025-06-25T10:41:26",
    "extension_number": "261",
    "has_ringing": false,
    "linkedid": "1750835454.46152",
    "other_extension_number": "09137865468",
    "raw_event": {
        "AccountCode": "",
        "CallerIDName": "<unknown>",
        "CallerIDNum": "36944000",
        "Cause": "16",
        "Cause-txt": "Normal Clearing",
        "Channel": "SIP/261-00000c8c",
        "ChannelState": "6",
        "ChannelStateDesc": "Up",
        "ConnectedLineName": "CID:36944000",
        "ConnectedLineNum": "09137865468",
        "Context": "from-internal",
        "Event": "Hangup",
        "Exten": "h",
        "Language": "pr2",
        "Linkedid": "1750835454.46152",
        "Priority": "1",
        "Privilege": "call,all",
        "Uniqueid": "1750835454.46152"
    },
    "start_time": "2025-06-25T10:40:16",
    "status": "answered",
    "timestamp": "2025-06-25T10:41:26",
    "type": "call_ended",
    "uniqueid": "1750835454.46152"
}

{
    "call_duration": 70,
    "call_type": "external",
    "caller_id_name": "261-SUP8",
    "caller_id_num": "261",
    "cause": "16",
    "cause_description": "",
    "cause_txt": "",
    "channel": "SIP/261-00000c8c",
    "connected_line_name": "<unknown>",
    "connected_line_num": "<unknown>",
    "direction": "out",
    "end_time": "2025-06-25T10:41:26",
    "extension_number": "261",
    "has_ringing": false,
    "linkedid": "1750835454.46152",
    "other_extension_number": "09137865468",
    "raw_event": {
        "AccountCode": "",
        "CallerIDName": "<unknown>",
        "CallerIDNum": "36944000",
        "Cause": "16",
        "Cause-txt": "Normal Clearing",
        "Channel": "SIP/261-00000c8c",
        "ChannelState": "6",
        "ChannelStateDesc": "Up",
        "ConnectedLineName": "CID:36944000",
        "ConnectedLineNum": "09137865468",
        "Context": "from-internal",
        "Event": "Hangup",
        "Exten": "h",
        "Language": "pr2",
        "Linkedid": "1750835454.46152",
        "Priority": "1",
        "Privilege": "call,all",
        "Uniqueid": "1750835454.46152"
    },
    "start_time": "2025-06-25T10:40:16",
    "status": "answered",
    "timestamp": "2025-06-25T10:41:26",
    "type": "call_summary",
    "uniqueid": "1750835454.46152"
}

{
    "call_type": "",
    "caller_id_name": "261-SUP8",
    "caller_id_num": "261",
    "channel": "SIP/261-00000c9b",
    "connected_line_name": "<unknown>",
    "connected_line_num": "<unknown>",
    "direction": "",
    "end_time": "",
    "extension_number": "261",
    "has_ringing": false,
    "linkedid": "1750835540.46336",
    "other_extension_number": "",
    "start_time": "2025-06-25T10:41:28",
    "status": "initiated",
    "timestamp": "2025-06-25T10:41:28",
    "type": "call_started",
    "uniqueid": "1750835540.46336"
}

{
    "call_type": "external",
    "caller_id_name": "261-SUP8",
    "caller_id_num": "261",
    "cause": "17",
    "cause_description": "",
    "cause_txt": "",
    "channel": "SIP/261-00000c9b",
    "connected_line_name": "<unknown>",
    "connected_line_num": "<unknown>",
    "direction": "out",
    "end_time": "2025-06-25T10:41:29",
    "extension_number": "261",
    "has_ringing": false,
    "linkedid": "1750835540.46336",
    "other_extension_number": "09137865468",
    "raw_event": {
        "AccountCode": "",
        "CallerIDName": "<unknown>",
        "CallerIDNum": "36944000",
        "Cause": "17",
        "Cause-txt": "User busy",
        "Channel": "SIP/261-00000c9b",
        "ChannelState": "7",
        "ChannelStateDesc": "Busy",
        "ConnectedLineName": "CID:36944000",
        "ConnectedLineNum": "09137865468",
        "Context": "from-internal",
        "Event": "Hangup",
        "Exten": "h",
        "Language": "pr2",
        "Linkedid": "1750835540.46336",
        "Priority": "1",
        "Privilege": "call,all",
        "Uniqueid": "1750835540.46336"
    },
    "start_time": "2025-06-25T10:41:28",
    "status": "initiated",
    "timestamp": "2025-06-25T10:41:29",
    "type": "call_ended",
    "uniqueid": "1750835540.46336"
}

{
    "call_duration": 1,
    "call_type": "external",
    "caller_id_name": "261-SUP8",
    "caller_id_num": "261",
    "cause": "17",
    "cause_description": "",
    "cause_txt": "",
    "channel": "SIP/261-00000c9b",
    "connected_line_name": "<unknown>",
    "connected_line_num": "<unknown>",
    "direction": "out",
    "end_time": "2025-06-25T10:41:29",
    "extension_number": "261",
    "has_ringing": false,
    "linkedid": "1750835540.46336",
    "other_extension_number": "09137865468",
    "raw_event": {
        "AccountCode": "",
        "CallerIDName": "<unknown>",
        "CallerIDNum": "36944000",
        "Cause": "17",
        "Cause-txt": "User busy",
        "Channel": "SIP/261-00000c9b",
        "ChannelState": "7",
        "ChannelStateDesc": "Busy",
        "ConnectedLineName": "CID:36944000",
        "ConnectedLineNum": "09137865468",
        "Context": "from-internal",
        "Event": "Hangup",
        "Exten": "h",
        "Language": "pr2",
        "Linkedid": "1750835540.46336",
        "Priority": "1",
        "Privilege": "call,all",
        "Uniqueid": "1750835540.46336"
    },
    "start_time": "2025-06-25T10:41:28",
    "status": "initiated",
    "timestamp": "2025-06-25T10:41:29",
    "type": "call_summary",
    "uniqueid": "1750835540.46336"
}

{
    "call_type": "",
    "caller_id_name": "261-SUP8",
    "caller_id_num": "261",
    "channel": "SIP/261-00000c9d",
    "connected_line_name": "<unknown>",
    "connected_line_num": "<unknown>",
    "direction": "",
    "end_time": "",
    "extension_number": "261",
    "has_ringing": false,
    "linkedid": "1750835545.46351",
    "other_extension_number": "",
    "start_time": "2025-06-25T10:41:31",
    "status": "initiated",
    "timestamp": "2025-06-25T10:41:31",
    "type": "call_started",
    "uniqueid": "1750835545.46351"
}

{
    "call_type": "",
    "caller_id_name": "261-SUP8",
    "caller_id_num": "261",
    "channel": "SIP/261-00000ca2",
    "connected_line_name": "<unknown>",
    "connected_line_num": "<unknown>",
    "direction": "",
    "end_time": "",
    "extension_number": "261",
    "has_ringing": false,
    "linkedid": "1750835553.46379",
    "other_extension_number": "",
    "start_time": "2025-06-25T10:41:39",
    "status": "initiated",
    "timestamp": "2025-06-25T10:41:39",
    "type": "call_started",
    "uniqueid": "1750835553.46379"
}

{
    "call_type": "external",
    "caller_id_name": "261-SUP8",
    "caller_id_num": "261",
    "cause": "17",
    "cause_description": "",
    "cause_txt": "",
    "channel": "SIP/261-00000ca2",
    "connected_line_name": "<unknown>",
    "connected_line_num": "<unknown>",
    "direction": "out",
    "end_time": "2025-06-25T10:41:41",
    "extension_number": "261",
    "has_ringing": false,
    "linkedid": "1750835553.46379",
    "other_extension_number": "09137865468",
    "raw_event": {
        "AccountCode": "",
        "CallerIDName": "<unknown>",
        "CallerIDNum": "36944000",
        "Cause": "17",
        "Cause-txt": "User busy",
        "Channel": "SIP/261-00000ca2",
        "ChannelState": "7",
        "ChannelStateDesc": "Busy",
        "ConnectedLineName": "CID:36944000",
        "ConnectedLineNum": "09137865468",
        "Context": "from-internal",
        "Event": "Hangup",
        "Exten": "h",
        "Language": "pr2",
        "Linkedid": "1750835553.46379",
        "Priority": "1",
        "Privilege": "call,all",
        "Uniqueid": "1750835553.46379"
    },
    "start_time": "2025-06-25T10:41:39",
    "status": "initiated",
    "timestamp": "2025-06-25T10:41:41",
    "type": "call_ended",
    "uniqueid": "1750835553.46379"
}

{
    "call_duration": 1,
    "call_type": "external",
    "caller_id_name": "261-SUP8",
    "caller_id_num": "261",
    "cause": "17",
    "cause_description": "",
    "cause_txt": "",
    "channel": "SIP/261-00000ca2",
    "connected_line_name": "<unknown>",
    "connected_line_num": "<unknown>",
    "direction": "out",
    "end_time": "2025-06-25T10:41:41",
    "extension_number": "261",
    "has_ringing": false,
    "linkedid": "1750835553.46379",
    "other_extension_number": "09137865468",
    "raw_event": {
        "AccountCode": "",
        "CallerIDName": "<unknown>",
        "CallerIDNum": "36944000",
        "Cause": "17",
        "Cause-txt": "User busy",
        "Channel": "SIP/261-00000ca2",
        "ChannelState": "7",
        "ChannelStateDesc": "Busy",
        "ConnectedLineName": "CID:36944000",
        "ConnectedLineNum": "09137865468",
        "Context": "from-internal",
        "Event": "Hangup",
        "Exten": "h",
        "Language": "pr2",
        "Linkedid": "1750835553.46379",
        "Priority": "1",
        "Privilege": "call,all",
        "Uniqueid": "1750835553.46379"
    },
    "start_time": "2025-06-25T10:41:39",
    "status": "initiated",
    "timestamp": "2025-06-25T10:41:41",
    "type": "call_summary",
    "uniqueid": "1750835553.46379"
}

{
    "channel": "SIP/261-00000c9d",
    "privilege": "call,all",
    "timestamp": "2025-06-25T10:41:41",
    "type": "call_answered",
    "uniqueid": "1750835545.46351"
}

{
    "call_type": "external",
    "caller_id_name": "261-SUP8",
    "caller_id_num": "261",
    "cause": "16",
    "cause_description": "",
    "cause_txt": "",
    "channel": "SIP/261-00000c9d",
    "connected_line_name": "<unknown>",
    "connected_line_num": "<unknown>",
    "direction": "out",
    "end_time": "2025-06-25T10:41:47",
    "extension_number": "261",
    "has_ringing": false,
    "linkedid": "1750835545.46351",
    "other_extension_number": "09137865468",
    "raw_event": {
        "AccountCode": "",
        "CallerIDName": "<unknown>",
        "CallerIDNum": "36944000",
        "Cause": "16",
        "Cause-txt": "Normal Clearing",
        "Channel": "SIP/261-00000c9d",
        "ChannelState": "6",
        "ChannelStateDesc": "Up",
        "ConnectedLineName": "CID:36944000",
        "ConnectedLineNum": "09137865468",
        "Context": "from-internal",
        "Event": "Hangup",
        "Exten": "h",
        "Language": "pr2",
        "Linkedid": "1750835545.46351",
        "Priority": "1",
        "Privilege": "call,all",
        "Uniqueid": "1750835545.46351"
    },
    "start_time": "2025-06-25T10:41:41",
    "status": "answered",
    "timestamp": "2025-06-25T10:41:47",
    "type": "call_ended",
    "uniqueid": "1750835545.46351"
}

{
    "call_duration": 5,
    "call_type": "external",
    "caller_id_name": "261-SUP8",
    "caller_id_num": "261",
    "cause": "16",
    "cause_description": "",
    "cause_txt": "",
    "channel": "SIP/261-00000c9d",
    "connected_line_name": "<unknown>",
    "connected_line_num": "<unknown>",
    "direction": "out",
    "end_time": "2025-06-25T10:41:47",
    "extension_number": "261",
    "has_ringing": false,
    "linkedid": "1750835545.46351",
    "other_extension_number": "09137865468",
    "raw_event": {
        "AccountCode": "",
        "CallerIDName": "<unknown>",
        "CallerIDNum": "36944000",
        "Cause": "16",
        "Cause-txt": "Normal Clearing",
        "Channel": "SIP/261-00000c9d",
        "ChannelState": "6",
        "ChannelStateDesc": "Up",
        "ConnectedLineName": "CID:36944000",
        "ConnectedLineNum": "09137865468",
        "Context": "from-internal",
        "Event": "Hangup",
        "Exten": "h",
        "Language": "pr2",
        "Linkedid": "1750835545.46351",
        "Priority": "1",
        "Privilege": "call,all",
        "Uniqueid": "1750835545.46351"
    },
    "start_time": "2025-06-25T10:41:41",
    "status": "answered",
    "timestamp": "2025-06-25T10:41:47",
    "type": "call_summary",
    "uniqueid": "1750835545.46351"
}

{
    "call_type": "",
    "caller_id_name": "261-SUP8",
    "caller_id_num": "261",
    "channel": "SIP/261-00000ca5",
    "connected_line_name": "<unknown>",
    "connected_line_num": "<unknown>",
    "direction": "",
    "end_time": "",
    "extension_number": "261",
    "has_ringing": false,
    "linkedid": "1750835565.46423",
    "other_extension_number": "",
    "start_time": "2025-06-25T10:41:52",
    "status": "initiated",
    "timestamp": "2025-06-25T10:41:52",
    "type": "call_started",
    "uniqueid": "1750835565.46423"
}

{
    "channel": "SIP/261-00000ca5",
    "privilege": "call,all",
    "timestamp": "2025-06-25T10:42:00",
    "type": "call_answered",
    "uniqueid": "1750835565.46423"
}

{
    "call_type": "external",
    "caller_id_name": "261-SUP8",
    "caller_id_num": "261",
    "cause": "16",
    "cause_description": "",
    "cause_txt": "",
    "channel": "SIP/261-00000ca5",
    "connected_line_name": "<unknown>",
    "connected_line_num": "<unknown>",
    "direction": "out",
    "end_time": "2025-06-25T10:43:27",
    "extension_number": "261",
    "has_ringing": false,
    "linkedid": "1750835565.46423",
    "other_extension_number": "09137865468",
    "raw_event": {
        "AccountCode": "",
        "CallerIDName": "<unknown>",
        "CallerIDNum": "36944000",
        "Cause": "16",
        "Cause-txt": "Normal Clearing",
        "Channel": "SIP/261-00000ca5",
        "ChannelState": "6",
        "ChannelStateDesc": "Up",
        "ConnectedLineName": "CID:36944000",
        "ConnectedLineNum": "09137865468",
        "Context": "from-internal",
        "Event": "Hangup",
        "Exten": "h",
        "Language": "pr2",
        "Linkedid": "1750835565.46423",
        "Priority": "1",
        "Privilege": "call,all",
        "Uniqueid": "1750835565.46423"
    },
    "start_time": "2025-06-25T10:42:00",
    "status": "answered",
    "timestamp": "2025-06-25T10:43:27",
    "type": "call_ended",
    "uniqueid": "1750835565.46423"
}

{
    "call_duration": 86,
    "call_type": "external",
    "caller_id_name": "261-SUP8",
    "caller_id_num": "261",
    "cause": "16",
    "cause_description": "",
    "cause_txt": "",
    "channel": "SIP/261-00000ca5",
    "connected_line_name": "<unknown>",
    "connected_line_num": "<unknown>",
    "direction": "out",
    "end_time": "2025-06-25T10:43:27",
    "extension_number": "261",
    "has_ringing": false,
    "linkedid": "1750835565.46423",
    "other_extension_number": "09137865468",
    "raw_event": {
        "AccountCode": "",
        "CallerIDName": "<unknown>",
        "CallerIDNum": "36944000",
        "Cause": "16",
        "Cause-txt": "Normal Clearing",
        "Channel": "SIP/261-00000ca5",
        "ChannelState": "6",
        "ChannelStateDesc": "Up",
        "ConnectedLineName": "CID:36944000",
        "ConnectedLineNum": "09137865468",
        "Context": "from-internal",
        "Event": "Hangup",
        "Exten": "h",
        "Language": "pr2",
        "Linkedid": "1750835565.46423",
        "Priority": "1",
        "Privilege": "call,all",
        "Uniqueid": "1750835565.46423"
    },
    "start_time": "2025-06-25T10:42:00",
    "status": "answered",
    "timestamp": "2025-06-25T10:43:27",
    "type": "call_summary",
    "uniqueid": "1750835565.46423"
}

{
    "call_type": "",
    "caller_id_name": "261-SUP8",
    "caller_id_num": "261",
    "channel": "SIP/261-00000cb4",
    "connected_line_name": "<unknown>",
    "connected_line_num": "<unknown>",
    "direction": "",
    "end_time": "",
    "extension_number": "261",
    "has_ringing": false,
    "linkedid": "1750835663.46621",
    "other_extension_number": "",
    "start_time": "2025-06-25T10:43:29",
    "status": "initiated",
    "timestamp": "2025-06-25T10:43:29",
    "type": "call_started",
    "uniqueid": "1750835663.46621"
}

{
    "channel": "SIP/261-00000cb4",
    "privilege": "call,all",
    "timestamp": "2025-06-25T10:43:41",
    "type": "call_answered",
    "uniqueid": "1750835663.46621"
}

{
    "call_type": "external",
    "caller_id_name": "261-SUP8",
    "caller_id_num": "261",
    "cause": "16",
    "cause_description": "",
    "cause_txt": "",
    "channel": "SIP/261-00000cb4",
    "connected_line_name": "<unknown>",
    "connected_line_num": "<unknown>",
    "direction": "out",
    "end_time": "2025-06-25T10:45:50",
    "extension_number": "261",
    "has_ringing": false,
    "linkedid": "1750835663.46621",
    "other_extension_number": "09907764061",
    "raw_event": {
        "AccountCode": "",
        "CallerIDName": "<unknown>",
        "CallerIDNum": "36944000",
        "Cause": "16",
        "Cause-txt": "Normal Clearing",
        "Channel": "SIP/261-00000cb4",
        "ChannelState": "6",
        "ChannelStateDesc": "Up",
        "ConnectedLineName": "CID:36944000",
        "ConnectedLineNum": "09907764061",
        "Context": "from-internal",
        "Event": "Hangup",
        "Exten": "h",
        "Language": "pr2",
        "Linkedid": "1750835663.46621",
        "Priority": "1",
        "Privilege": "call,all",
        "Uniqueid": "1750835663.46621"
    },
    "start_time": "2025-06-25T10:43:41",
    "status": "answered",
    "timestamp": "2025-06-25T10:45:50",
    "type": "call_ended",
    "uniqueid": "1750835663.46621"
}

{
    "call_duration": 129,
    "call_type": "external",
    "caller_id_name": "261-SUP8",
    "caller_id_num": "261",
    "cause": "16",
    "cause_description": "",
    "cause_txt": "",
    "channel": "SIP/261-00000cb4",
    "connected_line_name": "<unknown>",
    "connected_line_num": "<unknown>",
    "direction": "out",
    "end_time": "2025-06-25T10:45:50",
    "extension_number": "261",
    "has_ringing": false,
    "linkedid": "1750835663.46621",
    "other_extension_number": "09907764061",
    "raw_event": {
        "AccountCode": "",
        "CallerIDName": "<unknown>",
        "CallerIDNum": "36944000",
        "Cause": "16",
        "Cause-txt": "Normal Clearing",
        "Channel": "SIP/261-00000cb4",
        "ChannelState": "6",
        "ChannelStateDesc": "Up",
        "ConnectedLineName": "CID:36944000",
        "ConnectedLineNum": "09907764061",
        "Context": "from-internal",
        "Event": "Hangup",
        "Exten": "h",
        "Language": "pr2",
        "Linkedid": "1750835663.46621",
        "Priority": "1",
        "Privilege": "call,all",
        "Uniqueid": "1750835663.46621"
    },
    "start_time": "2025-06-25T10:43:41",
    "status": "answered",
    "timestamp": "2025-06-25T10:45:50",
    "type": "call_summary",
    "uniqueid": "1750835663.46621"
}

{
    "call_type": "",
    "caller_id_name": "261-SUP8",
    "caller_id_num": "261",
    "channel": "SIP/261-00000cc8",
    "connected_line_name": "<unknown>",
    "connected_line_num": "<unknown>",
    "direction": "",
    "end_time": "",
    "extension_number": "261",
    "has_ringing": false,
    "linkedid": "1750835860.46861",
    "other_extension_number": "",
    "start_time": "2025-06-25T10:46:47",
    "status": "initiated",
    "timestamp": "2025-06-25T10:46:47",
    "type": "call_started",
    "uniqueid": "1750835860.46861"
}

{
    "channel": "SIP/261-00000cc8",
    "privilege": "call,all",
    "timestamp": "2025-06-25T10:46:58",
    "type": "call_answered",
    "uniqueid": "1750835860.46861"
}

{
    "call_type": "external",
    "caller_id_name": "261-SUP8",
    "caller_id_num": "261",
    "cause": "16",
    "cause_description": "",
    "cause_txt": "",
    "channel": "SIP/261-00000cc8",
    "connected_line_name": "<unknown>",
    "connected_line_num": "<unknown>",
    "direction": "out",
    "end_time": "2025-06-25T10:48:34",
    "extension_number": "261",
    "has_ringing": false,
    "linkedid": "1750835860.46861",
    "other_extension_number": "09132257178",
    "raw_event": {
        "AccountCode": "",
        "CallerIDName": "<unknown>",
        "CallerIDNum": "36944000",
        "Cause": "16",
        "Cause-txt": "Normal Clearing",
        "Channel": "SIP/261-00000cc8",
        "ChannelState": "6",
        "ChannelStateDesc": "Up",
        "ConnectedLineName": "CID:36944000",
        "ConnectedLineNum": "09132257178",
        "Context": "from-internal",
        "Event": "Hangup",
        "Exten": "h",
        "Language": "pr2",
        "Linkedid": "1750835860.46861",
        "Priority": "1",
        "Privilege": "call,all",
        "Uniqueid": "1750835860.46861"
    },
    "start_time": "2025-06-25T10:46:58",
    "status": "answered",
    "timestamp": "2025-06-25T10:48:34",
    "type": "call_ended",
    "uniqueid": "1750835860.46861"
}

{
    "call_duration": 96,
    "call_type": "external",
    "caller_id_name": "261-SUP8",
    "caller_id_num": "261",
    "cause": "16",
    "cause_description": "",
    "cause_txt": "",
    "channel": "SIP/261-00000cc8",
    "connected_line_name": "<unknown>",
    "connected_line_num": "<unknown>",
    "direction": "out",
    "end_time": "2025-06-25T10:48:34",
    "extension_number": "261",
    "has_ringing": false,
    "linkedid": "1750835860.46861",
    "other_extension_number": "09132257178",
    "raw_event": {
        "AccountCode": "",
        "CallerIDName": "<unknown>",
        "CallerIDNum": "36944000",
        "Cause": "16",
        "Cause-txt": "Normal Clearing",
        "Channel": "SIP/261-00000cc8",
        "ChannelState": "6",
        "ChannelStateDesc": "Up",
        "ConnectedLineName": "CID:36944000",
        "ConnectedLineNum": "09132257178",
        "Context": "from-internal",
        "Event": "Hangup",
        "Exten": "h",
        "Language": "pr2",
        "Linkedid": "1750835860.46861",
        "Priority": "1",
        "Privilege": "call,all",
        "Uniqueid": "1750835860.46861"
    },
    "start_time": "2025-06-25T10:46:58",
    "status": "answered",
    "timestamp": "2025-06-25T10:48:34",
    "type": "call_summary",
    "uniqueid": "1750835860.46861"
}

{
    "call_type": "",
    "caller_id_name": "261-SUP8",
    "caller_id_num": "261",
    "channel": "SIP/261-00000cd4",
    "connected_line_name": "<unknown>",
    "connected_line_num": "<unknown>",
    "direction": "",
    "end_time": "",
    "extension_number": "261",
    "has_ringing": false,
    "linkedid": "1750835984.47019",
    "other_extension_number": "",
    "start_time": "2025-06-25T10:48:51",
    "status": "initiated",
    "timestamp": "2025-06-25T10:48:51",
    "type": "call_started",
    "uniqueid": "1750835984.47019"
}

{
    "call_type": "external",
    "caller_id_name": "261-SUP8",
    "caller_id_num": "261",
    "cause": "16",
    "cause_description": "",
    "cause_txt": "",
    "channel": "SIP/261-00000cd4",
    "connected_line_name": "<unknown>",
    "connected_line_num": "<unknown>",
    "direction": "out",
    "end_time": "2025-06-25T10:49:48",
    "extension_number": "261",
    "has_ringing": false,
    "linkedid": "1750835984.47019",
    "other_extension_number": "09181311703",
    "raw_event": {
        "AccountCode": "",
        "CallerIDName": "<unknown>",
        "CallerIDNum": "36944000",
        "Cause": "16",
        "Cause-txt": "Normal Clearing",
        "Channel": "SIP/261-00000cd4",
        "ChannelState": "4",
        "ChannelStateDesc": "Ring",
        "ConnectedLineName": "CID:36944000",
        "ConnectedLineNum": "09181311703",
        "Context": "from-internal",
        "Event": "Hangup",
        "Exten": "h",
        "Language": "pr2",
        "Linkedid": "1750835984.47019",
        "Priority": "1",
        "Privilege": "call,all",
        "Uniqueid": "1750835984.47019"
    },
    "start_time": "2025-06-25T10:48:51",
    "status": "initiated",
    "timestamp": "2025-06-25T10:49:48",
    "type": "call_ended",
    "uniqueid": "1750835984.47019"
}

{
    "call_duration": 56,
    "call_type": "external",
    "caller_id_name": "261-SUP8",
    "caller_id_num": "261",
    "cause": "16",
    "cause_description": "",
    "cause_txt": "",
    "channel": "SIP/261-00000cd4",
    "connected_line_name": "<unknown>",
    "connected_line_num": "<unknown>",
    "direction": "out",
    "end_time": "2025-06-25T10:49:48",
    "extension_number": "261",
    "has_ringing": false,
    "linkedid": "1750835984.47019",
    "other_extension_number": "09181311703",
    "raw_event": {
        "AccountCode": "",
        "CallerIDName": "<unknown>",
        "CallerIDNum": "36944000",
        "Cause": "16",
        "Cause-txt": "Normal Clearing",
        "Channel": "SIP/261-00000cd4",
        "ChannelState": "4",
        "ChannelStateDesc": "Ring",
        "ConnectedLineName": "CID:36944000",
        "ConnectedLineNum": "09181311703",
        "Context": "from-internal",
        "Event": "Hangup",
        "Exten": "h",
        "Language": "pr2",
        "Linkedid": "1750835984.47019",
        "Priority": "1",
        "Privilege": "call,all",
        "Uniqueid": "1750835984.47019"
    },
    "start_time": "2025-06-25T10:48:51",
    "status": "initiated",
    "timestamp": "2025-06-25T10:49:48",
    "type": "call_summary",
    "uniqueid": "1750835984.47019"
}

{
    "call_type": "",
    "caller_id_name": "261-SUP8",
    "caller_id_num": "261",
    "channel": "SIP/261-00000cd8",
    "connected_line_name": "<unknown>",
    "connected_line_num": "<unknown>",
    "direction": "",
    "end_time": "",
    "extension_number": "261",
    "has_ringing": false,
    "linkedid": "1750836043.47058",
    "other_extension_number": "",
    "start_time": "2025-06-25T10:49:50",
    "status": "initiated",
    "timestamp": "2025-06-25T10:49:50",
    "type": "call_started",
    "uniqueid": "1750836043.47058"
}

{
    "channel": "SIP/261-00000cd8",
    "privilege": "call,all",
    "timestamp": "2025-06-25T10:50:08",
    "type": "call_answered",
    "uniqueid": "1750836043.47058"
}

{
    "call_type": "external",
    "caller_id_name": "261-SUP8",
    "caller_id_num": "261",
    "cause": "16",
    "cause_description": "",
    "cause_txt": "",
    "channel": "SIP/261-00000cd8",
    "connected_line_name": "<unknown>",
    "connected_line_num": "<unknown>",
    "direction": "out",
    "end_time": "2025-06-25T10:51:38",
    "extension_number": "261",
    "has_ringing": false,
    "linkedid": "1750836043.47058",
    "other_extension_number": "09112379940",
    "raw_event": {
        "AccountCode": "",
        "CallerIDName": "<unknown>",
        "CallerIDNum": "36944000",
        "Cause": "16",
        "Cause-txt": "Normal Clearing",
        "Channel": "SIP/261-00000cd8",
        "ChannelState": "6",
        "ChannelStateDesc": "Up",
        "ConnectedLineName": "CID:36944000",
        "ConnectedLineNum": "09112379940",
        "Context": "from-internal",
        "Event": "Hangup",
        "Exten": "h",
        "Language": "pr2",
        "Linkedid": "1750836043.47058",
        "Priority": "1",
        "Privilege": "call,all",
        "Uniqueid": "1750836043.47058"
    },
    "start_time": "2025-06-25T10:50:08",
    "status": "answered",
    "timestamp": "2025-06-25T10:51:38",
    "type": "call_ended",
    "uniqueid": "1750836043.47058"
}

{
    "call_duration": 89,
    "call_type": "external",
    "caller_id_name": "261-SUP8",
    "caller_id_num": "261",
    "cause": "16",
    "cause_description": "",
    "cause_txt": "",
    "channel": "SIP/261-00000cd8",
    "connected_line_name": "<unknown>",
    "connected_line_num": "<unknown>",
    "direction": "out",
    "end_time": "2025-06-25T10:51:38",
    "extension_number": "261",
    "has_ringing": false,
    "linkedid": "1750836043.47058",
    "other_extension_number": "09112379940",
    "raw_event": {
        "AccountCode": "",
        "CallerIDName": "<unknown>",
        "CallerIDNum": "36944000",
        "Cause": "16",
        "Cause-txt": "Normal Clearing",
        "Channel": "SIP/261-00000cd8",
        "ChannelState": "6",
        "ChannelStateDesc": "Up",
        "ConnectedLineName": "CID:36944000",
        "ConnectedLineNum": "09112379940",
        "Context": "from-internal",
        "Event": "Hangup",
        "Exten": "h",
        "Language": "pr2",
        "Linkedid": "1750836043.47058",
        "Priority": "1",
        "Privilege": "call,all",
        "Uniqueid": "1750836043.47058"
    },
    "start_time": "2025-06-25T10:50:08",
    "status": "answered",
    "timestamp": "2025-06-25T10:51:38",
    "type": "call_summary",
    "uniqueid": "1750836043.47058"
}

{
    "call_type": "",
    "caller_id_name": "261-SUP8",
    "caller_id_num": "261",
    "channel": "SIP/261-00000cef",
    "connected_line_name": "<unknown>",
    "connected_line_num": "<unknown>",
    "direction": "",
    "end_time": "",
    "extension_number": "261",
    "has_ringing": false,
    "linkedid": "1750836211.47301",
    "other_extension_number": "",
    "start_time": "2025-06-25T10:52:39",
    "status": "initiated",
    "timestamp": "2025-06-25T10:52:39",
    "type": "call_started",
    "uniqueid": "1750836211.47301"
}

{
    "call_type": "external",
    "caller_id_name": "261-SUP8",
    "caller_id_num": "261",
    "cause": "16",
    "cause_description": "",
    "cause_txt": "",
    "channel": "SIP/261-00000cef",
    "connected_line_name": "<unknown>",
    "connected_line_num": "<unknown>",
    "direction": "out",
    "end_time": "2025-06-25T10:53:28",
    "extension_number": "261",
    "has_ringing": false,
    "linkedid": "1750836211.47301",
    "other_extension_number": "09131027092",
    "raw_event": {
        "AccountCode": "",
        "CallerIDName": "<unknown>",
        "CallerIDNum": "36944000",
        "Cause": "16",
        "Cause-txt": "Normal Clearing",
        "Channel": "SIP/261-00000cef",
        "ChannelState": "4",
        "ChannelStateDesc": "Ring",
        "ConnectedLineName": "CID:36944000",
        "ConnectedLineNum": "09131027092",
        "Context": "from-internal",
        "Event": "Hangup",
        "Exten": "h",
        "Language": "pr2",
        "Linkedid": "1750836211.47301",
        "Priority": "1",
        "Privilege": "call,all",
        "Uniqueid": "1750836211.47301"
    },
    "start_time": "2025-06-25T10:52:39",
    "status": "initiated",
    "timestamp": "2025-06-25T10:53:28",
    "type": "call_ended",
    "uniqueid": "1750836211.47301"
}

{
    "call_duration": 49,
    "call_type": "external",
    "caller_id_name": "261-SUP8",
    "caller_id_num": "261",
    "cause": "16",
    "cause_description": "",
    "cause_txt": "",
    "channel": "SIP/261-00000cef",
    "connected_line_name": "<unknown>",
    "connected_line_num": "<unknown>",
    "direction": "out",
    "end_time": "2025-06-25T10:53:28",
    "extension_number": "261",
    "has_ringing": false,
    "linkedid": "1750836211.47301",
    "other_extension_number": "09131027092",
    "raw_event": {
        "AccountCode": "",
        "CallerIDName": "<unknown>",
        "CallerIDNum": "36944000",
        "Cause": "16",
        "Cause-txt": "Normal Clearing",
        "Channel": "SIP/261-00000cef",
        "ChannelState": "4",
        "ChannelStateDesc": "Ring",
        "ConnectedLineName": "CID:36944000",
        "ConnectedLineNum": "09131027092",
        "Context": "from-internal",
        "Event": "Hangup",
        "Exten": "h",
        "Language": "pr2",
        "Linkedid": "1750836211.47301",
        "Priority": "1",
        "Privilege": "call,all",
        "Uniqueid": "1750836211.47301"
    },
    "start_time": "2025-06-25T10:52:39",
    "status": "initiated",
    "timestamp": "2025-06-25T10:53:28",
    "type": "call_summary",
    "uniqueid": "1750836211.47301"
}

{
    "call_type": "",
    "caller_id_name": "261-SUP8",
    "caller_id_num": "261",
    "channel": "SIP/261-00000cf8",
    "connected_line_name": "<unknown>",
    "connected_line_num": "<unknown>",
    "direction": "",
    "end_time": "",
    "extension_number": "261",
    "has_ringing": false,
    "linkedid": "1750836265.47381",
    "other_extension_number": "",
    "start_time": "2025-06-25T10:53:32",
    "status": "initiated",
    "timestamp": "2025-06-25T10:53:32",
    "type": "call_started",
    "uniqueid": "1750836265.47381"
}

{
    "call_type": "external",
    "caller_id_name": "261-SUP8",
    "caller_id_num": "261",
    "cause": "17",
    "cause_description": "",
    "cause_txt": "",
    "channel": "SIP/261-00000cf8",
    "connected_line_name": "<unknown>",
    "connected_line_num": "<unknown>",
    "direction": "out",
    "end_time": "2025-06-25T10:54:30",
    "extension_number": "261",
    "has_ringing": false,
    "linkedid": "1750836265.47381",
    "other_extension_number": "09134801093",
    "raw_event": {
        "AccountCode": "",
        "CallerIDName": "<unknown>",
        "CallerIDNum": "36944000",
        "Cause": "17",
        "Cause-txt": "User busy",
        "Channel": "SIP/261-00000cf8",
        "ChannelState": "7",
        "ChannelStateDesc": "Busy",
        "ConnectedLineName": "CID:36944000",
        "ConnectedLineNum": "09134801093",
        "Context": "from-internal",
        "Event": "Hangup",
        "Exten": "h",
        "Language": "pr2",
        "Linkedid": "1750836265.47381",
        "Priority": "1",
        "Privilege": "call,all",
        "Uniqueid": "1750836265.47381"
    },
    "start_time": "2025-06-25T10:53:32",
    "status": "initiated",
    "timestamp": "2025-06-25T10:54:30",
    "type": "call_ended",
    "uniqueid": "1750836265.47381"
}

{
    "call_duration": 58,
    "call_type": "external",
    "caller_id_name": "261-SUP8",
    "caller_id_num": "261",
    "cause": "17",
    "cause_description": "",
    "cause_txt": "",
    "channel": "SIP/261-00000cf8",
    "connected_line_name": "<unknown>",
    "connected_line_num": "<unknown>",
    "direction": "out",
    "end_time": "2025-06-25T10:54:30",
    "extension_number": "261",
    "has_ringing": false,
    "linkedid": "1750836265.47381",
    "other_extension_number": "09134801093",
    "raw_event": {
        "AccountCode": "",
        "CallerIDName": "<unknown>",
        "CallerIDNum": "36944000",
        "Cause": "17",
        "Cause-txt": "User busy",
        "Channel": "SIP/261-00000cf8",
        "ChannelState": "7",
        "ChannelStateDesc": "Busy",
        "ConnectedLineName": "CID:36944000",
        "ConnectedLineNum": "09134801093",
        "Context": "from-internal",
        "Event": "Hangup",
        "Exten": "h",
        "Language": "pr2",
        "Linkedid": "1750836265.47381",
        "Priority": "1",
        "Privilege": "call,all",
        "Uniqueid": "1750836265.47381"
    },
    "start_time": "2025-06-25T10:53:32",
    "status": "initiated",
    "timestamp": "2025-06-25T10:54:30",
    "type": "call_summary",
    "uniqueid": "1750836265.47381"
}

{
    "call_type": "",
    "caller_id_name": "261-SUP8",
    "caller_id_num": "261",
    "channel": "SIP/261-00000cfd",
    "connected_line_name": "<unknown>",
    "connected_line_num": "<unknown>",
    "direction": "",
    "end_time": "",
    "extension_number": "261",
    "has_ringing": false,
    "linkedid": "1750836330.47456",
    "other_extension_number": "",
    "start_time": "2025-06-25T10:54:36",
    "status": "initiated",
    "timestamp": "2025-06-25T10:54:36",
    "type": "call_started",
    "uniqueid": "1750836330.47456"
}

{
    "call_type": "external",
    "caller_id_name": "261-SUP8",
    "caller_id_num": "261",
    "cause": "17",
    "cause_description": "",
    "cause_txt": "",
    "channel": "SIP/261-00000cfd",
    "connected_line_name": "<unknown>",
    "connected_line_num": "<unknown>",
    "direction": "out",
    "end_time": "2025-06-25T10:55:27",
    "extension_number": "261",
    "has_ringing": false,
    "linkedid": "1750836330.47456",
    "other_extension_number": "09177837593",
    "raw_event": {
        "AccountCode": "",
        "CallerIDName": "<unknown>",
        "CallerIDNum": "36944000",
        "Cause": "17",
        "Cause-txt": "User busy",
        "Channel": "SIP/261-00000cfd",
        "ChannelState": "7",
        "ChannelStateDesc": "Busy",
        "ConnectedLineName": "CID:36944000",
        "ConnectedLineNum": "09177837593",
        "Context": "from-internal",
        "Event": "Hangup",
        "Exten": "h",
        "Language": "pr2",
        "Linkedid": "1750836330.47456",
        "Priority": "1",
        "Privilege": "call,all",
        "Uniqueid": "1750836330.47456"
    },
    "start_time": "2025-06-25T10:54:36",
    "status": "initiated",
    "timestamp": "2025-06-25T10:55:27",
    "type": "call_ended",
    "uniqueid": "1750836330.47456"
}

{
    "call_duration": 50,
    "call_type": "external",
    "caller_id_name": "261-SUP8",
    "caller_id_num": "261",
    "cause": "17",
    "cause_description": "",
    "cause_txt": "",
    "channel": "SIP/261-00000cfd",
    "connected_line_name": "<unknown>",
    "connected_line_num": "<unknown>",
    "direction": "out",
    "end_time": "2025-06-25T10:55:27",
    "extension_number": "261",
    "has_ringing": false,
    "linkedid": "1750836330.47456",
    "other_extension_number": "09177837593",
    "raw_event": {
        "AccountCode": "",
        "CallerIDName": "<unknown>",
        "CallerIDNum": "36944000",
        "Cause": "17",
        "Cause-txt": "User busy",
        "Channel": "SIP/261-00000cfd",
        "ChannelState": "7",
        "ChannelStateDesc": "Busy",
        "ConnectedLineName": "CID:36944000",
        "ConnectedLineNum": "09177837593",
        "Context": "from-internal",
        "Event": "Hangup",
        "Exten": "h",
        "Language": "pr2",
        "Linkedid": "1750836330.47456",
        "Priority": "1",
        "Privilege": "call,all",
        "Uniqueid": "1750836330.47456"
    },
    "start_time": "2025-06-25T10:54:36",
    "status": "initiated",
    "timestamp": "2025-06-25T10:55:27",
    "type": "call_summary",
    "uniqueid": "1750836330.47456"
}

{
    "call_type": "",
    "caller_id_name": "261-SUP8",
    "caller_id_num": "261",
    "channel": "SIP/261-00000d10",
    "connected_line_name": "<unknown>",
    "connected_line_num": "<unknown>",
    "direction": "",
    "end_time": "",
    "extension_number": "261",
    "has_ringing": false,
    "linkedid": "1750836431.47641",
    "other_extension_number": "",
    "start_time": "2025-06-25T10:56:17",
    "status": "initiated",
    "timestamp": "2025-06-25T10:56:17",
    "type": "call_started",
    "uniqueid": "1750836431.47641"
}

{
    "channel": "SIP/261-00000d10",
    "privilege": "call,all",
    "timestamp": "2025-06-25T10:56:28",
    "type": "call_answered",
    "uniqueid": "1750836431.47641"
}

{
    "call_type": "external",
    "caller_id_name": "261-SUP8",
    "caller_id_num": "261",
    "cause": "16",
    "cause_description": "",
    "cause_txt": "",
    "channel": "SIP/261-00000d10",
    "connected_line_name": "<unknown>",
    "connected_line_num": "<unknown>",
    "direction": "out",
    "end_time": "2025-06-25T10:57:29",
    "extension_number": "261",
    "has_ringing": false,
    "linkedid": "1750836431.47641",
    "other_extension_number": "09376192388",
    "raw_event": {
        "AccountCode": "",
        "CallerIDName": "<unknown>",
        "CallerIDNum": "36944000",
        "Cause": "16",
        "Cause-txt": "Normal Clearing",
        "Channel": "SIP/261-00000d10",
        "ChannelState": "6",
        "ChannelStateDesc": "Up",
        "ConnectedLineName": "CID:36944000",
        "ConnectedLineNum": "09376192388",
        "Context": "from-internal",
        "Event": "Hangup",
        "Exten": "h",
        "Language": "pr2",
        "Linkedid": "1750836431.47641",
        "Priority": "1",
        "Privilege": "call,all",
        "Uniqueid": "1750836431.47641"
    },
    "start_time": "2025-06-25T10:56:28",
    "status": "answered",
    "timestamp": "2025-06-25T10:57:29",
    "type": "call_ended",
    "uniqueid": "1750836431.47641"
}

{
    "call_duration": 60,
    "call_type": "external",
    "caller_id_name": "261-SUP8",
    "caller_id_num": "261",
    "cause": "16",
    "cause_description": "",
    "cause_txt": "",
    "channel": "SIP/261-00000d10",
    "connected_line_name": "<unknown>",
    "connected_line_num": "<unknown>",
    "direction": "out",
    "end_time": "2025-06-25T10:57:29",
    "extension_number": "261",
    "has_ringing": false,
    "linkedid": "1750836431.47641",
    "other_extension_number": "09376192388",
    "raw_event": {
        "AccountCode": "",
        "CallerIDName": "<unknown>",
        "CallerIDNum": "36944000",
        "Cause": "16",
        "Cause-txt": "Normal Clearing",
        "Channel": "SIP/261-00000d10",
        "ChannelState": "6",
        "ChannelStateDesc": "Up",
        "ConnectedLineName": "CID:36944000",
        "ConnectedLineNum": "09376192388",
        "Context": "from-internal",
        "Event": "Hangup",
        "Exten": "h",
        "Language": "pr2",
        "Linkedid": "1750836431.47641",
        "Priority": "1",
        "Privilege": "call,all",
        "Uniqueid": "1750836431.47641"
    },
    "start_time": "2025-06-25T10:56:28",
    "status": "answered",
    "timestamp": "2025-06-25T10:57:29",
    "type": "call_summary",
    "uniqueid": "1750836431.47641"
}

{
    "call_type": "",
    "caller_id_name": "261-SUP8",
    "caller_id_num": "261",
    "channel": "SIP/261-00000d3a",
    "connected_line_name": "<unknown>",
    "connected_line_num": "<unknown>",
    "direction": "",
    "end_time": "",
    "extension_number": "261",
    "has_ringing": false,
    "linkedid": "1750836709.48028",
    "other_extension_number": "",
    "start_time": "2025-06-25T11:00:56",
    "status": "initiated",
    "timestamp": "2025-06-25T11:00:56",
    "type": "call_started",
    "uniqueid": "1750836709.48028"
}

{
    "channel": "SIP/261-00000d3a",
    "privilege": "call,all",
    "timestamp": "2025-06-25T11:01:05",
    "type": "call_answered",
    "uniqueid": "1750836709.48028"
}

{
    "call_type": "external",
    "caller_id_name": "261-SUP8",
    "caller_id_num": "261",
    "cause": "16",
    "cause_description": "",
    "cause_txt": "",
    "channel": "SIP/261-00000d3a",
    "connected_line_name": "<unknown>",
    "connected_line_num": "<unknown>",
    "direction": "out",
    "end_time": "2025-06-25T11:02:07",
    "extension_number": "261",
    "has_ringing": false,
    "linkedid": "1750836709.48028",
    "other_extension_number": "09132113550",
    "raw_event": {
        "AccountCode": "",
        "CallerIDName": "<unknown>",
        "CallerIDNum": "36944000",
        "Cause": "16",
        "Cause-txt": "Normal Clearing",
        "Channel": "SIP/261-00000d3a",
        "ChannelState": "6",
        "ChannelStateDesc": "Up",
        "ConnectedLineName": "CID:36944000",
        "ConnectedLineNum": "09132113550",
        "Context": "from-internal",
        "Event": "Hangup",
        "Exten": "h",
        "Language": "pr2",
        "Linkedid": "1750836709.48028",
        "Priority": "1",
        "Privilege": "call,all",
        "Uniqueid": "1750836709.48028"
    },
    "start_time": "2025-06-25T11:01:05",
    "status": "answered",
    "timestamp": "2025-06-25T11:02:07",
    "type": "call_ended",
    "uniqueid": "1750836709.48028"
}

{
    "call_duration": 62,
    "call_type": "external",
    "caller_id_name": "261-SUP8",
    "caller_id_num": "261",
    "cause": "16",
    "cause_description": "",
    "cause_txt": "",
    "channel": "SIP/261-00000d3a",
    "connected_line_name": "<unknown>",
    "connected_line_num": "<unknown>",
    "direction": "out",
    "end_time": "2025-06-25T11:02:07",
    "extension_number": "261",
    "has_ringing": false,
    "linkedid": "1750836709.48028",
    "other_extension_number": "09132113550",
    "raw_event": {
        "AccountCode": "",
        "CallerIDName": "<unknown>",
        "CallerIDNum": "36944000",
        "Cause": "16",
        "Cause-txt": "Normal Clearing",
        "Channel": "SIP/261-00000d3a",
        "ChannelState": "6",
        "ChannelStateDesc": "Up",
        "ConnectedLineName": "CID:36944000",
        "ConnectedLineNum": "09132113550",
        "Context": "from-internal",
        "Event": "Hangup",
        "Exten": "h",
        "Language": "pr2",
        "Linkedid": "1750836709.48028",
        "Priority": "1",
        "Privilege": "call,all",
        "Uniqueid": "1750836709.48028"
    },
    "start_time": "2025-06-25T11:01:05",
    "status": "answered",
    "timestamp": "2025-06-25T11:02:07",
    "type": "call_summary",
    "uniqueid": "1750836709.48028"
}

{
    "call_type": "",
    "caller_id_name": "261-SUP8",
    "caller_id_num": "261",
    "channel": "SIP/261-00000d43",
    "connected_line_name": "<unknown>",
    "connected_line_num": "<unknown>",
    "direction": "",
    "end_time": "",
    "extension_number": "261",
    "has_ringing": false,
    "linkedid": "1750836789.48158",
    "other_extension_number": "",
    "start_time": "2025-06-25T11:02:15",
    "status": "initiated",
    "timestamp": "2025-06-25T11:02:15",
    "type": "call_started",
    "uniqueid": "1750836789.48158"
}

{
    "channel": "SIP/261-00000d43",
    "privilege": "call,all",
    "timestamp": "2025-06-25T11:02:34",
    "type": "call_answered",
    "uniqueid": "1750836789.48158"
}

{
    "call_type": "external",
    "caller_id_name": "261-SUP8",
    "caller_id_num": "261",
    "cause": "16",
    "cause_description": "",
    "cause_txt": "",
    "channel": "SIP/261-00000d43",
    "connected_line_name": "<unknown>",
    "connected_line_num": "<unknown>",
    "direction": "out",
    "end_time": "2025-06-25T11:03:53",
    "extension_number": "261",
    "has_ringing": false,
    "linkedid": "1750836789.48158",
    "other_extension_number": "09379330027",
    "raw_event": {
        "AccountCode": "",
        "CallerIDName": "<unknown>",
        "CallerIDNum": "36944000",
        "Cause": "16",
        "Cause-txt": "Normal Clearing",
        "Channel": "SIP/261-00000d43",
        "ChannelState": "6",
        "ChannelStateDesc": "Up",
        "ConnectedLineName": "CID:36944000",
        "ConnectedLineNum": "09379330027",
        "Context": "from-internal",
        "Event": "Hangup",
        "Exten": "h",
        "Language": "pr2",
        "Linkedid": "1750836789.48158",
        "Priority": "1",
        "Privilege": "call,all",
        "Uniqueid": "1750836789.48158"
    },
    "start_time": "2025-06-25T11:02:34",
    "status": "answered",
    "timestamp": "2025-06-25T11:03:53",
    "type": "call_ended",
    "uniqueid": "1750836789.48158"
}

{
    "call_duration": 79,
    "call_type": "external",
    "caller_id_name": "261-SUP8",
    "caller_id_num": "261",
    "cause": "16",
    "cause_description": "",
    "cause_txt": "",
    "channel": "SIP/261-00000d43",
    "connected_line_name": "<unknown>",
    "connected_line_num": "<unknown>",
    "direction": "out",
    "end_time": "2025-06-25T11:03:53",
    "extension_number": "261",
    "has_ringing": false,
    "linkedid": "1750836789.48158",
    "other_extension_number": "09379330027",
    "raw_event": {
        "AccountCode": "",
        "CallerIDName": "<unknown>",
        "CallerIDNum": "36944000",
        "Cause": "16",
        "Cause-txt": "Normal Clearing",
        "Channel": "SIP/261-00000d43",
        "ChannelState": "6",
        "ChannelStateDesc": "Up",
        "ConnectedLineName": "CID:36944000",
        "ConnectedLineNum": "09379330027",
        "Context": "from-internal",
        "Event": "Hangup",
        "Exten": "h",
        "Language": "pr2",
        "Linkedid": "1750836789.48158",
        "Priority": "1",
        "Privilege": "call,all",
        "Uniqueid": "1750836789.48158"
    },
    "start_time": "2025-06-25T11:02:34",
    "status": "answered",
    "timestamp": "2025-06-25T11:03:53",
    "type": "call_summary",
    "uniqueid": "1750836789.48158"
}

{
    "call_type": "",
    "caller_id_name": "261-SUP8",
    "caller_id_num": "261",
    "channel": "SIP/261-00000d49",
    "connected_line_name": "<unknown>",
    "connected_line_num": "<unknown>",
    "direction": "",
    "end_time": "",
    "extension_number": "261",
    "has_ringing": false,
    "linkedid": "1750836904.48282",
    "other_extension_number": "",
    "start_time": "2025-06-25T11:04:11",
    "status": "initiated",
    "timestamp": "2025-06-25T11:04:11",
    "type": "call_started",
    "uniqueid": "1750836904.48282"
}

{
    "channel": "SIP/261-00000d49",
    "privilege": "call,all",
    "timestamp": "2025-06-25T11:04:26",
    "type": "call_answered",
    "uniqueid": "1750836904.48282"
}

{
    "call_type": "external",
    "caller_id_name": "261-SUP8",
    "caller_id_num": "261",
    "cause": "16",
    "cause_description": "",
    "cause_txt": "",
    "channel": "SIP/261-00000d49",
    "connected_line_name": "<unknown>",
    "connected_line_num": "<unknown>",
    "direction": "out",
    "end_time": "2025-06-25T11:05:52",
    "extension_number": "261",
    "has_ringing": false,
    "linkedid": "1750836904.48282",
    "other_extension_number": "09038543475",
    "raw_event": {
        "AccountCode": "",
        "CallerIDName": "<unknown>",
        "CallerIDNum": "36944000",
        "Cause": "16",
        "Cause-txt": "Normal Clearing",
        "Channel": "SIP/261-00000d49",
        "ChannelState": "6",
        "ChannelStateDesc": "Up",
        "ConnectedLineName": "CID:36944000",
        "ConnectedLineNum": "09038543475",
        "Context": "from-internal",
        "Event": "Hangup",
        "Exten": "h",
        "Language": "pr2",
        "Linkedid": "1750836904.48282",
        "Priority": "1",
        "Privilege": "call,all",
        "Uniqueid": "1750836904.48282"
    },
    "start_time": "2025-06-25T11:04:26",
    "status": "answered",
    "timestamp": "2025-06-25T11:05:52",
    "type": "call_ended",
    "uniqueid": "1750836904.48282"
}

{
    "call_duration": 85,
    "call_type": "external",
    "caller_id_name": "261-SUP8",
    "caller_id_num": "261",
    "cause": "16",
    "cause_description": "",
    "cause_txt": "",
    "channel": "SIP/261-00000d49",
    "connected_line_name": "<unknown>",
    "connected_line_num": "<unknown>",
    "direction": "out",
    "end_time": "2025-06-25T11:05:52",
    "extension_number": "261",
    "has_ringing": false,
    "linkedid": "1750836904.48282",
    "other_extension_number": "09038543475",
    "raw_event": {
        "AccountCode": "",
        "CallerIDName": "<unknown>",
        "CallerIDNum": "36944000",
        "Cause": "16",
        "Cause-txt": "Normal Clearing",
        "Channel": "SIP/261-00000d49",
        "ChannelState": "6",
        "ChannelStateDesc": "Up",
        "ConnectedLineName": "CID:36944000",
        "ConnectedLineNum": "09038543475",
        "Context": "from-internal",
        "Event": "Hangup",
        "Exten": "h",
        "Language": "pr2",
        "Linkedid": "1750836904.48282",
        "Priority": "1",
        "Privilege": "call,all",
        "Uniqueid": "1750836904.48282"
    },
    "start_time": "2025-06-25T11:04:26",
    "status": "answered",
    "timestamp": "2025-06-25T11:05:52",
    "type": "call_summary",
    "uniqueid": "1750836904.48282"
}

{
    "call_type": "",
    "caller_id_name": "261-SUP8",
    "caller_id_num": "261",
    "channel": "SIP/261-00000d59",
    "connected_line_name": "<unknown>",
    "connected_line_num": "<unknown>",
    "direction": "",
    "end_time": "",
    "extension_number": "261",
    "has_ringing": false,
    "linkedid": "1750837019.48754",
    "other_extension_number": "",
    "start_time": "2025-06-25T11:06:05",
    "status": "initiated",
    "timestamp": "2025-06-25T11:06:05",
    "type": "call_started",
    "uniqueid": "1750837019.48754"
}

{
    "channel": "SIP/261-00000d59",
    "privilege": "call,all",
    "timestamp": "2025-06-25T11:06:25",
    "type": "call_answered",
    "uniqueid": "1750837019.48754"
}

{
    "call_type": "external",
    "caller_id_name": "261-SUP8",
    "caller_id_num": "261",
    "cause": "16",
    "cause_description": "",
    "cause_txt": "",
    "channel": "SIP/261-00000d59",
    "connected_line_name": "<unknown>",
    "connected_line_num": "<unknown>",
    "direction": "out",
    "end_time": "2025-06-25T11:07:35",
    "extension_number": "261",
    "has_ringing": false,
    "linkedid": "1750837019.48754",
    "other_extension_number": "09122547742",
    "raw_event": {
        "AccountCode": "",
        "CallerIDName": "<unknown>",
        "CallerIDNum": "36944000",
        "Cause": "16",
        "Cause-txt": "Normal Clearing",
        "Channel": "SIP/261-00000d59",
        "ChannelState": "6",
        "ChannelStateDesc": "Up",
        "ConnectedLineName": "CID:36944000",
        "ConnectedLineNum": "09122547742",
        "Context": "from-internal",
        "Event": "Hangup",
        "Exten": "h",
        "Language": "pr2",
        "Linkedid": "1750837019.48754",
        "Priority": "1",
        "Privilege": "call,all",
        "Uniqueid": "1750837019.48754"
    },
    "start_time": "2025-06-25T11:06:25",
    "status": "answered",
    "timestamp": "2025-06-25T11:07:35",
    "type": "call_ended",
    "uniqueid": "1750837019.48754"
}

{
    "call_duration": 70,
    "call_type": "external",
    "caller_id_name": "261-SUP8",
    "caller_id_num": "261",
    "cause": "16",
    "cause_description": "",
    "cause_txt": "",
    "channel": "SIP/261-00000d59",
    "connected_line_name": "<unknown>",
    "connected_line_num": "<unknown>",
    "direction": "out",
    "end_time": "2025-06-25T11:07:35",
    "extension_number": "261",
    "has_ringing": false,
    "linkedid": "1750837019.48754",
    "other_extension_number": "09122547742",
    "raw_event": {
        "AccountCode": "",
        "CallerIDName": "<unknown>",
        "CallerIDNum": "36944000",
        "Cause": "16",
        "Cause-txt": "Normal Clearing",
        "Channel": "SIP/261-00000d59",
        "ChannelState": "6",
        "ChannelStateDesc": "Up",
        "ConnectedLineName": "CID:36944000",
        "ConnectedLineNum": "09122547742",
        "Context": "from-internal",
        "Event": "Hangup",
        "Exten": "h",
        "Language": "pr2",
        "Linkedid": "1750837019.48754",
        "Priority": "1",
        "Privilege": "call,all",
        "Uniqueid": "1750837019.48754"
    },
    "start_time": "2025-06-25T11:06:25",
    "status": "answered",
    "timestamp": "2025-06-25T11:07:35",
    "type": "call_summary",
    "uniqueid": "1750837019.48754"
}

{
    "call_type": "",
    "caller_id_name": "261-SUP8",
    "caller_id_num": "261",
    "channel": "SIP/261-00000d65",
    "connected_line_name": "<unknown>",
    "connected_line_num": "<unknown>",
    "direction": "",
    "end_time": "",
    "extension_number": "261",
    "has_ringing": false,
    "linkedid": "1750837120.48921",
    "other_extension_number": "",
    "start_time": "2025-06-25T11:07:47",
    "status": "initiated",
    "timestamp": "2025-06-25T11:07:47",
    "type": "call_started",
    "uniqueid": "1750837120.48921"
}

{
    "channel": "SIP/261-00000d65",
    "privilege": "call,all",
    "timestamp": "2025-06-25T11:07:58",
    "type": "call_answered",
    "uniqueid": "1750837120.48921"
}

{
    "call_type": "external",
    "caller_id_name": "261-SUP8",
    "caller_id_num": "261",
    "cause": "16",
    "cause_description": "",
    "cause_txt": "",
    "channel": "SIP/261-00000d65",
    "connected_line_name": "<unknown>",
    "connected_line_num": "<unknown>",
    "direction": "out",
    "end_time": "2025-06-25T11:10:48",
    "extension_number": "261",
    "has_ringing": false,
    "linkedid": "1750837120.48921",
    "other_extension_number": "09171593398",
    "raw_event": {
        "AccountCode": "",
        "CallerIDName": "<unknown>",
        "CallerIDNum": "36944000",
        "Cause": "16",
        "Cause-txt": "Normal Clearing",
        "Channel": "SIP/261-00000d65",
        "ChannelState": "6",
        "ChannelStateDesc": "Up",
        "ConnectedLineName": "CID:36944000",
        "ConnectedLineNum": "09171593398",
        "Context": "from-internal",
        "Event": "Hangup",
        "Exten": "h",
        "Language": "pr2",
        "Linkedid": "1750837120.48921",
        "Priority": "1",
        "Privilege": "call,all",
        "Uniqueid": "1750837120.48921"
    },
    "start_time": "2025-06-25T11:07:58",
    "status": "answered",
    "timestamp": "2025-06-25T11:10:48",
    "type": "call_ended",
    "uniqueid": "1750837120.48921"
}

{
    "call_duration": 170,
    "call_type": "external",
    "caller_id_name": "261-SUP8",
    "caller_id_num": "261",
    "cause": "16",
    "cause_description": "",
    "cause_txt": "",
    "channel": "SIP/261-00000d65",
    "connected_line_name": "<unknown>",
    "connected_line_num": "<unknown>",
    "direction": "out",
    "end_time": "2025-06-25T11:10:48",
    "extension_number": "261",
    "has_ringing": false,
    "linkedid": "1750837120.48921",
    "other_extension_number": "09171593398",
    "raw_event": {
        "AccountCode": "",
        "CallerIDName": "<unknown>",
        "CallerIDNum": "36944000",
        "Cause": "16",
        "Cause-txt": "Normal Clearing",
        "Channel": "SIP/261-00000d65",
        "ChannelState": "6",
        "ChannelStateDesc": "Up",
        "ConnectedLineName": "CID:36944000",
        "ConnectedLineNum": "09171593398",
        "Context": "from-internal",
        "Event": "Hangup",
        "Exten": "h",
        "Language": "pr2",
        "Linkedid": "1750837120.48921",
        "Priority": "1",
        "Privilege": "call,all",
        "Uniqueid": "1750837120.48921"
    },
    "start_time": "2025-06-25T11:07:58",
    "status": "answered",
    "timestamp": "2025-06-25T11:10:48",
    "type": "call_summary",
    "uniqueid": "1750837120.48921"
}

{
    "call_type": "",
    "caller_id_name": "261-SUP8",
    "caller_id_num": "261",
    "channel": "SIP/261-00000d79",
    "connected_line_name": "<unknown>",
    "connected_line_num": "<unknown>",
    "direction": "",
    "end_time": "",
    "extension_number": "261",
    "has_ringing": false,
    "linkedid": "1750837332.49214",
    "other_extension_number": "",
    "start_time": "2025-06-25T11:11:18",
    "status": "initiated",
    "timestamp": "2025-06-25T11:11:18",
    "type": "call_started",
    "uniqueid": "1750837332.49214"
}

{
    "channel": "SIP/261-00000d79",
    "privilege": "call,all",
    "timestamp": "2025-06-25T11:11:36",
    "type": "call_answered",
    "uniqueid": "1750837332.49214"
}

{
    "call_type": "external",
    "caller_id_name": "261-SUP8",
    "caller_id_num": "261",
    "cause": "16",
    "cause_description": "",
    "cause_txt": "",
    "channel": "SIP/261-00000d79",
    "connected_line_name": "<unknown>",
    "connected_line_num": "<unknown>",
    "direction": "out",
    "end_time": "2025-06-25T11:12:46",
    "extension_number": "261",
    "has_ringing": false,
    "linkedid": "1750837332.49214",
    "other_extension_number": "09131027092",
    "raw_event": {
        "AccountCode": "",
        "CallerIDName": "<unknown>",
        "CallerIDNum": "36944000",
        "Cause": "16",
        "Cause-txt": "Normal Clearing",
        "Channel": "SIP/261-00000d79",
        "ChannelState": "6",
        "ChannelStateDesc": "Up",
        "ConnectedLineName": "CID:36944000",
        "ConnectedLineNum": "09131027092",
        "Context": "from-internal",
        "Event": "Hangup",
        "Exten": "h",
        "Language": "pr2",
        "Linkedid": "1750837332.49214",
        "Priority": "1",
        "Privilege": "call,all",
        "Uniqueid": "1750837332.49214"
    },
    "start_time": "2025-06-25T11:11:36",
    "status": "answered",
    "timestamp": "2025-06-25T11:12:46",
    "type": "call_ended",
    "uniqueid": "1750837332.49214"
}

{
    "call_duration": 70,
    "call_type": "external",
    "caller_id_name": "261-SUP8",
    "caller_id_num": "261",
    "cause": "16",
    "cause_description": "",
    "cause_txt": "",
    "channel": "SIP/261-00000d79",
    "connected_line_name": "<unknown>",
    "connected_line_num": "<unknown>",
    "direction": "out",
    "end_time": "2025-06-25T11:12:46",
    "extension_number": "261",
    "has_ringing": false,
    "linkedid": "1750837332.49214",
    "other_extension_number": "09131027092",
    "raw_event": {
        "AccountCode": "",
        "CallerIDName": "<unknown>",
        "CallerIDNum": "36944000",
        "Cause": "16",
        "Cause-txt": "Normal Clearing",
        "Channel": "SIP/261-00000d79",
        "ChannelState": "6",
        "ChannelStateDesc": "Up",
        "ConnectedLineName": "CID:36944000",
        "ConnectedLineNum": "09131027092",
        "Context": "from-internal",
        "Event": "Hangup",
        "Exten": "h",
        "Language": "pr2",
        "Linkedid": "1750837332.49214",
        "Priority": "1",
        "Privilege": "call,all",
        "Uniqueid": "1750837332.49214"
    },
    "start_time": "2025-06-25T11:11:36",
    "status": "answered",
    "timestamp": "2025-06-25T11:12:46",
    "type": "call_summary",
    "uniqueid": "1750837332.49214"
}

{
    "call_type": "",
    "caller_id_name": "261-SUP8",
    "caller_id_num": "261",
    "channel": "SIP/261-00000d95",
    "connected_line_name": "<unknown>",
    "connected_line_num": "<unknown>",
    "direction": "",
    "end_time": "",
    "extension_number": "261",
    "has_ringing": false,
    "linkedid": "1750837496.49479",
    "other_extension_number": "",
    "start_time": "2025-06-25T11:14:03",
    "status": "initiated",
    "timestamp": "2025-06-25T11:14:03",
    "type": "call_started",
    "uniqueid": "1750837496.49479"
}

{
    "channel": "SIP/261-00000d95",
    "privilege": "call,all",
    "timestamp": "2025-06-25T11:14:12",
    "type": "call_answered",
    "uniqueid": "1750837496.49479"
}

{
    "call_type": "external",
    "caller_id_name": "261-SUP8",
    "caller_id_num": "261",
    "cause": "16",
    "cause_description": "",
    "cause_txt": "",
    "channel": "SIP/261-00000d95",
    "connected_line_name": "<unknown>",
    "connected_line_num": "<unknown>",
    "direction": "out",
    "end_time": "2025-06-25T11:16:53",
    "extension_number": "261",
    "has_ringing": false,
    "linkedid": "1750837496.49479",
    "other_extension_number": "09108070313",
    "raw_event": {
        "AccountCode": "",
        "CallerIDName": "<unknown>",
        "CallerIDNum": "36944000",
        "Cause": "16",
        "Cause-txt": "Normal Clearing",
        "Channel": "SIP/261-00000d95",
        "ChannelState": "6",
        "ChannelStateDesc": "Up",
        "ConnectedLineName": "CID:36944000",
        "ConnectedLineNum": "09108070313",
        "Context": "from-internal",
        "Event": "Hangup",
        "Exten": "h",
        "Language": "pr2",
        "Linkedid": "1750837496.49479",
        "Priority": "1",
        "Privilege": "call,all",
        "Uniqueid": "1750837496.49479"
    },
    "start_time": "2025-06-25T11:14:12",
    "status": "answered",
    "timestamp": "2025-06-25T11:16:53",
    "type": "call_ended",
    "uniqueid": "1750837496.49479"
}

{
    "call_duration": 161,
    "call_type": "external",
    "caller_id_name": "261-SUP8",
    "caller_id_num": "261",
    "cause": "16",
    "cause_description": "",
    "cause_txt": "",
    "channel": "SIP/261-00000d95",
    "connected_line_name": "<unknown>",
    "connected_line_num": "<unknown>",
    "direction": "out",
    "end_time": "2025-06-25T11:16:53",
    "extension_number": "261",
    "has_ringing": false,
    "linkedid": "1750837496.49479",
    "other_extension_number": "09108070313",
    "raw_event": {
        "AccountCode": "",
        "CallerIDName": "<unknown>",
        "CallerIDNum": "36944000",
        "Cause": "16",
        "Cause-txt": "Normal Clearing",
        "Channel": "SIP/261-00000d95",
        "ChannelState": "6",
        "ChannelStateDesc": "Up",
        "ConnectedLineName": "CID:36944000",
        "ConnectedLineNum": "09108070313",
        "Context": "from-internal",
        "Event": "Hangup",
        "Exten": "h",
        "Language": "pr2",
        "Linkedid": "1750837496.49479",
        "Priority": "1",
        "Privilege": "call,all",
        "Uniqueid": "1750837496.49479"
    },
    "start_time": "2025-06-25T11:14:12",
    "status": "answered",
    "timestamp": "2025-06-25T11:16:53",
    "type": "call_summary",
    "uniqueid": "1750837496.49479"
}

{
    "call_type": "",
    "caller_id_name": "261-SUP8",
    "caller_id_num": "261",
    "channel": "SIP/261-00000daf",
    "connected_line_name": "<unknown>",
    "connected_line_num": "<unknown>",
    "direction": "",
    "end_time": "",
    "extension_number": "261",
    "has_ringing": false,
    "linkedid": "1750837799.50442",
    "other_extension_number": "",
    "start_time": "2025-06-25T11:19:06",
    "status": "initiated",
    "timestamp": "2025-06-25T11:19:06",
    "type": "call_started",
    "uniqueid": "1750837799.50442"
}

{
    "call_type": "external",
    "caller_id_name": "261-SUP8",
    "caller_id_num": "261",
    "cause": "17",
    "cause_description": "",
    "cause_txt": "",
    "channel": "SIP/261-00000daf",
    "connected_line_name": "<unknown>",
    "connected_line_num": "<unknown>",
    "direction": "out",
    "end_time": "2025-06-25T11:19:53",
    "extension_number": "261",
    "has_ringing": false,
    "linkedid": "1750837799.50442",
    "other_extension_number": "09155353780",
    "raw_event": {
        "AccountCode": "",
        "CallerIDName": "<unknown>",
        "CallerIDNum": "36944000",
        "Cause": "17",
        "Cause-txt": "User busy",
        "Channel": "SIP/261-00000daf",
        "ChannelState": "7",
        "ChannelStateDesc": "Busy",
        "ConnectedLineName": "CID:36944000",
        "ConnectedLineNum": "09155353780",
        "Context": "from-internal",
        "Event": "Hangup",
        "Exten": "h",
        "Language": "pr2",
        "Linkedid": "1750837799.50442",
        "Priority": "1",
        "Privilege": "call,all",
        "Uniqueid": "1750837799.50442"
    },
    "start_time": "2025-06-25T11:19:06",
    "status": "initiated",
    "timestamp": "2025-06-25T11:19:53",
    "type": "call_ended",
    "uniqueid": "1750837799.50442"
}

{
    "call_duration": 47,
    "call_type": "external",
    "caller_id_name": "261-SUP8",
    "caller_id_num": "261",
    "cause": "17",
    "cause_description": "",
    "cause_txt": "",
    "channel": "SIP/261-00000daf",
    "connected_line_name": "<unknown>",
    "connected_line_num": "<unknown>",
    "direction": "out",
    "end_time": "2025-06-25T11:19:53",
    "extension_number": "261",
    "has_ringing": false,
    "linkedid": "1750837799.50442",
    "other_extension_number": "09155353780",
    "raw_event": {
        "AccountCode": "",
        "CallerIDName": "<unknown>",
        "CallerIDNum": "36944000",
        "Cause": "17",
        "Cause-txt": "User busy",
        "Channel": "SIP/261-00000daf",
        "ChannelState": "7",
        "ChannelStateDesc": "Busy",
        "ConnectedLineName": "CID:36944000",
        "ConnectedLineNum": "09155353780",
        "Context": "from-internal",
        "Event": "Hangup",
        "Exten": "h",
        "Language": "pr2",
        "Linkedid": "1750837799.50442",
        "Priority": "1",
        "Privilege": "call,all",
        "Uniqueid": "1750837799.50442"
    },
    "start_time": "2025-06-25T11:19:06",
    "status": "initiated",
    "timestamp": "2025-06-25T11:19:53",
    "type": "call_summary",
    "uniqueid": "1750837799.50442"
}

{
    "call_type": "",
    "caller_id_name": "261-SUP8",
    "caller_id_num": "261",
    "channel": "SIP/261-00000dba",
    "connected_line_name": "<unknown>",
    "connected_line_num": "<unknown>",
    "direction": "",
    "end_time": "",
    "extension_number": "261",
    "has_ringing": false,
    "linkedid": "1750837877.50578",
    "other_extension_number": "",
    "start_time": "2025-06-25T11:20:23",
    "status": "initiated",
    "timestamp": "2025-06-25T11:20:23",
    "type": "call_started",
    "uniqueid": "1750837877.50578"
}

{
    "channel": "SIP/261-00000dba",
    "privilege": "call,all",
    "timestamp": "2025-06-25T11:20:44",
    "type": "call_answered",
    "uniqueid": "1750837877.50578"
}

{
    "call_type": "external",
    "caller_id_name": "261-SUP8",
    "caller_id_num": "261",
    "cause": "16",
    "cause_description": "",
    "cause_txt": "",
    "channel": "SIP/261-00000dba",
    "connected_line_name": "<unknown>",
    "connected_line_num": "<unknown>",
    "direction": "out",
    "end_time": "2025-06-25T11:24:24",
    "extension_number": "261",
    "has_ringing": false,
    "linkedid": "1750837877.50578",
    "other_extension_number": "09393681629",
    "raw_event": {
        "AccountCode": "",
        "CallerIDName": "<unknown>",
        "CallerIDNum": "36944000",
        "Cause": "16",
        "Cause-txt": "Normal Clearing",
        "Channel": "SIP/261-00000dba",
        "ChannelState": "6",
        "ChannelStateDesc": "Up",
        "ConnectedLineName": "CID:36944000",
        "ConnectedLineNum": "09393681629",
        "Context": "from-internal",
        "Event": "Hangup",
        "Exten": "h",
        "Language": "pr2",
        "Linkedid": "1750837877.50578",
        "Priority": "1",
        "Privilege": "call,all",
        "Uniqueid": "1750837877.50578"
    },
    "start_time": "2025-06-25T11:20:44",
    "status": "answered",
    "timestamp": "2025-06-25T11:24:24",
    "type": "call_ended",
    "uniqueid": "1750837877.50578"
}

{
    "call_duration": 220,
    "call_type": "external",
    "caller_id_name": "261-SUP8",
    "caller_id_num": "261",
    "cause": "16",
    "cause_description": "",
    "cause_txt": "",
    "channel": "SIP/261-00000dba",
    "connected_line_name": "<unknown>",
    "connected_line_num": "<unknown>",
    "direction": "out",
    "end_time": "2025-06-25T11:24:24",
    "extension_number": "261",
    "has_ringing": false,
    "linkedid": "1750837877.50578",
    "other_extension_number": "09393681629",
    "raw_event": {
        "AccountCode": "",
        "CallerIDName": "<unknown>",
        "CallerIDNum": "36944000",
        "Cause": "16",
        "Cause-txt": "Normal Clearing",
        "Channel": "SIP/261-00000dba",
        "ChannelState": "6",
        "ChannelStateDesc": "Up",
        "ConnectedLineName": "CID:36944000",
        "ConnectedLineNum": "09393681629",
        "Context": "from-internal",
        "Event": "Hangup",
        "Exten": "h",
        "Language": "pr2",
        "Linkedid": "1750837877.50578",
        "Priority": "1",
        "Privilege": "call,all",
        "Uniqueid": "1750837877.50578"
    },
    "start_time": "2025-06-25T11:20:44",
    "status": "answered",
    "timestamp": "2025-06-25T11:24:24",
    "type": "call_summary",
    "uniqueid": "1750837877.50578"
}

{
    "call_type": "",
    "caller_id_name": "261-SUP8",
    "caller_id_num": "261",
    "channel": "SIP/261-00000e58",
    "connected_line_name": "<unknown>",
    "connected_line_num": "<unknown>",
    "direction": "",
    "end_time": "",
    "extension_number": "261",
    "has_ringing": false,
    "linkedid": "1750839240.52412",
    "other_extension_number": "",
    "start_time": "2025-06-25T11:43:07",
    "status": "initiated",
    "timestamp": "2025-06-25T11:43:07",
    "type": "call_started",
    "uniqueid": "1750839240.52412"
}

{
    "call_type": "external",
    "caller_id_name": "261-SUP8",
    "caller_id_num": "261",
    "cause": "16",
    "cause_description": "",
    "cause_txt": "",
    "channel": "SIP/261-00000e58",
    "connected_line_name": "<unknown>",
    "connected_line_num": "<unknown>",
    "direction": "out",
    "end_time": "2025-06-25T11:43:41",
    "extension_number": "261",
    "has_ringing": false,
    "linkedid": "1750839240.52412",
    "other_extension_number": "09176680776",
    "raw_event": {
        "AccountCode": "",
        "CallerIDName": "<unknown>",
        "CallerIDNum": "36944000",
        "Cause": "16",
        "Cause-txt": "Normal Clearing",
        "Channel": "SIP/261-00000e58",
        "ChannelState": "4",
        "ChannelStateDesc": "Ring",
        "ConnectedLineName": "CID:36944000",
        "ConnectedLineNum": "09176680776",
        "Context": "from-internal",
        "Event": "Hangup",
        "Exten": "h",
        "Language": "pr2",
        "Linkedid": "1750839240.52412",
        "Priority": "1",
        "Privilege": "call,all",
        "Uniqueid": "1750839240.52412"
    },
    "start_time": "2025-06-25T11:43:07",
    "status": "initiated",
    "timestamp": "2025-06-25T11:43:41",
    "type": "call_ended",
    "uniqueid": "1750839240.52412"
}

{
    "call_duration": 34,
    "call_type": "external",
    "caller_id_name": "261-SUP8",
    "caller_id_num": "261",
    "cause": "16",
    "cause_description": "",
    "cause_txt": "",
    "channel": "SIP/261-00000e58",
    "connected_line_name": "<unknown>",
    "connected_line_num": "<unknown>",
    "direction": "out",
    "end_time": "2025-06-25T11:43:41",
    "extension_number": "261",
    "has_ringing": false,
    "linkedid": "1750839240.52412",
    "other_extension_number": "09176680776",
    "raw_event": {
        "AccountCode": "",
        "CallerIDName": "<unknown>",
        "CallerIDNum": "36944000",
        "Cause": "16",
        "Cause-txt": "Normal Clearing",
        "Channel": "SIP/261-00000e58",
        "ChannelState": "4",
        "ChannelStateDesc": "Ring",
        "ConnectedLineName": "CID:36944000",
        "ConnectedLineNum": "09176680776",
        "Context": "from-internal",
        "Event": "Hangup",
        "Exten": "h",
        "Language": "pr2",
        "Linkedid": "1750839240.52412",
        "Priority": "1",
        "Privilege": "call,all",
        "Uniqueid": "1750839240.52412"
    },
    "start_time": "2025-06-25T11:43:07",
    "status": "initiated",
    "timestamp": "2025-06-25T11:43:41",
    "type": "call_summary",
    "uniqueid": "1750839240.52412"
}

{
    "call_type": "",
    "caller_id_name": "261-SUP8",
    "caller_id_num": "261",
    "channel": "SIP/261-00000e5e",
    "connected_line_name": "<unknown>",
    "connected_line_num": "<unknown>",
    "direction": "",
    "end_time": "",
    "extension_number": "261",
    "has_ringing": false,
    "linkedid": "1750839277.52488",
    "other_extension_number": "",
    "start_time": "2025-06-25T11:43:44",
    "status": "initiated",
    "timestamp": "2025-06-25T11:43:44",
    "type": "call_started",
    "uniqueid": "1750839277.52488"
}

{
    "call_type": "external",
    "caller_id_name": "261-SUP8",
    "caller_id_num": "261",
    "cause": "17",
    "cause_description": "",
    "cause_txt": "",
    "channel": "SIP/261-00000e5e",
    "connected_line_name": "<unknown>",
    "connected_line_num": "<unknown>",
    "direction": "out",
    "end_time": "2025-06-25T11:43:51",
    "extension_number": "261",
    "has_ringing": false,
    "linkedid": "1750839277.52488",
    "other_extension_number": "09918549301",
    "raw_event": {
        "AccountCode": "",
        "CallerIDName": "<unknown>",
        "CallerIDNum": "36944000",
        "Cause": "17",
        "Cause-txt": "User busy",
        "Channel": "SIP/261-00000e5e",
        "ChannelState": "7",
        "ChannelStateDesc": "Busy",
        "ConnectedLineName": "CID:36944000",
        "ConnectedLineNum": "09918549301",
        "Context": "from-internal",
        "Event": "Hangup",
        "Exten": "h",
        "Language": "pr2",
        "Linkedid": "1750839277.52488",
        "Priority": "1",
        "Privilege": "call,all",
        "Uniqueid": "1750839277.52488"
    },
    "start_time": "2025-06-25T11:43:44",
    "status": "initiated",
    "timestamp": "2025-06-25T11:43:51",
    "type": "call_ended",
    "uniqueid": "1750839277.52488"
}

{
    "call_duration": 7,
    "call_type": "external",
    "caller_id_name": "261-SUP8",
    "caller_id_num": "261",
    "cause": "17",
    "cause_description": "",
    "cause_txt": "",
    "channel": "SIP/261-00000e5e",
    "connected_line_name": "<unknown>",
    "connected_line_num": "<unknown>",
    "direction": "out",
    "end_time": "2025-06-25T11:43:51",
    "extension_number": "261",
    "has_ringing": false,
    "linkedid": "1750839277.52488",
    "other_extension_number": "09918549301",
    "raw_event": {
        "AccountCode": "",
        "CallerIDName": "<unknown>",
        "CallerIDNum": "36944000",
        "Cause": "17",
        "Cause-txt": "User busy",
        "Channel": "SIP/261-00000e5e",
        "ChannelState": "7",
        "ChannelStateDesc": "Busy",
        "ConnectedLineName": "CID:36944000",
        "ConnectedLineNum": "09918549301",
        "Context": "from-internal",
        "Event": "Hangup",
        "Exten": "h",
        "Language": "pr2",
        "Linkedid": "1750839277.52488",
        "Priority": "1",
        "Privilege": "call,all",
        "Uniqueid": "1750839277.52488"
    },
    "start_time": "2025-06-25T11:43:44",
    "status": "initiated",
    "timestamp": "2025-06-25T11:43:51",
    "type": "call_summary",
    "uniqueid": "1750839277.52488"
}

{
    "call_type": "",
    "caller_id_name": "261-SUP8",
    "caller_id_num": "261",
    "channel": "SIP/261-00000e64",
    "connected_line_name": "<unknown>",
    "connected_line_num": "<unknown>",
    "direction": "",
    "end_time": "",
    "extension_number": "261",
    "has_ringing": false,
    "linkedid": "1750839312.52580",
    "other_extension_number": "",
    "start_time": "2025-06-25T11:44:18",
    "status": "initiated",
    "timestamp": "2025-06-25T11:44:18",
    "type": "call_started",
    "uniqueid": "1750839312.52580"
}

{
    "channel": "SIP/261-00000e64",
    "privilege": "call,all",
    "timestamp": "2025-06-25T11:44:29",
    "type": "call_answered",
    "uniqueid": "1750839312.52580"
}

{
    "call_type": "external",
    "caller_id_name": "261-SUP8",
    "caller_id_num": "261",
    "cause": "16",
    "cause_description": "",
    "cause_txt": "",
    "channel": "SIP/261-00000e64",
    "connected_line_name": "<unknown>",
    "connected_line_num": "<unknown>",
    "direction": "out",
    "end_time": "2025-06-25T11:45:32",
    "extension_number": "261",
    "has_ringing": false,
    "linkedid": "1750839312.52580",
    "other_extension_number": "09138839110",
    "raw_event": {
        "AccountCode": "",
        "CallerIDName": "<unknown>",
        "CallerIDNum": "36944000",
        "Cause": "16",
        "Cause-txt": "Normal Clearing",
        "Channel": "SIP/261-00000e64",
        "ChannelState": "6",
        "ChannelStateDesc": "Up",
        "ConnectedLineName": "CID:36944000",
        "ConnectedLineNum": "09138839110",
        "Context": "from-internal",
        "Event": "Hangup",
        "Exten": "h",
        "Language": "pr2",
        "Linkedid": "1750839312.52580",
        "Priority": "1",
        "Privilege": "call,all",
        "Uniqueid": "1750839312.52580"
    },
    "start_time": "2025-06-25T11:44:29",
    "status": "answered",
    "timestamp": "2025-06-25T11:45:32",
    "type": "call_ended",
    "uniqueid": "1750839312.52580"
}

{
    "call_duration": 62,
    "call_type": "external",
    "caller_id_name": "261-SUP8",
    "caller_id_num": "261",
    "cause": "16",
    "cause_description": "",
    "cause_txt": "",
    "channel": "SIP/261-00000e64",
    "connected_line_name": "<unknown>",
    "connected_line_num": "<unknown>",
    "direction": "out",
    "end_time": "2025-06-25T11:45:32",
    "extension_number": "261",
    "has_ringing": false,
    "linkedid": "1750839312.52580",
    "other_extension_number": "09138839110",
    "raw_event": {
        "AccountCode": "",
        "CallerIDName": "<unknown>",
        "CallerIDNum": "36944000",
        "Cause": "16",
        "Cause-txt": "Normal Clearing",
        "Channel": "SIP/261-00000e64",
        "ChannelState": "6",
        "ChannelStateDesc": "Up",
        "ConnectedLineName": "CID:36944000",
        "ConnectedLineNum": "09138839110",
        "Context": "from-internal",
        "Event": "Hangup",
        "Exten": "h",
        "Language": "pr2",
        "Linkedid": "1750839312.52580",
        "Priority": "1",
        "Privilege": "call,all",
        "Uniqueid": "1750839312.52580"
    },
    "start_time": "2025-06-25T11:44:29",
    "status": "answered",
    "timestamp": "2025-06-25T11:45:32",
    "type": "call_summary",
    "uniqueid": "1750839312.52580"
}

{
    "call_type": "",
    "caller_id_name": "261-SUP8",
    "caller_id_num": "261",
    "channel": "SIP/261-00000e77",
    "connected_line_name": "<unknown>",
    "connected_line_num": "<unknown>",
    "direction": "",
    "end_time": "",
    "extension_number": "261",
    "has_ringing": false,
    "linkedid": "1750839423.52789",
    "other_extension_number": "",
    "start_time": "2025-06-25T11:46:10",
    "status": "initiated",
    "timestamp": "2025-06-25T11:46:10",
    "type": "call_started",
    "uniqueid": "1750839423.52789"
}

{
    "channel": "SIP/261-00000e77",
    "privilege": "call,all",
    "timestamp": "2025-06-25T11:46:21",
    "type": "call_answered",
    "uniqueid": "1750839423.52789"
}

{
    "call_type": "external",
    "caller_id_name": "261-SUP8",
    "caller_id_num": "261",
    "cause": "16",
    "cause_description": "",
    "cause_txt": "",
    "channel": "SIP/261-00000e77",
    "connected_line_name": "<unknown>",
    "connected_line_num": "<unknown>",
    "direction": "out",
    "end_time": "2025-06-25T11:49:07",
    "extension_number": "261",
    "has_ringing": false,
    "linkedid": "1750839423.52789",
    "other_extension_number": "09171086681",
    "raw_event": {
        "AccountCode": "",
        "CallerIDName": "<unknown>",
        "CallerIDNum": "36944000",
        "Cause": "16",
        "Cause-txt": "Normal Clearing",
        "Channel": "SIP/261-00000e77",
        "ChannelState": "6",
        "ChannelStateDesc": "Up",
        "ConnectedLineName": "CID:36944000",
        "ConnectedLineNum": "09171086681",
        "Context": "from-internal",
        "Event": "Hangup",
        "Exten": "h",
        "Language": "pr2",
        "Linkedid": "1750839423.52789",
        "Priority": "1",
        "Privilege": "call,all",
        "Uniqueid": "1750839423.52789"
    },
    "start_time": "2025-06-25T11:46:21",
    "status": "answered",
    "timestamp": "2025-06-25T11:49:07",
    "type": "call_ended",
    "uniqueid": "1750839423.52789"
}

{
    "call_duration": 166,
    "call_type": "external",
    "caller_id_name": "261-SUP8",
    "caller_id_num": "261",
    "cause": "16",
    "cause_description": "",
    "cause_txt": "",
    "channel": "SIP/261-00000e77",
    "connected_line_name": "<unknown>",
    "connected_line_num": "<unknown>",
    "direction": "out",
    "end_time": "2025-06-25T11:49:07",
    "extension_number": "261",
    "has_ringing": false,
    "linkedid": "1750839423.52789",
    "other_extension_number": "09171086681",
    "raw_event": {
        "AccountCode": "",
        "CallerIDName": "<unknown>",
        "CallerIDNum": "36944000",
        "Cause": "16",
        "Cause-txt": "Normal Clearing",
        "Channel": "SIP/261-00000e77",
        "ChannelState": "6",
        "ChannelStateDesc": "Up",
        "ConnectedLineName": "CID:36944000",
        "ConnectedLineNum": "09171086681",
        "Context": "from-internal",
        "Event": "Hangup",
        "Exten": "h",
        "Language": "pr2",
        "Linkedid": "1750839423.52789",
        "Priority": "1",
        "Privilege": "call,all",
        "Uniqueid": "1750839423.52789"
    },
    "start_time": "2025-06-25T11:46:21",
    "status": "answered",
    "timestamp": "2025-06-25T11:49:07",
    "type": "call_summary",
    "uniqueid": "1750839423.52789"
}

{
    "call_type": "",
    "caller_id_name": "261-SUP8",
    "caller_id_num": "261",
    "channel": "SIP/261-00000ebb",
    "connected_line_name": "<unknown>",
    "connected_line_num": "<unknown>",
    "direction": "",
    "end_time": "",
    "extension_number": "261",
    "has_ringing": false,
    "linkedid": "1750839763.53624",
    "other_extension_number": "",
    "start_time": "2025-06-25T11:51:50",
    "status": "initiated",
    "timestamp": "2025-06-25T11:51:50",
    "type": "call_started",
    "uniqueid": "1750839763.53624"
}

{
    "call_type": "external",
    "caller_id_name": "261-SUP8",
    "caller_id_num": "261",
    "cause": "17",
    "cause_description": "",
    "cause_txt": "",
    "channel": "SIP/261-00000ebb",
    "connected_line_name": "<unknown>",
    "connected_line_num": "<unknown>",
    "direction": "out",
    "end_time": "2025-06-25T11:51:52",
    "extension_number": "261",
    "has_ringing": false,
    "linkedid": "1750839763.53624",
    "other_extension_number": "09152456244",
    "raw_event": {
        "AccountCode": "",
        "CallerIDName": "<unknown>",
        "CallerIDNum": "36944000",
        "Cause": "17",
        "Cause-txt": "User busy",
        "Channel": "SIP/261-00000ebb",
        "ChannelState": "7",
        "ChannelStateDesc": "Busy",
        "ConnectedLineName": "CID:36944000",
        "ConnectedLineNum": "09152456244",
        "Context": "from-internal",
        "Event": "Hangup",
        "Exten": "h",
        "Language": "pr2",
        "Linkedid": "1750839763.53624",
        "Priority": "1",
        "Privilege": "call,all",
        "Uniqueid": "1750839763.53624"
    },
    "start_time": "2025-06-25T11:51:50",
    "status": "initiated",
    "timestamp": "2025-06-25T11:51:52",
    "type": "call_ended",
    "uniqueid": "1750839763.53624"
}

{
    "call_duration": 1,
    "call_type": "external",
    "caller_id_name": "261-SUP8",
    "caller_id_num": "261",
    "cause": "17",
    "cause_description": "",
    "cause_txt": "",
    "channel": "SIP/261-00000ebb",
    "connected_line_name": "<unknown>",
    "connected_line_num": "<unknown>",
    "direction": "out",
    "end_time": "2025-06-25T11:51:52",
    "extension_number": "261",
    "has_ringing": false,
    "linkedid": "1750839763.53624",
    "other_extension_number": "09152456244",
    "raw_event": {
        "AccountCode": "",
        "CallerIDName": "<unknown>",
        "CallerIDNum": "36944000",
        "Cause": "17",
        "Cause-txt": "User busy",
        "Channel": "SIP/261-00000ebb",
        "ChannelState": "7",
        "ChannelStateDesc": "Busy",
        "ConnectedLineName": "CID:36944000",
        "ConnectedLineNum": "09152456244",
        "Context": "from-internal",
        "Event": "Hangup",
        "Exten": "h",
        "Language": "pr2",
        "Linkedid": "1750839763.53624",
        "Priority": "1",
        "Privilege": "call,all",
        "Uniqueid": "1750839763.53624"
    },
    "start_time": "2025-06-25T11:51:50",
    "status": "initiated",
    "timestamp": "2025-06-25T11:51:52",
    "type": "call_summary",
    "uniqueid": "1750839763.53624"
}

{
    "call_type": "",
    "caller_id_name": "261-SUP8",
    "caller_id_num": "261",
    "channel": "SIP/261-00000ebe",
    "connected_line_name": "<unknown>",
    "connected_line_num": "<unknown>",
    "direction": "",
    "end_time": "",
    "extension_number": "261",
    "has_ringing": false,
    "linkedid": "1750839777.53675",
    "other_extension_number": "",
    "start_time": "2025-06-25T11:52:03",
    "status": "initiated",
    "timestamp": "2025-06-25T11:52:03",
    "type": "call_started",
    "uniqueid": "1750839777.53675"
}

{
    "call_type": "external",
    "caller_id_name": "261-SUP8",
    "caller_id_num": "261",
    "cause": "17",
    "cause_description": "",
    "cause_txt": "",
    "channel": "SIP/261-00000ebe",
    "connected_line_name": "<unknown>",
    "connected_line_num": "<unknown>",
    "direction": "out",
    "end_time": "2025-06-25T11:52:49",
    "extension_number": "261",
    "has_ringing": false,
    "linkedid": "1750839777.53675",
    "other_extension_number": "09152456244",
    "raw_event": {
        "AccountCode": "",
        "CallerIDName": "<unknown>",
        "CallerIDNum": "261",
        "Cause": "17",
        "Cause-txt": "User busy",
        "Channel": "SIP/261-00000ebe",
        "ChannelState": "4",
        "ChannelStateDesc": "Ring",
        "ConnectedLineName": "CID:3195019154",
        "ConnectedLineNum": "09152456244",
        "Context": "from-internal",
        "Event": "Hangup",
        "Exten": "h",
        "Language": "pr2",
        "Linkedid": "1750839777.53675",
        "Priority": "1",
        "Privilege": "call,all",
        "Uniqueid": "1750839777.53675"
    },
    "start_time": "2025-06-25T11:52:03",
    "status": "initiated",
    "timestamp": "2025-06-25T11:52:49",
    "type": "call_ended",
    "uniqueid": "1750839777.53675"
}

{
    "call_duration": 45,
    "call_type": "external",
    "caller_id_name": "261-SUP8",
    "caller_id_num": "261",
    "cause": "17",
    "cause_description": "",
    "cause_txt": "",
    "channel": "SIP/261-00000ebe",
    "connected_line_name": "<unknown>",
    "connected_line_num": "<unknown>",
    "direction": "out",
    "end_time": "2025-06-25T11:52:49",
    "extension_number": "261",
    "has_ringing": false,
    "linkedid": "1750839777.53675",
    "other_extension_number": "09152456244",
    "raw_event": {
        "AccountCode": "",
        "CallerIDName": "<unknown>",
        "CallerIDNum": "261",
        "Cause": "17",
        "Cause-txt": "User busy",
        "Channel": "SIP/261-00000ebe",
        "ChannelState": "4",
        "ChannelStateDesc": "Ring",
        "ConnectedLineName": "CID:3195019154",
        "ConnectedLineNum": "09152456244",
        "Context": "from-internal",
        "Event": "Hangup",
        "Exten": "h",
        "Language": "pr2",
        "Linkedid": "1750839777.53675",
        "Priority": "1",
        "Privilege": "call,all",
        "Uniqueid": "1750839777.53675"
    },
    "start_time": "2025-06-25T11:52:03",
    "status": "initiated",
    "timestamp": "2025-06-25T11:52:49",
    "type": "call_summary",
    "uniqueid": "1750839777.53675"
}

{
    "call_type": "",
    "caller_id_name": "261-SUP8",
    "caller_id_num": "261",
    "channel": "SIP/261-00000ee7",
    "connected_line_name": "<unknown>",
    "connected_line_num": "<unknown>",
    "direction": "",
    "end_time": "",
    "extension_number": "261",
    "has_ringing": false,
    "linkedid": "1750839940.54153",
    "other_extension_number": "",
    "start_time": "2025-06-25T11:54:46",
    "status": "initiated",
    "timestamp": "2025-06-25T11:54:46",
    "type": "call_started",
    "uniqueid": "1750839940.54153"
}

{
    "call_type": "external",
    "caller_id_name": "261-SUP8",
    "caller_id_num": "261",
    "cause": "17",
    "cause_description": "",
    "cause_txt": "",
    "channel": "SIP/261-00000ee7",
    "connected_line_name": "<unknown>",
    "connected_line_num": "<unknown>",
    "direction": "out",
    "end_time": "2025-06-25T11:55:14",
    "extension_number": "261",
    "has_ringing": false,
    "linkedid": "1750839940.54153",
    "other_extension_number": "09116896010",
    "raw_event": {
        "AccountCode": "",
        "CallerIDName": "<unknown>",
        "CallerIDNum": "36944000",
        "Cause": "17",
        "Cause-txt": "User busy",
        "Channel": "SIP/261-00000ee7",
        "ChannelState": "7",
        "ChannelStateDesc": "Busy",
        "ConnectedLineName": "CID:36944000",
        "ConnectedLineNum": "09116896010",
        "Context": "from-internal",
        "Event": "Hangup",
        "Exten": "h",
        "Language": "pr2",
        "Linkedid": "1750839940.54153",
        "Priority": "1",
        "Privilege": "call,all",
        "Uniqueid": "1750839940.54153"
    },
    "start_time": "2025-06-25T11:54:46",
    "status": "initiated",
    "timestamp": "2025-06-25T11:55:14",
    "type": "call_ended",
    "uniqueid": "1750839940.54153"
}

{
    "call_duration": 27,
    "call_type": "external",
    "caller_id_name": "261-SUP8",
    "caller_id_num": "261",
    "cause": "17",
    "cause_description": "",
    "cause_txt": "",
    "channel": "SIP/261-00000ee7",
    "connected_line_name": "<unknown>",
    "connected_line_num": "<unknown>",
    "direction": "out",
    "end_time": "2025-06-25T11:55:14",
    "extension_number": "261",
    "has_ringing": false,
    "linkedid": "1750839940.54153",
    "other_extension_number": "09116896010",
    "raw_event": {
        "AccountCode": "",
        "CallerIDName": "<unknown>",
        "CallerIDNum": "36944000",
        "Cause": "17",
        "Cause-txt": "User busy",
        "Channel": "SIP/261-00000ee7",
        "ChannelState": "7",
        "ChannelStateDesc": "Busy",
        "ConnectedLineName": "CID:36944000",
        "ConnectedLineNum": "09116896010",
        "Context": "from-internal",
        "Event": "Hangup",
        "Exten": "h",
        "Language": "pr2",
        "Linkedid": "1750839940.54153",
        "Priority": "1",
        "Privilege": "call,all",
        "Uniqueid": "1750839940.54153"
    },
    "start_time": "2025-06-25T11:54:46",
    "status": "initiated",
    "timestamp": "2025-06-25T11:55:14",
    "type": "call_summary",
    "uniqueid": "1750839940.54153"
}

{
    "call_type": "",
    "caller_id_name": "261-SUP8",
    "caller_id_num": "261",
    "channel": "SIP/261-00000eed",
    "connected_line_name": "<unknown>",
    "connected_line_num": "<unknown>",
    "direction": "",
    "end_time": "",
    "extension_number": "261",
    "has_ringing": false,
    "linkedid": "1750839979.54211",
    "other_extension_number": "",
    "start_time": "2025-06-25T11:55:25",
    "status": "initiated",
    "timestamp": "2025-06-25T11:55:25",
    "type": "call_started",
    "uniqueid": "1750839979.54211"
}

{
    "channel": "SIP/261-00000eed",
    "privilege": "call,all",
    "timestamp": "2025-06-25T11:55:41",
    "type": "call_answered",
    "uniqueid": "1750839979.54211"
}

{
    "call_type": "external",
    "caller_id_name": "261-SUP8",
    "caller_id_num": "261",
    "cause": "16",
    "cause_description": "",
    "cause_txt": "",
    "channel": "SIP/261-00000eed",
    "connected_line_name": "<unknown>",
    "connected_line_num": "<unknown>",
    "direction": "out",
    "end_time": "2025-06-25T12:00:33",
    "extension_number": "261",
    "has_ringing": false,
    "linkedid": "1750839979.54211",
    "other_extension_number": "09014578926",
    "raw_event": {
        "AccountCode": "",
        "CallerIDName": "<unknown>",
        "CallerIDNum": "36944000",
        "Cause": "16",
        "Cause-txt": "Normal Clearing",
        "Channel": "SIP/261-00000eed",
        "ChannelState": "6",
        "ChannelStateDesc": "Up",
        "ConnectedLineName": "CID:36944000",
        "ConnectedLineNum": "09014578926",
        "Context": "from-internal",
        "Event": "Hangup",
        "Exten": "h",
        "Language": "pr2",
        "Linkedid": "1750839979.54211",
        "Priority": "1",
        "Privilege": "call,all",
        "Uniqueid": "1750839979.54211"
    },
    "start_time": "2025-06-25T11:55:41",
    "status": "answered",
    "timestamp": "2025-06-25T12:00:33",
    "type": "call_ended",
    "uniqueid": "1750839979.54211"
}

{
    "call_duration": 291,
    "call_type": "external",
    "caller_id_name": "261-SUP8",
    "caller_id_num": "261",
    "cause": "16",
    "cause_description": "",
    "cause_txt": "",
    "channel": "SIP/261-00000eed",
    "connected_line_name": "<unknown>",
    "connected_line_num": "<unknown>",
    "direction": "out",
    "end_time": "2025-06-25T12:00:33",
    "extension_number": "261",
    "has_ringing": false,
    "linkedid": "1750839979.54211",
    "other_extension_number": "09014578926",
    "raw_event": {
        "AccountCode": "",
        "CallerIDName": "<unknown>",
        "CallerIDNum": "36944000",
        "Cause": "16",
        "Cause-txt": "Normal Clearing",
        "Channel": "SIP/261-00000eed",
        "ChannelState": "6",
        "ChannelStateDesc": "Up",
        "ConnectedLineName": "CID:36944000",
        "ConnectedLineNum": "09014578926",
        "Context": "from-internal",
        "Event": "Hangup",
        "Exten": "h",
        "Language": "pr2",
        "Linkedid": "1750839979.54211",
        "Priority": "1",
        "Privilege": "call,all",
        "Uniqueid": "1750839979.54211"
    },
    "start_time": "2025-06-25T11:55:41",
    "status": "answered",
    "timestamp": "2025-06-25T12:00:33",
    "type": "call_summary",
    "uniqueid": "1750839979.54211"
}

{
    "call_type": "",
    "caller_id_name": "261-SUP8",
    "caller_id_num": "261",
    "channel": "SIP/261-00000f1d",
    "connected_line_name": "<unknown>",
    "connected_line_num": "<unknown>",
    "direction": "",
    "end_time": "",
    "extension_number": "261",
    "has_ringing": false,
    "linkedid": "1750840391.54825",
    "other_extension_number": "",
    "start_time": "2025-06-25T12:02:17",
    "status": "initiated",
    "timestamp": "2025-06-25T12:02:17",
    "type": "call_started",
    "uniqueid": "1750840391.54825"
}

{
    "channel": "SIP/261-00000f1d",
    "privilege": "call,all",
    "timestamp": "2025-06-25T12:02:21",
    "type": "call_answered",
    "uniqueid": "1750840391.54825"
}

{
    "call_type": "external",
    "caller_id_name": "261-SUP8",
    "caller_id_num": "261",
    "cause": "16",
    "cause_description": "",
    "cause_txt": "",
    "channel": "SIP/261-00000f1d",
    "connected_line_name": "<unknown>",
    "connected_line_num": "<unknown>",
    "direction": "out",
    "end_time": "2025-06-25T12:03:41",
    "extension_number": "261",
    "has_ringing": false,
    "linkedid": "1750840391.54825",
    "other_extension_number": "09132150114",
    "raw_event": {
        "AccountCode": "",
        "CallerIDName": "<unknown>",
        "CallerIDNum": "36944000",
        "Cause": "16",
        "Cause-txt": "Normal Clearing",
        "Channel": "SIP/261-00000f1d",
        "ChannelState": "6",
        "ChannelStateDesc": "Up",
        "ConnectedLineName": "CID:36944000",
        "ConnectedLineNum": "09132150114",
        "Context": "from-internal",
        "Event": "Hangup",
        "Exten": "h",
        "Language": "pr2",
        "Linkedid": "1750840391.54825",
        "Priority": "1",
        "Privilege": "call,all",
        "Uniqueid": "1750840391.54825"
    },
    "start_time": "2025-06-25T12:02:21",
    "status": "answered",
    "timestamp": "2025-06-25T12:03:41",
    "type": "call_ended",
    "uniqueid": "1750840391.54825"
}

{
    "call_duration": 79,
    "call_type": "external",
    "caller_id_name": "261-SUP8",
    "caller_id_num": "261",
    "cause": "16",
    "cause_description": "",
    "cause_txt": "",
    "channel": "SIP/261-00000f1d",
    "connected_line_name": "<unknown>",
    "connected_line_num": "<unknown>",
    "direction": "out",
    "end_time": "2025-06-25T12:03:41",
    "extension_number": "261",
    "has_ringing": false,
    "linkedid": "1750840391.54825",
    "other_extension_number": "09132150114",
    "raw_event": {
        "AccountCode": "",
        "CallerIDName": "<unknown>",
        "CallerIDNum": "36944000",
        "Cause": "16",
        "Cause-txt": "Normal Clearing",
        "Channel": "SIP/261-00000f1d",
        "ChannelState": "6",
        "ChannelStateDesc": "Up",
        "ConnectedLineName": "CID:36944000",
        "ConnectedLineNum": "09132150114",
        "Context": "from-internal",
        "Event": "Hangup",
        "Exten": "h",
        "Language": "pr2",
        "Linkedid": "1750840391.54825",
        "Priority": "1",
        "Privilege": "call,all",
        "Uniqueid": "1750840391.54825"
    },
    "start_time": "2025-06-25T12:02:21",
    "status": "answered",
    "timestamp": "2025-06-25T12:03:41",
    "type": "call_summary",
    "uniqueid": "1750840391.54825"
}

{
    "call_type": "",
    "caller_id_name": "261-SUP8",
    "caller_id_num": "261",
    "channel": "SIP/261-00000f6e",
    "connected_line_name": "<unknown>",
    "connected_line_num": "<unknown>",
    "direction": "",
    "end_time": "",
    "extension_number": "261",
    "has_ringing": false,
    "linkedid": "1750841010.55779",
    "other_extension_number": "",
    "start_time": "2025-06-25T12:12:37",
    "status": "initiated",
    "timestamp": "2025-06-25T12:12:37",
    "type": "call_started",
    "uniqueid": "1750841010.55779"
}

{
    "channel": "SIP/261-00000f6e",
    "privilege": "call,all",
    "timestamp": "2025-06-25T12:12:55",
    "type": "call_answered",
    "uniqueid": "1750841010.55779"
}

{
    "call_type": "external",
    "caller_id_name": "261-SUP8",
    "caller_id_num": "261",
    "cause": "16",
    "cause_description": "",
    "cause_txt": "",
    "channel": "SIP/261-00000f6e",
    "connected_line_name": "<unknown>",
    "connected_line_num": "<unknown>",
    "direction": "out",
    "end_time": "2025-06-25T12:13:55",
    "extension_number": "261",
    "has_ringing": false,
    "linkedid": "1750841010.55779",
    "other_extension_number": "09173175213",
    "raw_event": {
        "AccountCode": "",
        "CallerIDName": "<unknown>",
        "CallerIDNum": "36944000",
        "Cause": "16",
        "Cause-txt": "Normal Clearing",
        "Channel": "SIP/261-00000f6e",
        "ChannelState": "6",
        "ChannelStateDesc": "Up",
        "ConnectedLineName": "CID:36944000",
        "ConnectedLineNum": "09173175213",
        "Context": "from-internal",
        "Event": "Hangup",
        "Exten": "h",
        "Language": "pr2",
        "Linkedid": "1750841010.55779",
        "Priority": "1",
        "Privilege": "call,all",
        "Uniqueid": "1750841010.55779"
    },
    "start_time": "2025-06-25T12:12:55",
    "status": "answered",
    "timestamp": "2025-06-25T12:13:55",
    "type": "call_ended",
    "uniqueid": "1750841010.55779"
}

{
    "call_duration": 59,
    "call_type": "external",
    "caller_id_name": "261-SUP8",
    "caller_id_num": "261",
    "cause": "16",
    "cause_description": "",
    "cause_txt": "",
    "channel": "SIP/261-00000f6e",
    "connected_line_name": "<unknown>",
    "connected_line_num": "<unknown>",
    "direction": "out",
    "end_time": "2025-06-25T12:13:55",
    "extension_number": "261",
    "has_ringing": false,
    "linkedid": "1750841010.55779",
    "other_extension_number": "09173175213",
    "raw_event": {
        "AccountCode": "",
        "CallerIDName": "<unknown>",
        "CallerIDNum": "36944000",
        "Cause": "16",
        "Cause-txt": "Normal Clearing",
        "Channel": "SIP/261-00000f6e",
        "ChannelState": "6",
        "ChannelStateDesc": "Up",
        "ConnectedLineName": "CID:36944000",
        "ConnectedLineNum": "09173175213",
        "Context": "from-internal",
        "Event": "Hangup",
        "Exten": "h",
        "Language": "pr2",
        "Linkedid": "1750841010.55779",
        "Priority": "1",
        "Privilege": "call,all",
        "Uniqueid": "1750841010.55779"
    },
    "start_time": "2025-06-25T12:12:55",
    "status": "answered",
    "timestamp": "2025-06-25T12:13:55",
    "type": "call_summary",
    "uniqueid": "1750841010.55779"
}

{
    "call_type": "",
    "caller_id_name": "261-SUP8",
    "caller_id_num": "261",
    "channel": "SIP/261-00000f78",
    "connected_line_name": "<unknown>",
    "connected_line_num": "<unknown>",
    "direction": "",
    "end_time": "",
    "extension_number": "261",
    "has_ringing": false,
    "linkedid": "1750841090.55889",
    "other_extension_number": "",
    "start_time": "2025-06-25T12:13:57",
    "status": "initiated",
    "timestamp": "2025-06-25T12:13:57",
    "type": "call_started",
    "uniqueid": "1750841090.55889"
}

{
    "channel": "SIP/261-00000f78",
    "privilege": "call,all",
    "timestamp": "2025-06-25T12:14:08",
    "type": "call_answered",
    "uniqueid": "1750841090.55889"
}

{
    "call_type": "external",
    "caller_id_name": "261-SUP8",
    "caller_id_num": "261",
    "cause": "16",
    "cause_description": "",
    "cause_txt": "",
    "channel": "SIP/261-00000f78",
    "connected_line_name": "<unknown>",
    "connected_line_num": "<unknown>",
    "direction": "out",
    "end_time": "2025-06-25T12:14:18",
    "extension_number": "261",
    "has_ringing": false,
    "linkedid": "1750841090.55889",
    "other_extension_number": "09115693485",
    "raw_event": {
        "AccountCode": "",
        "CallerIDName": "<unknown>",
        "CallerIDNum": "36944000",
        "Cause": "16",
        "Cause-txt": "Normal Clearing",
        "Channel": "SIP/261-00000f78",
        "ChannelState": "6",
        "ChannelStateDesc": "Up",
        "ConnectedLineName": "CID:36944000",
        "ConnectedLineNum": "09115693485",
        "Context": "from-internal",
        "Event": "Hangup",
        "Exten": "h",
        "Language": "pr2",
        "Linkedid": "1750841090.55889",
        "Priority": "1",
        "Privilege": "call,all",
        "Uniqueid": "1750841090.55889"
    },
    "start_time": "2025-06-25T12:14:08",
    "status": "answered",
    "timestamp": "2025-06-25T12:14:18",
    "type": "call_ended",
    "uniqueid": "1750841090.55889"
}

{
    "call_duration": 9,
    "call_type": "external",
    "caller_id_name": "261-SUP8",
    "caller_id_num": "261",
    "cause": "16",
    "cause_description": "",
    "cause_txt": "",
    "channel": "SIP/261-00000f78",
    "connected_line_name": "<unknown>",
    "connected_line_num": "<unknown>",
    "direction": "out",
    "end_time": "2025-06-25T12:14:18",
    "extension_number": "261",
    "has_ringing": false,
    "linkedid": "1750841090.55889",
    "other_extension_number": "09115693485",
    "raw_event": {
        "AccountCode": "",
        "CallerIDName": "<unknown>",
        "CallerIDNum": "36944000",
        "Cause": "16",
        "Cause-txt": "Normal Clearing",
        "Channel": "SIP/261-00000f78",
        "ChannelState": "6",
        "ChannelStateDesc": "Up",
        "ConnectedLineName": "CID:36944000",
        "ConnectedLineNum": "09115693485",
        "Context": "from-internal",
        "Event": "Hangup",
        "Exten": "h",
        "Language": "pr2",
        "Linkedid": "1750841090.55889",
        "Priority": "1",
        "Privilege": "call,all",
        "Uniqueid": "1750841090.55889"
    },
    "start_time": "2025-06-25T12:14:08",
    "status": "answered",
    "timestamp": "2025-06-25T12:14:18",
    "type": "call_summary",
    "uniqueid": "1750841090.55889"
}

{
    "call_type": "",
    "caller_id_name": "261-SUP8",
    "caller_id_num": "261",
    "channel": "SIP/261-00000f7a",
    "connected_line_name": "<unknown>",
    "connected_line_num": "<unknown>",
    "direction": "",
    "end_time": "",
    "extension_number": "261",
    "has_ringing": false,
    "linkedid": "1750841116.55926",
    "other_extension_number": "",
    "start_time": "2025-06-25T12:14:22",
    "status": "initiated",
    "timestamp": "2025-06-25T12:14:22",
    "type": "call_started",
    "uniqueid": "1750841116.55926"
}

{
    "channel": "SIP/261-00000f7a",
    "privilege": "call,all",
    "timestamp": "2025-06-25T12:14:35",
    "type": "call_answered",
    "uniqueid": "1750841116.55926"
}

{
    "call_type": "external",
    "caller_id_name": "261-SUP8",
    "caller_id_num": "261",
    "cause": "16",
    "cause_description": "",
    "cause_txt": "",
    "channel": "SIP/261-00000f7a",
    "connected_line_name": "<unknown>",
    "connected_line_num": "<unknown>",
    "direction": "out",
    "end_time": "2025-06-25T12:15:37",
    "extension_number": "261",
    "has_ringing": false,
    "linkedid": "1750841116.55926",
    "other_extension_number": "09115693485",
    "raw_event": {
        "AccountCode": "",
        "CallerIDName": "<unknown>",
        "CallerIDNum": "36944000",
        "Cause": "16",
        "Cause-txt": "Normal Clearing",
        "Channel": "SIP/261-00000f7a",
        "ChannelState": "6",
        "ChannelStateDesc": "Up",
        "ConnectedLineName": "CID:36944000",
        "ConnectedLineNum": "09115693485",
        "Context": "from-internal",
        "Event": "Hangup",
        "Exten": "h",
        "Language": "pr2",
        "Linkedid": "1750841116.55926",
        "Priority": "1",
        "Privilege": "call,all",
        "Uniqueid": "1750841116.55926"
    },
    "start_time": "2025-06-25T12:14:35",
    "status": "answered",
    "timestamp": "2025-06-25T12:15:37",
    "type": "call_ended",
    "uniqueid": "1750841116.55926"
}

{
    "call_duration": 62,
    "call_type": "external",
    "caller_id_name": "261-SUP8",
    "caller_id_num": "261",
    "cause": "16",
    "cause_description": "",
    "cause_txt": "",
    "channel": "SIP/261-00000f7a",
    "connected_line_name": "<unknown>",
    "connected_line_num": "<unknown>",
    "direction": "out",
    "end_time": "2025-06-25T12:15:37",
    "extension_number": "261",
    "has_ringing": false,
    "linkedid": "1750841116.55926",
    "other_extension_number": "09115693485",
    "raw_event": {
        "AccountCode": "",
        "CallerIDName": "<unknown>",
        "CallerIDNum": "36944000",
        "Cause": "16",
        "Cause-txt": "Normal Clearing",
        "Channel": "SIP/261-00000f7a",
        "ChannelState": "6",
        "ChannelStateDesc": "Up",
        "ConnectedLineName": "CID:36944000",
        "ConnectedLineNum": "09115693485",
        "Context": "from-internal",
        "Event": "Hangup",
        "Exten": "h",
        "Language": "pr2",
        "Linkedid": "1750841116.55926",
        "Priority": "1",
        "Privilege": "call,all",
        "Uniqueid": "1750841116.55926"
    },
    "start_time": "2025-06-25T12:14:35",
    "status": "answered",
    "timestamp": "2025-06-25T12:15:37",
    "type": "call_summary",
    "uniqueid": "1750841116.55926"
}

{
    "call_type": "",
    "caller_id_name": "261-SUP8",
    "caller_id_num": "261",
    "channel": "SIP/261-00000f8a",
    "connected_line_name": "<unknown>",
    "connected_line_num": "<unknown>",
    "direction": "",
    "end_time": "",
    "extension_number": "261",
    "has_ringing": false,
    "linkedid": "1750841204.56081",
    "other_extension_number": "",
    "start_time": "2025-06-25T12:15:51",
    "status": "initiated",
    "timestamp": "2025-06-25T12:15:51",
    "type": "call_started",
    "uniqueid": "1750841204.56081"
}

{
    "channel": "SIP/261-00000f8a",
    "privilege": "call,all",
    "timestamp": "2025-06-25T12:15:57",
    "type": "call_answered",
    "uniqueid": "1750841204.56081"
}

{
    "call_type": "internal",
    "caller_id_name": "261-SUP8",
    "caller_id_num": "261",
    "cause": "16",
    "cause_description": "",
    "cause_txt": "",
    "channel": "SIP/261-00000f8a",
    "connected_line_name": "<unknown>",
    "connected_line_num": "<unknown>",
    "direction": "out",
    "end_time": "2025-06-25T12:16:49",
    "extension_number": "261",
    "has_ringing": false,
    "linkedid": "1750841204.56081",
    "other_extension_number": "323",
    "raw_event": {
        "AccountCode": "",
        "CallerIDName": "261-SUP8",
        "CallerIDNum": "261",
        "Cause": "16",
        "Cause-txt": "Normal Clearing",
        "Channel": "SIP/261-00000f8a",
        "ChannelState": "6",
        "ChannelStateDesc": "Up",
        "ConnectedLineName": "323-WHS3",
        "ConnectedLineNum": "323",
        "Context": "from-internal",
        "Event": "Hangup",
        "Exten": "h",
        "Language": "pr2",
        "Linkedid": "1750841204.56081",
        "Priority": "1",
        "Privilege": "call,all",
        "Uniqueid": "1750841204.56081"
    },
    "start_time": "2025-06-25T12:15:57",
    "status": "answered",
    "timestamp": "2025-06-25T12:16:49",
    "type": "call_ended",
    "uniqueid": "1750841204.56081"
}

{
    "call_duration": 51,
    "call_type": "internal",
    "caller_id_name": "261-SUP8",
    "caller_id_num": "261",
    "cause": "16",
    "cause_description": "",
    "cause_txt": "",
    "channel": "SIP/261-00000f8a",
    "connected_line_name": "<unknown>",
    "connected_line_num": "<unknown>",
    "direction": "out",
    "end_time": "2025-06-25T12:16:49",
    "extension_number": "261",
    "has_ringing": false,
    "linkedid": "1750841204.56081",
    "other_extension_number": "323",
    "raw_event": {
        "AccountCode": "",
        "CallerIDName": "261-SUP8",
        "CallerIDNum": "261",
        "Cause": "16",
        "Cause-txt": "Normal Clearing",
        "Channel": "SIP/261-00000f8a",
        "ChannelState": "6",
        "ChannelStateDesc": "Up",
        "ConnectedLineName": "323-WHS3",
        "ConnectedLineNum": "323",
        "Context": "from-internal",
        "Event": "Hangup",
        "Exten": "h",
        "Language": "pr2",
        "Linkedid": "1750841204.56081",
        "Priority": "1",
        "Privilege": "call,all",
        "Uniqueid": "1750841204.56081"
    },
    "start_time": "2025-06-25T12:15:57",
    "status": "answered",
    "timestamp": "2025-06-25T12:16:49",
    "type": "call_summary",
    "uniqueid": "1750841204.56081"
}

{
    "call_type": "",
    "caller_id_name": "261-SUP8",
    "caller_id_num": "261",
    "channel": "SIP/261-00000f9b",
    "connected_line_name": "<unknown>",
    "connected_line_num": "<unknown>",
    "direction": "",
    "end_time": "",
    "extension_number": "261",
    "has_ringing": false,
    "linkedid": "1750841355.56265",
    "other_extension_number": "",
    "start_time": "2025-06-25T12:18:22",
    "status": "initiated",
    "timestamp": "2025-06-25T12:18:22",
    "type": "call_started",
    "uniqueid": "1750841355.56265"
}

{
    "call_type": "external",
    "caller_id_name": "261-SUP8",
    "caller_id_num": "261",
    "cause": "16",
    "cause_description": "",
    "cause_txt": "",
    "channel": "SIP/261-00000f9b",
    "connected_line_name": "<unknown>",
    "connected_line_num": "<unknown>",
    "direction": "out",
    "end_time": "2025-06-25T12:18:33",
    "extension_number": "261",
    "has_ringing": false,
    "linkedid": "1750841355.56265",
    "other_extension_number": "09015518458",
    "raw_event": {
        "AccountCode": "",
        "CallerIDName": "<unknown>",
        "CallerIDNum": "36944000",
        "Cause": "16",
        "Cause-txt": "Normal Clearing",
        "Channel": "SIP/261-00000f9b",
        "ChannelState": "4",
        "ChannelStateDesc": "Ring",
        "ConnectedLineName": "CID:36944000",
        "ConnectedLineNum": "09015518458",
        "Context": "from-internal",
        "Event": "Hangup",
        "Exten": "h",
        "Language": "pr2",
        "Linkedid": "1750841355.56265",
        "Priority": "1",
        "Privilege": "call,all",
        "Uniqueid": "1750841355.56265"
    },
    "start_time": "2025-06-25T12:18:22",
    "status": "initiated",
    "timestamp": "2025-06-25T12:18:33",
    "type": "call_ended",
    "uniqueid": "1750841355.56265"
}

{
    "call_duration": 11,
    "call_type": "external",
    "caller_id_name": "261-SUP8",
    "caller_id_num": "261",
    "cause": "16",
    "cause_description": "",
    "cause_txt": "",
    "channel": "SIP/261-00000f9b",
    "connected_line_name": "<unknown>",
    "connected_line_num": "<unknown>",
    "direction": "out",
    "end_time": "2025-06-25T12:18:33",
    "extension_number": "261",
    "has_ringing": false,
    "linkedid": "1750841355.56265",
    "other_extension_number": "09015518458",
    "raw_event": {
        "AccountCode": "",
        "CallerIDName": "<unknown>",
        "CallerIDNum": "36944000",
        "Cause": "16",
        "Cause-txt": "Normal Clearing",
        "Channel": "SIP/261-00000f9b",
        "ChannelState": "4",
        "ChannelStateDesc": "Ring",
        "ConnectedLineName": "CID:36944000",
        "ConnectedLineNum": "09015518458",
        "Context": "from-internal",
        "Event": "Hangup",
        "Exten": "h",
        "Language": "pr2",
        "Linkedid": "1750841355.56265",
        "Priority": "1",
        "Privilege": "call,all",
        "Uniqueid": "1750841355.56265"
    },
    "start_time": "2025-06-25T12:18:22",
    "status": "initiated",
    "timestamp": "2025-06-25T12:18:33",
    "type": "call_summary",
    "uniqueid": "1750841355.56265"
}

{
    "call_type": "",
    "caller_id_name": "261-SUP8",
    "caller_id_num": "261",
    "channel": "SIP/261-00000fb7",
    "connected_line_name": "<unknown>",
    "connected_line_num": "<unknown>",
    "direction": "",
    "end_time": "",
    "extension_number": "261",
    "has_ringing": false,
    "linkedid": "1750841574.56539",
    "other_extension_number": "",
    "start_time": "2025-06-25T12:22:00",
    "status": "initiated",
    "timestamp": "2025-06-25T12:22:00",
    "type": "call_started",
    "uniqueid": "1750841574.56539"
}

{
    "channel": "SIP/261-00000fb7",
    "privilege": "call,all",
    "timestamp": "2025-06-25T12:22:06",
    "type": "call_answered",
    "uniqueid": "1750841574.56539"
}

{
    "call_type": "external",
    "caller_id_name": "261-SUP8",
    "caller_id_num": "261",
    "cause": "16",
    "cause_description": "",
    "cause_txt": "",
    "channel": "SIP/261-00000fb7",
    "connected_line_name": "<unknown>",
    "connected_line_num": "<unknown>",
    "direction": "out",
    "end_time": "2025-06-25T12:23:13",
    "extension_number": "261",
    "has_ringing": false,
    "linkedid": "1750841574.56539",
    "other_extension_number": "09163925576",
    "raw_event": {
        "AccountCode": "",
        "CallerIDName": "<unknown>",
        "CallerIDNum": "36944000",
        "Cause": "16",
        "Cause-txt": "Normal Clearing",
        "Channel": "SIP/261-00000fb7",
        "ChannelState": "6",
        "ChannelStateDesc": "Up",
        "ConnectedLineName": "CID:36944000",
        "ConnectedLineNum": "09163925576",
        "Context": "from-internal",
        "Event": "Hangup",
        "Exten": "h",
        "Language": "pr2",
        "Linkedid": "1750841574.56539",
        "Priority": "1",
        "Privilege": "call,all",
        "Uniqueid": "1750841574.56539"
    },
    "start_time": "2025-06-25T12:22:06",
    "status": "answered",
    "timestamp": "2025-06-25T12:23:13",
    "type": "call_ended",
    "uniqueid": "1750841574.56539"
}

{
    "call_duration": 66,
    "call_type": "external",
    "caller_id_name": "261-SUP8",
    "caller_id_num": "261",
    "cause": "16",
    "cause_description": "",
    "cause_txt": "",
    "channel": "SIP/261-00000fb7",
    "connected_line_name": "<unknown>",
    "connected_line_num": "<unknown>",
    "direction": "out",
    "end_time": "2025-06-25T12:23:13",
    "extension_number": "261",
    "has_ringing": false,
    "linkedid": "1750841574.56539",
    "other_extension_number": "09163925576",
    "raw_event": {
        "AccountCode": "",
        "CallerIDName": "<unknown>",
        "CallerIDNum": "36944000",
        "Cause": "16",
        "Cause-txt": "Normal Clearing",
        "Channel": "SIP/261-00000fb7",
        "ChannelState": "6",
        "ChannelStateDesc": "Up",
        "ConnectedLineName": "CID:36944000",
        "ConnectedLineNum": "09163925576",
        "Context": "from-internal",
        "Event": "Hangup",
        "Exten": "h",
        "Language": "pr2",
        "Linkedid": "1750841574.56539",
        "Priority": "1",
        "Privilege": "call,all",
        "Uniqueid": "1750841574.56539"
    },
    "start_time": "2025-06-25T12:22:06",
    "status": "answered",
    "timestamp": "2025-06-25T12:23:13",
    "type": "call_summary",
    "uniqueid": "1750841574.56539"
}

{
    "call_type": "",
    "caller_id_name": "261-SUP8",
    "caller_id_num": "261",
    "channel": "SIP/261-00000fcb",
    "connected_line_name": "<unknown>",
    "connected_line_num": "<unknown>",
    "direction": "",
    "end_time": "",
    "extension_number": "261",
    "has_ringing": false,
    "linkedid": "1750841651.56758",
    "other_extension_number": "",
    "start_time": "2025-06-25T12:23:18",
    "status": "initiated",
    "timestamp": "2025-06-25T12:23:18",
    "type": "call_started",
    "uniqueid": "1750841651.56758"
}

{
    "call_type": "external",
    "caller_id_name": "261-SUP8",
    "caller_id_num": "261",
    "cause": "16",
    "cause_description": "",
    "cause_txt": "",
    "channel": "SIP/261-00000fcb",
    "connected_line_name": "<unknown>",
    "connected_line_num": "<unknown>",
    "direction": "out",
    "end_time": "2025-06-25T12:23:29",
    "extension_number": "261",
    "has_ringing": false,
    "linkedid": "1750841651.56758",
    "other_extension_number": "09308199557",
    "raw_event": {
        "AccountCode": "",
        "CallerIDName": "<unknown>",
        "CallerIDNum": "36944000",
        "Cause": "16",
        "Cause-txt": "Normal Clearing",
        "Channel": "SIP/261-00000fcb",
        "ChannelState": "4",
        "ChannelStateDesc": "Ring",
        "ConnectedLineName": "CID:36944000",
        "ConnectedLineNum": "09308199557",
        "Context": "from-internal",
        "Event": "Hangup",
        "Exten": "h",
        "Language": "pr2",
        "Linkedid": "1750841651.56758",
        "Priority": "1",
        "Privilege": "call,all",
        "Uniqueid": "1750841651.56758"
    },
    "start_time": "2025-06-25T12:23:18",
    "status": "initiated",
    "timestamp": "2025-06-25T12:23:29",
    "type": "call_ended",
    "uniqueid": "1750841651.56758"
}

{
    "call_duration": 10,
    "call_type": "external",
    "caller_id_name": "261-SUP8",
    "caller_id_num": "261",
    "cause": "16",
    "cause_description": "",
    "cause_txt": "",
    "channel": "SIP/261-00000fcb",
    "connected_line_name": "<unknown>",
    "connected_line_num": "<unknown>",
    "direction": "out",
    "end_time": "2025-06-25T12:23:29",
    "extension_number": "261",
    "has_ringing": false,
    "linkedid": "1750841651.56758",
    "other_extension_number": "09308199557",
    "raw_event": {
        "AccountCode": "",
        "CallerIDName": "<unknown>",
        "CallerIDNum": "36944000",
        "Cause": "16",
        "Cause-txt": "Normal Clearing",
        "Channel": "SIP/261-00000fcb",
        "ChannelState": "4",
        "ChannelStateDesc": "Ring",
        "ConnectedLineName": "CID:36944000",
        "ConnectedLineNum": "09308199557",
        "Context": "from-internal",
        "Event": "Hangup",
        "Exten": "h",
        "Language": "pr2",
        "Linkedid": "1750841651.56758",
        "Priority": "1",
        "Privilege": "call,all",
        "Uniqueid": "1750841651.56758"
    },
    "start_time": "2025-06-25T12:23:18",
    "status": "initiated",
    "timestamp": "2025-06-25T12:23:29",
    "type": "call_summary",
    "uniqueid": "1750841651.56758"
}

{
    "call_type": "",
    "caller_id_name": "261-SUP8",
    "caller_id_num": "261",
    "channel": "SIP/261-00000fd5",
    "connected_line_name": "<unknown>",
    "connected_line_num": "<unknown>",
    "direction": "",
    "end_time": "",
    "extension_number": "261",
    "has_ringing": false,
    "linkedid": "1750841710.56945",
    "other_extension_number": "",
    "start_time": "2025-06-25T12:24:17",
    "status": "initiated",
    "timestamp": "2025-06-25T12:24:17",
    "type": "call_started",
    "uniqueid": "1750841710.56945"
}

{
    "channel": "SIP/261-00000fd5",
    "privilege": "call,all",
    "timestamp": "2025-06-25T12:24:30",
    "type": "call_answered",
    "uniqueid": "1750841710.56945"
}

{
    "call_type": "external",
    "caller_id_name": "261-SUP8",
    "caller_id_num": "261",
    "cause": "16",
    "cause_description": "",
    "cause_txt": "",
    "channel": "SIP/261-00000fd5",
    "connected_line_name": "<unknown>",
    "connected_line_num": "<unknown>",
    "direction": "out",
    "end_time": "2025-06-25T12:25:15",
    "extension_number": "261",
    "has_ringing": false,
    "linkedid": "1750841710.56945",
    "other_extension_number": "09167454525",
    "raw_event": {
        "AccountCode": "",
        "CallerIDName": "<unknown>",
        "CallerIDNum": "36944000",
        "Cause": "16",
        "Cause-txt": "Normal Clearing",
        "Channel": "SIP/261-00000fd5",
        "ChannelState": "6",
        "ChannelStateDesc": "Up",
        "ConnectedLineName": "CID:36944000",
        "ConnectedLineNum": "09167454525",
        "Context": "from-internal",
        "Event": "Hangup",
        "Exten": "h",
        "Language": "pr2",
        "Linkedid": "1750841710.56945",
        "Priority": "1",
        "Privilege": "call,all",
        "Uniqueid": "1750841710.56945"
    },
    "start_time": "2025-06-25T12:24:30",
    "status": "answered",
    "timestamp": "2025-06-25T12:25:15",
    "type": "call_ended",
    "uniqueid": "1750841710.56945"
}

{
    "call_duration": 44,
    "call_type": "external",
    "caller_id_name": "261-SUP8",
    "caller_id_num": "261",
    "cause": "16",
    "cause_description": "",
    "cause_txt": "",
    "channel": "SIP/261-00000fd5",
    "connected_line_name": "<unknown>",
    "connected_line_num": "<unknown>",
    "direction": "out",
    "end_time": "2025-06-25T12:25:15",
    "extension_number": "261",
    "has_ringing": false,
    "linkedid": "1750841710.56945",
    "other_extension_number": "09167454525",
    "raw_event": {
        "AccountCode": "",
        "CallerIDName": "<unknown>",
        "CallerIDNum": "36944000",
        "Cause": "16",
        "Cause-txt": "Normal Clearing",
        "Channel": "SIP/261-00000fd5",
        "ChannelState": "6",
        "ChannelStateDesc": "Up",
        "ConnectedLineName": "CID:36944000",
        "ConnectedLineNum": "09167454525",
        "Context": "from-internal",
        "Event": "Hangup",
        "Exten": "h",
        "Language": "pr2",
        "Linkedid": "1750841710.56945",
        "Priority": "1",
        "Privilege": "call,all",
        "Uniqueid": "1750841710.56945"
    },
    "start_time": "2025-06-25T12:24:30",
    "status": "answered",
    "timestamp": "2025-06-25T12:25:15",
    "type": "call_summary",
    "uniqueid": "1750841710.56945"
}

{
    "call_type": "",
    "caller_id_name": "261-SUP8",
    "caller_id_num": "261",
    "channel": "SIP/261-00000fe5",
    "connected_line_name": "<unknown>",
    "connected_line_num": "<unknown>",
    "direction": "",
    "end_time": "",
    "extension_number": "261",
    "has_ringing": false,
    "linkedid": "1750841789.57100",
    "other_extension_number": "",
    "start_time": "2025-06-25T12:25:36",
    "status": "initiated",
    "timestamp": "2025-06-25T12:25:36",
    "type": "call_started",
    "uniqueid": "1750841789.57100"
}

{
    "channel": "SIP/261-00000fe5",
    "privilege": "call,all",
    "timestamp": "2025-06-25T12:25:56",
    "type": "call_answered",
    "uniqueid": "1750841789.57100"
}

{
    "call_type": "external",
    "caller_id_name": "261-SUP8",
    "caller_id_num": "261",
    "cause": "16",
    "cause_description": "",
    "cause_txt": "",
    "channel": "SIP/261-00000fe5",
    "connected_line_name": "<unknown>",
    "connected_line_num": "<unknown>",
    "direction": "out",
    "end_time": "2025-06-25T12:28:51",
    "extension_number": "261",
    "has_ringing": false,
    "linkedid": "1750841789.57100",
    "other_extension_number": "09028930494",
    "raw_event": {
        "AccountCode": "",
        "CallerIDName": "<unknown>",
        "CallerIDNum": "36944000",
        "Cause": "16",
        "Cause-txt": "Normal Clearing",
        "Channel": "SIP/261-00000fe5",
        "ChannelState": "6",
        "ChannelStateDesc": "Up",
        "ConnectedLineName": "CID:36944000",
        "ConnectedLineNum": "09028930494",
        "Context": "from-internal",
        "Event": "Hangup",
        "Exten": "h",
        "Language": "pr2",
        "Linkedid": "1750841789.57100",
        "Priority": "1",
        "Privilege": "call,all",
        "Uniqueid": "1750841789.57100"
    },
    "start_time": "2025-06-25T12:25:56",
    "status": "answered",
    "timestamp": "2025-06-25T12:28:51",
    "type": "call_ended",
    "uniqueid": "1750841789.57100"
}

{
    "call_duration": 175,
    "call_type": "external",
    "caller_id_name": "261-SUP8",
    "caller_id_num": "261",
    "cause": "16",
    "cause_description": "",
    "cause_txt": "",
    "channel": "SIP/261-00000fe5",
    "connected_line_name": "<unknown>",
    "connected_line_num": "<unknown>",
    "direction": "out",
    "end_time": "2025-06-25T12:28:51",
    "extension_number": "261",
    "has_ringing": false,
    "linkedid": "1750841789.57100",
    "other_extension_number": "09028930494",
    "raw_event": {
        "AccountCode": "",
        "CallerIDName": "<unknown>",
        "CallerIDNum": "36944000",
        "Cause": "16",
        "Cause-txt": "Normal Clearing",
        "Channel": "SIP/261-00000fe5",
        "ChannelState": "6",
        "ChannelStateDesc": "Up",
        "ConnectedLineName": "CID:36944000",
        "ConnectedLineNum": "09028930494",
        "Context": "from-internal",
        "Event": "Hangup",
        "Exten": "h",
        "Language": "pr2",
        "Linkedid": "1750841789.57100",
        "Priority": "1",
        "Privilege": "call,all",
        "Uniqueid": "1750841789.57100"
    },
    "start_time": "2025-06-25T12:25:56",
    "status": "answered",
    "timestamp": "2025-06-25T12:28:51",
    "type": "call_summary",
    "uniqueid": "1750841789.57100"
}

{
    "call_type": "",
    "caller_id_name": "261-SUP8",
    "caller_id_num": "261",
    "channel": "SIP/261-00001007",
    "connected_line_name": "<unknown>",
    "connected_line_num": "<unknown>",
    "direction": "",
    "end_time": "",
    "extension_number": "261",
    "has_ringing": false,
    "linkedid": "1750842028.57545",
    "other_extension_number": "",
    "start_time": "2025-06-25T12:29:35",
    "status": "initiated",
    "timestamp": "2025-06-25T12:29:35",
    "type": "call_started",
    "uniqueid": "1750842028.57545"
}

{
    "call_type": "internal",
    "caller_id_name": "261-SUP8",
    "caller_id_num": "261",
    "cause": "16",
    "cause_description": "",
    "cause_txt": "",
    "channel": "SIP/261-00001007",
    "connected_line_name": "<unknown>",
    "connected_line_num": "<unknown>",
    "direction": "out",
    "end_time": "2025-06-25T12:29:38",
    "extension_number": "261",
    "has_ringing": false,
    "linkedid": "1750842028.57545",
    "other_extension_number": "512",
    "raw_event": {
        "AccountCode": "",
        "CallerIDName": "261-SUP8",
        "CallerIDNum": "261",
        "Cause": "16",
        "Cause-txt": "Normal Clearing",
        "Channel": "SIP/261-00001007",
        "ChannelState": "4",
        "ChannelStateDesc": "Ring",
        "ConnectedLineName": "512-ICT3",
        "ConnectedLineNum": "512",
        "Context": "from-internal",
        "Event": "Hangup",
        "Exten": "h",
        "Language": "pr2",
        "Linkedid": "1750842028.57545",
        "Priority": "1",
        "Privilege": "call,all",
        "Uniqueid": "1750842028.57545"
    },
    "start_time": "2025-06-25T12:29:35",
    "status": "initiated",
    "timestamp": "2025-06-25T12:29:38",
    "type": "call_ended",
    "uniqueid": "1750842028.57545"
}

{
    "call_duration": 3,
    "call_type": "internal",
    "caller_id_name": "261-SUP8",
    "caller_id_num": "261",
    "cause": "16",
    "cause_description": "",
    "cause_txt": "",
    "channel": "SIP/261-00001007",
    "connected_line_name": "<unknown>",
    "connected_line_num": "<unknown>",
    "direction": "out",
    "end_time": "2025-06-25T12:29:38",
    "extension_number": "261",
    "has_ringing": false,
    "linkedid": "1750842028.57545",
    "other_extension_number": "512",
    "raw_event": {
        "AccountCode": "",
        "CallerIDName": "261-SUP8",
        "CallerIDNum": "261",
        "Cause": "16",
        "Cause-txt": "Normal Clearing",
        "Channel": "SIP/261-00001007",
        "ChannelState": "4",
        "ChannelStateDesc": "Ring",
        "ConnectedLineName": "512-ICT3",
        "ConnectedLineNum": "512",
        "Context": "from-internal",
        "Event": "Hangup",
        "Exten": "h",
        "Language": "pr2",
        "Linkedid": "1750842028.57545",
        "Priority": "1",
        "Privilege": "call,all",
        "Uniqueid": "1750842028.57545"
    },
    "start_time": "2025-06-25T12:29:35",
    "status": "initiated",
    "timestamp": "2025-06-25T12:29:38",
    "type": "call_summary",
    "uniqueid": "1750842028.57545"
}

{
    "call_type": "",
    "caller_id_name": "261-SUP8",
    "caller_id_num": "261",
    "channel": "SIP/261-0000100a",
    "connected_line_name": "<unknown>",
    "connected_line_num": "<unknown>",
    "direction": "",
    "end_time": "",
    "extension_number": "261",
    "has_ringing": false,
    "linkedid": "1750842035.57561",
    "other_extension_number": "",
    "start_time": "2025-06-25T12:29:42",
    "status": "initiated",
    "timestamp": "2025-06-25T12:29:42",
    "type": "call_started",
    "uniqueid": "1750842035.57561"
}

{
    "channel": "SIP/261-0000100a",
    "privilege": "call,all",
    "timestamp": "2025-06-25T12:30:02",
    "type": "call_answered",
    "uniqueid": "1750842035.57561"
}

{
    "call_type": "internal",
    "caller_id_name": "261-SUP8",
    "caller_id_num": "261",
    "cause": "0",
    "cause_description": "",
    "cause_txt": "",
    "channel": "SIP/261-0000100a",
    "connected_line_name": "<unknown>",
    "connected_line_num": "<unknown>",
    "direction": "out",
    "end_time": "2025-06-25T12:30:07",
    "extension_number": "261",
    "has_ringing": false,
    "linkedid": "1750842035.57561",
    "other_extension_number": "513",
    "raw_event": {
        "AccountCode": "",
        "CallerIDName": "261-SUP8",
        "CallerIDNum": "261",
        "Cause": "0",
        "Cause-txt": "Unknown",
        "Channel": "SIP/261-0000100a",
        "ChannelState": "6",
        "ChannelStateDesc": "Up",
        "ConnectedLineName": "513-ICT4",
        "ConnectedLineNum": "513",
        "Context": "app-announcement-4",
        "Event": "Hangup",
        "Exten": "s",
        "Language": "pr2",
        "Linkedid": "1750842035.57561",
        "Priority": "5",
        "Privilege": "call,all",
        "Uniqueid": "1750842035.57561"
    },
    "start_time": "2025-06-25T12:30:02",
    "status": "answered",
    "timestamp": "2025-06-25T12:30:07",
    "type": "call_ended",
    "uniqueid": "1750842035.57561"
}

{
    "call_duration": 4,
    "call_type": "internal",
    "caller_id_name": "261-SUP8",
    "caller_id_num": "261",
    "cause": "0",
    "cause_description": "",
    "cause_txt": "",
    "channel": "SIP/261-0000100a",
    "connected_line_name": "<unknown>",
    "connected_line_num": "<unknown>",
    "direction": "out",
    "end_time": "2025-06-25T12:30:07",
    "extension_number": "261",
    "has_ringing": false,
    "linkedid": "1750842035.57561",
    "other_extension_number": "513",
    "raw_event": {
        "AccountCode": "",
        "CallerIDName": "261-SUP8",
        "CallerIDNum": "261",
        "Cause": "0",
        "Cause-txt": "Unknown",
        "Channel": "SIP/261-0000100a",
        "ChannelState": "6",
        "ChannelStateDesc": "Up",
        "ConnectedLineName": "513-ICT4",
        "ConnectedLineNum": "513",
        "Context": "app-announcement-4",
        "Event": "Hangup",
        "Exten": "s",
        "Language": "pr2",
        "Linkedid": "1750842035.57561",
        "Priority": "5",
        "Privilege": "call,all",
        "Uniqueid": "1750842035.57561"
    },
    "start_time": "2025-06-25T12:30:02",
    "status": "answered",
    "timestamp": "2025-06-25T12:30:07",
    "type": "call_summary",
    "uniqueid": "1750842035.57561"
}

{
    "call_type": "",
    "caller_id_name": "261-SUP8",
    "caller_id_num": "261",
    "channel": "SIP/261-00001011",
    "connected_line_name": "<unknown>",
    "connected_line_num": "<unknown>",
    "direction": "",
    "end_time": "",
    "extension_number": "261",
    "has_ringing": false,
    "linkedid": "1750842132.57689",
    "other_extension_number": "",
    "start_time": "2025-06-25T12:31:18",
    "status": "initiated",
    "timestamp": "2025-06-25T12:31:18",
    "type": "call_started",
    "uniqueid": "1750842132.57689"
}

{
    "channel": "SIP/261-00001011",
    "privilege": "call,all",
    "timestamp": "2025-06-25T12:31:29",
    "type": "call_answered",
    "uniqueid": "1750842132.57689"
}

{
    "call_type": "external",
    "caller_id_name": "261-SUP8",
    "caller_id_num": "261",
    "cause": "16",
    "cause_description": "",
    "cause_txt": "",
    "channel": "SIP/261-00001011",
    "connected_line_name": "<unknown>",
    "connected_line_num": "<unknown>",
    "direction": "out",
    "end_time": "2025-06-25T12:34:39",
    "extension_number": "261",
    "has_ringing": false,
    "linkedid": "1750842132.57689",
    "other_extension_number": "09163536149",
    "raw_event": {
        "AccountCode": "",
        "CallerIDName": "<unknown>",
        "CallerIDNum": "36944000",
        "Cause": "16",
        "Cause-txt": "Normal Clearing",
        "Channel": "SIP/261-00001011",
        "ChannelState": "6",
        "ChannelStateDesc": "Up",
        "ConnectedLineName": "CID:36944000",
        "ConnectedLineNum": "09163536149",
        "Context": "from-internal",
        "Event": "Hangup",
        "Exten": "h",
        "Language": "pr2",
        "Linkedid": "1750842132.57689",
        "Priority": "1",
        "Privilege": "call,all",
        "Uniqueid": "1750842132.57689"
    },
    "start_time": "2025-06-25T12:31:29",
    "status": "answered",
    "timestamp": "2025-06-25T12:34:39",
    "type": "call_ended",
    "uniqueid": "1750842132.57689"
}

{
    "call_duration": 190,
    "call_type": "external",
    "caller_id_name": "261-SUP8",
    "caller_id_num": "261",
    "cause": "16",
    "cause_description": "",
    "cause_txt": "",
    "channel": "SIP/261-00001011",
    "connected_line_name": "<unknown>",
    "connected_line_num": "<unknown>",
    "direction": "out",
    "end_time": "2025-06-25T12:34:39",
    "extension_number": "261",
    "has_ringing": false,
    "linkedid": "1750842132.57689",
    "other_extension_number": "09163536149",
    "raw_event": {
        "AccountCode": "",
        "CallerIDName": "<unknown>",
        "CallerIDNum": "36944000",
        "Cause": "16",
        "Cause-txt": "Normal Clearing",
        "Channel": "SIP/261-00001011",
        "ChannelState": "6",
        "ChannelStateDesc": "Up",
        "ConnectedLineName": "CID:36944000",
        "ConnectedLineNum": "09163536149",
        "Context": "from-internal",
        "Event": "Hangup",
        "Exten": "h",
        "Language": "pr2",
        "Linkedid": "1750842132.57689",
        "Priority": "1",
        "Privilege": "call,all",
        "Uniqueid": "1750842132.57689"
    },
    "start_time": "2025-06-25T12:31:29",
    "status": "answered",
    "timestamp": "2025-06-25T12:34:39",
    "type": "call_summary",
    "uniqueid": "1750842132.57689"
}

{
    "call_type": "",
    "caller_id_name": "261-SUP8",
    "caller_id_num": "261",
    "channel": "SIP/261-00001045",
    "connected_line_name": "<unknown>",
    "connected_line_num": "<unknown>",
    "direction": "",
    "end_time": "",
    "extension_number": "261",
    "has_ringing": false,
    "linkedid": "1750842627.58310",
    "other_extension_number": "",
    "start_time": "2025-06-25T12:39:34",
    "status": "initiated",
    "timestamp": "2025-06-25T12:39:34",
    "type": "call_started",
    "uniqueid": "1750842627.58310"
}

{
    "channel": "SIP/261-00001045",
    "privilege": "call,all",
    "timestamp": "2025-06-25T12:39:56",
    "type": "call_answered",
    "uniqueid": "1750842627.58310"
}

{
    "call_type": "external",
    "caller_id_name": "261-SUP8",
    "caller_id_num": "261",
    "cause": "16",
    "cause_description": "",
    "cause_txt": "",
    "channel": "SIP/261-00001045",
    "connected_line_name": "<unknown>",
    "connected_line_num": "<unknown>",
    "direction": "out",
    "end_time": "2025-06-25T12:40:02",
    "extension_number": "261",
    "has_ringing": false,
    "linkedid": "1750842627.58310",
    "other_extension_number": "09126459936",
    "raw_event": {
        "AccountCode": "",
        "CallerIDName": "<unknown>",
        "CallerIDNum": "36944000",
        "Cause": "16",
        "Cause-txt": "Normal Clearing",
        "Channel": "SIP/261-00001045",
        "ChannelState": "6",
        "ChannelStateDesc": "Up",
        "ConnectedLineName": "CID:36944000",
        "ConnectedLineNum": "09126459936",
        "Context": "from-internal",
        "Event": "Hangup",
        "Exten": "h",
        "Language": "pr2",
        "Linkedid": "1750842627.58310",
        "Priority": "1",
        "Privilege": "call,all",
        "Uniqueid": "1750842627.58310"
    },
    "start_time": "2025-06-25T12:39:56",
    "status": "answered",
    "timestamp": "2025-06-25T12:40:02",
    "type": "call_ended",
    "uniqueid": "1750842627.58310"
}

{
    "call_duration": 6,
    "call_type": "external",
    "caller_id_name": "261-SUP8",
    "caller_id_num": "261",
    "cause": "16",
    "cause_description": "",
    "cause_txt": "",
    "channel": "SIP/261-00001045",
    "connected_line_name": "<unknown>",
    "connected_line_num": "<unknown>",
    "direction": "out",
    "end_time": "2025-06-25T12:40:02",
    "extension_number": "261",
    "has_ringing": false,
    "linkedid": "1750842627.58310",
    "other_extension_number": "09126459936",
    "raw_event": {
        "AccountCode": "",
        "CallerIDName": "<unknown>",
        "CallerIDNum": "36944000",
        "Cause": "16",
        "Cause-txt": "Normal Clearing",
        "Channel": "SIP/261-00001045",
        "ChannelState": "6",
        "ChannelStateDesc": "Up",
        "ConnectedLineName": "CID:36944000",
        "ConnectedLineNum": "09126459936",
        "Context": "from-internal",
        "Event": "Hangup",
        "Exten": "h",
        "Language": "pr2",
        "Linkedid": "1750842627.58310",
        "Priority": "1",
        "Privilege": "call,all",
        "Uniqueid": "1750842627.58310"
    },
    "start_time": "2025-06-25T12:39:56",
    "status": "answered",
    "timestamp": "2025-06-25T12:40:02",
    "type": "call_summary",
    "uniqueid": "1750842627.58310"
}

{
    "call_type": "",
    "caller_id_name": "261-SUP8",
    "caller_id_num": "261",
    "channel": "SIP/261-0000104e",
    "connected_line_name": "<unknown>",
    "connected_line_num": "<unknown>",
    "direction": "",
    "end_time": "",
    "extension_number": "261",
    "has_ringing": false,
    "linkedid": "1750842688.58395",
    "other_extension_number": "",
    "start_time": "2025-06-25T12:40:34",
    "status": "initiated",
    "timestamp": "2025-06-25T12:40:34",
    "type": "call_started",
    "uniqueid": "1750842688.58395"
}

{
    "channel": "SIP/261-0000104e",
    "privilege": "call,all",
    "timestamp": "2025-06-25T12:40:48",
    "type": "call_answered",
    "uniqueid": "1750842688.58395"
}

{
    "call_type": "external",
    "caller_id_name": "261-SUP8",
    "caller_id_num": "261",
    "cause": "16",
    "cause_description": "",
    "cause_txt": "",
    "channel": "SIP/261-0000104e",
    "connected_line_name": "<unknown>",
    "connected_line_num": "<unknown>",
    "direction": "out",
    "end_time": "2025-06-25T12:41:42",
    "extension_number": "261",
    "has_ringing": false,
    "linkedid": "1750842688.58395",
    "other_extension_number": "09191399172",
    "raw_event": {
        "AccountCode": "",
        "CallerIDName": "<unknown>",
        "CallerIDNum": "36944000",
        "Cause": "16",
        "Cause-txt": "Normal Clearing",
        "Channel": "SIP/261-0000104e",
        "ChannelState": "6",
        "ChannelStateDesc": "Up",
        "ConnectedLineName": "CID:36944000",
        "ConnectedLineNum": "09191399172",
        "Context": "from-internal",
        "Event": "Hangup",
        "Exten": "h",
        "Language": "pr2",
        "Linkedid": "1750842688.58395",
        "Priority": "1",
        "Privilege": "call,all",
        "Uniqueid": "1750842688.58395"
    },
    "start_time": "2025-06-25T12:40:48",
    "status": "answered",
    "timestamp": "2025-06-25T12:41:42",
    "type": "call_ended",
    "uniqueid": "1750842688.58395"
}

{
    "call_duration": 54,
    "call_type": "external",
    "caller_id_name": "261-SUP8",
    "caller_id_num": "261",
    "cause": "16",
    "cause_description": "",
    "cause_txt": "",
    "channel": "SIP/261-0000104e",
    "connected_line_name": "<unknown>",
    "connected_line_num": "<unknown>",
    "direction": "out",
    "end_time": "2025-06-25T12:41:42",
    "extension_number": "261",
    "has_ringing": false,
    "linkedid": "1750842688.58395",
    "other_extension_number": "09191399172",
    "raw_event": {
        "AccountCode": "",
        "CallerIDName": "<unknown>",
        "CallerIDNum": "36944000",
        "Cause": "16",
        "Cause-txt": "Normal Clearing",
        "Channel": "SIP/261-0000104e",
        "ChannelState": "6",
        "ChannelStateDesc": "Up",
        "ConnectedLineName": "CID:36944000",
        "ConnectedLineNum": "09191399172",
        "Context": "from-internal",
        "Event": "Hangup",
        "Exten": "h",
        "Language": "pr2",
        "Linkedid": "1750842688.58395",
        "Priority": "1",
        "Privilege": "call,all",
        "Uniqueid": "1750842688.58395"
    },
    "start_time": "2025-06-25T12:40:48",
    "status": "answered",
    "timestamp": "2025-06-25T12:41:42",
    "type": "call_summary",
    "uniqueid": "1750842688.58395"
}

{
    "call_type": "",
    "caller_id_name": "261-SUP8",
    "caller_id_num": "261",
    "channel": "SIP/261-00001052",
    "connected_line_name": "<unknown>",
    "connected_line_num": "<unknown>",
    "direction": "",
    "end_time": "",
    "extension_number": "261",
    "has_ringing": false,
    "linkedid": "1750842760.58470",
    "other_extension_number": "",
    "start_time": "2025-06-25T12:41:47",
    "status": "initiated",
    "timestamp": "2025-06-25T12:41:47",
    "type": "call_started",
    "uniqueid": "1750842760.58470"
}

{
    "channel": "SIP/261-00001052",
    "privilege": "call,all",
    "timestamp": "2025-06-25T12:42:02",
    "type": "call_answered",
    "uniqueid": "1750842760.58470"
}

{
    "call_type": "external",
    "caller_id_name": "261-SUP8",
    "caller_id_num": "261",
    "cause": "16",
    "cause_description": "",
    "cause_txt": "",
    "channel": "SIP/261-00001052",
    "connected_line_name": "<unknown>",
    "connected_line_num": "<unknown>",
    "direction": "out",
    "end_time": "2025-06-25T12:45:07",
    "extension_number": "261",
    "has_ringing": false,
    "linkedid": "1750842760.58470",
    "other_extension_number": "09111435107",
    "raw_event": {
        "AccountCode": "",
        "CallerIDName": "<unknown>",
        "CallerIDNum": "36944000",
        "Cause": "16",
        "Cause-txt": "Normal Clearing",
        "Channel": "SIP/261-00001052",
        "ChannelState": "6",
        "ChannelStateDesc": "Up",
        "ConnectedLineName": "CID:36944000",
        "ConnectedLineNum": "09111435107",
        "Context": "from-internal",
        "Event": "Hangup",
        "Exten": "h",
        "Language": "pr2",
        "Linkedid": "1750842760.58470",
        "Priority": "1",
        "Privilege": "call,all",
        "Uniqueid": "1750842760.58470"
    },
    "start_time": "2025-06-25T12:42:02",
    "status": "answered",
    "timestamp": "2025-06-25T12:45:07",
    "type": "call_ended",
    "uniqueid": "1750842760.58470"
}

{
    "call_duration": 185,
    "call_type": "external",
    "caller_id_name": "261-SUP8",
    "caller_id_num": "261",
    "cause": "16",
    "cause_description": "",
    "cause_txt": "",
    "channel": "SIP/261-00001052",
    "connected_line_name": "<unknown>",
    "connected_line_num": "<unknown>",
    "direction": "out",
    "end_time": "2025-06-25T12:45:07",
    "extension_number": "261",
    "has_ringing": false,
    "linkedid": "1750842760.58470",
    "other_extension_number": "09111435107",
    "raw_event": {
        "AccountCode": "",
        "CallerIDName": "<unknown>",
        "CallerIDNum": "36944000",
        "Cause": "16",
        "Cause-txt": "Normal Clearing",
        "Channel": "SIP/261-00001052",
        "ChannelState": "6",
        "ChannelStateDesc": "Up",
        "ConnectedLineName": "CID:36944000",
        "ConnectedLineNum": "09111435107",
        "Context": "from-internal",
        "Event": "Hangup",
        "Exten": "h",
        "Language": "pr2",
        "Linkedid": "1750842760.58470",
        "Priority": "1",
        "Privilege": "call,all",
        "Uniqueid": "1750842760.58470"
    },
    "start_time": "2025-06-25T12:42:02",
    "status": "answered",
    "timestamp": "2025-06-25T12:45:07",
    "type": "call_summary",
    "uniqueid": "1750842760.58470"
}

{
    "extension": "261",
    "privilege": "call,all",
    "timestamp": "2025-06-25T13:23:16",
    "type": "monitor_initialized"
}

{
    "extension": "261",
    "privilege": "call,all",
    "timestamp": "2025-06-25T14:01:10",
    "type": "monitor_initialized"
}

{
    "extension": "261",
    "privilege": "call,all",
    "timestamp": "2025-06-25T14:07:32",
    "type": "monitor_initialized"
}

{
    "extension": "261",
    "privilege": "call,all",
    "timestamp": "2025-06-25T15:05:15",
    "type": "monitor_initialized"
}

{
    "extension": "261",
    "privilege": "call,all",
    "timestamp": "2025-06-25T15:10:57",
    "type": "monitor_initialized"
}

{
    "extension": "261",
    "privilege": "call,all",
    "timestamp": "2025-06-25T15:20:47",
    "type": "monitor_initialized"
}

{
    "call_type": "",
    "caller_id_name": "261-SUP8",
    "caller_id_num": "261",
    "channel": "SIP/261-00001591",
    "connected_line_name": "<unknown>",
    "connected_line_num": "<unknown>",
    "direction": "",
    "end_time": "",
    "extension_number": "261",
    "has_ringing": false,
    "linkedid": "1750858312.74682",
    "other_extension_number": "",
    "start_time": "2025-06-25T17:00:58",
    "status": "initiated",
    "timestamp": "2025-06-25T17:00:58",
    "type": "call_started",
    "uniqueid": "1750858312.74682"
}

{
    "channel": "SIP/261-00001591",
    "privilege": "call,all",
    "timestamp": "2025-06-25T17:01:12",
    "type": "call_answered",
    "uniqueid": "1750858312.74682"
}

{
    "call_type": "internal",
    "caller_id_name": "261-SUP8",
    "caller_id_num": "261",
    "cause": "16",
    "cause_description": "",
    "cause_txt": "",
    "channel": "SIP/261-00001591",
    "connected_line_name": "<unknown>",
    "connected_line_num": "<unknown>",
    "direction": "out",
    "end_time": "2025-06-25T17:02:46",
    "extension_number": "261",
    "has_ringing": false,
    "linkedid": "1750858312.74682",
    "other_extension_number": "123",
    "raw_event": {
        "AccountCode": "",
        "CallerIDName": "261-SUP8",
        "CallerIDNum": "261",
        "Cause": "16",
        "Cause-txt": "Normal Clearing",
        "Channel": "SIP/261-00001591",
        "ChannelState": "6",
        "ChannelStateDesc": "Up",
        "ConnectedLineName": "123-SAL11",
        "ConnectedLineNum": "123",
        "Context": "from-internal",
        "Event": "Hangup",
        "Exten": "h",
        "Language": "pr2",
        "Linkedid": "1750858312.74682",
        "Priority": "1",
        "Privilege": "call,all",
        "Uniqueid": "1750858312.74682"
    },
    "start_time": "2025-06-25T17:01:12",
    "status": "answered",
    "timestamp": "2025-06-25T17:02:46",
    "type": "call_ended",
    "uniqueid": "1750858312.74682"
}

{
    "call_duration": 94,
    "call_type": "internal",
    "caller_id_name": "261-SUP8",
    "caller_id_num": "261",
    "cause": "16",
    "cause_description": "",
    "cause_txt": "",
    "channel": "SIP/261-00001591",
    "connected_line_name": "<unknown>",
    "connected_line_num": "<unknown>",
    "direction": "out",
    "end_time": "2025-06-25T17:02:46",
    "extension_number": "261",
    "has_ringing": false,
    "linkedid": "1750858312.74682",
    "other_extension_number": "123",
    "raw_event": {
        "AccountCode": "",
        "CallerIDName": "261-SUP8",
        "CallerIDNum": "261",
        "Cause": "16",
        "Cause-txt": "Normal Clearing",
        "Channel": "SIP/261-00001591",
        "ChannelState": "6",
        "ChannelStateDesc": "Up",
        "ConnectedLineName": "123-SAL11",
        "ConnectedLineNum": "123",
        "Context": "from-internal",
        "Event": "Hangup",
        "Exten": "h",
        "Language": "pr2",
        "Linkedid": "1750858312.74682",
        "Priority": "1",
        "Privilege": "call,all",
        "Uniqueid": "1750858312.74682"
    },
    "start_time": "2025-06-25T17:01:12",
    "status": "answered",
    "timestamp": "2025-06-25T17:02:46",
    "type": "call_summary",
    "uniqueid": "1750858312.74682"
}

{
    "extension": "261",
    "privilege": "call,all",
    "timestamp": "2025-06-28T21:26:07",
    "type": "monitor_initialized"
}

{
    "extension": "261",
    "privilege": "call,all",
    "timestamp": "2025-06-28T21:42:04",
    "type": "monitor_initialized"
}

{
    "extension": "261",
    "privilege": "call,all",
    "timestamp": "2025-06-28T21:47:42",
    "type": "monitor_initialized"
}

{
    "extension": "261",
    "privilege": "call,all",
    "timestamp": "2025-06-28T22:16:57",
    "type": "monitor_initialized"
}

{
    "extension": "261",
    "privilege": "call,all",
    "timestamp": "2025-06-28T22:20:12",
    "type": "monitor_initialized"
}

{
    "extension": "261",
    "privilege": "call,all",
    "timestamp": "2025-06-28T22:27:17",
    "type": "monitor_initialized"
}

{
    "extension": "261",
    "privilege": "call,all",
    "timestamp": "2025-06-28T22:31:02",
    "type": "monitor_initialized"
}

{
    "extension": "261",
    "privilege": "call,all",
    "timestamp": "2025-06-28T22:33:17",
    "type": "monitor_initialized"
}

{
    "extension": "261",
    "privilege": "call,all",
    "timestamp": "2025-06-28T22:36:20",
    "type": "monitor_initialized"
}

{
    "extension": "261",
    "privilege": "call,all",
    "timestamp": "2025-06-28T22:38:31",
    "type": "monitor_initialized"
}

{
    "extension": "261",
    "privilege": "call,all",
    "timestamp": "2025-06-28T22:42:00",
    "type": "monitor_initialized"
}

{
    "extension": "261",
    "privilege": "call,all",
    "timestamp": "2025-06-28T22:44:01",
    "type": "monitor_initialized"
}

{
    "extension": "261",
    "privilege": "call,all",
    "timestamp": "2025-06-28T22:46:26",
    "type": "monitor_initialized"
}

{
    "call_type": "",
    "caller_id_name": "261-SUP8",
    "caller_id_num": "261",
    "channel": "SIP/261-000028f0",
    "connected_line_name": "<unknown>",
    "connected_line_num": "<unknown>",
    "direction": "",
    "end_time": "",
    "extension_number": "261",
    "has_ringing": false,
    "linkedid": "1751174793.181919",
    "other_extension_number": "",
    "start_time": "2025-06-29T08:55:40",
    "status": "initiated",
    "timestamp": "2025-06-29T08:55:40",
    "type": "call_started",
    "uniqueid": "1751174793.181922"
}

{
    "channel": "SIP/261-000028f0",
    "privilege": "call,all",
    "timestamp": "2025-06-29T08:55:40",
    "type": "call_ringing",
    "uniqueid": "1751174793.181922"
}

{
    "channel": "SIP/261-000028f0",
    "privilege": "call,all",
    "timestamp": "2025-06-29T08:55:40",
    "type": "call_answered",
    "uniqueid": "1751174793.181922"
}

{
    "call_type": "internal",
    "caller_id_name": "261-SUP8",
    "caller_id_num": "261",
    "cause": "16",
    "cause_description": "",
    "cause_txt": "",
    "channel": "SIP/261-000028f0",
    "connected_line_name": "<unknown>",
    "connected_line_num": "<unknown>",
    "direction": "in",
    "end_time": "2025-06-29T08:55:51",
    "extension_number": "261",
    "has_ringing": true,
    "linkedid": "1751174793.181919",
    "other_extension_number": "203",
    "raw_event": {
        "AccountCode": "",
        "CallerIDName": "261-SUP8",
        "CallerIDNum": "261",
        "Cause": "16",
        "Cause-txt": "Normal Clearing",
        "Channel": "SIP/261-000028f0",
        "ChannelState": "6",
        "ChannelStateDesc": "Up",
        "ConnectedLineName": "203-CEO3",
        "ConnectedLineNum": "203",
        "Context": "from-internal",
        "Event": "Hangup",
        "Exten": "",
        "Language": "pr2",
        "Linkedid": "1751174793.181919",
        "Priority": "1",
        "Privilege": "call,all",
        "Uniqueid": "1751174793.181922"
    },
    "start_time": "2025-06-29T08:55:40",
    "status": "answered",
    "timestamp": "2025-06-29T08:55:51",
    "type": "call_ended",
    "uniqueid": "1751174793.181922"
}

{
    "call_duration": 11,
    "call_type": "internal",
    "caller_id_name": "261-SUP8",
    "caller_id_num": "261",
    "cause": "16",
    "cause_description": "",
    "cause_txt": "",
    "channel": "SIP/261-000028f0",
    "connected_line_name": "<unknown>",
    "connected_line_num": "<unknown>",
    "direction": "in",
    "end_time": "2025-06-29T08:55:51",
    "extension_number": "261",
    "has_ringing": true,
    "linkedid": "1751174793.181919",
    "other_extension_number": "203",
    "raw_event": {
        "AccountCode": "",
        "CallerIDName": "261-SUP8",
        "CallerIDNum": "261",
        "Cause": "16",
        "Cause-txt": "Normal Clearing",
        "Channel": "SIP/261-000028f0",
        "ChannelState": "6",
        "ChannelStateDesc": "Up",
        "ConnectedLineName": "203-CEO3",
        "ConnectedLineNum": "203",
        "Context": "from-internal",
        "Event": "Hangup",
        "Exten": "",
        "Language": "pr2",
        "Linkedid": "1751174793.181919",
        "Priority": "1",
        "Privilege": "call,all",
        "Uniqueid": "1751174793.181922"
    },
    "start_time": "2025-06-29T08:55:40",
    "status": "answered",
    "timestamp": "2025-06-29T08:55:51",
    "type": "call_summary",
    "uniqueid": "1751174793.181922"
}

{
    "call_type": "",
    "caller_id_name": "261-SUP8",
    "caller_id_num": "261",
    "channel": "SIP/261-000028fd",
    "connected_line_name": "<unknown>",
    "connected_line_num": "<unknown>",
    "direction": "",
    "end_time": "",
    "extension_number": "261",
    "has_ringing": false,
    "linkedid": "1751174824.182037",
    "other_extension_number": "",
    "start_time": "2025-06-29T08:56:11",
    "status": "initiated",
    "timestamp": "2025-06-29T08:56:11",
    "type": "call_started",
    "uniqueid": "1751174824.182040"
}

{
    "channel": "SIP/261-000028fd",
    "privilege": "call,all",
    "timestamp": "2025-06-29T08:56:11",
    "type": "call_ringing",
    "uniqueid": "1751174824.182040"
}

{
    "channel": "SIP/261-000028fd",
    "privilege": "call,all",
    "timestamp": "2025-06-29T08:56:11",
    "type": "call_answered",
    "uniqueid": "1751174824.182040"
}

{
    "call_type": "internal",
    "caller_id_name": "261-SUP8",
    "caller_id_num": "261",
    "cause": "16",
    "cause_description": "",
    "cause_txt": "",
    "channel": "SIP/261-000028fd",
    "connected_line_name": "<unknown>",
    "connected_line_num": "<unknown>",
    "direction": "in",
    "end_time": "2025-06-29T08:56:22",
    "extension_number": "261",
    "has_ringing": true,
    "linkedid": "1751174824.182037",
    "other_extension_number": "203",
    "raw_event": {
        "AccountCode": "",
        "CallerIDName": "261-SUP8",
        "CallerIDNum": "261",
        "Cause": "16",
        "Cause-txt": "Normal Clearing",
        "Channel": "SIP/261-000028fd",
        "ChannelState": "6",
        "ChannelStateDesc": "Up",
        "ConnectedLineName": "203-CEO3",
        "ConnectedLineNum": "203",
        "Context": "from-internal",
        "Event": "Hangup",
        "Exten": "",
        "Language": "pr2",
        "Linkedid": "1751174824.182037",
        "Priority": "1",
        "Privilege": "call,all",
        "Uniqueid": "1751174824.182040"
    },
    "start_time": "2025-06-29T08:56:11",
    "status": "answered",
    "timestamp": "2025-06-29T08:56:22",
    "type": "call_ended",
    "uniqueid": "1751174824.182040"
}

{
    "call_duration": 11,
    "call_type": "internal",
    "caller_id_name": "261-SUP8",
    "caller_id_num": "261",
    "cause": "16",
    "cause_description": "",
    "cause_txt": "",
    "channel": "SIP/261-000028fd",
    "connected_line_name": "<unknown>",
    "connected_line_num": "<unknown>",
    "direction": "in",
    "end_time": "2025-06-29T08:56:22",
    "extension_number": "261",
    "has_ringing": true,
    "linkedid": "1751174824.182037",
    "other_extension_number": "203",
    "raw_event": {
        "AccountCode": "",
        "CallerIDName": "261-SUP8",
        "CallerIDNum": "261",
        "Cause": "16",
        "Cause-txt": "Normal Clearing",
        "Channel": "SIP/261-000028fd",
        "ChannelState": "6",
        "ChannelStateDesc": "Up",
        "ConnectedLineName": "203-CEO3",
        "ConnectedLineNum": "203",
        "Context": "from-internal",
        "Event": "Hangup",
        "Exten": "",
        "Language": "pr2",
        "Linkedid": "1751174824.182037",
        "Priority": "1",
        "Privilege": "call,all",
        "Uniqueid": "1751174824.182040"
    },
    "start_time": "2025-06-29T08:56:11",
    "status": "answered",
    "timestamp": "2025-06-29T08:56:22",
    "type": "call_summary",
    "uniqueid": "1751174824.182040"
}

{
    "call_type": "",
    "caller_id_name": "261-SUP8",
    "caller_id_num": "261",
    "channel": "SIP/261-00002d4c",
    "connected_line_name": "<unknown>",
    "connected_line_num": "<unknown>",
    "direction": "",
    "end_time": "",
    "extension_number": "261",
    "has_ringing": false,
    "linkedid": "1751186055.197459",
    "other_extension_number": "",
    "start_time": "2025-06-29T12:03:22",
    "status": "initiated",
    "timestamp": "2025-06-29T12:03:22",
    "type": "call_started",
    "uniqueid": "1751186056.197462"
}

{
    "channel": "SIP/261-00002d4c",
    "privilege": "call,all",
    "timestamp": "2025-06-29T12:03:22",
    "type": "call_ringing",
    "uniqueid": "1751186056.197462"
}

{
    "channel": "SIP/261-00002d4c",
    "privilege": "call,all",
    "timestamp": "2025-06-29T12:03:23",
    "type": "call_answered",
    "uniqueid": "1751186056.197462"
}

{
    "call_type": "internal",
    "caller_id_name": "261-SUP8",
    "caller_id_num": "261",
    "cause": "16",
    "cause_description": "",
    "cause_txt": "",
    "channel": "SIP/261-00002d4c",
    "connected_line_name": "<unknown>",
    "connected_line_num": "<unknown>",
    "direction": "in",
    "end_time": "2025-06-29T12:03:39",
    "extension_number": "261",
    "has_ringing": true,
    "linkedid": "1751186055.197459",
    "other_extension_number": "124",
    "raw_event": {
        "AccountCode": "",
        "CallerIDName": "261-SUP8",
        "CallerIDNum": "261",
        "Cause": "16",
        "Cause-txt": "Normal Clearing",
        "Channel": "SIP/261-00002d4c",
        "ChannelState": "6",
        "ChannelStateDesc": "Up",
        "ConnectedLineName": "124-SAL4",
        "ConnectedLineNum": "124",
        "Context": "from-internal",
        "Event": "Hangup",
        "Exten": "",
        "Language": "pr2",
        "Linkedid": "1751186055.197459",
        "Priority": "1",
        "Privilege": "call,all",
        "Uniqueid": "1751186056.197462"
    },
    "start_time": "2025-06-29T12:03:23",
    "status": "answered",
    "timestamp": "2025-06-29T12:03:39",
    "type": "call_ended",
    "uniqueid": "1751186056.197462"
}

{
    "call_duration": 16,
    "call_type": "internal",
    "caller_id_name": "261-SUP8",
    "caller_id_num": "261",
    "cause": "16",
    "cause_description": "",
    "cause_txt": "",
    "channel": "SIP/261-00002d4c",
    "connected_line_name": "<unknown>",
    "connected_line_num": "<unknown>",
    "direction": "in",
    "end_time": "2025-06-29T12:03:39",
    "extension_number": "261",
    "has_ringing": true,
    "linkedid": "1751186055.197459",
    "other_extension_number": "124",
    "raw_event": {
        "AccountCode": "",
        "CallerIDName": "261-SUP8",
        "CallerIDNum": "261",
        "Cause": "16",
        "Cause-txt": "Normal Clearing",
        "Channel": "SIP/261-00002d4c",
        "ChannelState": "6",
        "ChannelStateDesc": "Up",
        "ConnectedLineName": "124-SAL4",
        "ConnectedLineNum": "124",
        "Context": "from-internal",
        "Event": "Hangup",
        "Exten": "",
        "Language": "pr2",
        "Linkedid": "1751186055.197459",
        "Priority": "1",
        "Privilege": "call,all",
        "Uniqueid": "1751186056.197462"
    },
    "start_time": "2025-06-29T12:03:23",
    "status": "answered",
    "timestamp": "2025-06-29T12:03:39",
    "type": "call_summary",
    "uniqueid": "1751186056.197462"
}

{
    "call_type": "",
    "caller_id_name": "261-SUP8",
    "caller_id_num": "261",
    "channel": "SIP/261-00002d64",
    "connected_line_name": "<unknown>",
    "connected_line_num": "<unknown>",
    "direction": "",
    "end_time": "",
    "extension_number": "261",
    "has_ringing": false,
    "linkedid": "1751185844.196568",
    "other_extension_number": "",
    "start_time": "2025-06-29T12:05:04",
    "status": "initiated",
    "timestamp": "2025-06-29T12:05:04",
    "type": "call_started",
    "uniqueid": "1751186157.198538"
}

{
    "channel": "SIP/261-00002d64",
    "privilege": "call,all",
    "timestamp": "2025-06-29T12:05:04",
    "type": "call_ringing",
    "uniqueid": "1751186157.198538"
}

{
    "channel": "SIP/261-00002d64",
    "privilege": "call,all",
    "timestamp": "2025-06-29T12:05:04",
    "type": "call_answered",
    "uniqueid": "1751186157.198538"
}

{
    "call_type": "external",
    "caller_id_name": "261-SUP8",
    "caller_id_num": "261",
    "cause": "16",
    "cause_description": "",
    "cause_txt": "",
    "channel": "SIP/261-00002d64",
    "connected_line_name": "<unknown>",
    "connected_line_num": "<unknown>",
    "direction": "in",
    "end_time": "2025-06-29T12:06:10",
    "extension_number": "261",
    "has_ringing": true,
    "linkedid": "1751185844.196568",
    "other_extension_number": "9103758780",
    "raw_event": {
        "AccountCode": "",
        "CallerIDName": "261-SUP8",
        "CallerIDNum": "261",
        "Cause": "16",
        "Cause-txt": "Normal Clearing",
        "Channel": "SIP/261-00002d64",
        "ChannelState": "6",
        "ChannelStateDesc": "Up",
        "ConnectedLineName": "9103758780",
        "ConnectedLineNum": "9103758780",
        "Context": "macro-dial-one",
        "Event": "Hangup",
        "Exten": "s",
        "Language": "pr2",
        "Linkedid": "1751185844.196568",
        "Priority": "1",
        "Privilege": "call,all",
        "Uniqueid": "1751186157.198538"
    },
    "start_time": "2025-06-29T12:05:04",
    "status": "answered",
    "timestamp": "2025-06-29T12:06:10",
    "type": "call_ended",
    "uniqueid": "1751186157.198538"
}

{
    "call_duration": 65,
    "call_type": "external",
    "caller_id_name": "261-SUP8",
    "caller_id_num": "261",
    "cause": "16",
    "cause_description": "",
    "cause_txt": "",
    "channel": "SIP/261-00002d64",
    "connected_line_name": "<unknown>",
    "connected_line_num": "<unknown>",
    "direction": "in",
    "end_time": "2025-06-29T12:06:10",
    "extension_number": "261",
    "has_ringing": true,
    "linkedid": "1751185844.196568",
    "other_extension_number": "9103758780",
    "raw_event": {
        "AccountCode": "",
        "CallerIDName": "261-SUP8",
        "CallerIDNum": "261",
        "Cause": "16",
        "Cause-txt": "Normal Clearing",
        "Channel": "SIP/261-00002d64",
        "ChannelState": "6",
        "ChannelStateDesc": "Up",
        "ConnectedLineName": "9103758780",
        "ConnectedLineNum": "9103758780",
        "Context": "macro-dial-one",
        "Event": "Hangup",
        "Exten": "s",
        "Language": "pr2",
        "Linkedid": "1751185844.196568",
        "Priority": "1",
        "Privilege": "call,all",
        "Uniqueid": "1751186157.198538"
    },
    "start_time": "2025-06-29T12:05:04",
    "status": "answered",
    "timestamp": "2025-06-29T12:06:10",
    "type": "call_summary",
    "uniqueid": "1751186157.198538"
}

{
    "call_type": "",
    "caller_id_name": "261-SUP8",
    "caller_id_num": "261",
    "channel": "SIP/261-00002e5f",
    "connected_line_name": "<unknown>",
    "connected_line_num": "<unknown>",
    "direction": "",
    "end_time": "",
    "extension_number": "261",
    "has_ringing": false,
    "linkedid": "1751187610.201450",
    "other_extension_number": "",
    "start_time": "2025-06-29T12:29:16",
    "status": "initiated",
    "timestamp": "2025-06-29T12:29:16",
    "type": "call_started",
    "uniqueid": "1751187610.201450"
}

{
    "channel": "SIP/261-00002e5f",
    "privilege": "call,all",
    "timestamp": "2025-06-29T12:29:29",
    "type": "call_answered",
    "uniqueid": "1751187610.201450"
}

{
    "call_type": "internal",
    "caller_id_name": "261-SUP8",
    "caller_id_num": "261",
    "cause": "16",
    "cause_description": "",
    "cause_txt": "",
    "channel": "SIP/261-00002e5f",
    "connected_line_name": "<unknown>",
    "connected_line_num": "<unknown>",
    "direction": "out",
    "end_time": "2025-06-29T12:31:19",
    "extension_number": "261",
    "has_ringing": false,
    "linkedid": "1751187610.201450",
    "other_extension_number": "123",
    "raw_event": {
        "AccountCode": "",
        "CallerIDName": "261-SUP8",
        "CallerIDNum": "261",
        "Cause": "16",
        "Cause-txt": "Normal Clearing",
        "Channel": "SIP/261-00002e5f",
        "ChannelState": "6",
        "ChannelStateDesc": "Up",
        "ConnectedLineName": "123-SAL11",
        "ConnectedLineNum": "123",
        "Context": "from-internal",
        "Event": "Hangup",
        "Exten": "h",
        "Language": "pr2",
        "Linkedid": "1751187610.201450",
        "Priority": "1",
        "Privilege": "call,all",
        "Uniqueid": "1751187610.201450"
    },
    "start_time": "2025-06-29T12:29:29",
    "status": "answered",
    "timestamp": "2025-06-29T12:31:19",
    "type": "call_ended",
    "uniqueid": "1751187610.201450"
}

{
    "call_duration": 110,
    "call_type": "internal",
    "caller_id_name": "261-SUP8",
    "caller_id_num": "261",
    "cause": "16",
    "cause_description": "",
    "cause_txt": "",
    "channel": "SIP/261-00002e5f",
    "connected_line_name": "<unknown>",
    "connected_line_num": "<unknown>",
    "direction": "out",
    "end_time": "2025-06-29T12:31:19",
    "extension_number": "261",
    "has_ringing": false,
    "linkedid": "1751187610.201450",
    "other_extension_number": "123",
    "raw_event": {
        "AccountCode": "",
        "CallerIDName": "261-SUP8",
        "CallerIDNum": "261",
        "Cause": "16",
        "Cause-txt": "Normal Clearing",
        "Channel": "SIP/261-00002e5f",
        "ChannelState": "6",
        "ChannelStateDesc": "Up",
        "ConnectedLineName": "123-SAL11",
        "ConnectedLineNum": "123",
        "Context": "from-internal",
        "Event": "Hangup",
        "Exten": "h",
        "Language": "pr2",
        "Linkedid": "1751187610.201450",
        "Priority": "1",
        "Privilege": "call,all",
        "Uniqueid": "1751187610.201450"
    },
    "start_time": "2025-06-29T12:29:29",
    "status": "answered",
    "timestamp": "2025-06-29T12:31:19",
    "type": "call_summary",
    "uniqueid": "1751187610.201450"
}

{
    "call_type": "",
    "caller_id_name": "261-SUP8",
    "caller_id_num": "261",
    "channel": "SIP/261-000033be",
    "connected_line_name": "<unknown>",
    "connected_line_num": "<unknown>",
    "direction": "",
    "end_time": "",
    "extension_number": "261",
    "has_ringing": false,
    "linkedid": "1751199053.217097",
    "other_extension_number": "",
    "start_time": "2025-06-29T15:40:00",
    "status": "initiated",
    "timestamp": "2025-06-29T15:40:00",
    "type": "call_started",
    "uniqueid": "1751199053.217097"
}

{
    "channel": "SIP/261-000033be",
    "privilege": "call,all",
    "timestamp": "2025-06-29T15:40:09",
    "type": "call_answered",
    "uniqueid": "1751199053.217097"
}

{
    "call_type": "internal",
    "caller_id_name": "261-SUP8",
    "caller_id_num": "261",
    "cause": "16",
    "cause_description": "",
    "cause_txt": "",
    "channel": "SIP/261-000033be",
    "connected_line_name": "<unknown>",
    "connected_line_num": "<unknown>",
    "direction": "out",
    "end_time": "2025-06-29T15:44:51",
    "extension_number": "261",
    "has_ringing": false,
    "linkedid": "1751199053.217097",
    "other_extension_number": "510",
    "raw_event": {
        "AccountCode": "",
        "CallerIDName": "261-SUP8",
        "CallerIDNum": "261",
        "Cause": "16",
        "Cause-txt": "Normal Clearing",
        "Channel": "SIP/261-000033be",
        "ChannelState": "6",
        "ChannelStateDesc": "Up",
        "ConnectedLineName": "510-ICT",
        "ConnectedLineNum": "510",
        "Context": "from-internal",
        "Event": "Hangup",
        "Exten": "h",
        "Language": "pr2",
        "Linkedid": "1751199053.217097",
        "Priority": "1",
        "Privilege": "call,all",
        "Uniqueid": "1751199053.217097"
    },
    "start_time": "2025-06-29T15:40:09",
    "status": "answered",
    "timestamp": "2025-06-29T15:44:51",
    "type": "call_ended",
    "uniqueid": "1751199053.217097"
}

{
    "call_duration": 282,
    "call_type": "internal",
    "caller_id_name": "261-SUP8",
    "caller_id_num": "261",
    "cause": "16",
    "cause_description": "",
    "cause_txt": "",
    "channel": "SIP/261-000033be",
    "connected_line_name": "<unknown>",
    "connected_line_num": "<unknown>",
    "direction": "out",
    "end_time": "2025-06-29T15:44:51",
    "extension_number": "261",
    "has_ringing": false,
    "linkedid": "1751199053.217097",
    "other_extension_number": "510",
    "raw_event": {
        "AccountCode": "",
        "CallerIDName": "261-SUP8",
        "CallerIDNum": "261",
        "Cause": "16",
        "Cause-txt": "Normal Clearing",
        "Channel": "SIP/261-000033be",
        "ChannelState": "6",
        "ChannelStateDesc": "Up",
        "ConnectedLineName": "510-ICT",
        "ConnectedLineNum": "510",
        "Context": "from-internal",
        "Event": "Hangup",
        "Exten": "h",
        "Language": "pr2",
        "Linkedid": "1751199053.217097",
        "Priority": "1",
        "Privilege": "call,all",
        "Uniqueid": "1751199053.217097"
    },
    "start_time": "2025-06-29T15:40:09",
    "status": "answered",
    "timestamp": "2025-06-29T15:44:51",
    "type": "call_summary",
    "uniqueid": "1751199053.217097"
}

{
    "call_type": "",
    "caller_id_name": "261-SUP8",
    "caller_id_num": "261",
    "channel": "SIP/261-00003538",
    "connected_line_name": "<unknown>",
    "connected_line_num": "<unknown>",
    "direction": "",
    "end_time": "",
    "extension_number": "261",
    "has_ringing": false,
    "linkedid": "1751201925.221085",
    "other_extension_number": "",
    "start_time": "2025-06-29T16:27:52",
    "status": "initiated",
    "timestamp": "2025-06-29T16:27:52",
    "type": "call_started",
    "uniqueid": "1751201925.221088"
}

{
    "channel": "SIP/261-00003538",
    "privilege": "call,all",
    "timestamp": "2025-06-29T16:27:52",
    "type": "call_ringing",
    "uniqueid": "1751201925.221088"
}

{
    "channel": "SIP/261-00003538",
    "privilege": "call,all",
    "timestamp": "2025-06-29T16:27:52",
    "type": "call_answered",
    "uniqueid": "1751201925.221088"
}

{
    "call_type": "internal",
    "caller_id_name": "261-SUP8",
    "caller_id_num": "261",
    "cause": "16",
    "cause_description": "",
    "cause_txt": "",
    "channel": "SIP/261-00003538",
    "connected_line_name": "<unknown>",
    "connected_line_num": "<unknown>",
    "direction": "in",
    "end_time": "2025-06-29T16:29:19",
    "extension_number": "261",
    "has_ringing": true,
    "linkedid": "1751201925.221085",
    "other_extension_number": "510",
    "raw_event": {
        "AccountCode": "",
        "CallerIDName": "261-SUP8",
        "CallerIDNum": "261",
        "Cause": "16",
        "Cause-txt": "Normal Clearing",
        "Channel": "SIP/261-00003538",
        "ChannelState": "6",
        "ChannelStateDesc": "Up",
        "ConnectedLineName": "510-ICT",
        "ConnectedLineNum": "510",
        "Context": "from-internal",
        "Event": "Hangup",
        "Exten": "",
        "Language": "pr2",
        "Linkedid": "1751201925.221085",
        "Priority": "1",
        "Privilege": "call,all",
        "Uniqueid": "1751201925.221088"
    },
    "start_time": "2025-06-29T16:27:52",
    "status": "answered",
    "timestamp": "2025-06-29T16:29:19",
    "type": "call_ended",
    "uniqueid": "1751201925.221088"
}

{
    "call_duration": 87,
    "call_type": "internal",
    "caller_id_name": "261-SUP8",
    "caller_id_num": "261",
    "cause": "16",
    "cause_description": "",
    "cause_txt": "",
    "channel": "SIP/261-00003538",
    "connected_line_name": "<unknown>",
    "connected_line_num": "<unknown>",
    "direction": "in",
    "end_time": "2025-06-29T16:29:19",
    "extension_number": "261",
    "has_ringing": true,
    "linkedid": "1751201925.221085",
    "other_extension_number": "510",
    "raw_event": {
        "AccountCode": "",
        "CallerIDName": "261-SUP8",
        "CallerIDNum": "261",
        "Cause": "16",
        "Cause-txt": "Normal Clearing",
        "Channel": "SIP/261-00003538",
        "ChannelState": "6",
        "ChannelStateDesc": "Up",
        "ConnectedLineName": "510-ICT",
        "ConnectedLineNum": "510",
        "Context": "from-internal",
        "Event": "Hangup",
        "Exten": "",
        "Language": "pr2",
        "Linkedid": "1751201925.221085",
        "Priority": "1",
        "Privilege": "call,all",
        "Uniqueid": "1751201925.221088"
    },
    "start_time": "2025-06-29T16:27:52",
    "status": "answered",
    "timestamp": "2025-06-29T16:29:19",
    "type": "call_summary",
    "uniqueid": "1751201925.221088"
}

{
    "call_type": "",
    "caller_id_name": "261-SUP8",
    "caller_id_num": "261",
    "channel": "SIP/261-00003549",
    "connected_line_name": "<unknown>",
    "connected_line_num": "<unknown>",
    "direction": "",
    "end_time": "",
    "extension_number": "261",
    "has_ringing": false,
    "linkedid": "1751202148.221318",
    "other_extension_number": "",
    "start_time": "2025-06-29T16:31:35",
    "status": "initiated",
    "timestamp": "2025-06-29T16:31:35",
    "type": "call_started",
    "uniqueid": "1751202148.221318"
}

{
    "channel": "SIP/261-00003549",
    "privilege": "call,all",
    "timestamp": "2025-06-29T16:31:42",
    "type": "call_answered",
    "uniqueid": "1751202148.221318"
}

{
    "call_type": "internal",
    "caller_id_name": "261-SUP8",
    "caller_id_num": "261",
    "cause": "16",
    "cause_description": "",
    "cause_txt": "",
    "channel": "SIP/261-00003549",
    "connected_line_name": "<unknown>",
    "connected_line_num": "<unknown>",
    "direction": "out",
    "end_time": "2025-06-29T16:32:35",
    "extension_number": "261",
    "has_ringing": false,
    "linkedid": "1751202148.221318",
    "other_extension_number": "510",
    "raw_event": {
        "AccountCode": "",
        "CallerIDName": "261-SUP8",
        "CallerIDNum": "261",
        "Cause": "16",
        "Cause-txt": "Normal Clearing",
        "Channel": "SIP/261-00003549",
        "ChannelState": "6",
        "ChannelStateDesc": "Up",
        "ConnectedLineName": "510-ICT",
        "ConnectedLineNum": "510",
        "Context": "from-internal",
        "Event": "Hangup",
        "Exten": "h",
        "Language": "pr2",
        "Linkedid": "1751202148.221318",
        "Priority": "1",
        "Privilege": "call,all",
        "Uniqueid": "1751202148.221318"
    },
    "start_time": "2025-06-29T16:31:42",
    "status": "answered",
    "timestamp": "2025-06-29T16:32:35",
    "type": "call_ended",
    "uniqueid": "1751202148.221318"
}

{
    "call_duration": 52,
    "call_type": "internal",
    "caller_id_name": "261-SUP8",
    "caller_id_num": "261",
    "cause": "16",
    "cause_description": "",
    "cause_txt": "",
    "channel": "SIP/261-00003549",
    "connected_line_name": "<unknown>",
    "connected_line_num": "<unknown>",
    "direction": "out",
    "end_time": "2025-06-29T16:32:35",
    "extension_number": "261",
    "has_ringing": false,
    "linkedid": "1751202148.221318",
    "other_extension_number": "510",
    "raw_event": {
        "AccountCode": "",
        "CallerIDName": "261-SUP8",
        "CallerIDNum": "261",
        "Cause": "16",
        "Cause-txt": "Normal Clearing",
        "Channel": "SIP/261-00003549",
        "ChannelState": "6",
        "ChannelStateDesc": "Up",
        "ConnectedLineName": "510-ICT",
        "ConnectedLineNum": "510",
        "Context": "from-internal",
        "Event": "Hangup",
        "Exten": "h",
        "Language": "pr2",
        "Linkedid": "1751202148.221318",
        "Priority": "1",
        "Privilege": "call,all",
        "Uniqueid": "1751202148.221318"
    },
    "start_time": "2025-06-29T16:31:42",
    "status": "answered",
    "timestamp": "2025-06-29T16:32:35",
    "type": "call_summary",
    "uniqueid": "1751202148.221318"
}

{
    "extension": "261",
    "privilege": "call,all",
    "timestamp": "2025-06-30T15:59:25",
    "type": "monitor_initialized"
}

{
    "extension": "261",
    "privilege": "call,all",
    "timestamp": "2025-06-30T20:41:40",
    "type": "monitor_initialized"
}

{
    "call_type": "",
    "caller_id_name": "261-SUP8",
    "caller_id_num": "261",
    "channel": "SIP/261-00000889",
    "connected_line_name": "<unknown>",
    "connected_line_num": "<unknown>",
    "direction": "",
    "end_time": "",
    "extension_number": "261",
    "has_ringing": false,
    "linkedid": "1751353435.36377",
    "other_extension_number": "",
    "start_time": "2025-07-01T10:33:02",
    "status": "initiated",
    "timestamp": "2025-07-01T10:33:02",
    "type": "call_started",
    "uniqueid": "1751353435.36377"
}

{
    "channel": "SIP/261-00000889",
    "privilege": "call,all",
    "timestamp": "2025-07-01T10:33:08",
    "type": "call_answered",
    "uniqueid": "1751353435.36377"
}

{
    "call_type": "internal",
    "caller_id_name": "261-SUP8",
    "caller_id_num": "261",
    "cause": "16",
    "cause_description": "",
    "cause_txt": "",
    "channel": "SIP/261-00000889",
    "connected_line_name": "<unknown>",
    "connected_line_num": "<unknown>",
    "direction": "out",
    "end_time": "2025-07-01T10:40:53",
    "extension_number": "261",
    "has_ringing": false,
    "linkedid": "1751353435.36377",
    "other_extension_number": "523",
    "raw_event": {
        "AccountCode": "",
        "CallerIDName": "261-SUP8",
        "CallerIDNum": "261",
        "Cause": "16",
        "Cause-txt": "Normal Clearing",
        "Channel": "SIP/261-00000889",
        "ChannelState": "6",
        "ChannelStateDesc": "Up",
        "ConnectedLineName": "523-SM3",
        "ConnectedLineNum": "523",
        "Context": "from-internal",
        "Event": "Hangup",
        "Exten": "h",
        "Language": "pr2",
        "Linkedid": "1751353435.36377",
        "Priority": "1",
        "Privilege": "call,all",
        "Uniqueid": "1751353435.36377"
    },
    "start_time": "2025-07-01T10:33:08",
    "status": "answered",
    "timestamp": "2025-07-01T10:40:53",
    "type": "call_ended",
    "uniqueid": "1751353435.36377"
}

{
    "call_duration": 464,
    "call_type": "internal",
    "caller_id_name": "261-SUP8",
    "caller_id_num": "261",
    "cause": "16",
    "cause_description": "",
    "cause_txt": "",
    "channel": "SIP/261-00000889",
    "connected_line_name": "<unknown>",
    "connected_line_num": "<unknown>",
    "direction": "out",
    "end_time": "2025-07-01T10:40:53",
    "extension_number": "261",
    "has_ringing": false,
    "linkedid": "1751353435.36377",
    "other_extension_number": "523",
    "raw_event": {
        "AccountCode": "",
        "CallerIDName": "261-SUP8",
        "CallerIDNum": "261",
        "Cause": "16",
        "Cause-txt": "Normal Clearing",
        "Channel": "SIP/261-00000889",
        "ChannelState": "6",
        "ChannelStateDesc": "Up",
        "ConnectedLineName": "523-SM3",
        "ConnectedLineNum": "523",
        "Context": "from-internal",
        "Event": "Hangup",
        "Exten": "h",
        "Language": "pr2",
        "Linkedid": "1751353435.36377",
        "Priority": "1",
        "Privilege": "call,all",
        "Uniqueid": "1751353435.36377"
    },
    "start_time": "2025-07-01T10:33:08",
    "status": "answered",
    "timestamp": "2025-07-01T10:40:53",
    "type": "call_summary",
    "uniqueid": "1751353435.36377"
}

{
    "call_type": "",
    "caller_id_name": "261-SUP8",
    "caller_id_num": "261",
    "channel": "SIP/261-000009bd",
    "connected_line_name": "<unknown>",
    "connected_line_num": "<unknown>",
    "direction": "",
    "end_time": "",
    "extension_number": "261",
    "has_ringing": false,
    "linkedid": "1751355408.39731",
    "other_extension_number": "",
    "start_time": "2025-07-01T11:05:55",
    "status": "initiated",
    "timestamp": "2025-07-01T11:05:55",
    "type": "call_started",
    "uniqueid": "1751355408.39731"
}

{
    "channel": "SIP/261-000009bd",
    "privilege": "call,all",
    "timestamp": "2025-07-01T11:05:59",
    "type": "call_answered",
    "uniqueid": "1751355408.39731"
}

{
    "call_type": "",
    "caller_id_name": "261-SUP8",
    "caller_id_num": "261",
    "channel": "SIP/261-00000c1c",
    "connected_line_name": "<unknown>",
    "connected_line_num": "<unknown>",
    "direction": "",
    "end_time": "",
    "extension_number": "261",
    "has_ringing": false,
    "linkedid": "1751359978.46515",
    "other_extension_number": "",
    "start_time": "2025-07-01T12:22:06",
    "status": "initiated",
    "timestamp": "2025-07-01T12:22:06",
    "type": "call_started",
    "uniqueid": "1751359979.46518"
}

{
    "channel": "SIP/261-00000c1c",
    "privilege": "call,all",
    "timestamp": "2025-07-01T12:22:06",
    "type": "call_ringing",
    "uniqueid": "1751359979.46518"
}

{
    "channel": "SIP/261-00000c1c",
    "privilege": "call,all",
    "timestamp": "2025-07-01T12:22:06",
    "type": "call_answered",
    "uniqueid": "1751359979.46518"
}

{
    "call_type": "internal",
    "caller_id_name": "261-SUP8",
    "caller_id_num": "261",
    "cause": "16",
    "cause_description": "",
    "cause_txt": "",
    "channel": "SIP/261-00000c1c",
    "connected_line_name": "<unknown>",
    "connected_line_num": "<unknown>",
    "direction": "in",
    "end_time": "2025-07-01T12:22:23",
    "extension_number": "261",
    "has_ringing": true,
    "linkedid": "1751359978.46515",
    "other_extension_number": "256",
    "raw_event": {
        "AccountCode": "",
        "CallerIDName": "261-SUP8",
        "CallerIDNum": "261",
        "Cause": "16",
        "Cause-txt": "Normal Clearing",
        "Channel": "SIP/261-00000c1c",
        "ChannelState": "6",
        "ChannelStateDesc": "Up",
        "ConnectedLineName": "256-SUP6",
        "ConnectedLineNum": "256",
        "Context": "from-internal",
        "Event": "Hangup",
        "Exten": "",
        "Language": "pr2",
        "Linkedid": "1751359978.46515",
        "Priority": "1",
        "Privilege": "call,all",
        "Uniqueid": "1751359979.46518"
    },
    "start_time": "2025-07-01T12:22:06",
    "status": "answered",
    "timestamp": "2025-07-01T12:22:23",
    "type": "call_ended",
    "uniqueid": "1751359979.46518"
}

{
    "call_duration": 16,
    "call_type": "internal",
    "caller_id_name": "261-SUP8",
    "caller_id_num": "261",
    "cause": "16",
    "cause_description": "",
    "cause_txt": "",
    "channel": "SIP/261-00000c1c",
    "connected_line_name": "<unknown>",
    "connected_line_num": "<unknown>",
    "direction": "in",
    "end_time": "2025-07-01T12:22:23",
    "extension_number": "261",
    "has_ringing": true,
    "linkedid": "1751359978.46515",
    "other_extension_number": "256",
    "raw_event": {
        "AccountCode": "",
        "CallerIDName": "261-SUP8",
        "CallerIDNum": "261",
        "Cause": "16",
        "Cause-txt": "Normal Clearing",
        "Channel": "SIP/261-00000c1c",
        "ChannelState": "6",
        "ChannelStateDesc": "Up",
        "ConnectedLineName": "256-SUP6",
        "ConnectedLineNum": "256",
        "Context": "from-internal",
        "Event": "Hangup",
        "Exten": "",
        "Language": "pr2",
        "Linkedid": "1751359978.46515",
        "Priority": "1",
        "Privilege": "call,all",
        "Uniqueid": "1751359979.46518"
    },
    "start_time": "2025-07-01T12:22:06",
    "status": "answered",
    "timestamp": "2025-07-01T12:22:23",
    "type": "call_summary",
    "uniqueid": "1751359979.46518"
}

{
    "call_type": "",
    "caller_id_name": "261-SUP8",
    "caller_id_num": "261",
    "channel": "SIP/261-00000c27",
    "connected_line_name": "<unknown>",
    "connected_line_num": "<unknown>",
    "direction": "",
    "end_time": "",
    "extension_number": "261",
    "has_ringing": false,
    "linkedid": "1751360065.46612",
    "other_extension_number": "",
    "start_time": "2025-07-01T12:24:00",
    "status": "initiated",
    "timestamp": "2025-07-01T12:24:00",
    "type": "call_started",
    "uniqueid": "1751360092.46651"
}

{
    "channel": "SIP/261-00000c27",
    "privilege": "call,all",
    "timestamp": "2025-07-01T12:24:00",
    "type": "call_ringing",
    "uniqueid": "1751360092.46651"
}

{
    "channel": "SIP/261-00000c27",
    "privilege": "call,all",
    "timestamp": "2025-07-01T12:24:00",
    "type": "call_answered",
    "uniqueid": "1751360092.46651"
}

{
    "call_type": "external",
    "caller_id_name": "261-SUP8",
    "caller_id_num": "261",
    "cause": "16",
    "cause_description": "",
    "cause_txt": "",
    "channel": "SIP/261-00000c27",
    "connected_line_name": "<unknown>",
    "connected_line_num": "<unknown>",
    "direction": "in",
    "end_time": "2025-07-01T12:25:03",
    "extension_number": "261",
    "has_ringing": true,
    "linkedid": "1751360065.46612",
    "other_extension_number": "9191272145",
    "raw_event": {
        "AccountCode": "",
        "CallerIDName": "261-SUP8",
        "CallerIDNum": "261",
        "Cause": "16",
        "Cause-txt": "Normal Clearing",
        "Channel": "SIP/261-00000c27",
        "ChannelState": "6",
        "ChannelStateDesc": "Up",
        "ConnectedLineName": "9191272145",
        "ConnectedLineNum": "9191272145",
        "Context": "macro-dial-one",
        "Event": "Hangup",
        "Exten": "s",
        "Language": "pr2",
        "Linkedid": "1751360065.46612",
        "Priority": "1",
        "Privilege": "call,all",
        "Uniqueid": "1751360092.46651"
    },
    "start_time": "2025-07-01T12:24:00",
    "status": "answered",
    "timestamp": "2025-07-01T12:25:03",
    "type": "call_ended",
    "uniqueid": "1751360092.46651"
}

{
    "call_duration": 62,
    "call_type": "external",
    "caller_id_name": "261-SUP8",
    "caller_id_num": "261",
    "cause": "16",
    "cause_description": "",
    "cause_txt": "",
    "channel": "SIP/261-00000c27",
    "connected_line_name": "<unknown>",
    "connected_line_num": "<unknown>",
    "direction": "in",
    "end_time": "2025-07-01T12:25:03",
    "extension_number": "261",
    "has_ringing": true,
    "linkedid": "1751360065.46612",
    "other_extension_number": "9191272145",
    "raw_event": {
        "AccountCode": "",
        "CallerIDName": "261-SUP8",
        "CallerIDNum": "261",
        "Cause": "16",
        "Cause-txt": "Normal Clearing",
        "Channel": "SIP/261-00000c27",
        "ChannelState": "6",
        "ChannelStateDesc": "Up",
        "ConnectedLineName": "9191272145",
        "ConnectedLineNum": "9191272145",
        "Context": "macro-dial-one",
        "Event": "Hangup",
        "Exten": "s",
        "Language": "pr2",
        "Linkedid": "1751360065.46612",
        "Priority": "1",
        "Privilege": "call,all",
        "Uniqueid": "1751360092.46651"
    },
    "start_time": "2025-07-01T12:24:00",
    "status": "answered",
    "timestamp": "2025-07-01T12:25:03",
    "type": "call_summary",
    "uniqueid": "1751360092.46651"
}

{
    "call_type": "",
    "caller_id_name": "261-SUP8",
    "caller_id_num": "261",
    "channel": "SIP/261-00000c6c",
    "connected_line_name": "<unknown>",
    "connected_line_num": "<unknown>",
    "direction": "",
    "end_time": "",
    "extension_number": "261",
    "has_ringing": false,
    "linkedid": "1751360599.47431",
    "other_extension_number": "",
    "start_time": "2025-07-01T12:32:51",
    "status": "initiated",
    "timestamp": "2025-07-01T12:32:51",
    "type": "call_started",
    "uniqueid": "1751360623.47490"
}

{
    "channel": "SIP/261-00000c6c",
    "privilege": "call,all",
    "timestamp": "2025-07-01T12:32:51",
    "type": "call_ringing",
    "uniqueid": "1751360623.47490"
}

{
    "channel": "SIP/261-00000c6c",
    "privilege": "call,all",
    "timestamp": "2025-07-01T12:32:51",
    "type": "call_answered",
    "uniqueid": "1751360623.47490"
}

{
    "call_type": "external",
    "caller_id_name": "261-SUP8",
    "caller_id_num": "261",
    "cause": "16",
    "cause_description": "",
    "cause_txt": "",
    "channel": "SIP/261-00000c6c",
    "connected_line_name": "<unknown>",
    "connected_line_num": "<unknown>",
    "direction": "in",
    "end_time": "2025-07-01T12:34:24",
    "extension_number": "261",
    "has_ringing": true,
    "linkedid": "1751360599.47431",
    "other_extension_number": "9191272145",
    "raw_event": {
        "AccountCode": "",
        "CallerIDName": "261-SUP8",
        "CallerIDNum": "261",
        "Cause": "16",
        "Cause-txt": "Normal Clearing",
        "Channel": "SIP/261-00000c6c",
        "ChannelState": "6",
        "ChannelStateDesc": "Up",
        "ConnectedLineName": "9191272145",
        "ConnectedLineNum": "9191272145",
        "Context": "macro-dial-one",
        "Event": "Hangup",
        "Exten": "s",
        "Language": "pr2",
        "Linkedid": "1751360599.47431",
        "Priority": "1",
        "Privilege": "call,all",
        "Uniqueid": "1751360623.47490"
    },
    "start_time": "2025-07-01T12:32:51",
    "status": "answered",
    "timestamp": "2025-07-01T12:34:24",
    "type": "call_ended",
    "uniqueid": "1751360623.47490"
}

{
    "call_duration": 92,
    "call_type": "external",
    "caller_id_name": "261-SUP8",
    "caller_id_num": "261",
    "cause": "16",
    "cause_description": "",
    "cause_txt": "",
    "channel": "SIP/261-00000c6c",
    "connected_line_name": "<unknown>",
    "connected_line_num": "<unknown>",
    "direction": "in",
    "end_time": "2025-07-01T12:34:24",
    "extension_number": "261",
    "has_ringing": true,
    "linkedid": "1751360599.47431",
    "other_extension_number": "9191272145",
    "raw_event": {
        "AccountCode": "",
        "CallerIDName": "261-SUP8",
        "CallerIDNum": "261",
        "Cause": "16",
        "Cause-txt": "Normal Clearing",
        "Channel": "SIP/261-00000c6c",
        "ChannelState": "6",
        "ChannelStateDesc": "Up",
        "ConnectedLineName": "9191272145",
        "ConnectedLineNum": "9191272145",
        "Context": "macro-dial-one",
        "Event": "Hangup",
        "Exten": "s",
        "Language": "pr2",
        "Linkedid": "1751360599.47431",
        "Priority": "1",
        "Privilege": "call,all",
        "Uniqueid": "1751360623.47490"
    },
    "start_time": "2025-07-01T12:32:51",
    "status": "answered",
    "timestamp": "2025-07-01T12:34:24",
    "type": "call_summary",
    "uniqueid": "1751360623.47490"
}

{
    "call_type": "",
    "caller_id_name": "261-SUP8",
    "caller_id_num": "261",
    "channel": "SIP/261-00000c87",
    "connected_line_name": "<unknown>",
    "connected_line_num": "<unknown>",
    "direction": "",
    "end_time": "",
    "extension_number": "261",
    "has_ringing": false,
    "linkedid": "1751360910.47813",
    "other_extension_number": "",
    "start_time": "2025-07-01T12:37:37",
    "status": "initiated",
    "timestamp": "2025-07-01T12:37:37",
    "type": "call_started",
    "uniqueid": "1751360910.47813"
}

{
    "call_type": "internal",
    "caller_id_name": "261-SUP8",
    "caller_id_num": "261",
    "cause": "16",
    "cause_description": "",
    "cause_txt": "",
    "channel": "SIP/261-00000c87",
    "connected_line_name": "<unknown>",
    "connected_line_num": "<unknown>",
    "direction": "out",
    "end_time": "2025-07-01T12:37:40",
    "extension_number": "261",
    "has_ringing": false,
    "linkedid": "1751360910.47813",
    "other_extension_number": "225",
    "raw_event": {
        "AccountCode": "",
        "CallerIDName": "261-SUP8",
        "CallerIDNum": "261",
        "Cause": "16",
        "Cause-txt": "Normal Clearing",
        "Channel": "SIP/261-00000c87",
        "ChannelState": "4",
        "ChannelStateDesc": "Ring",
        "ConnectedLineName": "225-HR4",
        "ConnectedLineNum": "225",
        "Context": "from-internal",
        "Event": "Hangup",
        "Exten": "h",
        "Language": "pr2",
        "Linkedid": "1751360910.47813",
        "Priority": "1",
        "Privilege": "call,all",
        "Uniqueid": "1751360910.47813"
    },
    "start_time": "2025-07-01T12:37:37",
    "status": "initiated",
    "timestamp": "2025-07-01T12:37:40",
    "type": "call_ended",
    "uniqueid": "1751360910.47813"
}

{
    "call_duration": 3,
    "call_type": "internal",
    "caller_id_name": "261-SUP8",
    "caller_id_num": "261",
    "cause": "16",
    "cause_description": "",
    "cause_txt": "",
    "channel": "SIP/261-00000c87",
    "connected_line_name": "<unknown>",
    "connected_line_num": "<unknown>",
    "direction": "out",
    "end_time": "2025-07-01T12:37:40",
    "extension_number": "261",
    "has_ringing": false,
    "linkedid": "1751360910.47813",
    "other_extension_number": "225",
    "raw_event": {
        "AccountCode": "",
        "CallerIDName": "261-SUP8",
        "CallerIDNum": "261",
        "Cause": "16",
        "Cause-txt": "Normal Clearing",
        "Channel": "SIP/261-00000c87",
        "ChannelState": "4",
        "ChannelStateDesc": "Ring",
        "ConnectedLineName": "225-HR4",
        "ConnectedLineNum": "225",
        "Context": "from-internal",
        "Event": "Hangup",
        "Exten": "h",
        "Language": "pr2",
        "Linkedid": "1751360910.47813",
        "Priority": "1",
        "Privilege": "call,all",
        "Uniqueid": "1751360910.47813"
    },
    "start_time": "2025-07-01T12:37:37",
    "status": "initiated",
    "timestamp": "2025-07-01T12:37:40",
    "type": "call_summary",
    "uniqueid": "1751360910.47813"
}

{
    "call_type": "",
    "caller_id_name": "261-SUP8",
    "caller_id_num": "261",
    "channel": "SIP/261-00000c8b",
    "connected_line_name": "<unknown>",
    "connected_line_num": "<unknown>",
    "direction": "",
    "end_time": "",
    "extension_number": "261",
    "has_ringing": false,
    "linkedid": "1751360938.47853",
    "other_extension_number": "",
    "start_time": "2025-07-01T12:38:05",
    "status": "initiated",
    "timestamp": "2025-07-01T12:38:05",
    "type": "call_started",
    "uniqueid": "1751360938.47853"
}

{
    "channel": "SIP/261-00000c8b",
    "privilege": "call,all",
    "timestamp": "2025-07-01T12:38:09",
    "type": "call_answered",
    "uniqueid": "1751360938.47853"
}

{
    "call_type": "internal",
    "caller_id_name": "261-SUP8",
    "caller_id_num": "261",
    "cause": "16",
    "cause_description": "",
    "cause_txt": "",
    "channel": "SIP/261-00000c8b",
    "connected_line_name": "<unknown>",
    "connected_line_num": "<unknown>",
    "direction": "out",
    "end_time": "2025-07-01T12:38:41",
    "extension_number": "261",
    "has_ringing": false,
    "linkedid": "1751360938.47853",
    "other_extension_number": "214",
    "raw_event": {
        "AccountCode": "",
        "CallerIDName": "261-SUP8",
        "CallerIDNum": "261",
        "Cause": "16",
        "Cause-txt": "Normal Clearing",
        "Channel": "SIP/261-00000c8b",
        "ChannelState": "6",
        "ChannelStateDesc": "Up",
        "ConnectedLineName": "214-HR2",
        "ConnectedLineNum": "214",
        "Context": "from-internal",
        "Event": "Hangup",
        "Exten": "h",
        "Language": "pr2",
        "Linkedid": "1751360938.47853",
        "Priority": "1",
        "Privilege": "call,all",
        "Uniqueid": "1751360938.47853"
    },
    "start_time": "2025-07-01T12:38:09",
    "status": "answered",
    "timestamp": "2025-07-01T12:38:41",
    "type": "call_ended",
    "uniqueid": "1751360938.47853"
}

{
    "call_duration": 32,
    "call_type": "internal",
    "caller_id_name": "261-SUP8",
    "caller_id_num": "261",
    "cause": "16",
    "cause_description": "",
    "cause_txt": "",
    "channel": "SIP/261-00000c8b",
    "connected_line_name": "<unknown>",
    "connected_line_num": "<unknown>",
    "direction": "out",
    "end_time": "2025-07-01T12:38:41",
    "extension_number": "261",
    "has_ringing": false,
    "linkedid": "1751360938.47853",
    "other_extension_number": "214",
    "raw_event": {
        "AccountCode": "",
        "CallerIDName": "261-SUP8",
        "CallerIDNum": "261",
        "Cause": "16",
        "Cause-txt": "Normal Clearing",
        "Channel": "SIP/261-00000c8b",
        "ChannelState": "6",
        "ChannelStateDesc": "Up",
        "ConnectedLineName": "214-HR2",
        "ConnectedLineNum": "214",
        "Context": "from-internal",
        "Event": "Hangup",
        "Exten": "h",
        "Language": "pr2",
        "Linkedid": "1751360938.47853",
        "Priority": "1",
        "Privilege": "call,all",
        "Uniqueid": "1751360938.47853"
    },
    "start_time": "2025-07-01T12:38:09",
    "status": "answered",
    "timestamp": "2025-07-01T12:38:41",
    "type": "call_summary",
    "uniqueid": "1751360938.47853"
}

{
    "extension": "261",
    "privilege": "call,all",
    "timestamp": "2025-07-01T12:49:38",
    "type": "monitor_initialized"
}

{
    "call_type": "",
    "caller_id_name": "261-SUP8",
    "caller_id_num": "261",
    "channel": "SIP/261-00000e3f",
    "connected_line_name": "<unknown>",
    "connected_line_num": "<unknown>",
    "direction": "",
    "end_time": "",
    "extension_number": "261",
    "has_ringing": false,
    "linkedid": "1751365409.53403",
    "other_extension_number": "",
    "start_time": "2025-07-01T13:52:38",
    "status": "initiated",
    "timestamp": "2025-07-01T13:52:38",
    "type": "call_started",
    "uniqueid": "1751365410.53406"
}

{
    "channel": "SIP/261-00000e3f",
    "privilege": "call,all",
    "timestamp": "2025-07-01T13:52:38",
    "type": "call_ringing",
    "uniqueid": "1751365410.53406"
}

{
    "channel": "SIP/261-00000e3f",
    "privilege": "call,all",
    "timestamp": "2025-07-01T13:52:38",
    "type": "call_answered",
    "uniqueid": "1751365410.53406"
}

{
    "call_type": "internal",
    "caller_id_name": "261-SUP8",
    "caller_id_num": "261",
    "cause": "16",
    "cause_description": "",
    "cause_txt": "",
    "channel": "SIP/261-00000e3f",
    "connected_line_name": "513-ICT4",
    "connected_line_num": "513",
    "direction": "in",
    "end_time": "2025-07-01T13:53:03",
    "extension_number": "261",
    "has_ringing": true,
    "linkedid": "1751365409.53403",
    "other_extension_number": "513",
    "raw_event": {
        "AccountCode": "",
        "CallerIDName": "261-SUP8",
        "CallerIDNum": "261",
        "Cause": "16",
        "Cause-txt": "Normal Clearing",
        "Channel": "SIP/261-00000e3f",
        "ChannelState": "6",
        "ChannelStateDesc": "Up",
        "ConnectedLineName": "513-ICT4",
        "ConnectedLineNum": "513",
        "Context": "from-internal",
        "Event": "Hangup",
        "Exten": "",
        "Language": "pr2",
        "Linkedid": "1751365409.53403",
        "Priority": "1",
        "Privilege": "call,all",
        "Uniqueid": "1751365410.53406"
    },
    "start_time": "2025-07-01T13:52:38",
    "status": "answered",
    "timestamp": "2025-07-01T13:53:03",
    "type": "call_ended",
    "uniqueid": "1751365410.53406"
}

{
    "call_duration": 24,
    "call_type": "internal",
    "caller_id_name": "261-SUP8",
    "caller_id_num": "261",
    "cause": "16",
    "cause_description": "",
    "cause_txt": "",
    "channel": "SIP/261-00000e3f",
    "connected_line_name": "513-ICT4",
    "connected_line_num": "513",
    "direction": "in",
    "end_time": "2025-07-01T13:53:03",
    "extension_number": "261",
    "has_ringing": true,
    "linkedid": "1751365409.53403",
    "other_extension_number": "513",
    "raw_event": {
        "AccountCode": "",
        "CallerIDName": "261-SUP8",
        "CallerIDNum": "261",
        "Cause": "16",
        "Cause-txt": "Normal Clearing",
        "Channel": "SIP/261-00000e3f",
        "ChannelState": "6",
        "ChannelStateDesc": "Up",
        "ConnectedLineName": "513-ICT4",
        "ConnectedLineNum": "513",
        "Context": "from-internal",
        "Event": "Hangup",
        "Exten": "",
        "Language": "pr2",
        "Linkedid": "1751365409.53403",
        "Priority": "1",
        "Privilege": "call,all",
        "Uniqueid": "1751365410.53406"
    },
    "start_time": "2025-07-01T13:52:38",
    "status": "answered",
    "timestamp": "2025-07-01T13:53:03",
    "type": "call_summary",
    "uniqueid": "1751365410.53406"
}

{
    "call_type": "",
    "caller_id_name": "261-SUP8",
    "caller_id_num": "261",
    "channel": "SIP/261-00000e7e",
    "connected_line_name": "<unknown>",
    "connected_line_num": "<unknown>",
    "direction": "",
    "end_time": "",
    "extension_number": "261",
    "has_ringing": false,
    "linkedid": "1751365950.54092",
    "other_extension_number": "",
    "start_time": "2025-07-01T14:01:37",
    "status": "initiated",
    "timestamp": "2025-07-01T14:01:37",
    "type": "call_started",
    "uniqueid": "1751365950.54092"
}

{
    "call_type": "internal",
    "caller_id_name": "261-SUP8",
    "caller_id_num": "261",
    "cause": "16",
    "cause_description": "",
    "cause_txt": "",
    "channel": "SIP/261-00000e7e",
    "connected_line_name": "214-HR2",
    "connected_line_num": "214",
    "direction": "out",
    "end_time": "2025-07-01T14:01:40",
    "extension_number": "261",
    "has_ringing": false,
    "linkedid": "1751365950.54092",
    "other_extension_number": "214",
    "raw_event": {
        "AccountCode": "",
        "CallerIDName": "261-SUP8",
        "CallerIDNum": "261",
        "Cause": "16",
        "Cause-txt": "Normal Clearing",
        "Channel": "SIP/261-00000e7e",
        "ChannelState": "4",
        "ChannelStateDesc": "Ring",
        "ConnectedLineName": "214-HR2",
        "ConnectedLineNum": "214",
        "Context": "from-internal",
        "Event": "Hangup",
        "Exten": "h",
        "Language": "pr2",
        "Linkedid": "1751365950.54092",
        "Priority": "1",
        "Privilege": "call,all",
        "Uniqueid": "1751365950.54092"
    },
    "start_time": "2025-07-01T14:01:37",
    "status": "initiated",
    "timestamp": "2025-07-01T14:01:40",
    "type": "call_ended",
    "uniqueid": "1751365950.54092"
}

{
    "call_duration": 3,
    "call_type": "internal",
    "caller_id_name": "261-SUP8",
    "caller_id_num": "261",
    "cause": "16",
    "cause_description": "",
    "cause_txt": "",
    "channel": "SIP/261-00000e7e",
    "connected_line_name": "214-HR2",
    "connected_line_num": "214",
    "direction": "out",
    "end_time": "2025-07-01T14:01:40",
    "extension_number": "261",
    "has_ringing": false,
    "linkedid": "1751365950.54092",
    "other_extension_number": "214",
    "raw_event": {
        "AccountCode": "",
        "CallerIDName": "261-SUP8",
        "CallerIDNum": "261",
        "Cause": "16",
        "Cause-txt": "Normal Clearing",
        "Channel": "SIP/261-00000e7e",
        "ChannelState": "4",
        "ChannelStateDesc": "Ring",
        "ConnectedLineName": "214-HR2",
        "ConnectedLineNum": "214",
        "Context": "from-internal",
        "Event": "Hangup",
        "Exten": "h",
        "Language": "pr2",
        "Linkedid": "1751365950.54092",
        "Priority": "1",
        "Privilege": "call,all",
        "Uniqueid": "1751365950.54092"
    },
    "start_time": "2025-07-01T14:01:37",
    "status": "initiated",
    "timestamp": "2025-07-01T14:01:40",
    "type": "call_summary",
    "uniqueid": "1751365950.54092"
}

{
    "call_type": "",
    "caller_id_name": "261-SUP8",
    "caller_id_num": "261",
    "channel": "SIP/261-00000e80",
    "connected_line_name": "<unknown>",
    "connected_line_num": "<unknown>",
    "direction": "",
    "end_time": "",
    "extension_number": "261",
    "has_ringing": false,
    "linkedid": "1751365970.54115",
    "other_extension_number": "",
    "start_time": "2025-07-01T14:01:57",
    "status": "initiated",
    "timestamp": "2025-07-01T14:01:57",
    "type": "call_started",
    "uniqueid": "1751365970.54115"
}

{
    "call_type": "internal",
    "caller_id_name": "261-SUP8",
    "caller_id_num": "261",
    "cause": "16",
    "cause_description": "",
    "cause_txt": "",
    "channel": "SIP/261-00000e80",
    "connected_line_name": "512-ICT3",
    "connected_line_num": "512",
    "direction": "out",
    "end_time": "2025-07-01T14:02:01",
    "extension_number": "261",
    "has_ringing": false,
    "linkedid": "1751365970.54115",
    "other_extension_number": "512",
    "raw_event": {
        "AccountCode": "",
        "CallerIDName": "261-SUP8",
        "CallerIDNum": "261",
        "Cause": "16",
        "Cause-txt": "Normal Clearing",
        "Channel": "SIP/261-00000e80",
        "ChannelState": "4",
        "ChannelStateDesc": "Ring",
        "ConnectedLineName": "512-ICT3",
        "ConnectedLineNum": "512",
        "Context": "from-internal",
        "Event": "Hangup",
        "Exten": "h",
        "Language": "pr2",
        "Linkedid": "1751365970.54115",
        "Priority": "1",
        "Privilege": "call,all",
        "Uniqueid": "1751365970.54115"
    },
    "start_time": "2025-07-01T14:01:57",
    "status": "initiated",
    "timestamp": "2025-07-01T14:02:01",
    "type": "call_ended",
    "uniqueid": "1751365970.54115"
}

{
    "call_duration": 3,
    "call_type": "internal",
    "caller_id_name": "261-SUP8",
    "caller_id_num": "261",
    "cause": "16",
    "cause_description": "",
    "cause_txt": "",
    "channel": "SIP/261-00000e80",
    "connected_line_name": "512-ICT3",
    "connected_line_num": "512",
    "direction": "out",
    "end_time": "2025-07-01T14:02:01",
    "extension_number": "261",
    "has_ringing": false,
    "linkedid": "1751365970.54115",
    "other_extension_number": "512",
    "raw_event": {
        "AccountCode": "",
        "CallerIDName": "261-SUP8",
        "CallerIDNum": "261",
        "Cause": "16",
        "Cause-txt": "Normal Clearing",
        "Channel": "SIP/261-00000e80",
        "ChannelState": "4",
        "ChannelStateDesc": "Ring",
        "ConnectedLineName": "512-ICT3",
        "ConnectedLineNum": "512",
        "Context": "from-internal",
        "Event": "Hangup",
        "Exten": "h",
        "Language": "pr2",
        "Linkedid": "1751365970.54115",
        "Priority": "1",
        "Privilege": "call,all",
        "Uniqueid": "1751365970.54115"
    },
    "start_time": "2025-07-01T14:01:57",
    "status": "initiated",
    "timestamp": "2025-07-01T14:02:01",
    "type": "call_summary",
    "uniqueid": "1751365970.54115"
}

{
    "call_type": "",
    "caller_id_name": "261-SUP8",
    "caller_id_num": "261",
    "channel": "SIP/261-00000e84",
    "connected_line_name": "<unknown>",
    "connected_line_num": "<unknown>",
    "direction": "",
    "end_time": "",
    "extension_number": "261",
    "has_ringing": false,
    "linkedid": "1751365975.54143",
    "other_extension_number": "",
    "start_time": "2025-07-01T14:02:02",
    "status": "initiated",
    "timestamp": "2025-07-01T14:02:02",
    "type": "call_started",
    "uniqueid": "1751365975.54143"
}

{
    "channel": "SIP/261-00000e84",
    "privilege": "call,all",
    "timestamp": "2025-07-01T14:02:05",
    "type": "call_answered",
    "uniqueid": "1751365975.54143"
}

{
    "call_type": "internal",
    "caller_id_name": "261-SUP8",
    "caller_id_num": "261",
    "cause": "16",
    "cause_description": "",
    "cause_txt": "",
    "channel": "SIP/261-00000e84",
    "connected_line_name": "513-ICT4",
    "connected_line_num": "513",
    "direction": "out",
    "end_time": "2025-07-01T14:03:01",
    "extension_number": "261",
    "has_ringing": false,
    "linkedid": "1751365975.54143",
    "other_extension_number": "513",
    "raw_event": {
        "AccountCode": "",
        "CallerIDName": "261-SUP8",
        "CallerIDNum": "261",
        "Cause": "16",
        "Cause-txt": "Normal Clearing",
        "Channel": "SIP/261-00000e84",
        "ChannelState": "6",
        "ChannelStateDesc": "Up",
        "ConnectedLineName": "513-ICT4",
        "ConnectedLineNum": "513",
        "Context": "ext-local",
        "Event": "Hangup",
        "Exten": "h",
        "Language": "pr2",
        "Linkedid": "1751365975.54143",
        "Priority": "1",
        "Privilege": "call,all",
        "Uniqueid": "1751365975.54143"
    },
    "start_time": "2025-07-01T14:02:05",
    "status": "answered",
    "timestamp": "2025-07-01T14:03:01",
    "type": "call_ended",
    "uniqueid": "1751365975.54143"
}

{
    "call_duration": 55,
    "call_type": "internal",
    "caller_id_name": "261-SUP8",
    "caller_id_num": "261",
    "cause": "16",
    "cause_description": "",
    "cause_txt": "",
    "channel": "SIP/261-00000e84",
    "connected_line_name": "513-ICT4",
    "connected_line_num": "513",
    "direction": "out",
    "end_time": "2025-07-01T14:03:01",
    "extension_number": "261",
    "has_ringing": false,
    "linkedid": "1751365975.54143",
    "other_extension_number": "513",
    "raw_event": {
        "AccountCode": "",
        "CallerIDName": "261-SUP8",
        "CallerIDNum": "261",
        "Cause": "16",
        "Cause-txt": "Normal Clearing",
        "Channel": "SIP/261-00000e84",
        "ChannelState": "6",
        "ChannelStateDesc": "Up",
        "ConnectedLineName": "513-ICT4",
        "ConnectedLineNum": "513",
        "Context": "ext-local",
        "Event": "Hangup",
        "Exten": "h",
        "Language": "pr2",
        "Linkedid": "1751365975.54143",
        "Priority": "1",
        "Privilege": "call,all",
        "Uniqueid": "1751365975.54143"
    },
    "start_time": "2025-07-01T14:02:05",
    "status": "answered",
    "timestamp": "2025-07-01T14:03:01",
    "type": "call_summary",
    "uniqueid": "1751365975.54143"
}

{
    "call_type": "",
    "caller_id_name": "261-SUP8",
    "caller_id_num": "261",
    "channel": "SIP/261-00000e95",
    "connected_line_name": "<unknown>",
    "connected_line_num": "<unknown>",
    "direction": "",
    "end_time": "",
    "extension_number": "261",
    "has_ringing": false,
    "linkedid": "1751366178.54350",
    "other_extension_number": "",
    "start_time": "2025-07-01T14:05:27",
    "status": "initiated",
    "timestamp": "2025-07-01T14:05:27",
    "type": "call_started",
    "uniqueid": "1751366178.54353"
}

{
    "channel": "SIP/261-00000e95",
    "privilege": "call,all",
    "timestamp": "2025-07-01T14:05:27",
    "type": "call_ringing",
    "uniqueid": "1751366178.54353"
}

{
    "channel": "SIP/261-00000e95",
    "privilege": "call,all",
    "timestamp": "2025-07-01T14:05:36",
    "type": "call_answered",
    "uniqueid": "1751366178.54353"
}

{
    "call_type": "internal",
    "caller_id_name": "261-SUP8",
    "caller_id_num": "261",
    "cause": "16",
    "cause_description": "",
    "cause_txt": "",
    "channel": "SIP/261-00000e95",
    "connected_line_name": "270-SUP13",
    "connected_line_num": "270",
    "direction": "in",
    "end_time": "2025-07-01T14:05:51",
    "extension_number": "261",
    "has_ringing": true,
    "linkedid": "1751366178.54350",
    "other_extension_number": "270",
    "raw_event": {
        "AccountCode": "",
        "CallerIDName": "261-SUP8",
        "CallerIDNum": "261",
        "Cause": "16",
        "Cause-txt": "Normal Clearing",
        "Channel": "SIP/261-00000e95",
        "ChannelState": "6",
        "ChannelStateDesc": "Up",
        "ConnectedLineName": "270-SUP13",
        "ConnectedLineNum": "270",
        "Context": "from-internal",
        "Event": "Hangup",
        "Exten": "",
        "Language": "pr2",
        "Linkedid": "1751366178.54350",
        "Priority": "1",
        "Privilege": "call,all",
        "Uniqueid": "1751366178.54353"
    },
    "start_time": "2025-07-01T14:05:36",
    "status": "answered",
    "timestamp": "2025-07-01T14:05:51",
    "type": "call_ended",
    "uniqueid": "1751366178.54353"
}

{
    "call_duration": 14,
    "call_type": "internal",
    "caller_id_name": "261-SUP8",
    "caller_id_num": "261",
    "cause": "16",
    "cause_description": "",
    "cause_txt": "",
    "channel": "SIP/261-00000e95",
    "connected_line_name": "270-SUP13",
    "connected_line_num": "270",
    "direction": "in",
    "end_time": "2025-07-01T14:05:51",
    "extension_number": "261",
    "has_ringing": true,
    "linkedid": "1751366178.54350",
    "other_extension_number": "270",
    "raw_event": {
        "AccountCode": "",
        "CallerIDName": "261-SUP8",
        "CallerIDNum": "261",
        "Cause": "16",
        "Cause-txt": "Normal Clearing",
        "Channel": "SIP/261-00000e95",
        "ChannelState": "6",
        "ChannelStateDesc": "Up",
        "ConnectedLineName": "270-SUP13",
        "ConnectedLineNum": "270",
        "Context": "from-internal",
        "Event": "Hangup",
        "Exten": "",
        "Language": "pr2",
        "Linkedid": "1751366178.54350",
        "Priority": "1",
        "Privilege": "call,all",
        "Uniqueid": "1751366178.54353"
    },
    "start_time": "2025-07-01T14:05:36",
    "status": "answered",
    "timestamp": "2025-07-01T14:05:51",
    "type": "call_summary",
    "uniqueid": "1751366178.54353"
}

{
    "call_type": "",
    "caller_id_name": "261-SUP8",
    "caller_id_num": "261",
    "channel": "SIP/261-00000029",
    "connected_line_name": "<unknown>",
    "connected_line_num": "<unknown>",
    "direction": "",
    "end_time": "",
    "extension_number": "261",
    "has_ringing": false,
    "linkedid": "1751367024.436",
    "other_extension_number": "",
    "start_time": "2025-07-01T14:19:33",
    "status": "initiated",
    "timestamp": "2025-07-01T14:19:33",
    "type": "call_started",
    "uniqueid": "1751367024.439"
}

{
    "channel": "SIP/261-00000029",
    "privilege": "call,all",
    "timestamp": "2025-07-01T14:19:33",
    "type": "call_ringing",
    "uniqueid": "1751367024.439"
}

{
    "channel": "SIP/261-00000029",
    "privilege": "call,all",
    "timestamp": "2025-07-01T14:19:36",
    "type": "call_answered",
    "uniqueid": "1751367024.439"
}

{
    "call_type": "internal",
    "caller_id_name": "261-SUP8",
    "caller_id_num": "261",
    "cause": "16",
    "cause_description": "",
    "cause_txt": "",
    "channel": "SIP/261-00000029",
    "connected_line_name": "525-SM5",
    "connected_line_num": "525",
    "direction": "in",
    "end_time": "2025-07-01T14:23:57",
    "extension_number": "261",
    "has_ringing": true,
    "linkedid": "1751367024.436",
    "other_extension_number": "525",
    "raw_event": {
        "AccountCode": "",
        "CallerIDName": "261-SUP8",
        "CallerIDNum": "261",
        "Cause": "16",
        "Cause-txt": "Normal Clearing",
        "Channel": "SIP/261-00000029",
        "ChannelState": "6",
        "ChannelStateDesc": "Up",
        "ConnectedLineName": "525-SM5",
        "ConnectedLineNum": "525",
        "Context": "from-internal",
        "Event": "Hangup",
        "Exten": "",
        "Language": "pr2",
        "Linkedid": "1751367024.436",
        "Priority": "1",
        "Privilege": "call,all",
        "Uniqueid": "1751367024.439"
    },
    "start_time": "2025-07-01T14:19:36",
    "status": "answered",
    "timestamp": "2025-07-01T14:23:57",
    "type": "call_ended",
    "uniqueid": "1751367024.439"
}

{
    "call_duration": 261,
    "call_type": "internal",
    "caller_id_name": "261-SUP8",
    "caller_id_num": "261",
    "cause": "16",
    "cause_description": "",
    "cause_txt": "",
    "channel": "SIP/261-00000029",
    "connected_line_name": "525-SM5",
    "connected_line_num": "525",
    "direction": "in",
    "end_time": "2025-07-01T14:23:57",
    "extension_number": "261",
    "has_ringing": true,
    "linkedid": "1751367024.436",
    "other_extension_number": "525",
    "raw_event": {
        "AccountCode": "",
        "CallerIDName": "261-SUP8",
        "CallerIDNum": "261",
        "Cause": "16",
        "Cause-txt": "Normal Clearing",
        "Channel": "SIP/261-00000029",
        "ChannelState": "6",
        "ChannelStateDesc": "Up",
        "ConnectedLineName": "525-SM5",
        "ConnectedLineNum": "525",
        "Context": "from-internal",
        "Event": "Hangup",
        "Exten": "",
        "Language": "pr2",
        "Linkedid": "1751367024.436",
        "Priority": "1",
        "Privilege": "call,all",
        "Uniqueid": "1751367024.439"
    },
    "start_time": "2025-07-01T14:19:36",
    "status": "answered",
    "timestamp": "2025-07-01T14:23:57",
    "type": "call_summary",
    "uniqueid": "1751367024.439"
}

{
    "call_type": "",
    "caller_id_name": "261-SUP8",
    "caller_id_num": "261",
    "channel": "SIP/261-0000003e",
    "connected_line_name": "<unknown>",
    "connected_line_num": "<unknown>",
    "direction": "",
    "end_time": "",
    "extension_number": "261",
    "has_ringing": false,
    "linkedid": "1751367318.691",
    "other_extension_number": "",
    "start_time": "2025-07-01T14:24:28",
    "status": "initiated",
    "timestamp": "2025-07-01T14:24:28",
    "type": "call_started",
    "uniqueid": "1751367318.694"
}

{
    "channel": "SIP/261-0000003e",
    "privilege": "call,all",
    "timestamp": "2025-07-01T14:24:28",
    "type": "call_ringing",
    "uniqueid": "1751367318.694"
}

{
    "call_type": "internal",
    "caller_id_name": "261-SUP8",
    "caller_id_num": "261",
    "cause": "16",
    "cause_description": "",
    "cause_txt": "",
    "channel": "SIP/261-0000003e",
    "connected_line_name": "525-SM5",
    "connected_line_num": "525",
    "direction": "in",
    "end_time": "2025-07-01T14:24:43",
    "extension_number": "261",
    "has_ringing": true,
    "linkedid": "1751367318.691",
    "other_extension_number": "525",
    "raw_event": {
        "AccountCode": "",
        "CallerIDName": "261-SUP8",
        "CallerIDNum": "261",
        "Cause": "16",
        "Cause-txt": "Normal Clearing",
        "Channel": "SIP/261-0000003e",
        "ChannelState": "5",
        "ChannelStateDesc": "Ringing",
        "ConnectedLineName": "525-SM5",
        "ConnectedLineNum": "525",
        "Context": "from-internal",
        "Event": "Hangup",
        "Exten": "261",
        "Language": "pr2",
        "Linkedid": "1751367318.691",
        "Priority": "1",
        "Privilege": "call,all",
        "Uniqueid": "1751367318.694"
    },
    "start_time": "2025-07-01T14:24:28",
    "status": "ringing",
    "timestamp": "2025-07-01T14:24:43",
    "type": "call_ended",
    "uniqueid": "1751367318.694"
}

{
    "call_duration": 15,
    "call_type": "internal",
    "caller_id_name": "261-SUP8",
    "caller_id_num": "261",
    "cause": "16",
    "cause_description": "",
    "cause_txt": "",
    "channel": "SIP/261-0000003e",
    "connected_line_name": "525-SM5",
    "connected_line_num": "525",
    "direction": "in",
    "end_time": "2025-07-01T14:24:43",
    "extension_number": "261",
    "has_ringing": true,
    "linkedid": "1751367318.691",
    "other_extension_number": "525",
    "raw_event": {
        "AccountCode": "",
        "CallerIDName": "261-SUP8",
        "CallerIDNum": "261",
        "Cause": "16",
        "Cause-txt": "Normal Clearing",
        "Channel": "SIP/261-0000003e",
        "ChannelState": "5",
        "ChannelStateDesc": "Ringing",
        "ConnectedLineName": "525-SM5",
        "ConnectedLineNum": "525",
        "Context": "from-internal",
        "Event": "Hangup",
        "Exten": "261",
        "Language": "pr2",
        "Linkedid": "1751367318.691",
        "Priority": "1",
        "Privilege": "call,all",
        "Uniqueid": "1751367318.694"
    },
    "start_time": "2025-07-01T14:24:28",
    "status": "ringing",
    "timestamp": "2025-07-01T14:24:43",
    "type": "call_summary",
    "uniqueid": "1751367318.694"
}

{
    "call_type": "",
    "caller_id_name": "261-SUP8",
    "caller_id_num": "261",
    "channel": "SIP/261-000000ec",
    "connected_line_name": "<unknown>",
    "connected_line_num": "<unknown>",
    "direction": "",
    "end_time": "",
    "extension_number": "261",
    "has_ringing": false,
    "linkedid": "1751368396.2424",
    "other_extension_number": "",
    "start_time": "2025-07-01T14:42:23",
    "status": "initiated",
    "timestamp": "2025-07-01T14:42:23",
    "type": "call_started",
    "uniqueid": "1751368396.2424"
}

{
    "channel": "SIP/261-000000ec",
    "privilege": "call,all",
    "timestamp": "2025-07-01T14:42:24",
    "type": "call_answered",
    "uniqueid": "1751368396.2424"
}

{
    "call_type": "external",
    "caller_id_name": "261-SUP8",
    "caller_id_num": "261",
    "cause": "0",
    "cause_description": "",
    "cause_txt": "",
    "channel": "SIP/261-000000ec",
    "connected_line_name": "<unknown>",
    "connected_line_num": "<unknown>",
    "direction": "out",
    "end_time": "2025-07-01T14:42:28",
    "extension_number": "261",
    "has_ringing": false,
    "linkedid": "1751368396.2424",
    "other_extension_number": "<unknown>",
    "raw_event": {
        "AccountCode": "",
        "CallerIDName": "261-SUP8",
        "CallerIDNum": "261",
        "Cause": "0",
        "Cause-txt": "Unknown",
        "Channel": "SIP/261-000000ec",
        "ChannelState": "6",
        "ChannelStateDesc": "Up",
        "ConnectedLineName": "<unknown>",
        "ConnectedLineNum": "<unknown>",
        "Context": "app-announcement-2",
        "Event": "Hangup",
        "Exten": "s",
        "Language": "pr2",
        "Linkedid": "1751368396.2424",
        "Priority": "5",
        "Privilege": "call,all",
        "Uniqueid": "1751368396.2424"
    },
    "start_time": "2025-07-01T14:42:24",
    "status": "answered",
    "timestamp": "2025-07-01T14:42:28",
    "type": "call_ended",
    "uniqueid": "1751368396.2424"
}

{
    "call_duration": 3,
    "call_type": "external",
    "caller_id_name": "261-SUP8",
    "caller_id_num": "261",
    "cause": "0",
    "cause_description": "",
    "cause_txt": "",
    "channel": "SIP/261-000000ec",
    "connected_line_name": "<unknown>",
    "connected_line_num": "<unknown>",
    "direction": "out",
    "end_time": "2025-07-01T14:42:28",
    "extension_number": "261",
    "has_ringing": false,
    "linkedid": "1751368396.2424",
    "other_extension_number": "<unknown>",
    "raw_event": {
        "AccountCode": "",
        "CallerIDName": "261-SUP8",
        "CallerIDNum": "261",
        "Cause": "0",
        "Cause-txt": "Unknown",
        "Channel": "SIP/261-000000ec",
        "ChannelState": "6",
        "ChannelStateDesc": "Up",
        "ConnectedLineName": "<unknown>",
        "ConnectedLineNum": "<unknown>",
        "Context": "app-announcement-2",
        "Event": "Hangup",
        "Exten": "s",
        "Language": "pr2",
        "Linkedid": "1751368396.2424",
        "Priority": "5",
        "Privilege": "call,all",
        "Uniqueid": "1751368396.2424"
    },
    "start_time": "2025-07-01T14:42:24",
    "status": "answered",
    "timestamp": "2025-07-01T14:42:28",
    "type": "call_summary",
    "uniqueid": "1751368396.2424"
}

{
    "call_type": "",
    "caller_id_name": "261-SUP8",
    "caller_id_num": "261",
    "channel": "SIP/261-000000ed",
    "connected_line_name": "<unknown>",
    "connected_line_num": "<unknown>",
    "direction": "",
    "end_time": "",
    "extension_number": "261",
    "has_ringing": false,
    "linkedid": "1751368405.2432",
    "other_extension_number": "",
    "start_time": "2025-07-01T14:42:36",
    "status": "initiated",
    "timestamp": "2025-07-01T14:42:36",
    "type": "call_started",
    "uniqueid": "1751368405.2432"
}

{
    "channel": "SIP/261-000000ed",
    "privilege": "call,all",
    "timestamp": "2025-07-01T14:42:37",
    "type": "call_answered",
    "uniqueid": "1751368405.2432"
}

{
    "call_type": "external",
    "caller_id_name": "261-SUP8",
    "caller_id_num": "261",
    "cause": "0",
    "cause_description": "",
    "cause_txt": "",
    "channel": "SIP/261-000000ed",
    "connected_line_name": "<unknown>",
    "connected_line_num": "<unknown>",
    "direction": "out",
    "end_time": "2025-07-01T14:42:37",
    "extension_number": "261",
    "has_ringing": false,
    "linkedid": "1751368405.2432",
    "other_extension_number": "<unknown>",
    "raw_event": {
        "AccountCode": "",
        "CallerIDName": "261-SUP8",
        "CallerIDNum": "261",
        "Cause": "0",
        "Cause-txt": "Unknown",
        "Channel": "SIP/261-000000ed",
        "ChannelState": "6",
        "ChannelStateDesc": "Up",
        "ConnectedLineName": "<unknown>",
        "ConnectedLineNum": "<unknown>",
        "Context": "app-announcement-2",
        "Event": "Hangup",
        "Exten": "s",
        "Language": "pr2",
        "Linkedid": "1751368405.2432",
        "Priority": "5",
        "Privilege": "call,all",
        "Uniqueid": "1751368405.2432"
    },
    "start_time": "2025-07-01T14:42:37",
    "status": "answered",
    "timestamp": "2025-07-01T14:42:37",
    "type": "call_ended",
    "uniqueid": "1751368405.2432"
}

{
    "call_duration": 0,
    "call_type": "external",
    "caller_id_name": "261-SUP8",
    "caller_id_num": "261",
    "cause": "0",
    "cause_description": "",
    "cause_txt": "",
    "channel": "SIP/261-000000ed",
    "connected_line_name": "<unknown>",
    "connected_line_num": "<unknown>",
    "direction": "out",
    "end_time": "2025-07-01T14:42:37",
    "extension_number": "261",
    "has_ringing": false,
    "linkedid": "1751368405.2432",
    "other_extension_number": "<unknown>",
    "raw_event": {
        "AccountCode": "",
        "CallerIDName": "261-SUP8",
        "CallerIDNum": "261",
        "Cause": "0",
        "Cause-txt": "Unknown",
        "Channel": "SIP/261-000000ed",
        "ChannelState": "6",
        "ChannelStateDesc": "Up",
        "ConnectedLineName": "<unknown>",
        "ConnectedLineNum": "<unknown>",
        "Context": "app-announcement-2",
        "Event": "Hangup",
        "Exten": "s",
        "Language": "pr2",
        "Linkedid": "1751368405.2432",
        "Priority": "5",
        "Privilege": "call,all",
        "Uniqueid": "1751368405.2432"
    },
    "start_time": "2025-07-01T14:42:37",
    "status": "answered",
    "timestamp": "2025-07-01T14:42:37",
    "type": "call_summary",
    "uniqueid": "1751368405.2432"
}

{
    "call_type": "",
    "caller_id_name": "261-SUP8",
    "caller_id_num": "261",
    "channel": "SIP/261-000000ee",
    "connected_line_name": "<unknown>",
    "connected_line_num": "<unknown>",
    "direction": "",
    "end_time": "",
    "extension_number": "261",
    "has_ringing": false,
    "linkedid": "1751368411.2440",
    "other_extension_number": "",
    "start_time": "2025-07-01T14:42:38",
    "status": "initiated",
    "timestamp": "2025-07-01T14:42:38",
    "type": "call_started",
    "uniqueid": "1751368411.2440"
}

{
    "channel": "SIP/261-000000ee",
    "privilege": "call,all",
    "timestamp": "2025-07-01T14:42:42",
    "type": "call_answered",
    "uniqueid": "1751368411.2440"
}

{
    "call_type": "internal",
    "caller_id_name": "261-SUP8",
    "caller_id_num": "261",
    "cause": "16",
    "cause_description": "",
    "cause_txt": "",
    "channel": "SIP/261-000000ee",
    "connected_line_name": "525-SM5",
    "connected_line_num": "525",
    "direction": "out",
    "end_time": "2025-07-01T14:43:35",
    "extension_number": "261",
    "has_ringing": false,
    "linkedid": "1751368411.2440",
    "other_extension_number": "525",
    "raw_event": {
        "AccountCode": "",
        "CallerIDName": "261-SUP8",
        "CallerIDNum": "261",
        "Cause": "16",
        "Cause-txt": "Normal Clearing",
        "Channel": "SIP/261-000000ee",
        "ChannelState": "6",
        "ChannelStateDesc": "Up",
        "ConnectedLineName": "525-SM5",
        "ConnectedLineNum": "525",
        "Context": "from-internal",
        "Event": "Hangup",
        "Exten": "h",
        "Language": "pr2",
        "Linkedid": "1751368411.2440",
        "Priority": "1",
        "Privilege": "call,all",
        "Uniqueid": "1751368411.2440"
    },
    "start_time": "2025-07-01T14:42:42",
    "status": "answered",
    "timestamp": "2025-07-01T14:43:35",
    "type": "call_ended",
    "uniqueid": "1751368411.2440"
}

{
    "call_duration": 52,
    "call_type": "internal",
    "caller_id_name": "261-SUP8",
    "caller_id_num": "261",
    "cause": "16",
    "cause_description": "",
    "cause_txt": "",
    "channel": "SIP/261-000000ee",
    "connected_line_name": "525-SM5",
    "connected_line_num": "525",
    "direction": "out",
    "end_time": "2025-07-01T14:43:35",
    "extension_number": "261",
    "has_ringing": false,
    "linkedid": "1751368411.2440",
    "other_extension_number": "525",
    "raw_event": {
        "AccountCode": "",
        "CallerIDName": "261-SUP8",
        "CallerIDNum": "261",
        "Cause": "16",
        "Cause-txt": "Normal Clearing",
        "Channel": "SIP/261-000000ee",
        "ChannelState": "6",
        "ChannelStateDesc": "Up",
        "ConnectedLineName": "525-SM5",
        "ConnectedLineNum": "525",
        "Context": "from-internal",
        "Event": "Hangup",
        "Exten": "h",
        "Language": "pr2",
        "Linkedid": "1751368411.2440",
        "Priority": "1",
        "Privilege": "call,all",
        "Uniqueid": "1751368411.2440"
    },
    "start_time": "2025-07-01T14:42:42",
    "status": "answered",
    "timestamp": "2025-07-01T14:43:35",
    "type": "call_summary",
    "uniqueid": "1751368411.2440"
}

{
    "call_type": "",
    "caller_id_name": "261-SUP8",
    "caller_id_num": "261",
    "channel": "SIP/261-000002ce",
    "connected_line_name": "<unknown>",
    "connected_line_num": "<unknown>",
    "direction": "",
    "end_time": "",
    "extension_number": "261",
    "has_ringing": false,
    "linkedid": "1751372615.7618",
    "other_extension_number": "",
    "start_time": "2025-07-01T15:52:42",
    "status": "initiated",
    "timestamp": "2025-07-01T15:52:42",
    "type": "call_started",
    "uniqueid": "1751372615.7618"
}

{
    "channel": "SIP/261-000002ce",
    "privilege": "call,all",
    "timestamp": "2025-07-01T15:53:16",
    "type": "call_answered",
    "uniqueid": "1751372615.7618"
}

{
    "call_type": "external",
    "caller_id_name": "<unknown>",
    "caller_id_num": "36944000",
    "cause": "16",
    "cause_description": "",
    "cause_txt": "",
    "channel": "SIP/261-000002ce",
    "connected_line_name": "CID:36944000",
    "connected_line_num": "09144018220",
    "direction": "out",
    "end_time": "2025-07-01T15:53:18",
    "extension_number": "261",
    "has_ringing": false,
    "linkedid": "1751372615.7618",
    "other_extension_number": "09144018220",
    "raw_event": {
        "AccountCode": "",
        "CallerIDName": "<unknown>",
        "CallerIDNum": "36944000",
        "Cause": "16",
        "Cause-txt": "Normal Clearing",
        "Channel": "SIP/261-000002ce",
        "ChannelState": "6",
        "ChannelStateDesc": "Up",
        "ConnectedLineName": "CID:36944000",
        "ConnectedLineNum": "09144018220",
        "Context": "from-internal",
        "Event": "Hangup",
        "Exten": "h",
        "Language": "pr2",
        "Linkedid": "1751372615.7618",
        "Priority": "1",
        "Privilege": "call,all",
        "Uniqueid": "1751372615.7618"
    },
    "start_time": "2025-07-01T15:53:16",
    "status": "answered",
    "timestamp": "2025-07-01T15:53:18",
    "type": "call_ended",
    "uniqueid": "1751372615.7618"
}

{
    "call_duration": 2,
    "call_type": "external",
    "caller_id_name": "<unknown>",
    "caller_id_num": "36944000",
    "cause": "16",
    "cause_description": "",
    "cause_txt": "",
    "channel": "SIP/261-000002ce",
    "connected_line_name": "CID:36944000",
    "connected_line_num": "09144018220",
    "direction": "out",
    "end_time": "2025-07-01T15:53:18",
    "extension_number": "261",
    "has_ringing": false,
    "linkedid": "1751372615.7618",
    "other_extension_number": "09144018220",
    "raw_event": {
        "AccountCode": "",
        "CallerIDName": "<unknown>",
        "CallerIDNum": "36944000",
        "Cause": "16",
        "Cause-txt": "Normal Clearing",
        "Channel": "SIP/261-000002ce",
        "ChannelState": "6",
        "ChannelStateDesc": "Up",
        "ConnectedLineName": "CID:36944000",
        "ConnectedLineNum": "09144018220",
        "Context": "from-internal",
        "Event": "Hangup",
        "Exten": "h",
        "Language": "pr2",
        "Linkedid": "1751372615.7618",
        "Priority": "1",
        "Privilege": "call,all",
        "Uniqueid": "1751372615.7618"
    },
    "start_time": "2025-07-01T15:53:16",
    "status": "answered",
    "timestamp": "2025-07-01T15:53:18",
    "type": "call_summary",
    "uniqueid": "1751372615.7618"
}

{
    "call_type": "",
    "caller_id_name": "261-SUP8",
    "caller_id_num": "261",
    "channel": "SIP/261-000002e6",
    "connected_line_name": "<unknown>",
    "connected_line_num": "<unknown>",
    "direction": "",
    "end_time": "",
    "extension_number": "261",
    "has_ringing": false,
    "linkedid": "1751372749.7867",
    "other_extension_number": "",
    "start_time": "2025-07-01T15:54:56",
    "status": "initiated",
    "timestamp": "2025-07-01T15:54:56",
    "type": "call_started",
    "uniqueid": "1751372749.7867"
}

{
    "call_type": "external",
    "caller_id_name": "<unknown>",
    "caller_id_num": "36944000",
    "cause": "17",
    "cause_description": "",
    "cause_txt": "",
    "channel": "SIP/261-000002e6",
    "connected_line_name": "CID:36944000",
    "connected_line_num": "09133412416",
    "direction": "out",
    "end_time": "2025-07-01T15:55:45",
    "extension_number": "261",
    "has_ringing": false,
    "linkedid": "1751372749.7867",
    "other_extension_number": "09133412416",
    "raw_event": {
        "AccountCode": "",
        "CallerIDName": "<unknown>",
        "CallerIDNum": "36944000",
        "Cause": "17",
        "Cause-txt": "User busy",
        "Channel": "SIP/261-000002e6",
        "ChannelState": "7",
        "ChannelStateDesc": "Busy",
        "ConnectedLineName": "CID:36944000",
        "ConnectedLineNum": "09133412416",
        "Context": "from-internal",
        "Event": "Hangup",
        "Exten": "h",
        "Language": "pr2",
        "Linkedid": "1751372749.7867",
        "Priority": "1",
        "Privilege": "call,all",
        "Uniqueid": "1751372749.7867"
    },
    "start_time": "2025-07-01T15:54:56",
    "status": "initiated",
    "timestamp": "2025-07-01T15:55:45",
    "type": "call_ended",
    "uniqueid": "1751372749.7867"
}

{
    "call_duration": 49,
    "call_type": "external",
    "caller_id_name": "<unknown>",
    "caller_id_num": "36944000",
    "cause": "17",
    "cause_description": "",
    "cause_txt": "",
    "channel": "SIP/261-000002e6",
    "connected_line_name": "CID:36944000",
    "connected_line_num": "09133412416",
    "direction": "out",
    "end_time": "2025-07-01T15:55:45",
    "extension_number": "261",
    "has_ringing": false,
    "linkedid": "1751372749.7867",
    "other_extension_number": "09133412416",
    "raw_event": {
        "AccountCode": "",
        "CallerIDName": "<unknown>",
        "CallerIDNum": "36944000",
        "Cause": "17",
        "Cause-txt": "User busy",
        "Channel": "SIP/261-000002e6",
        "ChannelState": "7",
        "ChannelStateDesc": "Busy",
        "ConnectedLineName": "CID:36944000",
        "ConnectedLineNum": "09133412416",
        "Context": "from-internal",
        "Event": "Hangup",
        "Exten": "h",
        "Language": "pr2",
        "Linkedid": "1751372749.7867",
        "Priority": "1",
        "Privilege": "call,all",
        "Uniqueid": "1751372749.7867"
    },
    "start_time": "2025-07-01T15:54:56",
    "status": "initiated",
    "timestamp": "2025-07-01T15:55:45",
    "type": "call_summary",
    "uniqueid": "1751372749.7867"
}

{
    "call_type": "",
    "caller_id_name": "261-SUP8",
    "caller_id_num": "261",
    "channel": "SIP/261-000002ed",
    "connected_line_name": "<unknown>",
    "connected_line_num": "<unknown>",
    "direction": "",
    "end_time": "",
    "extension_number": "261",
    "has_ringing": false,
    "linkedid": "1751372844.7974",
    "other_extension_number": "",
    "start_time": "2025-07-01T15:56:31",
    "status": "initiated",
    "timestamp": "2025-07-01T15:56:31",
    "type": "call_started",
    "uniqueid": "1751372844.7974"
}

{
    "channel": "SIP/261-000002ed",
    "privilege": "call,all",
    "timestamp": "2025-07-01T15:56:51",
    "type": "call_answered",
    "uniqueid": "1751372844.7974"
}

{
    "call_type": "external",
    "caller_id_name": "<unknown>",
    "caller_id_num": "36944000",
    "cause": "16",
    "cause_description": "",
    "cause_txt": "",
    "channel": "SIP/261-000002ed",
    "connected_line_name": "CID:36944000",
    "connected_line_num": "09196088620",
    "direction": "out",
    "end_time": "2025-07-01T15:58:17",
    "extension_number": "261",
    "has_ringing": false,
    "linkedid": "1751372844.7974",
    "other_extension_number": "09196088620",
    "raw_event": {
        "AccountCode": "",
        "CallerIDName": "<unknown>",
        "CallerIDNum": "36944000",
        "Cause": "16",
        "Cause-txt": "Normal Clearing",
        "Channel": "SIP/261-000002ed",
        "ChannelState": "6",
        "ChannelStateDesc": "Up",
        "ConnectedLineName": "CID:36944000",
        "ConnectedLineNum": "09196088620",
        "Context": "from-internal",
        "Event": "Hangup",
        "Exten": "h",
        "Language": "pr2",
        "Linkedid": "1751372844.7974",
        "Priority": "1",
        "Privilege": "call,all",
        "Uniqueid": "1751372844.7974"
    },
    "start_time": "2025-07-01T15:56:51",
    "status": "answered",
    "timestamp": "2025-07-01T15:58:17",
    "type": "call_ended",
    "uniqueid": "1751372844.7974"
}

{
    "call_duration": 86,
    "call_type": "external",
    "caller_id_name": "<unknown>",
    "caller_id_num": "36944000",
    "cause": "16",
    "cause_description": "",
    "cause_txt": "",
    "channel": "SIP/261-000002ed",
    "connected_line_name": "CID:36944000",
    "connected_line_num": "09196088620",
    "direction": "out",
    "end_time": "2025-07-01T15:58:17",
    "extension_number": "261",
    "has_ringing": false,
    "linkedid": "1751372844.7974",
    "other_extension_number": "09196088620",
    "raw_event": {
        "AccountCode": "",
        "CallerIDName": "<unknown>",
        "CallerIDNum": "36944000",
        "Cause": "16",
        "Cause-txt": "Normal Clearing",
        "Channel": "SIP/261-000002ed",
        "ChannelState": "6",
        "ChannelStateDesc": "Up",
        "ConnectedLineName": "CID:36944000",
        "ConnectedLineNum": "09196088620",
        "Context": "from-internal",
        "Event": "Hangup",
        "Exten": "h",
        "Language": "pr2",
        "Linkedid": "1751372844.7974",
        "Priority": "1",
        "Privilege": "call,all",
        "Uniqueid": "1751372844.7974"
    },
    "start_time": "2025-07-01T15:56:51",
    "status": "answered",
    "timestamp": "2025-07-01T15:58:17",
    "type": "call_summary",
    "uniqueid": "1751372844.7974"
}

{
    "extension": "261",
    "privilege": "call,all",
    "timestamp": "2025-07-01T17:25:31",
    "type": "monitor_initialized"
}

{
    "extension": "261",
    "privilege": "call,all",
    "timestamp": "2025-07-01T22:10:29",
    "type": "monitor_initialized"
}

{
    "extension": "261",
    "privilege": "call,all",
    "timestamp": "2025-07-01T22:10:49",
    "type": "monitor_initialized"
}

{
    "extension": "261",
    "privilege": "call,all",
    "timestamp": "2025-07-01T22:12:24",
    "type": "monitor_initialized"
}

{
    "extension": "261",
    "privilege": "call,all",
    "timestamp": "2025-07-01T22:13:46",
    "type": "monitor_initialized"
}

{
    "extension": "261",
    "privilege": "call,all",
    "timestamp": "2025-07-01T22:21:57",
    "type": "monitor_initialized"
}

{
    "extension": "261",
    "privilege": "call,all",
    "timestamp": "2025-07-01T22:24:21",
    "type": "monitor_initialized"
}

{
    "extension": "261",
    "privilege": "call,all",
    "timestamp": "2025-07-01T22:27:39",
    "type": "monitor_initialized"
}

{
    "extension": "261",
    "privilege": "call,all",
    "timestamp": "2025-07-01T22:30:42",
    "type": "monitor_initialized"
}

{
    "extension": "261",
    "privilege": "call,all",
    "timestamp": "2025-07-01T22:32:49",
    "type": "monitor_initialized"
}

{
    "extension": "261",
    "privilege": "call,all",
    "timestamp": "2025-07-01T23:15:48",
    "type": "monitor_initialized"
}

{
    "extension": "261",
    "privilege": "call,all",
    "timestamp": "2025-07-02T01:19:48",
    "type": "monitor_initialized"
}

{
    "extension": "261",
    "privilege": "call,all",
    "timestamp": "2025-07-02T01:38:59",
    "type": "monitor_initialized"
}

{
    "extension": "261",
    "privilege": "call,all",
    "timestamp": "2025-07-02T01:46:06",
    "type": "monitor_initialized"
}

{
    "extension": "261",
    "privilege": "call,all",
    "timestamp": "2025-07-02T03:52:41",
    "type": "monitor_initialized"
}

{
    "extension": "261",
    "privilege": "call,all",
    "timestamp": "2025-07-07T12:25:08",
    "type": "monitor_initialized"
}

{
    "extension": "261",
    "privilege": "call,all",
    "timestamp": "2025-07-07T12:56:52",
    "type": "monitor_initialized"
}

{
    "extension": "261",
    "privilege": "call,all",
    "timestamp": "2025-07-07T12:59:37",
    "type": "monitor_initialized"
}

{
    "extension": "261",
    "privilege": "call,all",
    "timestamp": "2025-07-07T13:02:21",
    "type": "monitor_initialized"
}

{
    "extension": "261",
    "privilege": "call,all",
    "timestamp": "2025-07-07T13:29:36",
    "type": "monitor_initialized"
}

{
    "extension": "261",
    "privilege": "call,all",
    "timestamp": "2025-07-07T13:32:57",
    "type": "monitor_initialized"
}

{
    "extension": "261",
    "privilege": "call,all",
    "timestamp": "2025-07-07T13:36:38",
    "type": "monitor_initialized"
}

{
    "extension": "261",
    "privilege": "call,all",
    "timestamp": "2025-07-07T13:42:06",
    "type": "monitor_initialized"
}

{
    "extension": "261",
    "privilege": "call,all",
    "timestamp": "2025-07-07T13:54:51",
    "type": "monitor_initialized"
}

{
    "extension": "261",
    "privilege": "call,all",
    "timestamp": "2025-07-07T14:17:02",
    "type": "monitor_initialized"
}

{
    "extension": "261",
    "privilege": "call,all",
    "timestamp": "2025-07-07T14:23:57",
    "type": "monitor_initialized"
}

{
    "extension": "261",
    "privilege": "call,all",
    "timestamp": "2025-07-07T14:32:48",
    "type": "monitor_initialized"
}

{
    "extension": "261",
    "privilege": "call,all",
    "timestamp": "2025-07-07T14:36:31",
    "type": "monitor_initialized"
}

{
    "extension": "261",
    "privilege": "call,all",
    "timestamp": "2025-07-07T14:38:43",
    "type": "monitor_initialized"
}

{
    "extension": "261",
    "privilege": "call,all",
    "timestamp": "2025-07-07T14:50:12",
    "type": "monitor_initialized"
}

{
    "extension": "261",
    "privilege": "call,all",
    "timestamp": "2025-07-07T14:54:02",
    "type": "monitor_initialized"
}

{
    "extension": "261",
    "privilege": "call,all",
    "timestamp": "2025-07-07T15:10:16",
    "type": "monitor_initialized"
}

{
    "extension": "261",
    "privilege": "call,all",
    "timestamp": "2025-07-09T18:52:09",
    "type": "monitor_initialized"
}

{
    "extension": "261",
    "privilege": "call,all",
    "timestamp": "2025-07-09T18:54:21",
    "type": "monitor_initialized"
}

{
    "extension": "261",
    "privilege": "call,all",
    "timestamp": "2025-07-09T19:03:17",
    "type": "monitor_initialized"
}

{
    "extension": "261",
    "privilege": "call,all",
    "timestamp": "2025-07-20T19:00:01",
    "type": "monitor_initialized"
}

{
    "extension": "261",
    "privilege": "call,all",
    "timestamp": "2025-07-20T19:18:36",
    "type": "monitor_initialized"
}

{
    "extension": "261",
    "privilege": "call,all",
    "timestamp": "2025-07-29T22:39:18",
    "type": "monitor_initialized"
}

{
    "call_type": "",
    "caller_id_name": "261-SUP8",
    "caller_id_num": "261",
    "channel": "SIP/261-0000caf3",
    "connected_line_name": "<unknown>",
    "connected_line_num": "<unknown>",
    "direction": "",
    "end_time": "",
    "extension_number": "261",
    "has_ringing": false,
    "linkedid": "1753853569.829996",
    "other_extension_number": "",
    "start_time": "2025-07-30T09:01:57",
    "status": "initiated",
    "timestamp": "2025-07-30T09:01:57",
    "type": "call_started",
    "uniqueid": "1753853569.829999"
}

{
    "channel": "SIP/261-0000caf3",
    "privilege": "call,all",
    "timestamp": "2025-07-30T09:01:57",
    "type": "call_ringing",
    "uniqueid": "1753853569.829999"
}

{
    "call_type": "internal",
    "caller_id_name": "261-SUP8",
    "caller_id_num": "261",
    "cause": "16",
    "cause_description": "",
    "cause_txt": "",
    "channel": "SIP/261-0000caf3",
    "connected_line_name": "122-SAL3",
    "connected_line_num": "122",
    "direction": "in",
    "end_time": "2025-07-30T09:02:08",
    "extension_number": "261",
    "has_ringing": true,
    "linkedid": "1753853569.829996",
    "other_extension_number": "122",
    "raw_event": {
        "AccountCode": "",
        "CallerIDName": "261-SUP8",
        "CallerIDNum": "261",
        "Cause": "16",
        "Cause-txt": "Normal Clearing",
        "Channel": "SIP/261-0000caf3",
        "ChannelState": "5",
        "ChannelStateDesc": "Ringing",
        "ConnectedLineName": "122-SAL3",
        "ConnectedLineNum": "122",
        "Context": "from-internal",
        "Event": "Hangup",
        "Exten": "261",
        "Language": "pr2",
        "Linkedid": "1753853569.829996",
        "Priority": "1",
        "Privilege": "call,all",
        "Uniqueid": "1753853569.829999"
    },
    "start_time": "2025-07-30T09:01:57",
    "status": "ringing",
    "timestamp": "2025-07-30T09:02:08",
    "type": "call_ended",
    "uniqueid": "1753853569.829999"
}

{
    "call_duration": 11,
    "call_type": "internal",
    "caller_id_name": "261-SUP8",
    "caller_id_num": "261",
    "cause": "16",
    "cause_description": "",
    "cause_txt": "",
    "channel": "SIP/261-0000caf3",
    "connected_line_name": "122-SAL3",
    "connected_line_num": "122",
    "direction": "in",
    "end_time": "2025-07-30T09:02:08",
    "extension_number": "261",
    "has_ringing": true,
    "linkedid": "1753853569.829996",
    "other_extension_number": "122",
    "raw_event": {
        "AccountCode": "",
        "CallerIDName": "261-SUP8",
        "CallerIDNum": "261",
        "Cause": "16",
        "Cause-txt": "Normal Clearing",
        "Channel": "SIP/261-0000caf3",
        "ChannelState": "5",
        "ChannelStateDesc": "Ringing",
        "ConnectedLineName": "122-SAL3",
        "ConnectedLineNum": "122",
        "Context": "from-internal",
        "Event": "Hangup",
        "Exten": "261",
        "Language": "pr2",
        "Linkedid": "1753853569.829996",
        "Priority": "1",
        "Privilege": "call,all",
        "Uniqueid": "1753853569.829999"
    },
    "start_time": "2025-07-30T09:01:57",
    "status": "ringing",
    "timestamp": "2025-07-30T09:02:08",
    "type": "call_summary",
    "uniqueid": "1753853569.829999"
}

{
    "call_type": "",
    "caller_id_name": "261-SUP8",
    "caller_id_num": "261",
    "channel": "SIP/261-0000cb10",
    "connected_line_name": "<unknown>",
    "connected_line_num": "<unknown>",
    "direction": "",
    "end_time": "",
    "extension_number": "261",
    "has_ringing": false,
    "linkedid": "1753853693.830270",
    "other_extension_number": "",
    "start_time": "2025-07-30T09:04:00",
    "status": "initiated",
    "timestamp": "2025-07-30T09:04:00",
    "type": "call_started",
    "uniqueid": "1753853693.830270"
}

{
    "call_type": "external",
    "caller_id_name": "<unknown>",
    "caller_id_num": "261",
    "cause": "34",
    "cause_description": "",
    "cause_txt": "",
    "channel": "SIP/261-0000cb10",
    "connected_line_name": "CID:36944000",
    "connected_line_num": "09121425188",
    "direction": "out",
    "end_time": "2025-07-30T09:04:06",
    "extension_number": "261",
    "has_ringing": false,
    "linkedid": "1753853693.830270",
    "other_extension_number": "09121425188",
    "raw_event": {
        "AccountCode": "",
        "CallerIDName": "<unknown>",
        "CallerIDNum": "261",
        "Cause": "34",
        "Cause-txt": "Circuit/channel congestion",
        "Channel": "SIP/261-0000cb10",
        "ChannelState": "7",
        "ChannelStateDesc": "Busy",
        "ConnectedLineName": "CID:36944000",
        "ConnectedLineNum": "09121425188",
        "Context": "from-internal",
        "Event": "Hangup",
        "Exten": "h",
        "Language": "pr2",
        "Linkedid": "1753853693.830270",
        "Priority": "1",
        "Privilege": "call,all",
        "Uniqueid": "1753853693.830270"
    },
    "start_time": "2025-07-30T09:04:00",
    "status": "initiated",
    "timestamp": "2025-07-30T09:04:06",
    "type": "call_ended",
    "uniqueid": "1753853693.830270"
}

{
    "call_duration": 5,
    "call_type": "external",
    "caller_id_name": "<unknown>",
    "caller_id_num": "261",
    "cause": "34",
    "cause_description": "",
    "cause_txt": "",
    "channel": "SIP/261-0000cb10",
    "connected_line_name": "CID:36944000",
    "connected_line_num": "09121425188",
    "direction": "out",
    "end_time": "2025-07-30T09:04:06",
    "extension_number": "261",
    "has_ringing": false,
    "linkedid": "1753853693.830270",
    "other_extension_number": "09121425188",
    "raw_event": {
        "AccountCode": "",
        "CallerIDName": "<unknown>",
        "CallerIDNum": "261",
        "Cause": "34",
        "Cause-txt": "Circuit/channel congestion",
        "Channel": "SIP/261-0000cb10",
        "ChannelState": "7",
        "ChannelStateDesc": "Busy",
        "ConnectedLineName": "CID:36944000",
        "ConnectedLineNum": "09121425188",
        "Context": "from-internal",
        "Event": "Hangup",
        "Exten": "h",
        "Language": "pr2",
        "Linkedid": "1753853693.830270",
        "Priority": "1",
        "Privilege": "call,all",
        "Uniqueid": "1753853693.830270"
    },
    "start_time": "2025-07-30T09:04:00",
    "status": "initiated",
    "timestamp": "2025-07-30T09:04:06",
    "type": "call_summary",
    "uniqueid": "1753853693.830270"
}

{
    "call_type": "",
    "caller_id_name": "261-SUP8",
    "caller_id_num": "261",
    "channel": "SIP/261-0000cb1a",
    "connected_line_name": "<unknown>",
    "connected_line_num": "<unknown>",
    "direction": "",
    "end_time": "",
    "extension_number": "261",
    "has_ringing": false,
    "linkedid": "1753853747.830385",
    "other_extension_number": "",
    "start_time": "2025-07-30T09:04:55",
    "status": "initiated",
    "timestamp": "2025-07-30T09:04:55",
    "type": "call_started",
    "uniqueid": "1753853747.830385"
}

{
    "call_type": "external",
    "caller_id_name": "<unknown>",
    "caller_id_num": "261",
    "cause": "20",
    "cause_description": "",
    "cause_txt": "",
    "channel": "SIP/261-0000cb1a",
    "connected_line_name": "CID:36944000",
    "connected_line_num": "09121425188",
    "direction": "out",
    "end_time": "2025-07-30T09:04:56",
    "extension_number": "261",
    "has_ringing": false,
    "linkedid": "1753853747.830385",
    "other_extension_number": "09121425188",
    "raw_event": {
        "AccountCode": "",
        "CallerIDName": "<unknown>",
        "CallerIDNum": "261",
        "Cause": "20",
        "Cause-txt": "Subscriber absent",
        "Channel": "SIP/261-0000cb1a",
        "ChannelState": "4",
        "ChannelStateDesc": "Ring",
        "ConnectedLineName": "CID:36944000",
        "ConnectedLineNum": "09121425188",
        "Context": "from-internal",
        "Event": "Hangup",
        "Exten": "h",
        "Language": "pr2",
        "Linkedid": "1753853747.830385",
        "Priority": "1",
        "Privilege": "call,all",
        "Uniqueid": "1753853747.830385"
    },
    "start_time": "2025-07-30T09:04:55",
    "status": "initiated",
    "timestamp": "2025-07-30T09:04:56",
    "type": "call_ended",
    "uniqueid": "1753853747.830385"
}

{
    "call_duration": 1,
    "call_type": "external",
    "caller_id_name": "<unknown>",
    "caller_id_num": "261",
    "cause": "20",
    "cause_description": "",
    "cause_txt": "",
    "channel": "SIP/261-0000cb1a",
    "connected_line_name": "CID:36944000",
    "connected_line_num": "09121425188",
    "direction": "out",
    "end_time": "2025-07-30T09:04:56",
    "extension_number": "261",
    "has_ringing": false,
    "linkedid": "1753853747.830385",
    "other_extension_number": "09121425188",
    "raw_event": {
        "AccountCode": "",
        "CallerIDName": "<unknown>",
        "CallerIDNum": "261",
        "Cause": "20",
        "Cause-txt": "Subscriber absent",
        "Channel": "SIP/261-0000cb1a",
        "ChannelState": "4",
        "ChannelStateDesc": "Ring",
        "ConnectedLineName": "CID:36944000",
        "ConnectedLineNum": "09121425188",
        "Context": "from-internal",
        "Event": "Hangup",
        "Exten": "h",
        "Language": "pr2",
        "Linkedid": "1753853747.830385",
        "Priority": "1",
        "Privilege": "call,all",
        "Uniqueid": "1753853747.830385"
    },
    "start_time": "2025-07-30T09:04:55",
    "status": "initiated",
    "timestamp": "2025-07-30T09:04:56",
    "type": "call_summary",
    "uniqueid": "1753853747.830385"
}

{
    "call_type": "",
    "caller_id_name": "261-SUP8",
    "caller_id_num": "261",
    "channel": "SIP/261-0000cb1b",
    "connected_line_name": "<unknown>",
    "connected_line_num": "<unknown>",
    "direction": "",
    "end_time": "",
    "extension_number": "261",
    "has_ringing": false,
    "linkedid": "1753853754.830404",
    "other_extension_number": "",
    "start_time": "2025-07-30T09:05:01",
    "status": "initiated",
    "timestamp": "2025-07-30T09:05:01",
    "type": "call_started",
    "uniqueid": "1753853754.830404"
}

{
    "call_type": "external",
    "caller_id_name": "<unknown>",
    "caller_id_num": "3195015572",
    "cause": "16",
    "cause_description": "",
    "cause_txt": "",
    "channel": "SIP/261-0000cb1b",
    "connected_line_name": "CID:3195015572",
    "connected_line_num": "0912",
    "direction": "out",
    "end_time": "2025-07-30T09:05:03",
    "extension_number": "261",
    "has_ringing": false,
    "linkedid": "1753853754.830404",
    "other_extension_number": "0912",
    "raw_event": {
        "AccountCode": "",
        "CallerIDName": "<unknown>",
        "CallerIDNum": "3195015572",
        "Cause": "16",
        "Cause-txt": "Normal Clearing",
        "Channel": "SIP/261-0000cb1b",
        "ChannelState": "4",
        "ChannelStateDesc": "Ring",
        "ConnectedLineName": "CID:3195015572",
        "ConnectedLineNum": "0912",
        "Context": "from-internal",
        "Event": "Hangup",
        "Exten": "h",
        "Language": "pr2",
        "Linkedid": "1753853754.830404",
        "Priority": "1",
        "Privilege": "call,all",
        "Uniqueid": "1753853754.830404"
    },
    "start_time": "2025-07-30T09:05:01",
    "status": "initiated",
    "timestamp": "2025-07-30T09:05:03",
    "type": "call_ended",
    "uniqueid": "1753853754.830404"
}

{
    "call_duration": 2,
    "call_type": "external",
    "caller_id_name": "<unknown>",
    "caller_id_num": "3195015572",
    "cause": "16",
    "cause_description": "",
    "cause_txt": "",
    "channel": "SIP/261-0000cb1b",
    "connected_line_name": "CID:3195015572",
    "connected_line_num": "0912",
    "direction": "out",
    "end_time": "2025-07-30T09:05:03",
    "extension_number": "261",
    "has_ringing": false,
    "linkedid": "1753853754.830404",
    "other_extension_number": "0912",
    "raw_event": {
        "AccountCode": "",
        "CallerIDName": "<unknown>",
        "CallerIDNum": "3195015572",
        "Cause": "16",
        "Cause-txt": "Normal Clearing",
        "Channel": "SIP/261-0000cb1b",
        "ChannelState": "4",
        "ChannelStateDesc": "Ring",
        "ConnectedLineName": "CID:3195015572",
        "ConnectedLineNum": "0912",
        "Context": "from-internal",
        "Event": "Hangup",
        "Exten": "h",
        "Language": "pr2",
        "Linkedid": "1753853754.830404",
        "Priority": "1",
        "Privilege": "call,all",
        "Uniqueid": "1753853754.830404"
    },
    "start_time": "2025-07-30T09:05:01",
    "status": "initiated",
    "timestamp": "2025-07-30T09:05:03",
    "type": "call_summary",
    "uniqueid": "1753853754.830404"
}

{
    "call_type": "",
    "caller_id_name": "261-SUP8",
    "caller_id_num": "261",
    "channel": "SIP/261-0000cb1d",
    "connected_line_name": "<unknown>",
    "connected_line_num": "<unknown>",
    "direction": "",
    "end_time": "",
    "extension_number": "261",
    "has_ringing": false,
    "linkedid": "1753853761.830450",
    "other_extension_number": "",
    "start_time": "2025-07-30T09:05:09",
    "status": "initiated",
    "timestamp": "2025-07-30T09:05:09",
    "type": "call_started",
    "uniqueid": "1753853761.830450"
}

{
    "channel": "SIP/261-0000cb1d",
    "privilege": "call,all",
    "timestamp": "2025-07-30T09:05:16",
    "type": "call_answered",
    "uniqueid": "1753853761.830450"
}

{
    "call_type": "external",
    "caller_id_name": "<unknown>",
    "caller_id_num": "3195015571",
    "cause": "16",
    "cause_description": "",
    "cause_txt": "",
    "channel": "SIP/261-0000cb1d",
    "connected_line_name": "CID:3195015571",
    "connected_line_num": "09121425188",
    "direction": "out",
    "end_time": "2025-07-30T09:07:14",
    "extension_number": "261",
    "has_ringing": false,
    "linkedid": "1753853761.830450",
    "other_extension_number": "09121425188",
    "raw_event": {
        "AccountCode": "",
        "CallerIDName": "<unknown>",
        "CallerIDNum": "3195015571",
        "Cause": "16",
        "Cause-txt": "Normal Clearing",
        "Channel": "SIP/261-0000cb1d",
        "ChannelState": "6",
        "ChannelStateDesc": "Up",
        "ConnectedLineName": "CID:3195015571",
        "ConnectedLineNum": "09121425188",
        "Context": "from-internal",
        "Event": "Hangup",
        "Exten": "h",
        "Language": "pr2",
        "Linkedid": "1753853761.830450",
        "Priority": "1",
        "Privilege": "call,all",
        "Uniqueid": "1753853761.830450"
    },
    "start_time": "2025-07-30T09:05:16",
    "status": "answered",
    "timestamp": "2025-07-30T09:07:14",
    "type": "call_ended",
    "uniqueid": "1753853761.830450"
}

{
    "call_duration": 117,
    "call_type": "external",
    "caller_id_name": "<unknown>",
    "caller_id_num": "3195015571",
    "cause": "16",
    "cause_description": "",
    "cause_txt": "",
    "channel": "SIP/261-0000cb1d",
    "connected_line_name": "CID:3195015571",
    "connected_line_num": "09121425188",
    "direction": "out",
    "end_time": "2025-07-30T09:07:14",
    "extension_number": "261",
    "has_ringing": false,
    "linkedid": "1753853761.830450",
    "other_extension_number": "09121425188",
    "raw_event": {
        "AccountCode": "",
        "CallerIDName": "<unknown>",
        "CallerIDNum": "3195015571",
        "Cause": "16",
        "Cause-txt": "Normal Clearing",
        "Channel": "SIP/261-0000cb1d",
        "ChannelState": "6",
        "ChannelStateDesc": "Up",
        "ConnectedLineName": "CID:3195015571",
        "ConnectedLineNum": "09121425188",
        "Context": "from-internal",
        "Event": "Hangup",
        "Exten": "h",
        "Language": "pr2",
        "Linkedid": "1753853761.830450",
        "Priority": "1",
        "Privilege": "call,all",
        "Uniqueid": "1753853761.830450"
    },
    "start_time": "2025-07-30T09:05:16",
    "status": "answered",
    "timestamp": "2025-07-30T09:07:14",
    "type": "call_summary",
    "uniqueid": "1753853761.830450"
}

{
    "extension": "261",
    "privilege": "call,all",
    "timestamp": "2025-07-30T11:38:07",
    "type": "monitor_initialized"
}

