{
    "extension": "260",
    "privilege": "call,all",
    "timestamp": "2025-06-23T00:01:47",
    "type": "monitor_initialized"
}

{
    "call_type": "",
    "caller_id_name": "260-SUP",
    "caller_id_num": "260",
    "channel": "SIP/260-00009cd3",
    "connected_line_name": "<unknown>",
    "connected_line_num": "<unknown>",
    "direction": "",
    "end_time": "",
    "extension_number": "260",
    "has_ringing": false,
    "linkedid": "1750653549.751057",
    "other_extension_number": "",
    "start_time": "2025-06-23T08:08:15",
    "status": "initiated",
    "timestamp": "2025-06-23T08:08:15",
    "type": "call_started",
    "uniqueid": "1750653549.751057"
}

{
    "channel": "SIP/260-00009cd3",
    "privilege": "call,all",
    "timestamp": "2025-06-23T08:08:22",
    "type": "call_answered",
    "uniqueid": "1750653549.751057"
}

{
    "call_type": "internal",
    "caller_id_name": "260-SUP",
    "caller_id_num": "260",
    "cause": "16",
    "cause_description": "",
    "cause_txt": "",
    "channel": "SIP/260-00009cd3",
    "connected_line_name": "<unknown>",
    "connected_line_num": "<unknown>",
    "direction": "out",
    "end_time": "2025-06-23T08:09:33",
    "extension_number": "260",
    "has_ringing": false,
    "linkedid": "1750653549.751057",
    "other_extension_number": "220",
    "raw_event": {
        "AccountCode": "",
        "CallerIDName": "260-SUP",
        "CallerIDNum": "260",
        "Cause": "16",
        "Cause-txt": "Normal Clearing",
        "Channel": "SIP/260-00009cd3",
        "ChannelState": "6",
        "ChannelStateDesc": "Up",
        "ConnectedLineName": "220-HR3",
        "ConnectedLineNum": "220",
        "Context": "from-internal",
        "Event": "Hangup",
        "Exten": "h",
        "Language": "pr2",
        "Linkedid": "1750653549.751057",
        "Priority": "1",
        "Privilege": "call,all",
        "Uniqueid": "1750653549.751057"
    },
    "start_time": "2025-06-23T08:08:22",
    "status": "answered",
    "timestamp": "2025-06-23T08:09:33",
    "type": "call_ended",
    "uniqueid": "1750653549.751057"
}

{
    "call_duration": 71,
    "call_type": "internal",
    "caller_id_name": "260-SUP",
    "caller_id_num": "260",
    "cause": "16",
    "cause_description": "",
    "cause_txt": "",
    "channel": "SIP/260-00009cd3",
    "connected_line_name": "<unknown>",
    "connected_line_num": "<unknown>",
    "direction": "out",
    "end_time": "2025-06-23T08:09:33",
    "extension_number": "260",
    "has_ringing": false,
    "linkedid": "1750653549.751057",
    "other_extension_number": "220",
    "raw_event": {
        "AccountCode": "",
        "CallerIDName": "260-SUP",
        "CallerIDNum": "260",
        "Cause": "16",
        "Cause-txt": "Normal Clearing",
        "Channel": "SIP/260-00009cd3",
        "ChannelState": "6",
        "ChannelStateDesc": "Up",
        "ConnectedLineName": "220-HR3",
        "ConnectedLineNum": "220",
        "Context": "from-internal",
        "Event": "Hangup",
        "Exten": "h",
        "Language": "pr2",
        "Linkedid": "1750653549.751057",
        "Priority": "1",
        "Privilege": "call,all",
        "Uniqueid": "1750653549.751057"
    },
    "start_time": "2025-06-23T08:08:22",
    "status": "answered",
    "timestamp": "2025-06-23T08:09:33",
    "type": "call_summary",
    "uniqueid": "1750653549.751057"
}

{
    "call_type": "",
    "caller_id_name": "260-SUP",
    "caller_id_num": "260",
    "channel": "SIP/260-00009d52",
    "connected_line_name": "<unknown>",
    "connected_line_num": "<unknown>",
    "direction": "",
    "end_time": "",
    "extension_number": "260",
    "has_ringing": false,
    "linkedid": "1750654656.752391",
    "other_extension_number": "",
    "start_time": "2025-06-23T08:26:42",
    "status": "initiated",
    "timestamp": "2025-06-23T08:26:42",
    "type": "call_started",
    "uniqueid": "1750654656.752391"
}

{
    "call_type": "internal",
    "caller_id_name": "260-SUP",
    "caller_id_num": "260",
    "cause": "0",
    "cause_description": "",
    "cause_txt": "",
    "channel": "SIP/260-00009d52",
    "connected_line_name": "<unknown>",
    "connected_line_num": "<unknown>",
    "direction": "out",
    "end_time": "2025-06-23T08:26:47",
    "extension_number": "260",
    "has_ringing": false,
    "linkedid": "1750654656.752391",
    "other_extension_number": "513",
    "raw_event": {
        "AccountCode": "",
        "CallerIDName": "260-SUP",
        "CallerIDNum": "260",
        "Cause": "0",
        "Cause-txt": "Unknown",
        "Channel": "SIP/260-00009d52",
        "ChannelState": "4",
        "ChannelStateDesc": "Ring",
        "ConnectedLineName": "513-ICT4",
        "ConnectedLineNum": "513",
        "Context": "ext-local",
        "Event": "Hangup",
        "Exten": "h",
        "Language": "pr2",
        "Linkedid": "1750654656.752391",
        "Priority": "1",
        "Privilege": "call,all",
        "Uniqueid": "1750654656.752391"
    },
    "start_time": "2025-06-23T08:26:42",
    "status": "initiated",
    "timestamp": "2025-06-23T08:26:47",
    "type": "call_ended",
    "uniqueid": "1750654656.752391"
}

{
    "call_duration": 5,
    "call_type": "internal",
    "caller_id_name": "260-SUP",
    "caller_id_num": "260",
    "cause": "0",
    "cause_description": "",
    "cause_txt": "",
    "channel": "SIP/260-00009d52",
    "connected_line_name": "<unknown>",
    "connected_line_num": "<unknown>",
    "direction": "out",
    "end_time": "2025-06-23T08:26:47",
    "extension_number": "260",
    "has_ringing": false,
    "linkedid": "1750654656.752391",
    "other_extension_number": "513",
    "raw_event": {
        "AccountCode": "",
        "CallerIDName": "260-SUP",
        "CallerIDNum": "260",
        "Cause": "0",
        "Cause-txt": "Unknown",
        "Channel": "SIP/260-00009d52",
        "ChannelState": "4",
        "ChannelStateDesc": "Ring",
        "ConnectedLineName": "513-ICT4",
        "ConnectedLineNum": "513",
        "Context": "ext-local",
        "Event": "Hangup",
        "Exten": "h",
        "Language": "pr2",
        "Linkedid": "1750654656.752391",
        "Priority": "1",
        "Privilege": "call,all",
        "Uniqueid": "1750654656.752391"
    },
    "start_time": "2025-06-23T08:26:42",
    "status": "initiated",
    "timestamp": "2025-06-23T08:26:47",
    "type": "call_summary",
    "uniqueid": "1750654656.752391"
}

{
    "call_type": "",
    "caller_id_name": "260-SUP",
    "caller_id_num": "260",
    "channel": "SIP/260-00009d58",
    "connected_line_name": "<unknown>",
    "connected_line_num": "<unknown>",
    "direction": "",
    "end_time": "",
    "extension_number": "260",
    "has_ringing": false,
    "linkedid": "1750654784.752488",
    "other_extension_number": "",
    "start_time": "2025-06-23T08:28:51",
    "status": "initiated",
    "timestamp": "2025-06-23T08:28:51",
    "type": "call_started",
    "uniqueid": "1750654784.752488"
}

{
    "channel": "SIP/260-00009d58",
    "privilege": "call,all",
    "timestamp": "2025-06-23T08:28:55",
    "type": "call_answered",
    "uniqueid": "1750654784.752488"
}

{
    "call_type": "internal",
    "caller_id_name": "260-SUP",
    "caller_id_num": "260",
    "cause": "16",
    "cause_description": "",
    "cause_txt": "",
    "channel": "SIP/260-00009d58",
    "connected_line_name": "<unknown>",
    "connected_line_num": "<unknown>",
    "direction": "out",
    "end_time": "2025-06-23T08:29:42",
    "extension_number": "260",
    "has_ringing": false,
    "linkedid": "1750654784.752488",
    "other_extension_number": "513",
    "raw_event": {
        "AccountCode": "",
        "CallerIDName": "260-SUP",
        "CallerIDNum": "260",
        "Cause": "16",
        "Cause-txt": "Normal Clearing",
        "Channel": "SIP/260-00009d58",
        "ChannelState": "6",
        "ChannelStateDesc": "Up",
        "ConnectedLineName": "513-ICT4",
        "ConnectedLineNum": "513",
        "Context": "ext-local",
        "Event": "Hangup",
        "Exten": "h",
        "Language": "pr2",
        "Linkedid": "1750654784.752488",
        "Priority": "1",
        "Privilege": "call,all",
        "Uniqueid": "1750654784.752488"
    },
    "start_time": "2025-06-23T08:28:55",
    "status": "answered",
    "timestamp": "2025-06-23T08:29:42",
    "type": "call_ended",
    "uniqueid": "1750654784.752488"
}

{
    "call_duration": 47,
    "call_type": "internal",
    "caller_id_name": "260-SUP",
    "caller_id_num": "260",
    "cause": "16",
    "cause_description": "",
    "cause_txt": "",
    "channel": "SIP/260-00009d58",
    "connected_line_name": "<unknown>",
    "connected_line_num": "<unknown>",
    "direction": "out",
    "end_time": "2025-06-23T08:29:42",
    "extension_number": "260",
    "has_ringing": false,
    "linkedid": "1750654784.752488",
    "other_extension_number": "513",
    "raw_event": {
        "AccountCode": "",
        "CallerIDName": "260-SUP",
        "CallerIDNum": "260",
        "Cause": "16",
        "Cause-txt": "Normal Clearing",
        "Channel": "SIP/260-00009d58",
        "ChannelState": "6",
        "ChannelStateDesc": "Up",
        "ConnectedLineName": "513-ICT4",
        "ConnectedLineNum": "513",
        "Context": "ext-local",
        "Event": "Hangup",
        "Exten": "h",
        "Language": "pr2",
        "Linkedid": "1750654784.752488",
        "Priority": "1",
        "Privilege": "call,all",
        "Uniqueid": "1750654784.752488"
    },
    "start_time": "2025-06-23T08:28:55",
    "status": "answered",
    "timestamp": "2025-06-23T08:29:42",
    "type": "call_summary",
    "uniqueid": "1750654784.752488"
}

{
    "call_type": "",
    "caller_id_name": "260-SUP",
    "caller_id_num": "260",
    "channel": "SIP/260-00009d74",
    "connected_line_name": "<unknown>",
    "connected_line_num": "<unknown>",
    "direction": "",
    "end_time": "",
    "extension_number": "260",
    "has_ringing": false,
    "linkedid": "1750655005.752797",
    "other_extension_number": "",
    "start_time": "2025-06-23T08:32:32",
    "status": "initiated",
    "timestamp": "2025-06-23T08:32:32",
    "type": "call_started",
    "uniqueid": "1750655005.752800"
}

{
    "channel": "SIP/260-00009d74",
    "privilege": "call,all",
    "timestamp": "2025-06-23T08:32:32",
    "type": "call_ringing",
    "uniqueid": "1750655005.752800"
}

{
    "channel": "SIP/260-00009d74",
    "privilege": "call,all",
    "timestamp": "2025-06-23T08:32:40",
    "type": "call_answered",
    "uniqueid": "1750655005.752800"
}

{
    "call_type": "internal",
    "caller_id_name": "260-SUP",
    "caller_id_num": "260",
    "cause": "16",
    "cause_description": "",
    "cause_txt": "",
    "channel": "SIP/260-00009d74",
    "connected_line_name": "<unknown>",
    "connected_line_num": "<unknown>",
    "direction": "in",
    "end_time": "2025-06-23T08:32:51",
    "extension_number": "260",
    "has_ringing": true,
    "linkedid": "1750655005.752797",
    "other_extension_number": "513",
    "raw_event": {
        "AccountCode": "",
        "CallerIDName": "260-SUP",
        "CallerIDNum": "260",
        "Cause": "16",
        "Cause-txt": "Normal Clearing",
        "Channel": "SIP/260-00009d74",
        "ChannelState": "6",
        "ChannelStateDesc": "Up",
        "ConnectedLineName": "513-ICT4",
        "ConnectedLineNum": "513",
        "Context": "from-internal",
        "Event": "Hangup",
        "Exten": "",
        "Language": "pr2",
        "Linkedid": "1750655005.752797",
        "Priority": "1",
        "Privilege": "call,all",
        "Uniqueid": "1750655005.752800"
    },
    "start_time": "2025-06-23T08:32:40",
    "status": "answered",
    "timestamp": "2025-06-23T08:32:51",
    "type": "call_ended",
    "uniqueid": "1750655005.752800"
}

{
    "call_duration": 10,
    "call_type": "internal",
    "caller_id_name": "260-SUP",
    "caller_id_num": "260",
    "cause": "16",
    "cause_description": "",
    "cause_txt": "",
    "channel": "SIP/260-00009d74",
    "connected_line_name": "<unknown>",
    "connected_line_num": "<unknown>",
    "direction": "in",
    "end_time": "2025-06-23T08:32:51",
    "extension_number": "260",
    "has_ringing": true,
    "linkedid": "1750655005.752797",
    "other_extension_number": "513",
    "raw_event": {
        "AccountCode": "",
        "CallerIDName": "260-SUP",
        "CallerIDNum": "260",
        "Cause": "16",
        "Cause-txt": "Normal Clearing",
        "Channel": "SIP/260-00009d74",
        "ChannelState": "6",
        "ChannelStateDesc": "Up",
        "ConnectedLineName": "513-ICT4",
        "ConnectedLineNum": "513",
        "Context": "from-internal",
        "Event": "Hangup",
        "Exten": "",
        "Language": "pr2",
        "Linkedid": "1750655005.752797",
        "Priority": "1",
        "Privilege": "call,all",
        "Uniqueid": "1750655005.752800"
    },
    "start_time": "2025-06-23T08:32:40",
    "status": "answered",
    "timestamp": "2025-06-23T08:32:51",
    "type": "call_summary",
    "uniqueid": "1750655005.752800"
}

{
    "call_type": "",
    "caller_id_name": "260-SUP",
    "caller_id_num": "260",
    "channel": "SIP/260-00009da1",
    "connected_line_name": "<unknown>",
    "connected_line_num": "<unknown>",
    "direction": "",
    "end_time": "",
    "extension_number": "260",
    "has_ringing": false,
    "linkedid": "1750655319.753288",
    "other_extension_number": "",
    "start_time": "2025-06-23T08:37:46",
    "status": "initiated",
    "timestamp": "2025-06-23T08:37:46",
    "type": "call_started",
    "uniqueid": "1750655319.753291"
}

{
    "channel": "SIP/260-00009da1",
    "privilege": "call,all",
    "timestamp": "2025-06-23T08:37:46",
    "type": "call_ringing",
    "uniqueid": "1750655319.753291"
}

{
    "channel": "SIP/260-00009da1",
    "privilege": "call,all",
    "timestamp": "2025-06-23T08:38:01",
    "type": "call_answered",
    "uniqueid": "1750655319.753291"
}

{
    "call_type": "internal",
    "caller_id_name": "260-SUP",
    "caller_id_num": "260",
    "cause": "16",
    "cause_description": "",
    "cause_txt": "",
    "channel": "SIP/260-00009da1",
    "connected_line_name": "<unknown>",
    "connected_line_num": "<unknown>",
    "direction": "in",
    "end_time": "2025-06-23T08:39:09",
    "extension_number": "260",
    "has_ringing": true,
    "linkedid": "1750655319.753288",
    "other_extension_number": "423",
    "raw_event": {
        "AccountCode": "",
        "CallerIDName": "260-SUP",
        "CallerIDNum": "260",
        "Cause": "16",
        "Cause-txt": "Normal Clearing",
        "Channel": "SIP/260-00009da1",
        "ChannelState": "6",
        "ChannelStateDesc": "Up",
        "ConnectedLineName": "423-RD-STD2",
        "ConnectedLineNum": "423",
        "Context": "from-internal",
        "Event": "Hangup",
        "Exten": "",
        "Language": "pr2",
        "Linkedid": "1750655319.753288",
        "Priority": "1",
        "Privilege": "call,all",
        "Uniqueid": "1750655319.753291"
    },
    "start_time": "2025-06-23T08:38:01",
    "status": "answered",
    "timestamp": "2025-06-23T08:39:09",
    "type": "call_ended",
    "uniqueid": "1750655319.753291"
}

{
    "call_duration": 68,
    "call_type": "internal",
    "caller_id_name": "260-SUP",
    "caller_id_num": "260",
    "cause": "16",
    "cause_description": "",
    "cause_txt": "",
    "channel": "SIP/260-00009da1",
    "connected_line_name": "<unknown>",
    "connected_line_num": "<unknown>",
    "direction": "in",
    "end_time": "2025-06-23T08:39:09",
    "extension_number": "260",
    "has_ringing": true,
    "linkedid": "1750655319.753288",
    "other_extension_number": "423",
    "raw_event": {
        "AccountCode": "",
        "CallerIDName": "260-SUP",
        "CallerIDNum": "260",
        "Cause": "16",
        "Cause-txt": "Normal Clearing",
        "Channel": "SIP/260-00009da1",
        "ChannelState": "6",
        "ChannelStateDesc": "Up",
        "ConnectedLineName": "423-RD-STD2",
        "ConnectedLineNum": "423",
        "Context": "from-internal",
        "Event": "Hangup",
        "Exten": "",
        "Language": "pr2",
        "Linkedid": "1750655319.753288",
        "Priority": "1",
        "Privilege": "call,all",
        "Uniqueid": "1750655319.753291"
    },
    "start_time": "2025-06-23T08:38:01",
    "status": "answered",
    "timestamp": "2025-06-23T08:39:09",
    "type": "call_summary",
    "uniqueid": "1750655319.753291"
}

{
    "call_type": "",
    "caller_id_name": "260-SUP",
    "caller_id_num": "260",
    "channel": "SIP/260-00009f9b",
    "connected_line_name": "<unknown>",
    "connected_line_num": "<unknown>",
    "direction": "",
    "end_time": "",
    "extension_number": "260",
    "has_ringing": false,
    "linkedid": "1750659446.759095",
    "other_extension_number": "",
    "start_time": "2025-06-23T09:46:33",
    "status": "initiated",
    "timestamp": "2025-06-23T09:46:33",
    "type": "call_started",
    "uniqueid": "1750659446.759098"
}

{
    "channel": "SIP/260-00009f9b",
    "privilege": "call,all",
    "timestamp": "2025-06-23T09:46:33",
    "type": "call_ringing",
    "uniqueid": "1750659446.759098"
}

{
    "call_type": "internal",
    "caller_id_name": "260-SUP",
    "caller_id_num": "260",
    "cause": "16",
    "cause_description": "",
    "cause_txt": "",
    "channel": "SIP/260-00009f9b",
    "connected_line_name": "<unknown>",
    "connected_line_num": "<unknown>",
    "direction": "in",
    "end_time": "2025-06-23T09:46:52",
    "extension_number": "260",
    "has_ringing": true,
    "linkedid": "1750659446.759095",
    "other_extension_number": "214",
    "raw_event": {
        "AccountCode": "",
        "CallerIDName": "260-SUP",
        "CallerIDNum": "260",
        "Cause": "16",
        "Cause-txt": "Normal Clearing",
        "Channel": "SIP/260-00009f9b",
        "ChannelState": "5",
        "ChannelStateDesc": "Ringing",
        "ConnectedLineName": "214-HR2",
        "ConnectedLineNum": "214",
        "Context": "from-internal",
        "Event": "Hangup",
        "Exten": "260",
        "Language": "pr2",
        "Linkedid": "1750659446.759095",
        "Priority": "1",
        "Privilege": "call,all",
        "Uniqueid": "1750659446.759098"
    },
    "start_time": "2025-06-23T09:46:33",
    "status": "ringing",
    "timestamp": "2025-06-23T09:46:52",
    "type": "call_ended",
    "uniqueid": "1750659446.759098"
}

{
    "call_duration": 19,
    "call_type": "internal",
    "caller_id_name": "260-SUP",
    "caller_id_num": "260",
    "cause": "16",
    "cause_description": "",
    "cause_txt": "",
    "channel": "SIP/260-00009f9b",
    "connected_line_name": "<unknown>",
    "connected_line_num": "<unknown>",
    "direction": "in",
    "end_time": "2025-06-23T09:46:52",
    "extension_number": "260",
    "has_ringing": true,
    "linkedid": "1750659446.759095",
    "other_extension_number": "214",
    "raw_event": {
        "AccountCode": "",
        "CallerIDName": "260-SUP",
        "CallerIDNum": "260",
        "Cause": "16",
        "Cause-txt": "Normal Clearing",
        "Channel": "SIP/260-00009f9b",
        "ChannelState": "5",
        "ChannelStateDesc": "Ringing",
        "ConnectedLineName": "214-HR2",
        "ConnectedLineNum": "214",
        "Context": "from-internal",
        "Event": "Hangup",
        "Exten": "260",
        "Language": "pr2",
        "Linkedid": "1750659446.759095",
        "Priority": "1",
        "Privilege": "call,all",
        "Uniqueid": "1750659446.759098"
    },
    "start_time": "2025-06-23T09:46:33",
    "status": "ringing",
    "timestamp": "2025-06-23T09:46:52",
    "type": "call_summary",
    "uniqueid": "1750659446.759098"
}

{
    "call_type": "",
    "caller_id_name": "260-SUP",
    "caller_id_num": "260",
    "channel": "SIP/260-00009fbe",
    "connected_line_name": "<unknown>",
    "connected_line_num": "<unknown>",
    "direction": "",
    "end_time": "",
    "extension_number": "260",
    "has_ringing": false,
    "linkedid": "1750659741.759583",
    "other_extension_number": "",
    "start_time": "2025-06-23T09:51:28",
    "status": "initiated",
    "timestamp": "2025-06-23T09:51:28",
    "type": "call_started",
    "uniqueid": "1750659741.759583"
}

{
    "channel": "SIP/260-00009fbe",
    "privilege": "call,all",
    "timestamp": "2025-06-23T09:51:28",
    "type": "call_answered",
    "uniqueid": "1750659741.759583"
}

{
    "call_type": "external",
    "caller_id_name": "260-SUP",
    "caller_id_num": "260",
    "cause": "0",
    "cause_description": "",
    "cause_txt": "",
    "channel": "SIP/260-00009fbe",
    "connected_line_name": "<unknown>",
    "connected_line_num": "<unknown>",
    "direction": "out",
    "end_time": "2025-06-23T09:51:29",
    "extension_number": "260",
    "has_ringing": false,
    "linkedid": "1750659741.759583",
    "other_extension_number": "<unknown>",
    "raw_event": {
        "AccountCode": "",
        "CallerIDName": "260-SUP",
        "CallerIDNum": "260",
        "Cause": "0",
        "Cause-txt": "Unknown",
        "Channel": "SIP/260-00009fbe",
        "ChannelState": "6",
        "ChannelStateDesc": "Up",
        "ConnectedLineName": "<unknown>",
        "ConnectedLineNum": "<unknown>",
        "Context": "app-announcement-2",
        "Event": "Hangup",
        "Exten": "s",
        "Language": "pr2",
        "Linkedid": "1750659741.759583",
        "Priority": "5",
        "Privilege": "call,all",
        "Uniqueid": "1750659741.759583"
    },
    "start_time": "2025-06-23T09:51:28",
    "status": "answered",
    "timestamp": "2025-06-23T09:51:29",
    "type": "call_ended",
    "uniqueid": "1750659741.759583"
}

{
    "call_duration": 1,
    "call_type": "external",
    "caller_id_name": "260-SUP",
    "caller_id_num": "260",
    "cause": "0",
    "cause_description": "",
    "cause_txt": "",
    "channel": "SIP/260-00009fbe",
    "connected_line_name": "<unknown>",
    "connected_line_num": "<unknown>",
    "direction": "out",
    "end_time": "2025-06-23T09:51:29",
    "extension_number": "260",
    "has_ringing": false,
    "linkedid": "1750659741.759583",
    "other_extension_number": "<unknown>",
    "raw_event": {
        "AccountCode": "",
        "CallerIDName": "260-SUP",
        "CallerIDNum": "260",
        "Cause": "0",
        "Cause-txt": "Unknown",
        "Channel": "SIP/260-00009fbe",
        "ChannelState": "6",
        "ChannelStateDesc": "Up",
        "ConnectedLineName": "<unknown>",
        "ConnectedLineNum": "<unknown>",
        "Context": "app-announcement-2",
        "Event": "Hangup",
        "Exten": "s",
        "Language": "pr2",
        "Linkedid": "1750659741.759583",
        "Priority": "5",
        "Privilege": "call,all",
        "Uniqueid": "1750659741.759583"
    },
    "start_time": "2025-06-23T09:51:28",
    "status": "answered",
    "timestamp": "2025-06-23T09:51:29",
    "type": "call_summary",
    "uniqueid": "1750659741.759583"
}

{
    "call_type": "",
    "caller_id_name": "260-SUP",
    "caller_id_num": "260",
    "channel": "SIP/260-00009fc1",
    "connected_line_name": "<unknown>",
    "connected_line_num": "<unknown>",
    "direction": "",
    "end_time": "",
    "extension_number": "260",
    "has_ringing": false,
    "linkedid": "1750659756.759600",
    "other_extension_number": "",
    "start_time": "2025-06-23T09:51:43",
    "status": "initiated",
    "timestamp": "2025-06-23T09:51:43",
    "type": "call_started",
    "uniqueid": "1750659756.759600"
}

{
    "channel": "SIP/260-00009fc1",
    "privilege": "call,all",
    "timestamp": "2025-06-23T09:51:43",
    "type": "call_answered",
    "uniqueid": "1750659756.759600"
}

{
    "call_type": "external",
    "caller_id_name": "260-SUP",
    "caller_id_num": "260",
    "cause": "0",
    "cause_description": "",
    "cause_txt": "",
    "channel": "SIP/260-00009fc1",
    "connected_line_name": "<unknown>",
    "connected_line_num": "<unknown>",
    "direction": "out",
    "end_time": "2025-06-23T09:51:46",
    "extension_number": "260",
    "has_ringing": false,
    "linkedid": "1750659756.759600",
    "other_extension_number": "<unknown>",
    "raw_event": {
        "AccountCode": "",
        "CallerIDName": "260-SUP",
        "CallerIDNum": "260",
        "Cause": "0",
        "Cause-txt": "Unknown",
        "Channel": "SIP/260-00009fc1",
        "ChannelState": "6",
        "ChannelStateDesc": "Up",
        "ConnectedLineName": "<unknown>",
        "ConnectedLineNum": "<unknown>",
        "Context": "app-announcement-2",
        "Event": "Hangup",
        "Exten": "s",
        "Language": "pr2",
        "Linkedid": "1750659756.759600",
        "Priority": "5",
        "Privilege": "call,all",
        "Uniqueid": "1750659756.759600"
    },
    "start_time": "2025-06-23T09:51:43",
    "status": "answered",
    "timestamp": "2025-06-23T09:51:46",
    "type": "call_ended",
    "uniqueid": "1750659756.759600"
}

{
    "call_duration": 2,
    "call_type": "external",
    "caller_id_name": "260-SUP",
    "caller_id_num": "260",
    "cause": "0",
    "cause_description": "",
    "cause_txt": "",
    "channel": "SIP/260-00009fc1",
    "connected_line_name": "<unknown>",
    "connected_line_num": "<unknown>",
    "direction": "out",
    "end_time": "2025-06-23T09:51:46",
    "extension_number": "260",
    "has_ringing": false,
    "linkedid": "1750659756.759600",
    "other_extension_number": "<unknown>",
    "raw_event": {
        "AccountCode": "",
        "CallerIDName": "260-SUP",
        "CallerIDNum": "260",
        "Cause": "0",
        "Cause-txt": "Unknown",
        "Channel": "SIP/260-00009fc1",
        "ChannelState": "6",
        "ChannelStateDesc": "Up",
        "ConnectedLineName": "<unknown>",
        "ConnectedLineNum": "<unknown>",
        "Context": "app-announcement-2",
        "Event": "Hangup",
        "Exten": "s",
        "Language": "pr2",
        "Linkedid": "1750659756.759600",
        "Priority": "5",
        "Privilege": "call,all",
        "Uniqueid": "1750659756.759600"
    },
    "start_time": "2025-06-23T09:51:43",
    "status": "answered",
    "timestamp": "2025-06-23T09:51:46",
    "type": "call_summary",
    "uniqueid": "1750659756.759600"
}

{
    "call_type": "",
    "caller_id_name": "260-SUP",
    "caller_id_num": "260",
    "channel": "SIP/260-00009fdb",
    "connected_line_name": "<unknown>",
    "connected_line_num": "<unknown>",
    "direction": "",
    "end_time": "",
    "extension_number": "260",
    "has_ringing": false,
    "linkedid": "1750659874.759853",
    "other_extension_number": "",
    "start_time": "2025-06-23T09:53:41",
    "status": "initiated",
    "timestamp": "2025-06-23T09:53:41",
    "type": "call_started",
    "uniqueid": "1750659874.759853"
}

{
    "channel": "SIP/260-00009fdb",
    "privilege": "call,all",
    "timestamp": "2025-06-23T09:53:41",
    "type": "call_answered",
    "uniqueid": "1750659874.759853"
}

{
    "call_type": "external",
    "caller_id_name": "260-SUP",
    "caller_id_num": "260",
    "cause": "0",
    "cause_description": "",
    "cause_txt": "",
    "channel": "SIP/260-00009fdb",
    "connected_line_name": "<unknown>",
    "connected_line_num": "<unknown>",
    "direction": "out",
    "end_time": "2025-06-23T09:53:42",
    "extension_number": "260",
    "has_ringing": false,
    "linkedid": "1750659874.759853",
    "other_extension_number": "<unknown>",
    "raw_event": {
        "AccountCode": "",
        "CallerIDName": "260-SUP",
        "CallerIDNum": "260",
        "Cause": "0",
        "Cause-txt": "Unknown",
        "Channel": "SIP/260-00009fdb",
        "ChannelState": "6",
        "ChannelStateDesc": "Up",
        "ConnectedLineName": "<unknown>",
        "ConnectedLineNum": "<unknown>",
        "Context": "app-announcement-2",
        "Event": "Hangup",
        "Exten": "s",
        "Language": "pr2",
        "Linkedid": "1750659874.759853",
        "Priority": "5",
        "Privilege": "call,all",
        "Uniqueid": "1750659874.759853"
    },
    "start_time": "2025-06-23T09:53:41",
    "status": "answered",
    "timestamp": "2025-06-23T09:53:42",
    "type": "call_ended",
    "uniqueid": "1750659874.759853"
}

{
    "call_duration": 1,
    "call_type": "external",
    "caller_id_name": "260-SUP",
    "caller_id_num": "260",
    "cause": "0",
    "cause_description": "",
    "cause_txt": "",
    "channel": "SIP/260-00009fdb",
    "connected_line_name": "<unknown>",
    "connected_line_num": "<unknown>",
    "direction": "out",
    "end_time": "2025-06-23T09:53:42",
    "extension_number": "260",
    "has_ringing": false,
    "linkedid": "1750659874.759853",
    "other_extension_number": "<unknown>",
    "raw_event": {
        "AccountCode": "",
        "CallerIDName": "260-SUP",
        "CallerIDNum": "260",
        "Cause": "0",
        "Cause-txt": "Unknown",
        "Channel": "SIP/260-00009fdb",
        "ChannelState": "6",
        "ChannelStateDesc": "Up",
        "ConnectedLineName": "<unknown>",
        "ConnectedLineNum": "<unknown>",
        "Context": "app-announcement-2",
        "Event": "Hangup",
        "Exten": "s",
        "Language": "pr2",
        "Linkedid": "1750659874.759853",
        "Priority": "5",
        "Privilege": "call,all",
        "Uniqueid": "1750659874.759853"
    },
    "start_time": "2025-06-23T09:53:41",
    "status": "answered",
    "timestamp": "2025-06-23T09:53:42",
    "type": "call_summary",
    "uniqueid": "1750659874.759853"
}

{
    "call_type": "",
    "caller_id_name": "260-SUP",
    "caller_id_num": "260",
    "channel": "SIP/260-00009feb",
    "connected_line_name": "<unknown>",
    "connected_line_num": "<unknown>",
    "direction": "",
    "end_time": "",
    "extension_number": "260",
    "has_ringing": false,
    "linkedid": "1750659919.760006",
    "other_extension_number": "",
    "start_time": "2025-06-23T09:54:26",
    "status": "initiated",
    "timestamp": "2025-06-23T09:54:26",
    "type": "call_started",
    "uniqueid": "1750659919.760009"
}

{
    "channel": "SIP/260-00009feb",
    "privilege": "call,all",
    "timestamp": "2025-06-23T09:54:26",
    "type": "call_ringing",
    "uniqueid": "1750659919.760009"
}

{
    "channel": "SIP/260-00009feb",
    "privilege": "call,all",
    "timestamp": "2025-06-23T09:54:43",
    "type": "call_answered",
    "uniqueid": "1750659919.760009"
}

{
    "call_type": "internal",
    "caller_id_name": "260-SUP",
    "caller_id_num": "260",
    "cause": "16",
    "cause_description": "",
    "cause_txt": "",
    "channel": "SIP/260-00009feb",
    "connected_line_name": "<unknown>",
    "connected_line_num": "<unknown>",
    "direction": "in",
    "end_time": "2025-06-23T09:55:02",
    "extension_number": "260",
    "has_ringing": true,
    "linkedid": "1750659919.760006",
    "other_extension_number": "214",
    "raw_event": {
        "AccountCode": "",
        "CallerIDName": "260-SUP",
        "CallerIDNum": "260",
        "Cause": "16",
        "Cause-txt": "Normal Clearing",
        "Channel": "SIP/260-00009feb",
        "ChannelState": "6",
        "ChannelStateDesc": "Up",
        "ConnectedLineName": "214-HR2",
        "ConnectedLineNum": "214",
        "Context": "from-internal",
        "Event": "Hangup",
        "Exten": "",
        "Language": "pr2",
        "Linkedid": "1750659919.760006",
        "Priority": "1",
        "Privilege": "call,all",
        "Uniqueid": "1750659919.760009"
    },
    "start_time": "2025-06-23T09:54:43",
    "status": "answered",
    "timestamp": "2025-06-23T09:55:02",
    "type": "call_ended",
    "uniqueid": "1750659919.760009"
}

{
    "call_duration": 19,
    "call_type": "internal",
    "caller_id_name": "260-SUP",
    "caller_id_num": "260",
    "cause": "16",
    "cause_description": "",
    "cause_txt": "",
    "channel": "SIP/260-00009feb",
    "connected_line_name": "<unknown>",
    "connected_line_num": "<unknown>",
    "direction": "in",
    "end_time": "2025-06-23T09:55:02",
    "extension_number": "260",
    "has_ringing": true,
    "linkedid": "1750659919.760006",
    "other_extension_number": "214",
    "raw_event": {
        "AccountCode": "",
        "CallerIDName": "260-SUP",
        "CallerIDNum": "260",
        "Cause": "16",
        "Cause-txt": "Normal Clearing",
        "Channel": "SIP/260-00009feb",
        "ChannelState": "6",
        "ChannelStateDesc": "Up",
        "ConnectedLineName": "214-HR2",
        "ConnectedLineNum": "214",
        "Context": "from-internal",
        "Event": "Hangup",
        "Exten": "",
        "Language": "pr2",
        "Linkedid": "1750659919.760006",
        "Priority": "1",
        "Privilege": "call,all",
        "Uniqueid": "1750659919.760009"
    },
    "start_time": "2025-06-23T09:54:43",
    "status": "answered",
    "timestamp": "2025-06-23T09:55:02",
    "type": "call_summary",
    "uniqueid": "1750659919.760009"
}

{
    "call_type": "",
    "caller_id_name": "260-SUP",
    "caller_id_num": "260",
    "channel": "SIP/260-0000a042",
    "connected_line_name": "<unknown>",
    "connected_line_num": "<unknown>",
    "direction": "",
    "end_time": "",
    "extension_number": "260",
    "has_ringing": false,
    "linkedid": "1750660814.761100",
    "other_extension_number": "",
    "start_time": "2025-06-23T10:09:20",
    "status": "initiated",
    "timestamp": "2025-06-23T10:09:20",
    "type": "call_started",
    "uniqueid": "1750660814.761100"
}

{
    "channel": "SIP/260-0000a042",
    "privilege": "call,all",
    "timestamp": "2025-06-23T10:09:26",
    "type": "call_answered",
    "uniqueid": "1750660814.761100"
}

{
    "call_type": "internal",
    "caller_id_name": "260-SUP",
    "caller_id_num": "260",
    "cause": "16",
    "cause_description": "",
    "cause_txt": "",
    "channel": "SIP/260-0000a042",
    "connected_line_name": "<unknown>",
    "connected_line_num": "<unknown>",
    "direction": "out",
    "end_time": "2025-06-23T10:10:09",
    "extension_number": "260",
    "has_ringing": false,
    "linkedid": "1750660814.761100",
    "other_extension_number": "525",
    "raw_event": {
        "AccountCode": "",
        "CallerIDName": "260-SUP",
        "CallerIDNum": "260",
        "Cause": "16",
        "Cause-txt": "Normal Clearing",
        "Channel": "SIP/260-0000a042",
        "ChannelState": "6",
        "ChannelStateDesc": "Up",
        "ConnectedLineName": "525-SM5",
        "ConnectedLineNum": "525",
        "Context": "from-internal",
        "Event": "Hangup",
        "Exten": "h",
        "Language": "pr2",
        "Linkedid": "1750660814.761100",
        "Priority": "1",
        "Privilege": "call,all",
        "Uniqueid": "1750660814.761100"
    },
    "start_time": "2025-06-23T10:09:26",
    "status": "answered",
    "timestamp": "2025-06-23T10:10:09",
    "type": "call_ended",
    "uniqueid": "1750660814.761100"
}

{
    "call_duration": 42,
    "call_type": "internal",
    "caller_id_name": "260-SUP",
    "caller_id_num": "260",
    "cause": "16",
    "cause_description": "",
    "cause_txt": "",
    "channel": "SIP/260-0000a042",
    "connected_line_name": "<unknown>",
    "connected_line_num": "<unknown>",
    "direction": "out",
    "end_time": "2025-06-23T10:10:09",
    "extension_number": "260",
    "has_ringing": false,
    "linkedid": "1750660814.761100",
    "other_extension_number": "525",
    "raw_event": {
        "AccountCode": "",
        "CallerIDName": "260-SUP",
        "CallerIDNum": "260",
        "Cause": "16",
        "Cause-txt": "Normal Clearing",
        "Channel": "SIP/260-0000a042",
        "ChannelState": "6",
        "ChannelStateDesc": "Up",
        "ConnectedLineName": "525-SM5",
        "ConnectedLineNum": "525",
        "Context": "from-internal",
        "Event": "Hangup",
        "Exten": "h",
        "Language": "pr2",
        "Linkedid": "1750660814.761100",
        "Priority": "1",
        "Privilege": "call,all",
        "Uniqueid": "1750660814.761100"
    },
    "start_time": "2025-06-23T10:09:26",
    "status": "answered",
    "timestamp": "2025-06-23T10:10:09",
    "type": "call_summary",
    "uniqueid": "1750660814.761100"
}

{
    "call_type": "",
    "caller_id_name": "260-SUP",
    "caller_id_num": "260",
    "channel": "SIP/260-0000a070",
    "connected_line_name": "<unknown>",
    "connected_line_num": "<unknown>",
    "direction": "",
    "end_time": "",
    "extension_number": "260",
    "has_ringing": false,
    "linkedid": "1750661371.761585",
    "other_extension_number": "",
    "start_time": "2025-06-23T10:18:39",
    "status": "initiated",
    "timestamp": "2025-06-23T10:18:39",
    "type": "call_started",
    "uniqueid": "1750661372.761588"
}

{
    "channel": "SIP/260-0000a070",
    "privilege": "call,all",
    "timestamp": "2025-06-23T10:18:39",
    "type": "call_ringing",
    "uniqueid": "1750661372.761588"
}

{
    "channel": "SIP/260-0000a070",
    "privilege": "call,all",
    "timestamp": "2025-06-23T10:18:45",
    "type": "call_answered",
    "uniqueid": "1750661372.761588"
}

{
    "call_type": "internal",
    "caller_id_name": "260-SUP",
    "caller_id_num": "260",
    "cause": "16",
    "cause_description": "",
    "cause_txt": "",
    "channel": "SIP/260-0000a070",
    "connected_line_name": "<unknown>",
    "connected_line_num": "<unknown>",
    "direction": "in",
    "end_time": "2025-06-23T10:19:06",
    "extension_number": "260",
    "has_ringing": true,
    "linkedid": "1750661371.761585",
    "other_extension_number": "525",
    "raw_event": {
        "AccountCode": "",
        "CallerIDName": "260-SUP",
        "CallerIDNum": "260",
        "Cause": "16",
        "Cause-txt": "Normal Clearing",
        "Channel": "SIP/260-0000a070",
        "ChannelState": "6",
        "ChannelStateDesc": "Up",
        "ConnectedLineName": "525-SM5",
        "ConnectedLineNum": "525",
        "Context": "from-internal",
        "Event": "Hangup",
        "Exten": "",
        "Language": "pr2",
        "Linkedid": "1750661371.761585",
        "Priority": "1",
        "Privilege": "call,all",
        "Uniqueid": "1750661372.761588"
    },
    "start_time": "2025-06-23T10:18:45",
    "status": "answered",
    "timestamp": "2025-06-23T10:19:06",
    "type": "call_ended",
    "uniqueid": "1750661372.761588"
}

{
    "call_duration": 21,
    "call_type": "internal",
    "caller_id_name": "260-SUP",
    "caller_id_num": "260",
    "cause": "16",
    "cause_description": "",
    "cause_txt": "",
    "channel": "SIP/260-0000a070",
    "connected_line_name": "<unknown>",
    "connected_line_num": "<unknown>",
    "direction": "in",
    "end_time": "2025-06-23T10:19:06",
    "extension_number": "260",
    "has_ringing": true,
    "linkedid": "1750661371.761585",
    "other_extension_number": "525",
    "raw_event": {
        "AccountCode": "",
        "CallerIDName": "260-SUP",
        "CallerIDNum": "260",
        "Cause": "16",
        "Cause-txt": "Normal Clearing",
        "Channel": "SIP/260-0000a070",
        "ChannelState": "6",
        "ChannelStateDesc": "Up",
        "ConnectedLineName": "525-SM5",
        "ConnectedLineNum": "525",
        "Context": "from-internal",
        "Event": "Hangup",
        "Exten": "",
        "Language": "pr2",
        "Linkedid": "1750661371.761585",
        "Priority": "1",
        "Privilege": "call,all",
        "Uniqueid": "1750661372.761588"
    },
    "start_time": "2025-06-23T10:18:45",
    "status": "answered",
    "timestamp": "2025-06-23T10:19:06",
    "type": "call_summary",
    "uniqueid": "1750661372.761588"
}

{
    "extension": "260",
    "privilege": "call,all",
    "timestamp": "2025-06-23T20:53:45",
    "type": "monitor_initialized"
}

{
    "call_type": "",
    "caller_id_name": "260-SUP",
    "caller_id_num": "260",
    "channel": "SIP/260-0000aaee",
    "connected_line_name": "<unknown>",
    "connected_line_num": "<unknown>",
    "direction": "",
    "end_time": "",
    "extension_number": "260",
    "has_ringing": false,
    "linkedid": "1750739882.801605",
    "other_extension_number": "",
    "start_time": "2025-06-24T08:07:09",
    "status": "initiated",
    "timestamp": "2025-06-24T08:07:09",
    "type": "call_started",
    "uniqueid": "1750739882.801605"
}

{
    "channel": "SIP/260-0000aaee",
    "privilege": "call,all",
    "timestamp": "2025-06-24T08:07:13",
    "type": "call_answered",
    "uniqueid": "1750739882.801605"
}

{
    "call_type": "internal",
    "caller_id_name": "260-SUP",
    "caller_id_num": "260",
    "cause": "16",
    "cause_description": "",
    "cause_txt": "",
    "channel": "SIP/260-0000aaee",
    "connected_line_name": "<unknown>",
    "connected_line_num": "<unknown>",
    "direction": "out",
    "end_time": "2025-06-24T08:07:29",
    "extension_number": "260",
    "has_ringing": false,
    "linkedid": "1750739882.801605",
    "other_extension_number": "422",
    "raw_event": {
        "AccountCode": "",
        "CallerIDName": "260-SUP",
        "CallerIDNum": "260",
        "Cause": "16",
        "Cause-txt": "Normal Clearing",
        "Channel": "SIP/260-0000aaee",
        "ChannelState": "6",
        "ChannelStateDesc": "Up",
        "ConnectedLineName": "422-RD-STD1",
        "ConnectedLineNum": "422",
        "Context": "from-internal",
        "Event": "Hangup",
        "Exten": "h",
        "Language": "pr2",
        "Linkedid": "1750739882.801605",
        "Priority": "1",
        "Privilege": "call,all",
        "Uniqueid": "1750739882.801605"
    },
    "start_time": "2025-06-24T08:07:13",
    "status": "answered",
    "timestamp": "2025-06-24T08:07:29",
    "type": "call_ended",
    "uniqueid": "1750739882.801605"
}

{
    "call_duration": 16,
    "call_type": "internal",
    "caller_id_name": "260-SUP",
    "caller_id_num": "260",
    "cause": "16",
    "cause_description": "",
    "cause_txt": "",
    "channel": "SIP/260-0000aaee",
    "connected_line_name": "<unknown>",
    "connected_line_num": "<unknown>",
    "direction": "out",
    "end_time": "2025-06-24T08:07:29",
    "extension_number": "260",
    "has_ringing": false,
    "linkedid": "1750739882.801605",
    "other_extension_number": "422",
    "raw_event": {
        "AccountCode": "",
        "CallerIDName": "260-SUP",
        "CallerIDNum": "260",
        "Cause": "16",
        "Cause-txt": "Normal Clearing",
        "Channel": "SIP/260-0000aaee",
        "ChannelState": "6",
        "ChannelStateDesc": "Up",
        "ConnectedLineName": "422-RD-STD1",
        "ConnectedLineNum": "422",
        "Context": "from-internal",
        "Event": "Hangup",
        "Exten": "h",
        "Language": "pr2",
        "Linkedid": "1750739882.801605",
        "Priority": "1",
        "Privilege": "call,all",
        "Uniqueid": "1750739882.801605"
    },
    "start_time": "2025-06-24T08:07:13",
    "status": "answered",
    "timestamp": "2025-06-24T08:07:29",
    "type": "call_summary",
    "uniqueid": "1750739882.801605"
}

{
    "call_type": "",
    "caller_id_name": "260-SUP",
    "caller_id_num": "260",
    "channel": "SIP/260-0000aaf6",
    "connected_line_name": "<unknown>",
    "connected_line_num": "<unknown>",
    "direction": "",
    "end_time": "",
    "extension_number": "260",
    "has_ringing": false,
    "linkedid": "1750740015.801693",
    "other_extension_number": "",
    "start_time": "2025-06-24T08:09:21",
    "status": "initiated",
    "timestamp": "2025-06-24T08:09:21",
    "type": "call_started",
    "uniqueid": "1750740015.801693"
}

{
    "channel": "SIP/260-0000aaf6",
    "privilege": "call,all",
    "timestamp": "2025-06-24T08:09:41",
    "type": "call_answered",
    "uniqueid": "1750740015.801693"
}

{
    "call_type": "internal",
    "caller_id_name": "260-SUP",
    "caller_id_num": "260",
    "cause": "0",
    "cause_description": "",
    "cause_txt": "",
    "channel": "SIP/260-0000aaf6",
    "connected_line_name": "<unknown>",
    "connected_line_num": "<unknown>",
    "direction": "out",
    "end_time": "2025-06-24T08:09:44",
    "extension_number": "260",
    "has_ringing": false,
    "linkedid": "1750740015.801693",
    "other_extension_number": "225",
    "raw_event": {
        "AccountCode": "",
        "CallerIDName": "260-SUP",
        "CallerIDNum": "260",
        "Cause": "0",
        "Cause-txt": "Unknown",
        "Channel": "SIP/260-0000aaf6",
        "ChannelState": "6",
        "ChannelStateDesc": "Up",
        "ConnectedLineName": "225-HR4",
        "ConnectedLineNum": "225",
        "Context": "app-announcement-4",
        "Event": "Hangup",
        "Exten": "s",
        "Language": "pr2",
        "Linkedid": "1750740015.801693",
        "Priority": "5",
        "Privilege": "call,all",
        "Uniqueid": "1750740015.801693"
    },
    "start_time": "2025-06-24T08:09:41",
    "status": "answered",
    "timestamp": "2025-06-24T08:09:44",
    "type": "call_ended",
    "uniqueid": "1750740015.801693"
}

{
    "call_duration": 3,
    "call_type": "internal",
    "caller_id_name": "260-SUP",
    "caller_id_num": "260",
    "cause": "0",
    "cause_description": "",
    "cause_txt": "",
    "channel": "SIP/260-0000aaf6",
    "connected_line_name": "<unknown>",
    "connected_line_num": "<unknown>",
    "direction": "out",
    "end_time": "2025-06-24T08:09:44",
    "extension_number": "260",
    "has_ringing": false,
    "linkedid": "1750740015.801693",
    "other_extension_number": "225",
    "raw_event": {
        "AccountCode": "",
        "CallerIDName": "260-SUP",
        "CallerIDNum": "260",
        "Cause": "0",
        "Cause-txt": "Unknown",
        "Channel": "SIP/260-0000aaf6",
        "ChannelState": "6",
        "ChannelStateDesc": "Up",
        "ConnectedLineName": "225-HR4",
        "ConnectedLineNum": "225",
        "Context": "app-announcement-4",
        "Event": "Hangup",
        "Exten": "s",
        "Language": "pr2",
        "Linkedid": "1750740015.801693",
        "Priority": "5",
        "Privilege": "call,all",
        "Uniqueid": "1750740015.801693"
    },
    "start_time": "2025-06-24T08:09:41",
    "status": "answered",
    "timestamp": "2025-06-24T08:09:44",
    "type": "call_summary",
    "uniqueid": "1750740015.801693"
}

{
    "call_type": "",
    "caller_id_name": "260-SUP",
    "caller_id_num": "260",
    "channel": "SIP/260-0000ab1e",
    "connected_line_name": "<unknown>",
    "connected_line_num": "<unknown>",
    "direction": "",
    "end_time": "",
    "extension_number": "260",
    "has_ringing": false,
    "linkedid": "1750740283.802061",
    "other_extension_number": "",
    "start_time": "2025-06-24T08:13:50",
    "status": "initiated",
    "timestamp": "2025-06-24T08:13:50",
    "type": "call_started",
    "uniqueid": "1750740283.802061"
}

{
    "call_type": "internal",
    "caller_id_name": "260-SUP",
    "caller_id_num": "260",
    "cause": "0",
    "cause_description": "",
    "cause_txt": "",
    "channel": "SIP/260-0000ab1e",
    "connected_line_name": "<unknown>",
    "connected_line_num": "<unknown>",
    "direction": "out",
    "end_time": "2025-06-24T08:14:02",
    "extension_number": "260",
    "has_ringing": false,
    "linkedid": "1750740283.802061",
    "other_extension_number": "513",
    "raw_event": {
        "AccountCode": "",
        "CallerIDName": "260-SUP",
        "CallerIDNum": "260",
        "Cause": "0",
        "Cause-txt": "Unknown",
        "Channel": "SIP/260-0000ab1e",
        "ChannelState": "4",
        "ChannelStateDesc": "Ring",
        "ConnectedLineName": "513-ICT4",
        "ConnectedLineNum": "513",
        "Context": "ext-local",
        "Event": "Hangup",
        "Exten": "h",
        "Language": "pr2",
        "Linkedid": "1750740283.802061",
        "Priority": "1",
        "Privilege": "call,all",
        "Uniqueid": "1750740283.802061"
    },
    "start_time": "2025-06-24T08:13:50",
    "status": "initiated",
    "timestamp": "2025-06-24T08:14:02",
    "type": "call_ended",
    "uniqueid": "1750740283.802061"
}

{
    "call_duration": 12,
    "call_type": "internal",
    "caller_id_name": "260-SUP",
    "caller_id_num": "260",
    "cause": "0",
    "cause_description": "",
    "cause_txt": "",
    "channel": "SIP/260-0000ab1e",
    "connected_line_name": "<unknown>",
    "connected_line_num": "<unknown>",
    "direction": "out",
    "end_time": "2025-06-24T08:14:02",
    "extension_number": "260",
    "has_ringing": false,
    "linkedid": "1750740283.802061",
    "other_extension_number": "513",
    "raw_event": {
        "AccountCode": "",
        "CallerIDName": "260-SUP",
        "CallerIDNum": "260",
        "Cause": "0",
        "Cause-txt": "Unknown",
        "Channel": "SIP/260-0000ab1e",
        "ChannelState": "4",
        "ChannelStateDesc": "Ring",
        "ConnectedLineName": "513-ICT4",
        "ConnectedLineNum": "513",
        "Context": "ext-local",
        "Event": "Hangup",
        "Exten": "h",
        "Language": "pr2",
        "Linkedid": "1750740283.802061",
        "Priority": "1",
        "Privilege": "call,all",
        "Uniqueid": "1750740283.802061"
    },
    "start_time": "2025-06-24T08:13:50",
    "status": "initiated",
    "timestamp": "2025-06-24T08:14:02",
    "type": "call_summary",
    "uniqueid": "1750740283.802061"
}

{
    "call_type": "",
    "caller_id_name": "260-SUP",
    "caller_id_num": "260",
    "channel": "SIP/260-0000ab28",
    "connected_line_name": "<unknown>",
    "connected_line_num": "<unknown>",
    "direction": "",
    "end_time": "",
    "extension_number": "260",
    "has_ringing": false,
    "linkedid": "1750740356.802185",
    "other_extension_number": "",
    "start_time": "2025-06-24T08:15:03",
    "status": "initiated",
    "timestamp": "2025-06-24T08:15:03",
    "type": "call_started",
    "uniqueid": "1750740356.802185"
}

{
    "channel": "SIP/260-0000ab28",
    "privilege": "call,all",
    "timestamp": "2025-06-24T08:15:23",
    "type": "call_answered",
    "uniqueid": "1750740356.802185"
}

{
    "call_type": "internal",
    "caller_id_name": "260-SUP",
    "caller_id_num": "260",
    "cause": "0",
    "cause_description": "",
    "cause_txt": "",
    "channel": "SIP/260-0000ab28",
    "connected_line_name": "<unknown>",
    "connected_line_num": "<unknown>",
    "direction": "out",
    "end_time": "2025-06-24T08:15:26",
    "extension_number": "260",
    "has_ringing": false,
    "linkedid": "1750740356.802185",
    "other_extension_number": "513",
    "raw_event": {
        "AccountCode": "",
        "CallerIDName": "260-SUP",
        "CallerIDNum": "260",
        "Cause": "0",
        "Cause-txt": "Unknown",
        "Channel": "SIP/260-0000ab28",
        "ChannelState": "6",
        "ChannelStateDesc": "Up",
        "ConnectedLineName": "513-ICT4",
        "ConnectedLineNum": "513",
        "Context": "app-announcement-4",
        "Event": "Hangup",
        "Exten": "s",
        "Language": "pr2",
        "Linkedid": "1750740356.802185",
        "Priority": "5",
        "Privilege": "call,all",
        "Uniqueid": "1750740356.802185"
    },
    "start_time": "2025-06-24T08:15:23",
    "status": "answered",
    "timestamp": "2025-06-24T08:15:26",
    "type": "call_ended",
    "uniqueid": "1750740356.802185"
}

{
    "call_duration": 3,
    "call_type": "internal",
    "caller_id_name": "260-SUP",
    "caller_id_num": "260",
    "cause": "0",
    "cause_description": "",
    "cause_txt": "",
    "channel": "SIP/260-0000ab28",
    "connected_line_name": "<unknown>",
    "connected_line_num": "<unknown>",
    "direction": "out",
    "end_time": "2025-06-24T08:15:26",
    "extension_number": "260",
    "has_ringing": false,
    "linkedid": "1750740356.802185",
    "other_extension_number": "513",
    "raw_event": {
        "AccountCode": "",
        "CallerIDName": "260-SUP",
        "CallerIDNum": "260",
        "Cause": "0",
        "Cause-txt": "Unknown",
        "Channel": "SIP/260-0000ab28",
        "ChannelState": "6",
        "ChannelStateDesc": "Up",
        "ConnectedLineName": "513-ICT4",
        "ConnectedLineNum": "513",
        "Context": "app-announcement-4",
        "Event": "Hangup",
        "Exten": "s",
        "Language": "pr2",
        "Linkedid": "1750740356.802185",
        "Priority": "5",
        "Privilege": "call,all",
        "Uniqueid": "1750740356.802185"
    },
    "start_time": "2025-06-24T08:15:23",
    "status": "answered",
    "timestamp": "2025-06-24T08:15:26",
    "type": "call_summary",
    "uniqueid": "1750740356.802185"
}

{
    "call_type": "",
    "caller_id_name": "260-SUP",
    "caller_id_num": "260",
    "channel": "SIP/260-0000ab2a",
    "connected_line_name": "<unknown>",
    "connected_line_num": "<unknown>",
    "direction": "",
    "end_time": "",
    "extension_number": "260",
    "has_ringing": false,
    "linkedid": "1750740426.802243",
    "other_extension_number": "",
    "start_time": "2025-06-24T08:16:13",
    "status": "initiated",
    "timestamp": "2025-06-24T08:16:13",
    "type": "call_started",
    "uniqueid": "1750740426.802243"
}

{
    "channel": "SIP/260-0000ab2a",
    "privilege": "call,all",
    "timestamp": "2025-06-24T08:16:18",
    "type": "call_answered",
    "uniqueid": "1750740426.802243"
}

{
    "call_type": "internal",
    "caller_id_name": "260-SUP",
    "caller_id_num": "260",
    "cause": "16",
    "cause_description": "",
    "cause_txt": "",
    "channel": "SIP/260-0000ab2a",
    "connected_line_name": "<unknown>",
    "connected_line_num": "<unknown>",
    "direction": "out",
    "end_time": "2025-06-24T08:17:12",
    "extension_number": "260",
    "has_ringing": false,
    "linkedid": "1750740426.802243",
    "other_extension_number": "512",
    "raw_event": {
        "AccountCode": "",
        "CallerIDName": "260-SUP",
        "CallerIDNum": "260",
        "Cause": "16",
        "Cause-txt": "Normal Clearing",
        "Channel": "SIP/260-0000ab2a",
        "ChannelState": "6",
        "ChannelStateDesc": "Up",
        "ConnectedLineName": "512-ICT3",
        "ConnectedLineNum": "512",
        "Context": "from-internal",
        "Event": "Hangup",
        "Exten": "h",
        "Language": "pr2",
        "Linkedid": "1750740426.802243",
        "Priority": "1",
        "Privilege": "call,all",
        "Uniqueid": "1750740426.802243"
    },
    "start_time": "2025-06-24T08:16:18",
    "status": "answered",
    "timestamp": "2025-06-24T08:17:12",
    "type": "call_ended",
    "uniqueid": "1750740426.802243"
}

{
    "call_duration": 54,
    "call_type": "internal",
    "caller_id_name": "260-SUP",
    "caller_id_num": "260",
    "cause": "16",
    "cause_description": "",
    "cause_txt": "",
    "channel": "SIP/260-0000ab2a",
    "connected_line_name": "<unknown>",
    "connected_line_num": "<unknown>",
    "direction": "out",
    "end_time": "2025-06-24T08:17:12",
    "extension_number": "260",
    "has_ringing": false,
    "linkedid": "1750740426.802243",
    "other_extension_number": "512",
    "raw_event": {
        "AccountCode": "",
        "CallerIDName": "260-SUP",
        "CallerIDNum": "260",
        "Cause": "16",
        "Cause-txt": "Normal Clearing",
        "Channel": "SIP/260-0000ab2a",
        "ChannelState": "6",
        "ChannelStateDesc": "Up",
        "ConnectedLineName": "512-ICT3",
        "ConnectedLineNum": "512",
        "Context": "from-internal",
        "Event": "Hangup",
        "Exten": "h",
        "Language": "pr2",
        "Linkedid": "1750740426.802243",
        "Priority": "1",
        "Privilege": "call,all",
        "Uniqueid": "1750740426.802243"
    },
    "start_time": "2025-06-24T08:16:18",
    "status": "answered",
    "timestamp": "2025-06-24T08:17:12",
    "type": "call_summary",
    "uniqueid": "1750740426.802243"
}

{
    "call_type": "",
    "caller_id_name": "260-SUP",
    "caller_id_num": "260",
    "channel": "SIP/260-0000ab35",
    "connected_line_name": "<unknown>",
    "connected_line_num": "<unknown>",
    "direction": "",
    "end_time": "",
    "extension_number": "260",
    "has_ringing": false,
    "linkedid": "1750740587.802373",
    "other_extension_number": "",
    "start_time": "2025-06-24T08:18:54",
    "status": "initiated",
    "timestamp": "2025-06-24T08:18:54",
    "type": "call_started",
    "uniqueid": "1750740587.802373"
}

{
    "call_type": "internal",
    "caller_id_name": "260-SUP",
    "caller_id_num": "260",
    "cause": "16",
    "cause_description": "",
    "cause_txt": "",
    "channel": "SIP/260-0000ab35",
    "connected_line_name": "<unknown>",
    "connected_line_num": "<unknown>",
    "direction": "out",
    "end_time": "2025-06-24T08:19:05",
    "extension_number": "260",
    "has_ringing": false,
    "linkedid": "1750740587.802373",
    "other_extension_number": "225",
    "raw_event": {
        "AccountCode": "",
        "CallerIDName": "260-SUP",
        "CallerIDNum": "260",
        "Cause": "16",
        "Cause-txt": "Normal Clearing",
        "Channel": "SIP/260-0000ab35",
        "ChannelState": "4",
        "ChannelStateDesc": "Ring",
        "ConnectedLineName": "225-HR4",
        "ConnectedLineNum": "225",
        "Context": "from-internal",
        "Event": "Hangup",
        "Exten": "h",
        "Language": "pr2",
        "Linkedid": "1750740587.802373",
        "Priority": "1",
        "Privilege": "call,all",
        "Uniqueid": "1750740587.802373"
    },
    "start_time": "2025-06-24T08:18:54",
    "status": "initiated",
    "timestamp": "2025-06-24T08:19:05",
    "type": "call_ended",
    "uniqueid": "1750740587.802373"
}

{
    "call_duration": 10,
    "call_type": "internal",
    "caller_id_name": "260-SUP",
    "caller_id_num": "260",
    "cause": "16",
    "cause_description": "",
    "cause_txt": "",
    "channel": "SIP/260-0000ab35",
    "connected_line_name": "<unknown>",
    "connected_line_num": "<unknown>",
    "direction": "out",
    "end_time": "2025-06-24T08:19:05",
    "extension_number": "260",
    "has_ringing": false,
    "linkedid": "1750740587.802373",
    "other_extension_number": "225",
    "raw_event": {
        "AccountCode": "",
        "CallerIDName": "260-SUP",
        "CallerIDNum": "260",
        "Cause": "16",
        "Cause-txt": "Normal Clearing",
        "Channel": "SIP/260-0000ab35",
        "ChannelState": "4",
        "ChannelStateDesc": "Ring",
        "ConnectedLineName": "225-HR4",
        "ConnectedLineNum": "225",
        "Context": "from-internal",
        "Event": "Hangup",
        "Exten": "h",
        "Language": "pr2",
        "Linkedid": "1750740587.802373",
        "Priority": "1",
        "Privilege": "call,all",
        "Uniqueid": "1750740587.802373"
    },
    "start_time": "2025-06-24T08:18:54",
    "status": "initiated",
    "timestamp": "2025-06-24T08:19:05",
    "type": "call_summary",
    "uniqueid": "1750740587.802373"
}

{
    "call_type": "",
    "caller_id_name": "260-SUP",
    "caller_id_num": "260",
    "channel": "SIP/260-0000ab3b",
    "connected_line_name": "<unknown>",
    "connected_line_num": "<unknown>",
    "direction": "",
    "end_time": "",
    "extension_number": "260",
    "has_ringing": false,
    "linkedid": "1750740599.802410",
    "other_extension_number": "",
    "start_time": "2025-06-24T08:19:06",
    "status": "initiated",
    "timestamp": "2025-06-24T08:19:06",
    "type": "call_started",
    "uniqueid": "1750740599.802410"
}

{
    "channel": "SIP/260-0000ab3b",
    "privilege": "call,all",
    "timestamp": "2025-06-24T08:19:13",
    "type": "call_answered",
    "uniqueid": "1750740599.802410"
}

{
    "call_type": "internal",
    "caller_id_name": "260-SUP",
    "caller_id_num": "260",
    "cause": "16",
    "cause_description": "",
    "cause_txt": "",
    "channel": "SIP/260-0000ab3b",
    "connected_line_name": "<unknown>",
    "connected_line_num": "<unknown>",
    "direction": "out",
    "end_time": "2025-06-24T08:19:42",
    "extension_number": "260",
    "has_ringing": false,
    "linkedid": "1750740599.802410",
    "other_extension_number": "214",
    "raw_event": {
        "AccountCode": "",
        "CallerIDName": "260-SUP",
        "CallerIDNum": "260",
        "Cause": "16",
        "Cause-txt": "Normal Clearing",
        "Channel": "SIP/260-0000ab3b",
        "ChannelState": "6",
        "ChannelStateDesc": "Up",
        "ConnectedLineName": "214-HR2",
        "ConnectedLineNum": "214",
        "Context": "from-internal",
        "Event": "Hangup",
        "Exten": "h",
        "Language": "pr2",
        "Linkedid": "1750740599.802410",
        "Priority": "1",
        "Privilege": "call,all",
        "Uniqueid": "1750740599.802410"
    },
    "start_time": "2025-06-24T08:19:13",
    "status": "answered",
    "timestamp": "2025-06-24T08:19:42",
    "type": "call_ended",
    "uniqueid": "1750740599.802410"
}

{
    "call_duration": 28,
    "call_type": "internal",
    "caller_id_name": "260-SUP",
    "caller_id_num": "260",
    "cause": "16",
    "cause_description": "",
    "cause_txt": "",
    "channel": "SIP/260-0000ab3b",
    "connected_line_name": "<unknown>",
    "connected_line_num": "<unknown>",
    "direction": "out",
    "end_time": "2025-06-24T08:19:42",
    "extension_number": "260",
    "has_ringing": false,
    "linkedid": "1750740599.802410",
    "other_extension_number": "214",
    "raw_event": {
        "AccountCode": "",
        "CallerIDName": "260-SUP",
        "CallerIDNum": "260",
        "Cause": "16",
        "Cause-txt": "Normal Clearing",
        "Channel": "SIP/260-0000ab3b",
        "ChannelState": "6",
        "ChannelStateDesc": "Up",
        "ConnectedLineName": "214-HR2",
        "ConnectedLineNum": "214",
        "Context": "from-internal",
        "Event": "Hangup",
        "Exten": "h",
        "Language": "pr2",
        "Linkedid": "1750740599.802410",
        "Priority": "1",
        "Privilege": "call,all",
        "Uniqueid": "1750740599.802410"
    },
    "start_time": "2025-06-24T08:19:13",
    "status": "answered",
    "timestamp": "2025-06-24T08:19:42",
    "type": "call_summary",
    "uniqueid": "1750740599.802410"
}

{
    "call_type": "",
    "caller_id_name": "260-SUP",
    "caller_id_num": "260",
    "channel": "SIP/260-0000ab4e",
    "connected_line_name": "<unknown>",
    "connected_line_num": "<unknown>",
    "direction": "",
    "end_time": "",
    "extension_number": "260",
    "has_ringing": false,
    "linkedid": "1750740774.802608",
    "other_extension_number": "",
    "start_time": "2025-06-24T08:22:00",
    "status": "initiated",
    "timestamp": "2025-06-24T08:22:00",
    "type": "call_started",
    "uniqueid": "1750740774.802608"
}

{
    "channel": "SIP/260-0000ab4e",
    "privilege": "call,all",
    "timestamp": "2025-06-24T08:22:01",
    "type": "call_answered",
    "uniqueid": "1750740774.802608"
}

{
    "call_type": "external",
    "caller_id_name": "260-SUP",
    "caller_id_num": "260",
    "cause": "0",
    "cause_description": "",
    "cause_txt": "",
    "channel": "SIP/260-0000ab4e",
    "connected_line_name": "<unknown>",
    "connected_line_num": "<unknown>",
    "direction": "out",
    "end_time": "2025-06-24T08:22:02",
    "extension_number": "260",
    "has_ringing": false,
    "linkedid": "1750740774.802608",
    "other_extension_number": "<unknown>",
    "raw_event": {
        "AccountCode": "",
        "CallerIDName": "260-SUP",
        "CallerIDNum": "260",
        "Cause": "0",
        "Cause-txt": "Unknown",
        "Channel": "SIP/260-0000ab4e",
        "ChannelState": "6",
        "ChannelStateDesc": "Up",
        "ConnectedLineName": "<unknown>",
        "ConnectedLineNum": "<unknown>",
        "Context": "app-announcement-2",
        "Event": "Hangup",
        "Exten": "s",
        "Language": "pr2",
        "Linkedid": "1750740774.802608",
        "Priority": "5",
        "Privilege": "call,all",
        "Uniqueid": "1750740774.802608"
    },
    "start_time": "2025-06-24T08:22:01",
    "status": "answered",
    "timestamp": "2025-06-24T08:22:02",
    "type": "call_ended",
    "uniqueid": "1750740774.802608"
}

{
    "call_duration": 1,
    "call_type": "external",
    "caller_id_name": "260-SUP",
    "caller_id_num": "260",
    "cause": "0",
    "cause_description": "",
    "cause_txt": "",
    "channel": "SIP/260-0000ab4e",
    "connected_line_name": "<unknown>",
    "connected_line_num": "<unknown>",
    "direction": "out",
    "end_time": "2025-06-24T08:22:02",
    "extension_number": "260",
    "has_ringing": false,
    "linkedid": "1750740774.802608",
    "other_extension_number": "<unknown>",
    "raw_event": {
        "AccountCode": "",
        "CallerIDName": "260-SUP",
        "CallerIDNum": "260",
        "Cause": "0",
        "Cause-txt": "Unknown",
        "Channel": "SIP/260-0000ab4e",
        "ChannelState": "6",
        "ChannelStateDesc": "Up",
        "ConnectedLineName": "<unknown>",
        "ConnectedLineNum": "<unknown>",
        "Context": "app-announcement-2",
        "Event": "Hangup",
        "Exten": "s",
        "Language": "pr2",
        "Linkedid": "1750740774.802608",
        "Priority": "5",
        "Privilege": "call,all",
        "Uniqueid": "1750740774.802608"
    },
    "start_time": "2025-06-24T08:22:01",
    "status": "answered",
    "timestamp": "2025-06-24T08:22:02",
    "type": "call_summary",
    "uniqueid": "1750740774.802608"
}

{
    "call_type": "",
    "caller_id_name": "260-SUP",
    "caller_id_num": "260",
    "channel": "SIP/260-0000ab55",
    "connected_line_name": "<unknown>",
    "connected_line_num": "<unknown>",
    "direction": "",
    "end_time": "",
    "extension_number": "260",
    "has_ringing": false,
    "linkedid": "1750740816.802678",
    "other_extension_number": "",
    "start_time": "2025-06-24T08:22:43",
    "status": "initiated",
    "timestamp": "2025-06-24T08:22:43",
    "type": "call_started",
    "uniqueid": "1750740816.802678"
}

{
    "channel": "SIP/260-0000ab55",
    "privilege": "call,all",
    "timestamp": "2025-06-24T08:22:43",
    "type": "call_answered",
    "uniqueid": "1750740816.802678"
}

{
    "call_type": "external",
    "caller_id_name": "260-SUP",
    "caller_id_num": "260",
    "cause": "0",
    "cause_description": "",
    "cause_txt": "",
    "channel": "SIP/260-0000ab55",
    "connected_line_name": "<unknown>",
    "connected_line_num": "<unknown>",
    "direction": "out",
    "end_time": "2025-06-24T08:22:44",
    "extension_number": "260",
    "has_ringing": false,
    "linkedid": "1750740816.802678",
    "other_extension_number": "<unknown>",
    "raw_event": {
        "AccountCode": "",
        "CallerIDName": "260-SUP",
        "CallerIDNum": "260",
        "Cause": "0",
        "Cause-txt": "Unknown",
        "Channel": "SIP/260-0000ab55",
        "ChannelState": "6",
        "ChannelStateDesc": "Up",
        "ConnectedLineName": "<unknown>",
        "ConnectedLineNum": "<unknown>",
        "Context": "app-announcement-2",
        "Event": "Hangup",
        "Exten": "s",
        "Language": "pr2",
        "Linkedid": "1750740816.802678",
        "Priority": "5",
        "Privilege": "call,all",
        "Uniqueid": "1750740816.802678"
    },
    "start_time": "2025-06-24T08:22:43",
    "status": "answered",
    "timestamp": "2025-06-24T08:22:44",
    "type": "call_ended",
    "uniqueid": "1750740816.802678"
}

{
    "call_duration": 0,
    "call_type": "external",
    "caller_id_name": "260-SUP",
    "caller_id_num": "260",
    "cause": "0",
    "cause_description": "",
    "cause_txt": "",
    "channel": "SIP/260-0000ab55",
    "connected_line_name": "<unknown>",
    "connected_line_num": "<unknown>",
    "direction": "out",
    "end_time": "2025-06-24T08:22:44",
    "extension_number": "260",
    "has_ringing": false,
    "linkedid": "1750740816.802678",
    "other_extension_number": "<unknown>",
    "raw_event": {
        "AccountCode": "",
        "CallerIDName": "260-SUP",
        "CallerIDNum": "260",
        "Cause": "0",
        "Cause-txt": "Unknown",
        "Channel": "SIP/260-0000ab55",
        "ChannelState": "6",
        "ChannelStateDesc": "Up",
        "ConnectedLineName": "<unknown>",
        "ConnectedLineNum": "<unknown>",
        "Context": "app-announcement-2",
        "Event": "Hangup",
        "Exten": "s",
        "Language": "pr2",
        "Linkedid": "1750740816.802678",
        "Priority": "5",
        "Privilege": "call,all",
        "Uniqueid": "1750740816.802678"
    },
    "start_time": "2025-06-24T08:22:43",
    "status": "answered",
    "timestamp": "2025-06-24T08:22:44",
    "type": "call_summary",
    "uniqueid": "1750740816.802678"
}

{
    "call_type": "",
    "caller_id_name": "260-SUP",
    "caller_id_num": "260",
    "channel": "SIP/260-0000ab5e",
    "connected_line_name": "<unknown>",
    "connected_line_num": "<unknown>",
    "direction": "",
    "end_time": "",
    "extension_number": "260",
    "has_ringing": false,
    "linkedid": "1750740880.802764",
    "other_extension_number": "",
    "start_time": "2025-06-24T08:23:47",
    "status": "initiated",
    "timestamp": "2025-06-24T08:23:47",
    "type": "call_started",
    "uniqueid": "1750740880.802764"
}

{
    "channel": "SIP/260-0000ab5e",
    "privilege": "call,all",
    "timestamp": "2025-06-24T08:23:47",
    "type": "call_answered",
    "uniqueid": "1750740880.802764"
}

{
    "call_type": "external",
    "caller_id_name": "260-SUP",
    "caller_id_num": "260",
    "cause": "0",
    "cause_description": "",
    "cause_txt": "",
    "channel": "SIP/260-0000ab5e",
    "connected_line_name": "<unknown>",
    "connected_line_num": "<unknown>",
    "direction": "out",
    "end_time": "2025-06-24T08:23:48",
    "extension_number": "260",
    "has_ringing": false,
    "linkedid": "1750740880.802764",
    "other_extension_number": "<unknown>",
    "raw_event": {
        "AccountCode": "",
        "CallerIDName": "260-SUP",
        "CallerIDNum": "260",
        "Cause": "0",
        "Cause-txt": "Unknown",
        "Channel": "SIP/260-0000ab5e",
        "ChannelState": "6",
        "ChannelStateDesc": "Up",
        "ConnectedLineName": "<unknown>",
        "ConnectedLineNum": "<unknown>",
        "Context": "app-announcement-2",
        "Event": "Hangup",
        "Exten": "s",
        "Language": "pr2",
        "Linkedid": "1750740880.802764",
        "Priority": "3",
        "Privilege": "call,all",
        "Uniqueid": "1750740880.802764"
    },
    "start_time": "2025-06-24T08:23:47",
    "status": "answered",
    "timestamp": "2025-06-24T08:23:48",
    "type": "call_ended",
    "uniqueid": "1750740880.802764"
}

{
    "call_duration": 0,
    "call_type": "external",
    "caller_id_name": "260-SUP",
    "caller_id_num": "260",
    "cause": "0",
    "cause_description": "",
    "cause_txt": "",
    "channel": "SIP/260-0000ab5e",
    "connected_line_name": "<unknown>",
    "connected_line_num": "<unknown>",
    "direction": "out",
    "end_time": "2025-06-24T08:23:48",
    "extension_number": "260",
    "has_ringing": false,
    "linkedid": "1750740880.802764",
    "other_extension_number": "<unknown>",
    "raw_event": {
        "AccountCode": "",
        "CallerIDName": "260-SUP",
        "CallerIDNum": "260",
        "Cause": "0",
        "Cause-txt": "Unknown",
        "Channel": "SIP/260-0000ab5e",
        "ChannelState": "6",
        "ChannelStateDesc": "Up",
        "ConnectedLineName": "<unknown>",
        "ConnectedLineNum": "<unknown>",
        "Context": "app-announcement-2",
        "Event": "Hangup",
        "Exten": "s",
        "Language": "pr2",
        "Linkedid": "1750740880.802764",
        "Priority": "3",
        "Privilege": "call,all",
        "Uniqueid": "1750740880.802764"
    },
    "start_time": "2025-06-24T08:23:47",
    "status": "answered",
    "timestamp": "2025-06-24T08:23:48",
    "type": "call_summary",
    "uniqueid": "1750740880.802764"
}

{
    "call_type": "",
    "caller_id_name": "260-SUP",
    "caller_id_num": "260",
    "channel": "SIP/260-0000ab5f",
    "connected_line_name": "<unknown>",
    "connected_line_num": "<unknown>",
    "direction": "",
    "end_time": "",
    "extension_number": "260",
    "has_ringing": false,
    "linkedid": "1750740911.802803",
    "other_extension_number": "",
    "start_time": "2025-06-24T08:24:17",
    "status": "initiated",
    "timestamp": "2025-06-24T08:24:17",
    "type": "call_started",
    "uniqueid": "1750740911.802803"
}

{
    "channel": "SIP/260-0000ab5f",
    "privilege": "call,all",
    "timestamp": "2025-06-24T08:24:17",
    "type": "call_answered",
    "uniqueid": "1750740911.802803"
}

{
    "call_type": "external",
    "caller_id_name": "260-SUP",
    "caller_id_num": "260",
    "cause": "0",
    "cause_description": "",
    "cause_txt": "",
    "channel": "SIP/260-0000ab5f",
    "connected_line_name": "<unknown>",
    "connected_line_num": "<unknown>",
    "direction": "out",
    "end_time": "2025-06-24T08:24:19",
    "extension_number": "260",
    "has_ringing": false,
    "linkedid": "1750740911.802803",
    "other_extension_number": "<unknown>",
    "raw_event": {
        "AccountCode": "",
        "CallerIDName": "260-SUP",
        "CallerIDNum": "260",
        "Cause": "0",
        "Cause-txt": "Unknown",
        "Channel": "SIP/260-0000ab5f",
        "ChannelState": "6",
        "ChannelStateDesc": "Up",
        "ConnectedLineName": "<unknown>",
        "ConnectedLineNum": "<unknown>",
        "Context": "app-announcement-2",
        "Event": "Hangup",
        "Exten": "s",
        "Language": "pr2",
        "Linkedid": "1750740911.802803",
        "Priority": "5",
        "Privilege": "call,all",
        "Uniqueid": "1750740911.802803"
    },
    "start_time": "2025-06-24T08:24:17",
    "status": "answered",
    "timestamp": "2025-06-24T08:24:19",
    "type": "call_ended",
    "uniqueid": "1750740911.802803"
}

{
    "call_duration": 1,
    "call_type": "external",
    "caller_id_name": "260-SUP",
    "caller_id_num": "260",
    "cause": "0",
    "cause_description": "",
    "cause_txt": "",
    "channel": "SIP/260-0000ab5f",
    "connected_line_name": "<unknown>",
    "connected_line_num": "<unknown>",
    "direction": "out",
    "end_time": "2025-06-24T08:24:19",
    "extension_number": "260",
    "has_ringing": false,
    "linkedid": "1750740911.802803",
    "other_extension_number": "<unknown>",
    "raw_event": {
        "AccountCode": "",
        "CallerIDName": "260-SUP",
        "CallerIDNum": "260",
        "Cause": "0",
        "Cause-txt": "Unknown",
        "Channel": "SIP/260-0000ab5f",
        "ChannelState": "6",
        "ChannelStateDesc": "Up",
        "ConnectedLineName": "<unknown>",
        "ConnectedLineNum": "<unknown>",
        "Context": "app-announcement-2",
        "Event": "Hangup",
        "Exten": "s",
        "Language": "pr2",
        "Linkedid": "1750740911.802803",
        "Priority": "5",
        "Privilege": "call,all",
        "Uniqueid": "1750740911.802803"
    },
    "start_time": "2025-06-24T08:24:17",
    "status": "answered",
    "timestamp": "2025-06-24T08:24:19",
    "type": "call_summary",
    "uniqueid": "1750740911.802803"
}

{
    "call_type": "",
    "caller_id_name": "260-SUP",
    "caller_id_num": "260",
    "channel": "SIP/260-0000ab60",
    "connected_line_name": "<unknown>",
    "connected_line_num": "<unknown>",
    "direction": "",
    "end_time": "",
    "extension_number": "260",
    "has_ringing": false,
    "linkedid": "1750740921.802811",
    "other_extension_number": "",
    "start_time": "2025-06-24T08:24:28",
    "status": "initiated",
    "timestamp": "2025-06-24T08:24:28",
    "type": "call_started",
    "uniqueid": "1750740921.802811"
}

{
    "call_type": "internal",
    "caller_id_name": "260-SUP",
    "caller_id_num": "260",
    "cause": "16",
    "cause_description": "",
    "cause_txt": "",
    "channel": "SIP/260-0000ab60",
    "connected_line_name": "<unknown>",
    "connected_line_num": "<unknown>",
    "direction": "out",
    "end_time": "2025-06-24T08:24:36",
    "extension_number": "260",
    "has_ringing": false,
    "linkedid": "1750740921.802811",
    "other_extension_number": "225",
    "raw_event": {
        "AccountCode": "",
        "CallerIDName": "260-SUP",
        "CallerIDNum": "260",
        "Cause": "16",
        "Cause-txt": "Normal Clearing",
        "Channel": "SIP/260-0000ab60",
        "ChannelState": "4",
        "ChannelStateDesc": "Ring",
        "ConnectedLineName": "225-HR4",
        "ConnectedLineNum": "225",
        "Context": "from-internal",
        "Event": "Hangup",
        "Exten": "h",
        "Language": "pr2",
        "Linkedid": "1750740921.802811",
        "Priority": "1",
        "Privilege": "call,all",
        "Uniqueid": "1750740921.802811"
    },
    "start_time": "2025-06-24T08:24:28",
    "status": "initiated",
    "timestamp": "2025-06-24T08:24:36",
    "type": "call_ended",
    "uniqueid": "1750740921.802811"
}

{
    "call_duration": 8,
    "call_type": "internal",
    "caller_id_name": "260-SUP",
    "caller_id_num": "260",
    "cause": "16",
    "cause_description": "",
    "cause_txt": "",
    "channel": "SIP/260-0000ab60",
    "connected_line_name": "<unknown>",
    "connected_line_num": "<unknown>",
    "direction": "out",
    "end_time": "2025-06-24T08:24:36",
    "extension_number": "260",
    "has_ringing": false,
    "linkedid": "1750740921.802811",
    "other_extension_number": "225",
    "raw_event": {
        "AccountCode": "",
        "CallerIDName": "260-SUP",
        "CallerIDNum": "260",
        "Cause": "16",
        "Cause-txt": "Normal Clearing",
        "Channel": "SIP/260-0000ab60",
        "ChannelState": "4",
        "ChannelStateDesc": "Ring",
        "ConnectedLineName": "225-HR4",
        "ConnectedLineNum": "225",
        "Context": "from-internal",
        "Event": "Hangup",
        "Exten": "h",
        "Language": "pr2",
        "Linkedid": "1750740921.802811",
        "Priority": "1",
        "Privilege": "call,all",
        "Uniqueid": "1750740921.802811"
    },
    "start_time": "2025-06-24T08:24:28",
    "status": "initiated",
    "timestamp": "2025-06-24T08:24:36",
    "type": "call_summary",
    "uniqueid": "1750740921.802811"
}

{
    "call_type": "",
    "caller_id_name": "260-SUP",
    "caller_id_num": "260",
    "channel": "SIP/260-0000ab62",
    "connected_line_name": "<unknown>",
    "connected_line_num": "<unknown>",
    "direction": "",
    "end_time": "",
    "extension_number": "260",
    "has_ringing": false,
    "linkedid": "1750740932.802824",
    "other_extension_number": "",
    "start_time": "2025-06-24T08:24:39",
    "status": "initiated",
    "timestamp": "2025-06-24T08:24:39",
    "type": "call_started",
    "uniqueid": "1750740932.802824"
}

{
    "channel": "SIP/260-0000ab62",
    "privilege": "call,all",
    "timestamp": "2025-06-24T08:24:39",
    "type": "call_answered",
    "uniqueid": "1750740932.802824"
}

{
    "call_type": "external",
    "caller_id_name": "260-SUP",
    "caller_id_num": "260",
    "cause": "0",
    "cause_description": "",
    "cause_txt": "",
    "channel": "SIP/260-0000ab62",
    "connected_line_name": "<unknown>",
    "connected_line_num": "<unknown>",
    "direction": "out",
    "end_time": "2025-06-24T08:24:40",
    "extension_number": "260",
    "has_ringing": false,
    "linkedid": "1750740932.802824",
    "other_extension_number": "<unknown>",
    "raw_event": {
        "AccountCode": "",
        "CallerIDName": "260-SUP",
        "CallerIDNum": "260",
        "Cause": "0",
        "Cause-txt": "Unknown",
        "Channel": "SIP/260-0000ab62",
        "ChannelState": "6",
        "ChannelStateDesc": "Up",
        "ConnectedLineName": "<unknown>",
        "ConnectedLineNum": "<unknown>",
        "Context": "app-announcement-2",
        "Event": "Hangup",
        "Exten": "s",
        "Language": "pr2",
        "Linkedid": "1750740932.802824",
        "Priority": "3",
        "Privilege": "call,all",
        "Uniqueid": "1750740932.802824"
    },
    "start_time": "2025-06-24T08:24:39",
    "status": "answered",
    "timestamp": "2025-06-24T08:24:40",
    "type": "call_ended",
    "uniqueid": "1750740932.802824"
}

{
    "call_duration": 0,
    "call_type": "external",
    "caller_id_name": "260-SUP",
    "caller_id_num": "260",
    "cause": "0",
    "cause_description": "",
    "cause_txt": "",
    "channel": "SIP/260-0000ab62",
    "connected_line_name": "<unknown>",
    "connected_line_num": "<unknown>",
    "direction": "out",
    "end_time": "2025-06-24T08:24:40",
    "extension_number": "260",
    "has_ringing": false,
    "linkedid": "1750740932.802824",
    "other_extension_number": "<unknown>",
    "raw_event": {
        "AccountCode": "",
        "CallerIDName": "260-SUP",
        "CallerIDNum": "260",
        "Cause": "0",
        "Cause-txt": "Unknown",
        "Channel": "SIP/260-0000ab62",
        "ChannelState": "6",
        "ChannelStateDesc": "Up",
        "ConnectedLineName": "<unknown>",
        "ConnectedLineNum": "<unknown>",
        "Context": "app-announcement-2",
        "Event": "Hangup",
        "Exten": "s",
        "Language": "pr2",
        "Linkedid": "1750740932.802824",
        "Priority": "3",
        "Privilege": "call,all",
        "Uniqueid": "1750740932.802824"
    },
    "start_time": "2025-06-24T08:24:39",
    "status": "answered",
    "timestamp": "2025-06-24T08:24:40",
    "type": "call_summary",
    "uniqueid": "1750740932.802824"
}

{
    "call_type": "",
    "caller_id_name": "260-SUP",
    "caller_id_num": "260",
    "channel": "SIP/260-0000aba7",
    "connected_line_name": "<unknown>",
    "connected_line_num": "<unknown>",
    "direction": "",
    "end_time": "",
    "extension_number": "260",
    "has_ringing": false,
    "linkedid": "1750741414.803562",
    "other_extension_number": "",
    "start_time": "2025-06-24T08:32:41",
    "status": "initiated",
    "timestamp": "2025-06-24T08:32:41",
    "type": "call_started",
    "uniqueid": "1750741414.803562"
}

{
    "channel": "SIP/260-0000aba7",
    "privilege": "call,all",
    "timestamp": "2025-06-24T08:32:44",
    "type": "call_answered",
    "uniqueid": "1750741414.803562"
}

{
    "call_type": "internal",
    "caller_id_name": "260-SUP",
    "caller_id_num": "260",
    "cause": "16",
    "cause_description": "",
    "cause_txt": "",
    "channel": "SIP/260-0000aba7",
    "connected_line_name": "<unknown>",
    "connected_line_num": "<unknown>",
    "direction": "out",
    "end_time": "2025-06-24T08:33:10",
    "extension_number": "260",
    "has_ringing": false,
    "linkedid": "1750741414.803562",
    "other_extension_number": "555",
    "raw_event": {
        "AccountCode": "",
        "CallerIDName": "260-SUP",
        "CallerIDNum": "260",
        "Cause": "16",
        "Cause-txt": "Normal Clearing",
        "Channel": "SIP/260-0000aba7",
        "ChannelState": "6",
        "ChannelStateDesc": "Up",
        "ConnectedLineName": "555-TES",
        "ConnectedLineNum": "555",
        "Context": "from-internal",
        "Event": "Hangup",
        "Exten": "h",
        "Language": "pr2",
        "Linkedid": "1750741414.803562",
        "Priority": "1",
        "Privilege": "call,all",
        "Uniqueid": "1750741414.803562"
    },
    "start_time": "2025-06-24T08:32:44",
    "status": "answered",
    "timestamp": "2025-06-24T08:33:10",
    "type": "call_ended",
    "uniqueid": "1750741414.803562"
}

{
    "call_duration": 25,
    "call_type": "internal",
    "caller_id_name": "260-SUP",
    "caller_id_num": "260",
    "cause": "16",
    "cause_description": "",
    "cause_txt": "",
    "channel": "SIP/260-0000aba7",
    "connected_line_name": "<unknown>",
    "connected_line_num": "<unknown>",
    "direction": "out",
    "end_time": "2025-06-24T08:33:10",
    "extension_number": "260",
    "has_ringing": false,
    "linkedid": "1750741414.803562",
    "other_extension_number": "555",
    "raw_event": {
        "AccountCode": "",
        "CallerIDName": "260-SUP",
        "CallerIDNum": "260",
        "Cause": "16",
        "Cause-txt": "Normal Clearing",
        "Channel": "SIP/260-0000aba7",
        "ChannelState": "6",
        "ChannelStateDesc": "Up",
        "ConnectedLineName": "555-TES",
        "ConnectedLineNum": "555",
        "Context": "from-internal",
        "Event": "Hangup",
        "Exten": "h",
        "Language": "pr2",
        "Linkedid": "1750741414.803562",
        "Priority": "1",
        "Privilege": "call,all",
        "Uniqueid": "1750741414.803562"
    },
    "start_time": "2025-06-24T08:32:44",
    "status": "answered",
    "timestamp": "2025-06-24T08:33:10",
    "type": "call_summary",
    "uniqueid": "1750741414.803562"
}

{
    "call_type": "",
    "caller_id_name": "260-SUP",
    "caller_id_num": "260",
    "channel": "SIP/260-0000ac2b",
    "connected_line_name": "<unknown>",
    "connected_line_num": "<unknown>",
    "direction": "",
    "end_time": "",
    "extension_number": "260",
    "has_ringing": false,
    "linkedid": "1750742395.804902",
    "other_extension_number": "",
    "start_time": "2025-06-24T08:49:02",
    "status": "initiated",
    "timestamp": "2025-06-24T08:49:02",
    "type": "call_started",
    "uniqueid": "1750742395.804902"
}

{
    "call_type": "internal",
    "caller_id_name": "260-SUP",
    "caller_id_num": "260",
    "cause": "16",
    "cause_description": "",
    "cause_txt": "",
    "channel": "SIP/260-0000ac2b",
    "connected_line_name": "<unknown>",
    "connected_line_num": "<unknown>",
    "direction": "out",
    "end_time": "2025-06-24T08:49:21",
    "extension_number": "260",
    "has_ringing": false,
    "linkedid": "1750742395.804902",
    "other_extension_number": "225",
    "raw_event": {
        "AccountCode": "",
        "CallerIDName": "260-SUP",
        "CallerIDNum": "260",
        "Cause": "16",
        "Cause-txt": "Normal Clearing",
        "Channel": "SIP/260-0000ac2b",
        "ChannelState": "4",
        "ChannelStateDesc": "Ring",
        "ConnectedLineName": "225-HR4",
        "ConnectedLineNum": "225",
        "Context": "from-internal",
        "Event": "Hangup",
        "Exten": "h",
        "Language": "pr2",
        "Linkedid": "1750742395.804902",
        "Priority": "1",
        "Privilege": "call,all",
        "Uniqueid": "1750742395.804902"
    },
    "start_time": "2025-06-24T08:49:02",
    "status": "initiated",
    "timestamp": "2025-06-24T08:49:21",
    "type": "call_ended",
    "uniqueid": "1750742395.804902"
}

{
    "call_duration": 18,
    "call_type": "internal",
    "caller_id_name": "260-SUP",
    "caller_id_num": "260",
    "cause": "16",
    "cause_description": "",
    "cause_txt": "",
    "channel": "SIP/260-0000ac2b",
    "connected_line_name": "<unknown>",
    "connected_line_num": "<unknown>",
    "direction": "out",
    "end_time": "2025-06-24T08:49:21",
    "extension_number": "260",
    "has_ringing": false,
    "linkedid": "1750742395.804902",
    "other_extension_number": "225",
    "raw_event": {
        "AccountCode": "",
        "CallerIDName": "260-SUP",
        "CallerIDNum": "260",
        "Cause": "16",
        "Cause-txt": "Normal Clearing",
        "Channel": "SIP/260-0000ac2b",
        "ChannelState": "4",
        "ChannelStateDesc": "Ring",
        "ConnectedLineName": "225-HR4",
        "ConnectedLineNum": "225",
        "Context": "from-internal",
        "Event": "Hangup",
        "Exten": "h",
        "Language": "pr2",
        "Linkedid": "1750742395.804902",
        "Priority": "1",
        "Privilege": "call,all",
        "Uniqueid": "1750742395.804902"
    },
    "start_time": "2025-06-24T08:49:02",
    "status": "initiated",
    "timestamp": "2025-06-24T08:49:21",
    "type": "call_summary",
    "uniqueid": "1750742395.804902"
}

{
    "call_type": "",
    "caller_id_name": "260-SUP",
    "caller_id_num": "260",
    "channel": "SIP/260-0000ac96",
    "connected_line_name": "<unknown>",
    "connected_line_num": "<unknown>",
    "direction": "",
    "end_time": "",
    "extension_number": "260",
    "has_ringing": false,
    "linkedid": "1750742967.805947",
    "other_extension_number": "",
    "start_time": "2025-06-24T08:58:34",
    "status": "initiated",
    "timestamp": "2025-06-24T08:58:34",
    "type": "call_started",
    "uniqueid": "1750742967.805950"
}

{
    "channel": "SIP/260-0000ac96",
    "privilege": "call,all",
    "timestamp": "2025-06-24T08:58:34",
    "type": "call_ringing",
    "uniqueid": "1750742967.805950"
}

{
    "channel": "SIP/260-0000ac96",
    "privilege": "call,all",
    "timestamp": "2025-06-24T08:58:45",
    "type": "call_answered",
    "uniqueid": "1750742967.805950"
}

{
    "call_type": "internal",
    "caller_id_name": "260-SUP",
    "caller_id_num": "260",
    "cause": "16",
    "cause_description": "",
    "cause_txt": "",
    "channel": "SIP/260-0000ac96",
    "connected_line_name": "<unknown>",
    "connected_line_num": "<unknown>",
    "direction": "in",
    "end_time": "2025-06-24T09:01:41",
    "extension_number": "260",
    "has_ringing": true,
    "linkedid": "1750742967.805947",
    "other_extension_number": "525",
    "raw_event": {
        "AccountCode": "",
        "CallerIDName": "260-SUP",
        "CallerIDNum": "260",
        "Cause": "16",
        "Cause-txt": "Normal Clearing",
        "Channel": "SIP/260-0000ac96",
        "ChannelState": "6",
        "ChannelStateDesc": "Up",
        "ConnectedLineName": "525-SM5",
        "ConnectedLineNum": "525",
        "Context": "from-internal",
        "Event": "Hangup",
        "Exten": "",
        "Language": "pr2",
        "Linkedid": "1750742967.805947",
        "Priority": "1",
        "Privilege": "call,all",
        "Uniqueid": "1750742967.805950"
    },
    "start_time": "2025-06-24T08:58:45",
    "status": "answered",
    "timestamp": "2025-06-24T09:01:41",
    "type": "call_ended",
    "uniqueid": "1750742967.805950"
}

{
    "call_duration": 176,
    "call_type": "internal",
    "caller_id_name": "260-SUP",
    "caller_id_num": "260",
    "cause": "16",
    "cause_description": "",
    "cause_txt": "",
    "channel": "SIP/260-0000ac96",
    "connected_line_name": "<unknown>",
    "connected_line_num": "<unknown>",
    "direction": "in",
    "end_time": "2025-06-24T09:01:41",
    "extension_number": "260",
    "has_ringing": true,
    "linkedid": "1750742967.805947",
    "other_extension_number": "525",
    "raw_event": {
        "AccountCode": "",
        "CallerIDName": "260-SUP",
        "CallerIDNum": "260",
        "Cause": "16",
        "Cause-txt": "Normal Clearing",
        "Channel": "SIP/260-0000ac96",
        "ChannelState": "6",
        "ChannelStateDesc": "Up",
        "ConnectedLineName": "525-SM5",
        "ConnectedLineNum": "525",
        "Context": "from-internal",
        "Event": "Hangup",
        "Exten": "",
        "Language": "pr2",
        "Linkedid": "1750742967.805947",
        "Priority": "1",
        "Privilege": "call,all",
        "Uniqueid": "1750742967.805950"
    },
    "start_time": "2025-06-24T08:58:45",
    "status": "answered",
    "timestamp": "2025-06-24T09:01:41",
    "type": "call_summary",
    "uniqueid": "1750742967.805950"
}

{
    "call_type": "",
    "caller_id_name": "260-SUP",
    "caller_id_num": "260",
    "channel": "SIP/260-0000acbb",
    "connected_line_name": "<unknown>",
    "connected_line_num": "<unknown>",
    "direction": "",
    "end_time": "",
    "extension_number": "260",
    "has_ringing": false,
    "linkedid": "1750743189.806325",
    "other_extension_number": "",
    "start_time": "2025-06-24T09:02:15",
    "status": "initiated",
    "timestamp": "2025-06-24T09:02:15",
    "type": "call_started",
    "uniqueid": "1750743189.806325"
}

{
    "call_type": "internal",
    "caller_id_name": "260-SUP",
    "caller_id_num": "260",
    "cause": "16",
    "cause_description": "",
    "cause_txt": "",
    "channel": "SIP/260-0000acbb",
    "connected_line_name": "<unknown>",
    "connected_line_num": "<unknown>",
    "direction": "out",
    "end_time": "2025-06-24T09:02:29",
    "extension_number": "260",
    "has_ringing": false,
    "linkedid": "1750743189.806325",
    "other_extension_number": "131",
    "raw_event": {
        "AccountCode": "",
        "CallerIDName": "260-SUP",
        "CallerIDNum": "260",
        "Cause": "16",
        "Cause-txt": "Normal Clearing",
        "Channel": "SIP/260-0000acbb",
        "ChannelState": "4",
        "ChannelStateDesc": "Ring",
        "ConnectedLineName": "131-SAL4",
        "ConnectedLineNum": "131",
        "Context": "from-internal",
        "Event": "Hangup",
        "Exten": "h",
        "Language": "pr2",
        "Linkedid": "1750743189.806325",
        "Priority": "1",
        "Privilege": "call,all",
        "Uniqueid": "1750743189.806325"
    },
    "start_time": "2025-06-24T09:02:15",
    "status": "initiated",
    "timestamp": "2025-06-24T09:02:29",
    "type": "call_ended",
    "uniqueid": "1750743189.806325"
}

{
    "call_duration": 14,
    "call_type": "internal",
    "caller_id_name": "260-SUP",
    "caller_id_num": "260",
    "cause": "16",
    "cause_description": "",
    "cause_txt": "",
    "channel": "SIP/260-0000acbb",
    "connected_line_name": "<unknown>",
    "connected_line_num": "<unknown>",
    "direction": "out",
    "end_time": "2025-06-24T09:02:29",
    "extension_number": "260",
    "has_ringing": false,
    "linkedid": "1750743189.806325",
    "other_extension_number": "131",
    "raw_event": {
        "AccountCode": "",
        "CallerIDName": "260-SUP",
        "CallerIDNum": "260",
        "Cause": "16",
        "Cause-txt": "Normal Clearing",
        "Channel": "SIP/260-0000acbb",
        "ChannelState": "4",
        "ChannelStateDesc": "Ring",
        "ConnectedLineName": "131-SAL4",
        "ConnectedLineNum": "131",
        "Context": "from-internal",
        "Event": "Hangup",
        "Exten": "h",
        "Language": "pr2",
        "Linkedid": "1750743189.806325",
        "Priority": "1",
        "Privilege": "call,all",
        "Uniqueid": "1750743189.806325"
    },
    "start_time": "2025-06-24T09:02:15",
    "status": "initiated",
    "timestamp": "2025-06-24T09:02:29",
    "type": "call_summary",
    "uniqueid": "1750743189.806325"
}

{
    "call_type": "",
    "caller_id_name": "260-SUP",
    "caller_id_num": "260",
    "channel": "SIP/260-0000ad70",
    "connected_line_name": "<unknown>",
    "connected_line_num": "<unknown>",
    "direction": "",
    "end_time": "",
    "extension_number": "260",
    "has_ringing": false,
    "linkedid": "1750744223.808195",
    "other_extension_number": "",
    "start_time": "2025-06-24T09:19:31",
    "status": "initiated",
    "timestamp": "2025-06-24T09:19:31",
    "type": "call_started",
    "uniqueid": "1750744224.808198"
}

{
    "channel": "SIP/260-0000ad70",
    "privilege": "call,all",
    "timestamp": "2025-06-24T09:19:31",
    "type": "call_ringing",
    "uniqueid": "1750744224.808198"
}

{
    "channel": "SIP/260-0000ad70",
    "privilege": "call,all",
    "timestamp": "2025-06-24T09:19:34",
    "type": "call_answered",
    "uniqueid": "1750744224.808198"
}

{
    "call_type": "internal",
    "caller_id_name": "260-SUP",
    "caller_id_num": "260",
    "cause": "16",
    "cause_description": "",
    "cause_txt": "",
    "channel": "SIP/260-0000ad70",
    "connected_line_name": "<unknown>",
    "connected_line_num": "<unknown>",
    "direction": "in",
    "end_time": "2025-06-24T09:21:15",
    "extension_number": "260",
    "has_ringing": true,
    "linkedid": "1750744223.808195",
    "other_extension_number": "422",
    "raw_event": {
        "AccountCode": "",
        "CallerIDName": "260-SUP",
        "CallerIDNum": "260",
        "Cause": "16",
        "Cause-txt": "Normal Clearing",
        "Channel": "SIP/260-0000ad70",
        "ChannelState": "6",
        "ChannelStateDesc": "Up",
        "ConnectedLineName": "422-RD-STD1",
        "ConnectedLineNum": "422",
        "Context": "from-internal",
        "Event": "Hangup",
        "Exten": "",
        "Language": "pr2",
        "Linkedid": "1750744223.808195",
        "Priority": "1",
        "Privilege": "call,all",
        "Uniqueid": "1750744224.808198"
    },
    "start_time": "2025-06-24T09:19:34",
    "status": "answered",
    "timestamp": "2025-06-24T09:21:15",
    "type": "call_ended",
    "uniqueid": "1750744224.808198"
}

{
    "call_duration": 100,
    "call_type": "internal",
    "caller_id_name": "260-SUP",
    "caller_id_num": "260",
    "cause": "16",
    "cause_description": "",
    "cause_txt": "",
    "channel": "SIP/260-0000ad70",
    "connected_line_name": "<unknown>",
    "connected_line_num": "<unknown>",
    "direction": "in",
    "end_time": "2025-06-24T09:21:15",
    "extension_number": "260",
    "has_ringing": true,
    "linkedid": "1750744223.808195",
    "other_extension_number": "422",
    "raw_event": {
        "AccountCode": "",
        "CallerIDName": "260-SUP",
        "CallerIDNum": "260",
        "Cause": "16",
        "Cause-txt": "Normal Clearing",
        "Channel": "SIP/260-0000ad70",
        "ChannelState": "6",
        "ChannelStateDesc": "Up",
        "ConnectedLineName": "422-RD-STD1",
        "ConnectedLineNum": "422",
        "Context": "from-internal",
        "Event": "Hangup",
        "Exten": "",
        "Language": "pr2",
        "Linkedid": "1750744223.808195",
        "Priority": "1",
        "Privilege": "call,all",
        "Uniqueid": "1750744224.808198"
    },
    "start_time": "2025-06-24T09:19:34",
    "status": "answered",
    "timestamp": "2025-06-24T09:21:15",
    "type": "call_summary",
    "uniqueid": "1750744224.808198"
}

{
    "call_type": "",
    "caller_id_name": "260-SUP",
    "caller_id_num": "260",
    "channel": "SIP/260-0000adbb",
    "connected_line_name": "<unknown>",
    "connected_line_num": "<unknown>",
    "direction": "",
    "end_time": "",
    "extension_number": "260",
    "has_ringing": false,
    "linkedid": "1750744815.809091",
    "other_extension_number": "",
    "start_time": "2025-06-24T09:29:22",
    "status": "initiated",
    "timestamp": "2025-06-24T09:29:22",
    "type": "call_started",
    "uniqueid": "1750744815.809094"
}

{
    "channel": "SIP/260-0000adbb",
    "privilege": "call,all",
    "timestamp": "2025-06-24T09:29:22",
    "type": "call_ringing",
    "uniqueid": "1750744815.809094"
}

{
    "channel": "SIP/260-0000adbb",
    "privilege": "call,all",
    "timestamp": "2025-06-24T09:29:28",
    "type": "call_answered",
    "uniqueid": "1750744815.809094"
}

{
    "call_type": "internal",
    "caller_id_name": "260-SUP",
    "caller_id_num": "260",
    "cause": "16",
    "cause_description": "",
    "cause_txt": "",
    "channel": "SIP/260-0000adbb",
    "connected_line_name": "<unknown>",
    "connected_line_num": "<unknown>",
    "direction": "in",
    "end_time": "2025-06-24T09:29:49",
    "extension_number": "260",
    "has_ringing": true,
    "linkedid": "1750744815.809091",
    "other_extension_number": "365",
    "raw_event": {
        "AccountCode": "",
        "CallerIDName": "260-SUP",
        "CallerIDNum": "260",
        "Cause": "16",
        "Cause-txt": "Normal Clearing",
        "Channel": "SIP/260-0000adbb",
        "ChannelState": "6",
        "ChannelStateDesc": "Up",
        "ConnectedLineName": "365-TE6",
        "ConnectedLineNum": "365",
        "Context": "from-internal",
        "Event": "Hangup",
        "Exten": "",
        "Language": "pr2",
        "Linkedid": "1750744815.809091",
        "Priority": "1",
        "Privilege": "call,all",
        "Uniqueid": "1750744815.809094"
    },
    "start_time": "2025-06-24T09:29:28",
    "status": "answered",
    "timestamp": "2025-06-24T09:29:49",
    "type": "call_ended",
    "uniqueid": "1750744815.809094"
}

{
    "call_duration": 20,
    "call_type": "internal",
    "caller_id_name": "260-SUP",
    "caller_id_num": "260",
    "cause": "16",
    "cause_description": "",
    "cause_txt": "",
    "channel": "SIP/260-0000adbb",
    "connected_line_name": "<unknown>",
    "connected_line_num": "<unknown>",
    "direction": "in",
    "end_time": "2025-06-24T09:29:49",
    "extension_number": "260",
    "has_ringing": true,
    "linkedid": "1750744815.809091",
    "other_extension_number": "365",
    "raw_event": {
        "AccountCode": "",
        "CallerIDName": "260-SUP",
        "CallerIDNum": "260",
        "Cause": "16",
        "Cause-txt": "Normal Clearing",
        "Channel": "SIP/260-0000adbb",
        "ChannelState": "6",
        "ChannelStateDesc": "Up",
        "ConnectedLineName": "365-TE6",
        "ConnectedLineNum": "365",
        "Context": "from-internal",
        "Event": "Hangup",
        "Exten": "",
        "Language": "pr2",
        "Linkedid": "1750744815.809091",
        "Priority": "1",
        "Privilege": "call,all",
        "Uniqueid": "1750744815.809094"
    },
    "start_time": "2025-06-24T09:29:28",
    "status": "answered",
    "timestamp": "2025-06-24T09:29:49",
    "type": "call_summary",
    "uniqueid": "1750744815.809094"
}

{
    "call_type": "",
    "caller_id_name": "260-SUP",
    "caller_id_num": "260",
    "channel": "SIP/260-0000ae02",
    "connected_line_name": "<unknown>",
    "connected_line_num": "<unknown>",
    "direction": "",
    "end_time": "",
    "extension_number": "260",
    "has_ringing": false,
    "linkedid": "1750745752.810056",
    "other_extension_number": "",
    "start_time": "2025-06-24T09:44:59",
    "status": "initiated",
    "timestamp": "2025-06-24T09:44:59",
    "type": "call_started",
    "uniqueid": "1750745752.810056"
}

{
    "channel": "SIP/260-0000ae02",
    "privilege": "call,all",
    "timestamp": "2025-06-24T09:45:05",
    "type": "call_answered",
    "uniqueid": "1750745752.810056"
}

{
    "call_type": "internal",
    "caller_id_name": "260-SUP",
    "caller_id_num": "260",
    "cause": "16",
    "cause_description": "",
    "cause_txt": "",
    "channel": "SIP/260-0000ae02",
    "connected_line_name": "<unknown>",
    "connected_line_num": "<unknown>",
    "direction": "out",
    "end_time": "2025-06-24T09:46:38",
    "extension_number": "260",
    "has_ringing": false,
    "linkedid": "1750745752.810056",
    "other_extension_number": "523",
    "raw_event": {
        "AccountCode": "",
        "CallerIDName": "260-SUP",
        "CallerIDNum": "260",
        "Cause": "16",
        "Cause-txt": "Normal Clearing",
        "Channel": "SIP/260-0000ae02",
        "ChannelState": "6",
        "ChannelStateDesc": "Up",
        "ConnectedLineName": "523-SM3",
        "ConnectedLineNum": "523",
        "Context": "from-internal",
        "Event": "Hangup",
        "Exten": "h",
        "Language": "pr2",
        "Linkedid": "1750745752.810056",
        "Priority": "1",
        "Privilege": "call,all",
        "Uniqueid": "1750745752.810056"
    },
    "start_time": "2025-06-24T09:45:05",
    "status": "answered",
    "timestamp": "2025-06-24T09:46:38",
    "type": "call_ended",
    "uniqueid": "1750745752.810056"
}

{
    "call_duration": 93,
    "call_type": "internal",
    "caller_id_name": "260-SUP",
    "caller_id_num": "260",
    "cause": "16",
    "cause_description": "",
    "cause_txt": "",
    "channel": "SIP/260-0000ae02",
    "connected_line_name": "<unknown>",
    "connected_line_num": "<unknown>",
    "direction": "out",
    "end_time": "2025-06-24T09:46:38",
    "extension_number": "260",
    "has_ringing": false,
    "linkedid": "1750745752.810056",
    "other_extension_number": "523",
    "raw_event": {
        "AccountCode": "",
        "CallerIDName": "260-SUP",
        "CallerIDNum": "260",
        "Cause": "16",
        "Cause-txt": "Normal Clearing",
        "Channel": "SIP/260-0000ae02",
        "ChannelState": "6",
        "ChannelStateDesc": "Up",
        "ConnectedLineName": "523-SM3",
        "ConnectedLineNum": "523",
        "Context": "from-internal",
        "Event": "Hangup",
        "Exten": "h",
        "Language": "pr2",
        "Linkedid": "1750745752.810056",
        "Priority": "1",
        "Privilege": "call,all",
        "Uniqueid": "1750745752.810056"
    },
    "start_time": "2025-06-24T09:45:05",
    "status": "answered",
    "timestamp": "2025-06-24T09:46:38",
    "type": "call_summary",
    "uniqueid": "1750745752.810056"
}

{
    "call_type": "",
    "caller_id_name": "260-SUP",
    "caller_id_num": "260",
    "channel": "SIP/260-0000af20",
    "connected_line_name": "<unknown>",
    "connected_line_num": "<unknown>",
    "direction": "",
    "end_time": "",
    "extension_number": "260",
    "has_ringing": false,
    "linkedid": "1750748762.813339",
    "other_extension_number": "",
    "start_time": "2025-06-24T10:36:30",
    "status": "initiated",
    "timestamp": "2025-06-24T10:36:30",
    "type": "call_started",
    "uniqueid": "1750748844.813479"
}

{
    "channel": "SIP/260-0000af20",
    "privilege": "call,all",
    "timestamp": "2025-06-24T10:36:30",
    "type": "call_ringing",
    "uniqueid": "1750748844.813479"
}

{
    "call_type": "external",
    "caller_id_name": "260-SUP",
    "caller_id_num": "260",
    "cause": "26",
    "cause_description": "",
    "cause_txt": "",
    "channel": "SIP/260-0000af20",
    "connected_line_name": "<unknown>",
    "connected_line_num": "<unknown>",
    "direction": "in",
    "end_time": "2025-06-24T10:36:49",
    "extension_number": "260",
    "has_ringing": true,
    "linkedid": "1750748762.813339",
    "other_extension_number": "09132183428",
    "raw_event": {
        "AccountCode": "",
        "CallerIDName": "260-SUP",
        "CallerIDNum": "260",
        "Cause": "26",
        "Cause-txt": "Answered elsewhere",
        "Channel": "SIP/260-0000af20",
        "ChannelState": "5",
        "ChannelStateDesc": "Ringing",
        "ConnectedLineName": "CID:251",
        "ConnectedLineNum": "09132183428",
        "Context": "from-internal",
        "Event": "Hangup",
        "Exten": "*8",
        "Language": "pr2",
        "Linkedid": "1750748762.813339",
        "Priority": "1",
        "Privilege": "call,all",
        "Uniqueid": "1750748844.813479"
    },
    "start_time": "2025-06-24T10:36:30",
    "status": "ringing",
    "timestamp": "2025-06-24T10:36:49",
    "type": "call_ended",
    "uniqueid": "1750748844.813479"
}

{
    "call_duration": 18,
    "call_type": "external",
    "caller_id_name": "260-SUP",
    "caller_id_num": "260",
    "cause": "26",
    "cause_description": "",
    "cause_txt": "",
    "channel": "SIP/260-0000af20",
    "connected_line_name": "<unknown>",
    "connected_line_num": "<unknown>",
    "direction": "in",
    "end_time": "2025-06-24T10:36:49",
    "extension_number": "260",
    "has_ringing": true,
    "linkedid": "1750748762.813339",
    "other_extension_number": "09132183428",
    "raw_event": {
        "AccountCode": "",
        "CallerIDName": "260-SUP",
        "CallerIDNum": "260",
        "Cause": "26",
        "Cause-txt": "Answered elsewhere",
        "Channel": "SIP/260-0000af20",
        "ChannelState": "5",
        "ChannelStateDesc": "Ringing",
        "ConnectedLineName": "CID:251",
        "ConnectedLineNum": "09132183428",
        "Context": "from-internal",
        "Event": "Hangup",
        "Exten": "*8",
        "Language": "pr2",
        "Linkedid": "1750748762.813339",
        "Priority": "1",
        "Privilege": "call,all",
        "Uniqueid": "1750748844.813479"
    },
    "start_time": "2025-06-24T10:36:30",
    "status": "ringing",
    "timestamp": "2025-06-24T10:36:49",
    "type": "call_summary",
    "uniqueid": "1750748844.813479"
}

{
    "call_type": "",
    "caller_id_name": "260-SUP",
    "caller_id_num": "260",
    "channel": "SIP/260-0000afa6",
    "connected_line_name": "<unknown>",
    "connected_line_num": "<unknown>",
    "direction": "",
    "end_time": "",
    "extension_number": "260",
    "has_ringing": false,
    "linkedid": "1750749867.814898",
    "other_extension_number": "",
    "start_time": "2025-06-24T10:53:34",
    "status": "initiated",
    "timestamp": "2025-06-24T10:53:34",
    "type": "call_started",
    "uniqueid": "1750749867.814901"
}

{
    "channel": "SIP/260-0000afa6",
    "privilege": "call,all",
    "timestamp": "2025-06-24T10:53:34",
    "type": "call_ringing",
    "uniqueid": "1750749867.814901"
}

{
    "call_type": "internal",
    "caller_id_name": "260-SUP",
    "caller_id_num": "260",
    "cause": "16",
    "cause_description": "",
    "cause_txt": "",
    "channel": "SIP/260-0000afa6",
    "connected_line_name": "<unknown>",
    "connected_line_num": "<unknown>",
    "direction": "in",
    "end_time": "2025-06-24T10:53:54",
    "extension_number": "260",
    "has_ringing": true,
    "linkedid": "1750749867.814898",
    "other_extension_number": "220",
    "raw_event": {
        "AccountCode": "",
        "CallerIDName": "260-SUP",
        "CallerIDNum": "260",
        "Cause": "16",
        "Cause-txt": "Normal Clearing",
        "Channel": "SIP/260-0000afa6",
        "ChannelState": "5",
        "ChannelStateDesc": "Ringing",
        "ConnectedLineName": "220-HR3",
        "ConnectedLineNum": "220",
        "Context": "from-internal",
        "Event": "Hangup",
        "Exten": "260",
        "Language": "pr2",
        "Linkedid": "1750749867.814898",
        "Priority": "1",
        "Privilege": "call,all",
        "Uniqueid": "1750749867.814901"
    },
    "start_time": "2025-06-24T10:53:34",
    "status": "ringing",
    "timestamp": "2025-06-24T10:53:54",
    "type": "call_ended",
    "uniqueid": "1750749867.814901"
}

{
    "call_duration": 19,
    "call_type": "internal",
    "caller_id_name": "260-SUP",
    "caller_id_num": "260",
    "cause": "16",
    "cause_description": "",
    "cause_txt": "",
    "channel": "SIP/260-0000afa6",
    "connected_line_name": "<unknown>",
    "connected_line_num": "<unknown>",
    "direction": "in",
    "end_time": "2025-06-24T10:53:54",
    "extension_number": "260",
    "has_ringing": true,
    "linkedid": "1750749867.814898",
    "other_extension_number": "220",
    "raw_event": {
        "AccountCode": "",
        "CallerIDName": "260-SUP",
        "CallerIDNum": "260",
        "Cause": "16",
        "Cause-txt": "Normal Clearing",
        "Channel": "SIP/260-0000afa6",
        "ChannelState": "5",
        "ChannelStateDesc": "Ringing",
        "ConnectedLineName": "220-HR3",
        "ConnectedLineNum": "220",
        "Context": "from-internal",
        "Event": "Hangup",
        "Exten": "260",
        "Language": "pr2",
        "Linkedid": "1750749867.814898",
        "Priority": "1",
        "Privilege": "call,all",
        "Uniqueid": "1750749867.814901"
    },
    "start_time": "2025-06-24T10:53:34",
    "status": "ringing",
    "timestamp": "2025-06-24T10:53:54",
    "type": "call_summary",
    "uniqueid": "1750749867.814901"
}

{
    "call_type": "",
    "caller_id_name": "260-SUP",
    "caller_id_num": "260",
    "channel": "SIP/260-0000b00e",
    "connected_line_name": "<unknown>",
    "connected_line_num": "<unknown>",
    "direction": "",
    "end_time": "",
    "extension_number": "260",
    "has_ringing": false,
    "linkedid": "1750750618.815939",
    "other_extension_number": "",
    "start_time": "2025-06-24T11:06:05",
    "status": "initiated",
    "timestamp": "2025-06-24T11:06:05",
    "type": "call_started",
    "uniqueid": "1750750618.815942"
}

{
    "channel": "SIP/260-0000b00e",
    "privilege": "call,all",
    "timestamp": "2025-06-24T11:06:05",
    "type": "call_ringing",
    "uniqueid": "1750750618.815942"
}

{
    "call_type": "internal",
    "caller_id_name": "260-SUP",
    "caller_id_num": "260",
    "cause": "26",
    "cause_description": "",
    "cause_txt": "",
    "channel": "SIP/260-0000b00e",
    "connected_line_name": "<unknown>",
    "connected_line_num": "<unknown>",
    "direction": "in",
    "end_time": "2025-06-24T11:06:13",
    "extension_number": "260",
    "has_ringing": true,
    "linkedid": "1750750618.815939",
    "other_extension_number": "161",
    "raw_event": {
        "AccountCode": "",
        "CallerIDName": "260-SUP",
        "CallerIDNum": "260",
        "Cause": "26",
        "Cause-txt": "Answered elsewhere",
        "Channel": "SIP/260-0000b00e",
        "ChannelState": "5",
        "ChannelStateDesc": "Ringing",
        "ConnectedLineName": "161-SAL12",
        "ConnectedLineNum": "161",
        "Context": "from-internal",
        "Event": "Hangup",
        "Exten": "*8",
        "Language": "pr2",
        "Linkedid": "1750750618.815939",
        "Priority": "1",
        "Privilege": "call,all",
        "Uniqueid": "1750750618.815942"
    },
    "start_time": "2025-06-24T11:06:05",
    "status": "ringing",
    "timestamp": "2025-06-24T11:06:13",
    "type": "call_ended",
    "uniqueid": "1750750618.815942"
}

{
    "call_duration": 8,
    "call_type": "internal",
    "caller_id_name": "260-SUP",
    "caller_id_num": "260",
    "cause": "26",
    "cause_description": "",
    "cause_txt": "",
    "channel": "SIP/260-0000b00e",
    "connected_line_name": "<unknown>",
    "connected_line_num": "<unknown>",
    "direction": "in",
    "end_time": "2025-06-24T11:06:13",
    "extension_number": "260",
    "has_ringing": true,
    "linkedid": "1750750618.815939",
    "other_extension_number": "161",
    "raw_event": {
        "AccountCode": "",
        "CallerIDName": "260-SUP",
        "CallerIDNum": "260",
        "Cause": "26",
        "Cause-txt": "Answered elsewhere",
        "Channel": "SIP/260-0000b00e",
        "ChannelState": "5",
        "ChannelStateDesc": "Ringing",
        "ConnectedLineName": "161-SAL12",
        "ConnectedLineNum": "161",
        "Context": "from-internal",
        "Event": "Hangup",
        "Exten": "*8",
        "Language": "pr2",
        "Linkedid": "1750750618.815939",
        "Priority": "1",
        "Privilege": "call,all",
        "Uniqueid": "1750750618.815942"
    },
    "start_time": "2025-06-24T11:06:05",
    "status": "ringing",
    "timestamp": "2025-06-24T11:06:13",
    "type": "call_summary",
    "uniqueid": "1750750618.815942"
}

{
    "call_type": "",
    "caller_id_name": "260-SUP",
    "caller_id_num": "260",
    "channel": "SIP/260-0000b042",
    "connected_line_name": "<unknown>",
    "connected_line_num": "<unknown>",
    "direction": "",
    "end_time": "",
    "extension_number": "260",
    "has_ringing": false,
    "linkedid": "1750750970.816521",
    "other_extension_number": "",
    "start_time": "2025-06-24T11:11:57",
    "status": "initiated",
    "timestamp": "2025-06-24T11:11:57",
    "type": "call_started",
    "uniqueid": "1750750970.816521"
}

{
    "call_type": "external",
    "caller_id_name": "260-SUP",
    "caller_id_num": "260",
    "cause": "16",
    "cause_description": "",
    "cause_txt": "",
    "channel": "SIP/260-0000b042",
    "connected_line_name": "<unknown>",
    "connected_line_num": "<unknown>",
    "direction": "out",
    "end_time": "2025-06-24T11:11:57",
    "extension_number": "260",
    "has_ringing": false,
    "linkedid": "1750750970.816521",
    "other_extension_number": "<unknown>",
    "raw_event": {
        "AccountCode": "",
        "CallerIDName": "260-SUP",
        "CallerIDNum": "260",
        "Cause": "16",
        "Cause-txt": "Normal Clearing",
        "Channel": "SIP/260-0000b042",
        "ChannelState": "4",
        "ChannelStateDesc": "Ring",
        "ConnectedLineName": "<unknown>",
        "ConnectedLineNum": "<unknown>",
        "Context": "from-internal",
        "Event": "Hangup",
        "Exten": "h",
        "Language": "pr2",
        "Linkedid": "1750750970.816521",
        "Priority": "1",
        "Privilege": "call,all",
        "Uniqueid": "1750750970.816521"
    },
    "start_time": "2025-06-24T11:11:57",
    "status": "initiated",
    "timestamp": "2025-06-24T11:11:57",
    "type": "call_ended",
    "uniqueid": "1750750970.816521"
}

{
    "call_duration": 0,
    "call_type": "external",
    "caller_id_name": "260-SUP",
    "caller_id_num": "260",
    "cause": "16",
    "cause_description": "",
    "cause_txt": "",
    "channel": "SIP/260-0000b042",
    "connected_line_name": "<unknown>",
    "connected_line_num": "<unknown>",
    "direction": "out",
    "end_time": "2025-06-24T11:11:57",
    "extension_number": "260",
    "has_ringing": false,
    "linkedid": "1750750970.816521",
    "other_extension_number": "<unknown>",
    "raw_event": {
        "AccountCode": "",
        "CallerIDName": "260-SUP",
        "CallerIDNum": "260",
        "Cause": "16",
        "Cause-txt": "Normal Clearing",
        "Channel": "SIP/260-0000b042",
        "ChannelState": "4",
        "ChannelStateDesc": "Ring",
        "ConnectedLineName": "<unknown>",
        "ConnectedLineNum": "<unknown>",
        "Context": "from-internal",
        "Event": "Hangup",
        "Exten": "h",
        "Language": "pr2",
        "Linkedid": "1750750970.816521",
        "Priority": "1",
        "Privilege": "call,all",
        "Uniqueid": "1750750970.816521"
    },
    "start_time": "2025-06-24T11:11:57",
    "status": "initiated",
    "timestamp": "2025-06-24T11:11:57",
    "type": "call_summary",
    "uniqueid": "1750750970.816521"
}

{
    "call_type": "",
    "caller_id_name": "260-SUP",
    "caller_id_num": "260",
    "channel": "SIP/260-0000b043",
    "connected_line_name": "<unknown>",
    "connected_line_num": "<unknown>",
    "direction": "",
    "end_time": "",
    "extension_number": "260",
    "has_ringing": false,
    "linkedid": "1750750972.816526",
    "other_extension_number": "",
    "start_time": "2025-06-24T11:11:58",
    "status": "initiated",
    "timestamp": "2025-06-24T11:11:58",
    "type": "call_started",
    "uniqueid": "1750750972.816526"
}

{
    "channel": "SIP/260-0000b043",
    "privilege": "call,all",
    "timestamp": "2025-06-24T11:12:05",
    "type": "call_answered",
    "uniqueid": "1750750972.816526"
}

{
    "call_type": "internal",
    "caller_id_name": "260-SUP",
    "caller_id_num": "260",
    "cause": "16",
    "cause_description": "",
    "cause_txt": "",
    "channel": "SIP/260-0000b043",
    "connected_line_name": "<unknown>",
    "connected_line_num": "<unknown>",
    "direction": "out",
    "end_time": "2025-06-24T11:12:31",
    "extension_number": "260",
    "has_ringing": false,
    "linkedid": "1750750972.816526",
    "other_extension_number": "525",
    "raw_event": {
        "AccountCode": "",
        "CallerIDName": "260-SUP",
        "CallerIDNum": "260",
        "Cause": "16",
        "Cause-txt": "Normal Clearing",
        "Channel": "SIP/260-0000b043",
        "ChannelState": "6",
        "ChannelStateDesc": "Up",
        "ConnectedLineName": "525-SM5",
        "ConnectedLineNum": "525",
        "Context": "from-internal",
        "Event": "Hangup",
        "Exten": "h",
        "Language": "pr2",
        "Linkedid": "1750750972.816526",
        "Priority": "1",
        "Privilege": "call,all",
        "Uniqueid": "1750750972.816526"
    },
    "start_time": "2025-06-24T11:12:05",
    "status": "answered",
    "timestamp": "2025-06-24T11:12:31",
    "type": "call_ended",
    "uniqueid": "1750750972.816526"
}

{
    "call_duration": 25,
    "call_type": "internal",
    "caller_id_name": "260-SUP",
    "caller_id_num": "260",
    "cause": "16",
    "cause_description": "",
    "cause_txt": "",
    "channel": "SIP/260-0000b043",
    "connected_line_name": "<unknown>",
    "connected_line_num": "<unknown>",
    "direction": "out",
    "end_time": "2025-06-24T11:12:31",
    "extension_number": "260",
    "has_ringing": false,
    "linkedid": "1750750972.816526",
    "other_extension_number": "525",
    "raw_event": {
        "AccountCode": "",
        "CallerIDName": "260-SUP",
        "CallerIDNum": "260",
        "Cause": "16",
        "Cause-txt": "Normal Clearing",
        "Channel": "SIP/260-0000b043",
        "ChannelState": "6",
        "ChannelStateDesc": "Up",
        "ConnectedLineName": "525-SM5",
        "ConnectedLineNum": "525",
        "Context": "from-internal",
        "Event": "Hangup",
        "Exten": "h",
        "Language": "pr2",
        "Linkedid": "1750750972.816526",
        "Priority": "1",
        "Privilege": "call,all",
        "Uniqueid": "1750750972.816526"
    },
    "start_time": "2025-06-24T11:12:05",
    "status": "answered",
    "timestamp": "2025-06-24T11:12:31",
    "type": "call_summary",
    "uniqueid": "1750750972.816526"
}

{
    "call_type": "",
    "caller_id_name": "260-SUP",
    "caller_id_num": "260",
    "channel": "SIP/260-0000b058",
    "connected_line_name": "<unknown>",
    "connected_line_num": "<unknown>",
    "direction": "",
    "end_time": "",
    "extension_number": "260",
    "has_ringing": false,
    "linkedid": "1750751200.816793",
    "other_extension_number": "",
    "start_time": "2025-06-24T11:15:48",
    "status": "initiated",
    "timestamp": "2025-06-24T11:15:48",
    "type": "call_started",
    "uniqueid": "1750751200.816796"
}

{
    "channel": "SIP/260-0000b058",
    "privilege": "call,all",
    "timestamp": "2025-06-24T11:15:48",
    "type": "call_ringing",
    "uniqueid": "1750751200.816796"
}

{
    "channel": "SIP/260-0000b058",
    "privilege": "call,all",
    "timestamp": "2025-06-24T11:15:50",
    "type": "call_answered",
    "uniqueid": "1750751200.816796"
}

{
    "call_type": "internal",
    "caller_id_name": "260-SUP",
    "caller_id_num": "260",
    "cause": "16",
    "cause_description": "",
    "cause_txt": "",
    "channel": "SIP/260-0000b058",
    "connected_line_name": "<unknown>",
    "connected_line_num": "<unknown>",
    "direction": "in",
    "end_time": "2025-06-24T11:16:14",
    "extension_number": "260",
    "has_ringing": true,
    "linkedid": "1750751200.816793",
    "other_extension_number": "525",
    "raw_event": {
        "AccountCode": "",
        "CallerIDName": "260-SUP",
        "CallerIDNum": "260",
        "Cause": "16",
        "Cause-txt": "Normal Clearing",
        "Channel": "SIP/260-0000b058",
        "ChannelState": "6",
        "ChannelStateDesc": "Up",
        "ConnectedLineName": "525-SM5",
        "ConnectedLineNum": "525",
        "Context": "from-internal",
        "Event": "Hangup",
        "Exten": "",
        "Language": "pr2",
        "Linkedid": "1750751200.816793",
        "Priority": "1",
        "Privilege": "call,all",
        "Uniqueid": "1750751200.816796"
    },
    "start_time": "2025-06-24T11:15:50",
    "status": "answered",
    "timestamp": "2025-06-24T11:16:14",
    "type": "call_ended",
    "uniqueid": "1750751200.816796"
}

{
    "call_duration": 23,
    "call_type": "internal",
    "caller_id_name": "260-SUP",
    "caller_id_num": "260",
    "cause": "16",
    "cause_description": "",
    "cause_txt": "",
    "channel": "SIP/260-0000b058",
    "connected_line_name": "<unknown>",
    "connected_line_num": "<unknown>",
    "direction": "in",
    "end_time": "2025-06-24T11:16:14",
    "extension_number": "260",
    "has_ringing": true,
    "linkedid": "1750751200.816793",
    "other_extension_number": "525",
    "raw_event": {
        "AccountCode": "",
        "CallerIDName": "260-SUP",
        "CallerIDNum": "260",
        "Cause": "16",
        "Cause-txt": "Normal Clearing",
        "Channel": "SIP/260-0000b058",
        "ChannelState": "6",
        "ChannelStateDesc": "Up",
        "ConnectedLineName": "525-SM5",
        "ConnectedLineNum": "525",
        "Context": "from-internal",
        "Event": "Hangup",
        "Exten": "",
        "Language": "pr2",
        "Linkedid": "1750751200.816793",
        "Priority": "1",
        "Privilege": "call,all",
        "Uniqueid": "1750751200.816796"
    },
    "start_time": "2025-06-24T11:15:50",
    "status": "answered",
    "timestamp": "2025-06-24T11:16:14",
    "type": "call_summary",
    "uniqueid": "1750751200.816796"
}

{
    "call_type": "",
    "caller_id_name": "260-SUP",
    "caller_id_num": "260",
    "channel": "SIP/260-0000b0a9",
    "connected_line_name": "<unknown>",
    "connected_line_num": "<unknown>",
    "direction": "",
    "end_time": "",
    "extension_number": "260",
    "has_ringing": false,
    "linkedid": "1750751721.817660",
    "other_extension_number": "",
    "start_time": "2025-06-24T11:24:28",
    "status": "initiated",
    "timestamp": "2025-06-24T11:24:28",
    "type": "call_started",
    "uniqueid": "1750751721.817660"
}

{
    "channel": "SIP/260-0000b0a9",
    "privilege": "call,all",
    "timestamp": "2025-06-24T11:24:38",
    "type": "call_answered",
    "uniqueid": "1750751721.817660"
}

{
    "call_type": "internal",
    "caller_id_name": "260-SUP",
    "caller_id_num": "260",
    "cause": "16",
    "cause_description": "",
    "cause_txt": "",
    "channel": "SIP/260-0000b0a9",
    "connected_line_name": "<unknown>",
    "connected_line_num": "<unknown>",
    "direction": "out",
    "end_time": "2025-06-24T11:26:08",
    "extension_number": "260",
    "has_ringing": false,
    "linkedid": "1750751721.817660",
    "other_extension_number": "513",
    "raw_event": {
        "AccountCode": "",
        "CallerIDName": "260-SUP",
        "CallerIDNum": "260",
        "Cause": "16",
        "Cause-txt": "Normal Clearing",
        "Channel": "SIP/260-0000b0a9",
        "ChannelState": "6",
        "ChannelStateDesc": "Up",
        "ConnectedLineName": "513-ICT4",
        "ConnectedLineNum": "513",
        "Context": "ext-local",
        "Event": "Hangup",
        "Exten": "h",
        "Language": "pr2",
        "Linkedid": "1750751721.817660",
        "Priority": "1",
        "Privilege": "call,all",
        "Uniqueid": "1750751721.817660"
    },
    "start_time": "2025-06-24T11:24:38",
    "status": "answered",
    "timestamp": "2025-06-24T11:26:08",
    "type": "call_ended",
    "uniqueid": "1750751721.817660"
}

{
    "call_duration": 90,
    "call_type": "internal",
    "caller_id_name": "260-SUP",
    "caller_id_num": "260",
    "cause": "16",
    "cause_description": "",
    "cause_txt": "",
    "channel": "SIP/260-0000b0a9",
    "connected_line_name": "<unknown>",
    "connected_line_num": "<unknown>",
    "direction": "out",
    "end_time": "2025-06-24T11:26:08",
    "extension_number": "260",
    "has_ringing": false,
    "linkedid": "1750751721.817660",
    "other_extension_number": "513",
    "raw_event": {
        "AccountCode": "",
        "CallerIDName": "260-SUP",
        "CallerIDNum": "260",
        "Cause": "16",
        "Cause-txt": "Normal Clearing",
        "Channel": "SIP/260-0000b0a9",
        "ChannelState": "6",
        "ChannelStateDesc": "Up",
        "ConnectedLineName": "513-ICT4",
        "ConnectedLineNum": "513",
        "Context": "ext-local",
        "Event": "Hangup",
        "Exten": "h",
        "Language": "pr2",
        "Linkedid": "1750751721.817660",
        "Priority": "1",
        "Privilege": "call,all",
        "Uniqueid": "1750751721.817660"
    },
    "start_time": "2025-06-24T11:24:38",
    "status": "answered",
    "timestamp": "2025-06-24T11:26:08",
    "type": "call_summary",
    "uniqueid": "1750751721.817660"
}

{
    "call_type": "",
    "caller_id_name": "260-SUP",
    "caller_id_num": "260",
    "channel": "SIP/260-0000b215",
    "connected_line_name": "<unknown>",
    "connected_line_num": "<unknown>",
    "direction": "",
    "end_time": "",
    "extension_number": "260",
    "has_ringing": false,
    "linkedid": "1750753769.821091",
    "other_extension_number": "",
    "start_time": "2025-06-24T11:58:35",
    "status": "initiated",
    "timestamp": "2025-06-24T11:58:35",
    "type": "call_started",
    "uniqueid": "1750753769.821091"
}

{
    "channel": "SIP/260-0000b215",
    "privilege": "call,all",
    "timestamp": "2025-06-24T11:58:40",
    "type": "call_answered",
    "uniqueid": "1750753769.821091"
}

{
    "call_type": "internal",
    "caller_id_name": "260-SUP",
    "caller_id_num": "260",
    "cause": "16",
    "cause_description": "",
    "cause_txt": "",
    "channel": "SIP/260-0000b215",
    "connected_line_name": "<unknown>",
    "connected_line_num": "<unknown>",
    "direction": "out",
    "end_time": "2025-06-24T11:59:16",
    "extension_number": "260",
    "has_ringing": false,
    "linkedid": "1750753769.821091",
    "other_extension_number": "100",
    "raw_event": {
        "AccountCode": "",
        "CallerIDName": "260-SUP",
        "CallerIDNum": "260",
        "Cause": "16",
        "Cause-txt": "Normal Clearing",
        "Channel": "SIP/260-0000b215",
        "ChannelState": "6",
        "ChannelStateDesc": "Up",
        "ConnectedLineName": "100-SAL",
        "ConnectedLineNum": "100",
        "Context": "from-internal",
        "Event": "Hangup",
        "Exten": "h",
        "Language": "pr2",
        "Linkedid": "1750753769.821091",
        "Priority": "1",
        "Privilege": "call,all",
        "Uniqueid": "1750753769.821091"
    },
    "start_time": "2025-06-24T11:58:40",
    "status": "answered",
    "timestamp": "2025-06-24T11:59:16",
    "type": "call_ended",
    "uniqueid": "1750753769.821091"
}

{
    "call_duration": 36,
    "call_type": "internal",
    "caller_id_name": "260-SUP",
    "caller_id_num": "260",
    "cause": "16",
    "cause_description": "",
    "cause_txt": "",
    "channel": "SIP/260-0000b215",
    "connected_line_name": "<unknown>",
    "connected_line_num": "<unknown>",
    "direction": "out",
    "end_time": "2025-06-24T11:59:16",
    "extension_number": "260",
    "has_ringing": false,
    "linkedid": "1750753769.821091",
    "other_extension_number": "100",
    "raw_event": {
        "AccountCode": "",
        "CallerIDName": "260-SUP",
        "CallerIDNum": "260",
        "Cause": "16",
        "Cause-txt": "Normal Clearing",
        "Channel": "SIP/260-0000b215",
        "ChannelState": "6",
        "ChannelStateDesc": "Up",
        "ConnectedLineName": "100-SAL",
        "ConnectedLineNum": "100",
        "Context": "from-internal",
        "Event": "Hangup",
        "Exten": "h",
        "Language": "pr2",
        "Linkedid": "1750753769.821091",
        "Priority": "1",
        "Privilege": "call,all",
        "Uniqueid": "1750753769.821091"
    },
    "start_time": "2025-06-24T11:58:40",
    "status": "answered",
    "timestamp": "2025-06-24T11:59:16",
    "type": "call_summary",
    "uniqueid": "1750753769.821091"
}

{
    "call_type": "",
    "caller_id_name": "260-SUP",
    "caller_id_num": "260",
    "channel": "SIP/260-0000b22e",
    "connected_line_name": "<unknown>",
    "connected_line_num": "<unknown>",
    "direction": "",
    "end_time": "",
    "extension_number": "260",
    "has_ringing": false,
    "linkedid": "1750753867.821332",
    "other_extension_number": "",
    "start_time": "2025-06-24T12:00:14",
    "status": "initiated",
    "timestamp": "2025-06-24T12:00:14",
    "type": "call_started",
    "uniqueid": "1750753867.821332"
}

{
    "channel": "SIP/260-0000b22e",
    "privilege": "call,all",
    "timestamp": "2025-06-24T12:00:25",
    "type": "call_answered",
    "uniqueid": "1750753867.821332"
}

{
    "call_type": "internal",
    "caller_id_name": "260-SUP",
    "caller_id_num": "260",
    "cause": "16",
    "cause_description": "",
    "cause_txt": "",
    "channel": "SIP/260-0000b22e",
    "connected_line_name": "<unknown>",
    "connected_line_num": "<unknown>",
    "direction": "out",
    "end_time": "2025-06-24T12:01:30",
    "extension_number": "260",
    "has_ringing": false,
    "linkedid": "1750753867.821332",
    "other_extension_number": "422",
    "raw_event": {
        "AccountCode": "",
        "CallerIDName": "260-SUP",
        "CallerIDNum": "260",
        "Cause": "16",
        "Cause-txt": "Normal Clearing",
        "Channel": "SIP/260-0000b22e",
        "ChannelState": "6",
        "ChannelStateDesc": "Up",
        "ConnectedLineName": "422-RD-STD1",
        "ConnectedLineNum": "422",
        "Context": "from-internal",
        "Event": "Hangup",
        "Exten": "h",
        "Language": "pr2",
        "Linkedid": "1750753867.821332",
        "Priority": "1",
        "Privilege": "call,all",
        "Uniqueid": "1750753867.821332"
    },
    "start_time": "2025-06-24T12:00:25",
    "status": "answered",
    "timestamp": "2025-06-24T12:01:30",
    "type": "call_ended",
    "uniqueid": "1750753867.821332"
}

{
    "call_duration": 64,
    "call_type": "internal",
    "caller_id_name": "260-SUP",
    "caller_id_num": "260",
    "cause": "16",
    "cause_description": "",
    "cause_txt": "",
    "channel": "SIP/260-0000b22e",
    "connected_line_name": "<unknown>",
    "connected_line_num": "<unknown>",
    "direction": "out",
    "end_time": "2025-06-24T12:01:30",
    "extension_number": "260",
    "has_ringing": false,
    "linkedid": "1750753867.821332",
    "other_extension_number": "422",
    "raw_event": {
        "AccountCode": "",
        "CallerIDName": "260-SUP",
        "CallerIDNum": "260",
        "Cause": "16",
        "Cause-txt": "Normal Clearing",
        "Channel": "SIP/260-0000b22e",
        "ChannelState": "6",
        "ChannelStateDesc": "Up",
        "ConnectedLineName": "422-RD-STD1",
        "ConnectedLineNum": "422",
        "Context": "from-internal",
        "Event": "Hangup",
        "Exten": "h",
        "Language": "pr2",
        "Linkedid": "1750753867.821332",
        "Priority": "1",
        "Privilege": "call,all",
        "Uniqueid": "1750753867.821332"
    },
    "start_time": "2025-06-24T12:00:25",
    "status": "answered",
    "timestamp": "2025-06-24T12:01:30",
    "type": "call_summary",
    "uniqueid": "1750753867.821332"
}

{
    "call_type": "",
    "caller_id_name": "260-SUP",
    "caller_id_num": "260",
    "channel": "SIP/260-0000b252",
    "connected_line_name": "<unknown>",
    "connected_line_num": "<unknown>",
    "direction": "",
    "end_time": "",
    "extension_number": "260",
    "has_ringing": false,
    "linkedid": "1750754025.821690",
    "other_extension_number": "",
    "start_time": "2025-06-24T12:02:52",
    "status": "initiated",
    "timestamp": "2025-06-24T12:02:52",
    "type": "call_started",
    "uniqueid": "1750754025.821690"
}

{
    "call_type": "external",
    "caller_id_name": "260-SUP",
    "caller_id_num": "260",
    "cause": "17",
    "cause_description": "",
    "cause_txt": "",
    "channel": "SIP/260-0000b252",
    "connected_line_name": "<unknown>",
    "connected_line_num": "<unknown>",
    "direction": "out",
    "end_time": "2025-06-24T12:02:55",
    "extension_number": "260",
    "has_ringing": false,
    "linkedid": "1750754025.821690",
    "other_extension_number": "09108723144",
    "raw_event": {
        "AccountCode": "",
        "CallerIDName": "<unknown>",
        "CallerIDNum": "36944000",
        "Cause": "17",
        "Cause-txt": "User busy",
        "Channel": "SIP/260-0000b252",
        "ChannelState": "7",
        "ChannelStateDesc": "Busy",
        "ConnectedLineName": "CID:36944000",
        "ConnectedLineNum": "09108723144",
        "Context": "from-internal",
        "Event": "Hangup",
        "Exten": "h",
        "Language": "pr2",
        "Linkedid": "1750754025.821690",
        "Priority": "1",
        "Privilege": "call,all",
        "Uniqueid": "1750754025.821690"
    },
    "start_time": "2025-06-24T12:02:52",
    "status": "initiated",
    "timestamp": "2025-06-24T12:02:55",
    "type": "call_ended",
    "uniqueid": "1750754025.821690"
}

{
    "call_duration": 3,
    "call_type": "external",
    "caller_id_name": "260-SUP",
    "caller_id_num": "260",
    "cause": "17",
    "cause_description": "",
    "cause_txt": "",
    "channel": "SIP/260-0000b252",
    "connected_line_name": "<unknown>",
    "connected_line_num": "<unknown>",
    "direction": "out",
    "end_time": "2025-06-24T12:02:55",
    "extension_number": "260",
    "has_ringing": false,
    "linkedid": "1750754025.821690",
    "other_extension_number": "09108723144",
    "raw_event": {
        "AccountCode": "",
        "CallerIDName": "<unknown>",
        "CallerIDNum": "36944000",
        "Cause": "17",
        "Cause-txt": "User busy",
        "Channel": "SIP/260-0000b252",
        "ChannelState": "7",
        "ChannelStateDesc": "Busy",
        "ConnectedLineName": "CID:36944000",
        "ConnectedLineNum": "09108723144",
        "Context": "from-internal",
        "Event": "Hangup",
        "Exten": "h",
        "Language": "pr2",
        "Linkedid": "1750754025.821690",
        "Priority": "1",
        "Privilege": "call,all",
        "Uniqueid": "1750754025.821690"
    },
    "start_time": "2025-06-24T12:02:52",
    "status": "initiated",
    "timestamp": "2025-06-24T12:02:55",
    "type": "call_summary",
    "uniqueid": "1750754025.821690"
}

{
    "call_type": "",
    "caller_id_name": "260-SUP",
    "caller_id_num": "260",
    "channel": "SIP/260-0000b256",
    "connected_line_name": "<unknown>",
    "connected_line_num": "<unknown>",
    "direction": "",
    "end_time": "",
    "extension_number": "260",
    "has_ringing": false,
    "linkedid": "1750754034.821722",
    "other_extension_number": "",
    "start_time": "2025-06-24T12:03:00",
    "status": "initiated",
    "timestamp": "2025-06-24T12:03:00",
    "type": "call_started",
    "uniqueid": "1750754034.821722"
}

{
    "call_type": "external",
    "caller_id_name": "260-SUP",
    "caller_id_num": "260",
    "cause": "16",
    "cause_description": "",
    "cause_txt": "",
    "channel": "SIP/260-0000b256",
    "connected_line_name": "<unknown>",
    "connected_line_num": "<unknown>",
    "direction": "out",
    "end_time": "2025-06-24T12:03:42",
    "extension_number": "260",
    "has_ringing": false,
    "linkedid": "1750754034.821722",
    "other_extension_number": "09108723144",
    "raw_event": {
        "AccountCode": "",
        "CallerIDName": "<unknown>",
        "CallerIDNum": "36944000",
        "Cause": "16",
        "Cause-txt": "Normal Clearing",
        "Channel": "SIP/260-0000b256",
        "ChannelState": "4",
        "ChannelStateDesc": "Ring",
        "ConnectedLineName": "CID:36944000",
        "ConnectedLineNum": "09108723144",
        "Context": "from-internal",
        "Event": "Hangup",
        "Exten": "h",
        "Language": "pr2",
        "Linkedid": "1750754034.821722",
        "Priority": "1",
        "Privilege": "call,all",
        "Uniqueid": "1750754034.821722"
    },
    "start_time": "2025-06-24T12:03:00",
    "status": "initiated",
    "timestamp": "2025-06-24T12:03:42",
    "type": "call_ended",
    "uniqueid": "1750754034.821722"
}

{
    "call_duration": 42,
    "call_type": "external",
    "caller_id_name": "260-SUP",
    "caller_id_num": "260",
    "cause": "16",
    "cause_description": "",
    "cause_txt": "",
    "channel": "SIP/260-0000b256",
    "connected_line_name": "<unknown>",
    "connected_line_num": "<unknown>",
    "direction": "out",
    "end_time": "2025-06-24T12:03:42",
    "extension_number": "260",
    "has_ringing": false,
    "linkedid": "1750754034.821722",
    "other_extension_number": "09108723144",
    "raw_event": {
        "AccountCode": "",
        "CallerIDName": "<unknown>",
        "CallerIDNum": "36944000",
        "Cause": "16",
        "Cause-txt": "Normal Clearing",
        "Channel": "SIP/260-0000b256",
        "ChannelState": "4",
        "ChannelStateDesc": "Ring",
        "ConnectedLineName": "CID:36944000",
        "ConnectedLineNum": "09108723144",
        "Context": "from-internal",
        "Event": "Hangup",
        "Exten": "h",
        "Language": "pr2",
        "Linkedid": "1750754034.821722",
        "Priority": "1",
        "Privilege": "call,all",
        "Uniqueid": "1750754034.821722"
    },
    "start_time": "2025-06-24T12:03:00",
    "status": "initiated",
    "timestamp": "2025-06-24T12:03:42",
    "type": "call_summary",
    "uniqueid": "1750754034.821722"
}

{
    "extension": "260",
    "privilege": "call,all",
    "timestamp": "2025-06-24T17:01:41",
    "type": "monitor_initialized"
}

{
    "call_type": "",
    "caller_id_name": "260-SUP",
    "caller_id_num": "260",
    "channel": "SIP/260-00000863",
    "connected_line_name": "<unknown>",
    "connected_line_num": "<unknown>",
    "direction": "",
    "end_time": "",
    "extension_number": "260",
    "has_ringing": false,
    "linkedid": "1750827269.33499",
    "other_extension_number": "",
    "start_time": "2025-06-25T08:23:35",
    "status": "initiated",
    "timestamp": "2025-06-25T08:23:35",
    "type": "call_started",
    "uniqueid": "1750827269.33499"
}

{
    "channel": "SIP/260-00000863",
    "privilege": "call,all",
    "timestamp": "2025-06-25T08:23:42",
    "type": "call_answered",
    "uniqueid": "1750827269.33499"
}

{
    "call_type": "internal",
    "caller_id_name": "260-SUP",
    "caller_id_num": "260",
    "cause": "16",
    "cause_description": "",
    "cause_txt": "",
    "channel": "SIP/260-00000863",
    "connected_line_name": "<unknown>",
    "connected_line_num": "<unknown>",
    "direction": "out",
    "end_time": "2025-06-25T08:24:54",
    "extension_number": "260",
    "has_ringing": false,
    "linkedid": "1750827269.33499",
    "other_extension_number": "160",
    "raw_event": {
        "AccountCode": "",
        "CallerIDName": "260-SUP",
        "CallerIDNum": "260",
        "Cause": "16",
        "Cause-txt": "Normal Clearing",
        "Channel": "SIP/260-00000863",
        "ChannelState": "6",
        "ChannelStateDesc": "Up",
        "ConnectedLineName": "160-SAL11",
        "ConnectedLineNum": "160",
        "Context": "from-internal",
        "Event": "Hangup",
        "Exten": "h",
        "Language": "pr2",
        "Linkedid": "1750827269.33499",
        "Priority": "1",
        "Privilege": "call,all",
        "Uniqueid": "1750827269.33499"
    },
    "start_time": "2025-06-25T08:23:42",
    "status": "answered",
    "timestamp": "2025-06-25T08:24:54",
    "type": "call_ended",
    "uniqueid": "1750827269.33499"
}

{
    "call_duration": 71,
    "call_type": "internal",
    "caller_id_name": "260-SUP",
    "caller_id_num": "260",
    "cause": "16",
    "cause_description": "",
    "cause_txt": "",
    "channel": "SIP/260-00000863",
    "connected_line_name": "<unknown>",
    "connected_line_num": "<unknown>",
    "direction": "out",
    "end_time": "2025-06-25T08:24:54",
    "extension_number": "260",
    "has_ringing": false,
    "linkedid": "1750827269.33499",
    "other_extension_number": "160",
    "raw_event": {
        "AccountCode": "",
        "CallerIDName": "260-SUP",
        "CallerIDNum": "260",
        "Cause": "16",
        "Cause-txt": "Normal Clearing",
        "Channel": "SIP/260-00000863",
        "ChannelState": "6",
        "ChannelStateDesc": "Up",
        "ConnectedLineName": "160-SAL11",
        "ConnectedLineNum": "160",
        "Context": "from-internal",
        "Event": "Hangup",
        "Exten": "h",
        "Language": "pr2",
        "Linkedid": "1750827269.33499",
        "Priority": "1",
        "Privilege": "call,all",
        "Uniqueid": "1750827269.33499"
    },
    "start_time": "2025-06-25T08:23:42",
    "status": "answered",
    "timestamp": "2025-06-25T08:24:54",
    "type": "call_summary",
    "uniqueid": "1750827269.33499"
}

{
    "call_type": "",
    "caller_id_name": "260-SUP",
    "caller_id_num": "260",
    "channel": "SIP/260-0000086f",
    "connected_line_name": "<unknown>",
    "connected_line_num": "<unknown>",
    "direction": "",
    "end_time": "",
    "extension_number": "260",
    "has_ringing": false,
    "linkedid": "1750827349.33626",
    "other_extension_number": "",
    "start_time": "2025-06-25T08:24:56",
    "status": "initiated",
    "timestamp": "2025-06-25T08:24:56",
    "type": "call_started",
    "uniqueid": "1750827349.33626"
}

{
    "channel": "SIP/260-0000086f",
    "privilege": "call,all",
    "timestamp": "2025-06-25T08:25:01",
    "type": "call_answered",
    "uniqueid": "1750827349.33626"
}

{
    "call_type": "internal",
    "caller_id_name": "260-SUP",
    "caller_id_num": "260",
    "cause": "16",
    "cause_description": "",
    "cause_txt": "",
    "channel": "SIP/260-0000086f",
    "connected_line_name": "<unknown>",
    "connected_line_num": "<unknown>",
    "direction": "out",
    "end_time": "2025-06-25T08:26:23",
    "extension_number": "260",
    "has_ringing": false,
    "linkedid": "1750827349.33626",
    "other_extension_number": "323",
    "raw_event": {
        "AccountCode": "",
        "CallerIDName": "260-SUP",
        "CallerIDNum": "260",
        "Cause": "16",
        "Cause-txt": "Normal Clearing",
        "Channel": "SIP/260-0000086f",
        "ChannelState": "6",
        "ChannelStateDesc": "Up",
        "ConnectedLineName": "323-WHS3",
        "ConnectedLineNum": "323",
        "Context": "from-internal",
        "Event": "Hangup",
        "Exten": "h",
        "Language": "pr2",
        "Linkedid": "1750827349.33626",
        "Priority": "1",
        "Privilege": "call,all",
        "Uniqueid": "1750827349.33626"
    },
    "start_time": "2025-06-25T08:25:01",
    "status": "answered",
    "timestamp": "2025-06-25T08:26:23",
    "type": "call_ended",
    "uniqueid": "1750827349.33626"
}

{
    "call_duration": 81,
    "call_type": "internal",
    "caller_id_name": "260-SUP",
    "caller_id_num": "260",
    "cause": "16",
    "cause_description": "",
    "cause_txt": "",
    "channel": "SIP/260-0000086f",
    "connected_line_name": "<unknown>",
    "connected_line_num": "<unknown>",
    "direction": "out",
    "end_time": "2025-06-25T08:26:23",
    "extension_number": "260",
    "has_ringing": false,
    "linkedid": "1750827349.33626",
    "other_extension_number": "323",
    "raw_event": {
        "AccountCode": "",
        "CallerIDName": "260-SUP",
        "CallerIDNum": "260",
        "Cause": "16",
        "Cause-txt": "Normal Clearing",
        "Channel": "SIP/260-0000086f",
        "ChannelState": "6",
        "ChannelStateDesc": "Up",
        "ConnectedLineName": "323-WHS3",
        "ConnectedLineNum": "323",
        "Context": "from-internal",
        "Event": "Hangup",
        "Exten": "h",
        "Language": "pr2",
        "Linkedid": "1750827349.33626",
        "Priority": "1",
        "Privilege": "call,all",
        "Uniqueid": "1750827349.33626"
    },
    "start_time": "2025-06-25T08:25:01",
    "status": "answered",
    "timestamp": "2025-06-25T08:26:23",
    "type": "call_summary",
    "uniqueid": "1750827349.33626"
}

{
    "call_type": "",
    "caller_id_name": "260-SUP",
    "caller_id_num": "260",
    "channel": "SIP/260-000008a5",
    "connected_line_name": "<unknown>",
    "connected_line_num": "<unknown>",
    "direction": "",
    "end_time": "",
    "extension_number": "260",
    "has_ringing": false,
    "linkedid": "1750827806.34201",
    "other_extension_number": "",
    "start_time": "2025-06-25T08:32:33",
    "status": "initiated",
    "timestamp": "2025-06-25T08:32:33",
    "type": "call_started",
    "uniqueid": "1750827806.34201"
}

{
    "call_type": "internal",
    "caller_id_name": "260-SUP",
    "caller_id_num": "260",
    "cause": "16",
    "cause_description": "",
    "cause_txt": "",
    "channel": "SIP/260-000008a5",
    "connected_line_name": "<unknown>",
    "connected_line_num": "<unknown>",
    "direction": "out",
    "end_time": "2025-06-25T08:32:34",
    "extension_number": "260",
    "has_ringing": false,
    "linkedid": "1750827806.34201",
    "other_extension_number": "533",
    "raw_event": {
        "AccountCode": "",
        "CallerIDName": "<unknown>",
        "CallerIDNum": "36944000",
        "Cause": "16",
        "Cause-txt": "Normal Clearing",
        "Channel": "SIP/260-000008a5",
        "ChannelState": "4",
        "ChannelStateDesc": "Ring",
        "ConnectedLineName": "CID:36944000",
        "ConnectedLineNum": "533",
        "Context": "from-internal",
        "Event": "Hangup",
        "Exten": "h",
        "Language": "pr2",
        "Linkedid": "1750827806.34201",
        "Priority": "1",
        "Privilege": "call,all",
        "Uniqueid": "1750827806.34201"
    },
    "start_time": "2025-06-25T08:32:33",
    "status": "initiated",
    "timestamp": "2025-06-25T08:32:34",
    "type": "call_ended",
    "uniqueid": "1750827806.34201"
}

{
    "call_duration": 1,
    "call_type": "internal",
    "caller_id_name": "260-SUP",
    "caller_id_num": "260",
    "cause": "16",
    "cause_description": "",
    "cause_txt": "",
    "channel": "SIP/260-000008a5",
    "connected_line_name": "<unknown>",
    "connected_line_num": "<unknown>",
    "direction": "out",
    "end_time": "2025-06-25T08:32:34",
    "extension_number": "260",
    "has_ringing": false,
    "linkedid": "1750827806.34201",
    "other_extension_number": "533",
    "raw_event": {
        "AccountCode": "",
        "CallerIDName": "<unknown>",
        "CallerIDNum": "36944000",
        "Cause": "16",
        "Cause-txt": "Normal Clearing",
        "Channel": "SIP/260-000008a5",
        "ChannelState": "4",
        "ChannelStateDesc": "Ring",
        "ConnectedLineName": "CID:36944000",
        "ConnectedLineNum": "533",
        "Context": "from-internal",
        "Event": "Hangup",
        "Exten": "h",
        "Language": "pr2",
        "Linkedid": "1750827806.34201",
        "Priority": "1",
        "Privilege": "call,all",
        "Uniqueid": "1750827806.34201"
    },
    "start_time": "2025-06-25T08:32:33",
    "status": "initiated",
    "timestamp": "2025-06-25T08:32:34",
    "type": "call_summary",
    "uniqueid": "1750827806.34201"
}

{
    "call_type": "",
    "caller_id_name": "260-SUP",
    "caller_id_num": "260",
    "channel": "SIP/260-000008a7",
    "connected_line_name": "<unknown>",
    "connected_line_num": "<unknown>",
    "direction": "",
    "end_time": "",
    "extension_number": "260",
    "has_ringing": false,
    "linkedid": "1750827810.34218",
    "other_extension_number": "",
    "start_time": "2025-06-25T08:32:36",
    "status": "initiated",
    "timestamp": "2025-06-25T08:32:36",
    "type": "call_started",
    "uniqueid": "1750827810.34218"
}

{
    "channel": "SIP/260-000008a7",
    "privilege": "call,all",
    "timestamp": "2025-06-25T08:32:37",
    "type": "call_answered",
    "uniqueid": "1750827810.34218"
}

{
    "call_type": "external",
    "caller_id_name": "260-SUP",
    "caller_id_num": "260",
    "cause": "16",
    "cause_description": "",
    "cause_txt": "",
    "channel": "SIP/260-000008a7",
    "connected_line_name": "<unknown>",
    "connected_line_num": "<unknown>",
    "direction": "out",
    "end_time": "2025-06-25T08:32:45",
    "extension_number": "260",
    "has_ringing": false,
    "linkedid": "1750827810.34218",
    "other_extension_number": "<unknown>",
    "raw_event": {
        "AccountCode": "",
        "CallerIDName": "260-SUP",
        "CallerIDNum": "260",
        "Cause": "16",
        "Cause-txt": "Normal Clearing",
        "Channel": "SIP/260-000008a7",
        "ChannelState": "6",
        "ChannelStateDesc": "Up",
        "ConnectedLineName": "<unknown>",
        "ConnectedLineNum": "<unknown>",
        "Context": "app-blackhole",
        "Event": "Hangup",
        "Exten": "hangup",
        "Language": "pr2",
        "Linkedid": "1750827810.34218",
        "Priority": "2",
        "Privilege": "call,all",
        "Uniqueid": "1750827810.34218"
    },
    "start_time": "2025-06-25T08:32:37",
    "status": "answered",
    "timestamp": "2025-06-25T08:32:45",
    "type": "call_ended",
    "uniqueid": "1750827810.34218"
}

{
    "call_duration": 8,
    "call_type": "external",
    "caller_id_name": "260-SUP",
    "caller_id_num": "260",
    "cause": "16",
    "cause_description": "",
    "cause_txt": "",
    "channel": "SIP/260-000008a7",
    "connected_line_name": "<unknown>",
    "connected_line_num": "<unknown>",
    "direction": "out",
    "end_time": "2025-06-25T08:32:45",
    "extension_number": "260",
    "has_ringing": false,
    "linkedid": "1750827810.34218",
    "other_extension_number": "<unknown>",
    "raw_event": {
        "AccountCode": "",
        "CallerIDName": "260-SUP",
        "CallerIDNum": "260",
        "Cause": "16",
        "Cause-txt": "Normal Clearing",
        "Channel": "SIP/260-000008a7",
        "ChannelState": "6",
        "ChannelStateDesc": "Up",
        "ConnectedLineName": "<unknown>",
        "ConnectedLineNum": "<unknown>",
        "Context": "app-blackhole",
        "Event": "Hangup",
        "Exten": "hangup",
        "Language": "pr2",
        "Linkedid": "1750827810.34218",
        "Priority": "2",
        "Privilege": "call,all",
        "Uniqueid": "1750827810.34218"
    },
    "start_time": "2025-06-25T08:32:37",
    "status": "answered",
    "timestamp": "2025-06-25T08:32:45",
    "type": "call_summary",
    "uniqueid": "1750827810.34218"
}

{
    "call_type": "",
    "caller_id_name": "260-SUP",
    "caller_id_num": "260",
    "channel": "SIP/260-000008aa",
    "connected_line_name": "<unknown>",
    "connected_line_num": "<unknown>",
    "direction": "",
    "end_time": "",
    "extension_number": "260",
    "has_ringing": false,
    "linkedid": "1750827825.34253",
    "other_extension_number": "",
    "start_time": "2025-06-25T08:32:51",
    "status": "initiated",
    "timestamp": "2025-06-25T08:32:51",
    "type": "call_started",
    "uniqueid": "1750827825.34253"
}

{
    "call_type": "internal",
    "caller_id_name": "260-SUP",
    "caller_id_num": "260",
    "cause": "16",
    "cause_description": "",
    "cause_txt": "",
    "channel": "SIP/260-000008aa",
    "connected_line_name": "<unknown>",
    "connected_line_num": "<unknown>",
    "direction": "out",
    "end_time": "2025-06-25T08:32:52",
    "extension_number": "260",
    "has_ringing": false,
    "linkedid": "1750827825.34253",
    "other_extension_number": "5113",
    "raw_event": {
        "AccountCode": "",
        "CallerIDName": "<unknown>",
        "CallerIDNum": "36944000",
        "Cause": "16",
        "Cause-txt": "Normal Clearing",
        "Channel": "SIP/260-000008aa",
        "ChannelState": "4",
        "ChannelStateDesc": "Ring",
        "ConnectedLineName": "CID:36944000",
        "ConnectedLineNum": "5113",
        "Context": "from-internal",
        "Event": "Hangup",
        "Exten": "h",
        "Language": "pr2",
        "Linkedid": "1750827825.34253",
        "Priority": "1",
        "Privilege": "call,all",
        "Uniqueid": "1750827825.34253"
    },
    "start_time": "2025-06-25T08:32:51",
    "status": "initiated",
    "timestamp": "2025-06-25T08:32:52",
    "type": "call_ended",
    "uniqueid": "1750827825.34253"
}

{
    "call_duration": 0,
    "call_type": "internal",
    "caller_id_name": "260-SUP",
    "caller_id_num": "260",
    "cause": "16",
    "cause_description": "",
    "cause_txt": "",
    "channel": "SIP/260-000008aa",
    "connected_line_name": "<unknown>",
    "connected_line_num": "<unknown>",
    "direction": "out",
    "end_time": "2025-06-25T08:32:52",
    "extension_number": "260",
    "has_ringing": false,
    "linkedid": "1750827825.34253",
    "other_extension_number": "5113",
    "raw_event": {
        "AccountCode": "",
        "CallerIDName": "<unknown>",
        "CallerIDNum": "36944000",
        "Cause": "16",
        "Cause-txt": "Normal Clearing",
        "Channel": "SIP/260-000008aa",
        "ChannelState": "4",
        "ChannelStateDesc": "Ring",
        "ConnectedLineName": "CID:36944000",
        "ConnectedLineNum": "5113",
        "Context": "from-internal",
        "Event": "Hangup",
        "Exten": "h",
        "Language": "pr2",
        "Linkedid": "1750827825.34253",
        "Priority": "1",
        "Privilege": "call,all",
        "Uniqueid": "1750827825.34253"
    },
    "start_time": "2025-06-25T08:32:51",
    "status": "initiated",
    "timestamp": "2025-06-25T08:32:52",
    "type": "call_summary",
    "uniqueid": "1750827825.34253"
}

{
    "call_type": "",
    "caller_id_name": "260-SUP",
    "caller_id_num": "260",
    "channel": "SIP/260-000008ac",
    "connected_line_name": "<unknown>",
    "connected_line_num": "<unknown>",
    "direction": "",
    "end_time": "",
    "extension_number": "260",
    "has_ringing": false,
    "linkedid": "1750827827.34266",
    "other_extension_number": "",
    "start_time": "2025-06-25T08:32:53",
    "status": "initiated",
    "timestamp": "2025-06-25T08:32:53",
    "type": "call_started",
    "uniqueid": "1750827827.34266"
}

{
    "channel": "SIP/260-000008ac",
    "privilege": "call,all",
    "timestamp": "2025-06-25T08:32:54",
    "type": "call_answered",
    "uniqueid": "1750827827.34266"
}

{
    "call_type": "external",
    "caller_id_name": "260-SUP",
    "caller_id_num": "260",
    "cause": "0",
    "cause_description": "",
    "cause_txt": "",
    "channel": "SIP/260-000008ac",
    "connected_line_name": "<unknown>",
    "connected_line_num": "<unknown>",
    "direction": "out",
    "end_time": "2025-06-25T08:32:57",
    "extension_number": "260",
    "has_ringing": false,
    "linkedid": "1750827827.34266",
    "other_extension_number": "<unknown>",
    "raw_event": {
        "AccountCode": "",
        "CallerIDName": "260-SUP",
        "CallerIDNum": "260",
        "Cause": "0",
        "Cause-txt": "Unknown",
        "Channel": "SIP/260-000008ac",
        "ChannelState": "6",
        "ChannelStateDesc": "Up",
        "ConnectedLineName": "<unknown>",
        "ConnectedLineNum": "<unknown>",
        "Context": "app-announcement-2",
        "Event": "Hangup",
        "Exten": "s",
        "Language": "pr2",
        "Linkedid": "1750827827.34266",
        "Priority": "5",
        "Privilege": "call,all",
        "Uniqueid": "1750827827.34266"
    },
    "start_time": "2025-06-25T08:32:54",
    "status": "answered",
    "timestamp": "2025-06-25T08:32:57",
    "type": "call_ended",
    "uniqueid": "1750827827.34266"
}

{
    "call_duration": 2,
    "call_type": "external",
    "caller_id_name": "260-SUP",
    "caller_id_num": "260",
    "cause": "0",
    "cause_description": "",
    "cause_txt": "",
    "channel": "SIP/260-000008ac",
    "connected_line_name": "<unknown>",
    "connected_line_num": "<unknown>",
    "direction": "out",
    "end_time": "2025-06-25T08:32:57",
    "extension_number": "260",
    "has_ringing": false,
    "linkedid": "1750827827.34266",
    "other_extension_number": "<unknown>",
    "raw_event": {
        "AccountCode": "",
        "CallerIDName": "260-SUP",
        "CallerIDNum": "260",
        "Cause": "0",
        "Cause-txt": "Unknown",
        "Channel": "SIP/260-000008ac",
        "ChannelState": "6",
        "ChannelStateDesc": "Up",
        "ConnectedLineName": "<unknown>",
        "ConnectedLineNum": "<unknown>",
        "Context": "app-announcement-2",
        "Event": "Hangup",
        "Exten": "s",
        "Language": "pr2",
        "Linkedid": "1750827827.34266",
        "Priority": "5",
        "Privilege": "call,all",
        "Uniqueid": "1750827827.34266"
    },
    "start_time": "2025-06-25T08:32:54",
    "status": "answered",
    "timestamp": "2025-06-25T08:32:57",
    "type": "call_summary",
    "uniqueid": "1750827827.34266"
}

{
    "call_type": "",
    "caller_id_name": "260-SUP",
    "caller_id_num": "260",
    "channel": "SIP/260-000008bb",
    "connected_line_name": "<unknown>",
    "connected_line_num": "<unknown>",
    "direction": "",
    "end_time": "",
    "extension_number": "260",
    "has_ringing": false,
    "linkedid": "1750828030.34438",
    "other_extension_number": "",
    "start_time": "2025-06-25T08:36:16",
    "status": "initiated",
    "timestamp": "2025-06-25T08:36:16",
    "type": "call_started",
    "uniqueid": "1750828030.34438"
}

{
    "call_type": "internal",
    "caller_id_name": "260-SUP",
    "caller_id_num": "260",
    "cause": "16",
    "cause_description": "",
    "cause_txt": "",
    "channel": "SIP/260-000008bb",
    "connected_line_name": "<unknown>",
    "connected_line_num": "<unknown>",
    "direction": "out",
    "end_time": "2025-06-25T08:36:35",
    "extension_number": "260",
    "has_ringing": false,
    "linkedid": "1750828030.34438",
    "other_extension_number": "225",
    "raw_event": {
        "AccountCode": "",
        "CallerIDName": "260-SUP",
        "CallerIDNum": "260",
        "Cause": "16",
        "Cause-txt": "Normal Clearing",
        "Channel": "SIP/260-000008bb",
        "ChannelState": "4",
        "ChannelStateDesc": "Ring",
        "ConnectedLineName": "225-HR4",
        "ConnectedLineNum": "225",
        "Context": "from-internal",
        "Event": "Hangup",
        "Exten": "h",
        "Language": "pr2",
        "Linkedid": "1750828030.34438",
        "Priority": "1",
        "Privilege": "call,all",
        "Uniqueid": "1750828030.34438"
    },
    "start_time": "2025-06-25T08:36:16",
    "status": "initiated",
    "timestamp": "2025-06-25T08:36:35",
    "type": "call_ended",
    "uniqueid": "1750828030.34438"
}

{
    "call_duration": 18,
    "call_type": "internal",
    "caller_id_name": "260-SUP",
    "caller_id_num": "260",
    "cause": "16",
    "cause_description": "",
    "cause_txt": "",
    "channel": "SIP/260-000008bb",
    "connected_line_name": "<unknown>",
    "connected_line_num": "<unknown>",
    "direction": "out",
    "end_time": "2025-06-25T08:36:35",
    "extension_number": "260",
    "has_ringing": false,
    "linkedid": "1750828030.34438",
    "other_extension_number": "225",
    "raw_event": {
        "AccountCode": "",
        "CallerIDName": "260-SUP",
        "CallerIDNum": "260",
        "Cause": "16",
        "Cause-txt": "Normal Clearing",
        "Channel": "SIP/260-000008bb",
        "ChannelState": "4",
        "ChannelStateDesc": "Ring",
        "ConnectedLineName": "225-HR4",
        "ConnectedLineNum": "225",
        "Context": "from-internal",
        "Event": "Hangup",
        "Exten": "h",
        "Language": "pr2",
        "Linkedid": "1750828030.34438",
        "Priority": "1",
        "Privilege": "call,all",
        "Uniqueid": "1750828030.34438"
    },
    "start_time": "2025-06-25T08:36:16",
    "status": "initiated",
    "timestamp": "2025-06-25T08:36:35",
    "type": "call_summary",
    "uniqueid": "1750828030.34438"
}

{
    "call_type": "",
    "caller_id_name": "260-SUP",
    "caller_id_num": "260",
    "channel": "SIP/260-00000aa2",
    "connected_line_name": "<unknown>",
    "connected_line_num": "<unknown>",
    "direction": "",
    "end_time": "",
    "extension_number": "260",
    "has_ringing": false,
    "linkedid": "1750831546.39687",
    "other_extension_number": "",
    "start_time": "2025-06-25T09:34:53",
    "status": "initiated",
    "timestamp": "2025-06-25T09:34:53",
    "type": "call_started",
    "uniqueid": "1750831546.39690"
}

{
    "channel": "SIP/260-00000aa2",
    "privilege": "call,all",
    "timestamp": "2025-06-25T09:34:53",
    "type": "call_ringing",
    "uniqueid": "1750831546.39690"
}

{
    "call_type": "internal",
    "caller_id_name": "260-SUP",
    "caller_id_num": "260",
    "cause": "26",
    "cause_description": "",
    "cause_txt": "",
    "channel": "SIP/260-00000aa2",
    "connected_line_name": "<unknown>",
    "connected_line_num": "<unknown>",
    "direction": "in",
    "end_time": "2025-06-25T09:35:01",
    "extension_number": "260",
    "has_ringing": true,
    "linkedid": "1750831546.39687",
    "other_extension_number": "520",
    "raw_event": {
        "AccountCode": "",
        "CallerIDName": "260-SUP",
        "CallerIDNum": "260",
        "Cause": "26",
        "Cause-txt": "Answered elsewhere",
        "Channel": "SIP/260-00000aa2",
        "ChannelState": "5",
        "ChannelStateDesc": "Ringing",
        "ConnectedLineName": "520-SM",
        "ConnectedLineNum": "520",
        "Context": "from-internal",
        "Event": "Hangup",
        "Exten": "*8",
        "Language": "pr2",
        "Linkedid": "1750831546.39687",
        "Priority": "1",
        "Privilege": "call,all",
        "Uniqueid": "1750831546.39690"
    },
    "start_time": "2025-06-25T09:34:53",
    "status": "ringing",
    "timestamp": "2025-06-25T09:35:01",
    "type": "call_ended",
    "uniqueid": "1750831546.39690"
}

{
    "call_duration": 7,
    "call_type": "internal",
    "caller_id_name": "260-SUP",
    "caller_id_num": "260",
    "cause": "26",
    "cause_description": "",
    "cause_txt": "",
    "channel": "SIP/260-00000aa2",
    "connected_line_name": "<unknown>",
    "connected_line_num": "<unknown>",
    "direction": "in",
    "end_time": "2025-06-25T09:35:01",
    "extension_number": "260",
    "has_ringing": true,
    "linkedid": "1750831546.39687",
    "other_extension_number": "520",
    "raw_event": {
        "AccountCode": "",
        "CallerIDName": "260-SUP",
        "CallerIDNum": "260",
        "Cause": "26",
        "Cause-txt": "Answered elsewhere",
        "Channel": "SIP/260-00000aa2",
        "ChannelState": "5",
        "ChannelStateDesc": "Ringing",
        "ConnectedLineName": "520-SM",
        "ConnectedLineNum": "520",
        "Context": "from-internal",
        "Event": "Hangup",
        "Exten": "*8",
        "Language": "pr2",
        "Linkedid": "1750831546.39687",
        "Priority": "1",
        "Privilege": "call,all",
        "Uniqueid": "1750831546.39690"
    },
    "start_time": "2025-06-25T09:34:53",
    "status": "ringing",
    "timestamp": "2025-06-25T09:35:01",
    "type": "call_summary",
    "uniqueid": "1750831546.39690"
}

{
    "call_type": "",
    "caller_id_name": "260-SUP",
    "caller_id_num": "260",
    "channel": "SIP/260-00000ab2",
    "connected_line_name": "<unknown>",
    "connected_line_num": "<unknown>",
    "direction": "",
    "end_time": "",
    "extension_number": "260",
    "has_ringing": false,
    "linkedid": "1750831707.39869",
    "other_extension_number": "",
    "start_time": "2025-06-25T09:37:34",
    "status": "initiated",
    "timestamp": "2025-06-25T09:37:34",
    "type": "call_started",
    "uniqueid": "1750831707.39872"
}

{
    "channel": "SIP/260-00000ab2",
    "privilege": "call,all",
    "timestamp": "2025-06-25T09:37:34",
    "type": "call_ringing",
    "uniqueid": "1750831707.39872"
}

{
    "call_type": "internal",
    "caller_id_name": "260-SUP",
    "caller_id_num": "260",
    "cause": "16",
    "cause_description": "",
    "cause_txt": "",
    "channel": "SIP/260-00000ab2",
    "connected_line_name": "<unknown>",
    "connected_line_num": "<unknown>",
    "direction": "in",
    "end_time": "2025-06-25T09:37:52",
    "extension_number": "260",
    "has_ringing": true,
    "linkedid": "1750831707.39869",
    "other_extension_number": "115",
    "raw_event": {
        "AccountCode": "",
        "CallerIDName": "260-SUP",
        "CallerIDNum": "260",
        "Cause": "16",
        "Cause-txt": "Normal Clearing",
        "Channel": "SIP/260-00000ab2",
        "ChannelState": "5",
        "ChannelStateDesc": "Ringing",
        "ConnectedLineName": "alamdari",
        "ConnectedLineNum": "115",
        "Context": "from-internal",
        "Event": "Hangup",
        "Exten": "260",
        "Language": "pr2",
        "Linkedid": "1750831707.39869",
        "Priority": "1",
        "Privilege": "call,all",
        "Uniqueid": "1750831707.39872"
    },
    "start_time": "2025-06-25T09:37:34",
    "status": "ringing",
    "timestamp": "2025-06-25T09:37:52",
    "type": "call_ended",
    "uniqueid": "1750831707.39872"
}

{
    "call_duration": 18,
    "call_type": "internal",
    "caller_id_name": "260-SUP",
    "caller_id_num": "260",
    "cause": "16",
    "cause_description": "",
    "cause_txt": "",
    "channel": "SIP/260-00000ab2",
    "connected_line_name": "<unknown>",
    "connected_line_num": "<unknown>",
    "direction": "in",
    "end_time": "2025-06-25T09:37:52",
    "extension_number": "260",
    "has_ringing": true,
    "linkedid": "1750831707.39869",
    "other_extension_number": "115",
    "raw_event": {
        "AccountCode": "",
        "CallerIDName": "260-SUP",
        "CallerIDNum": "260",
        "Cause": "16",
        "Cause-txt": "Normal Clearing",
        "Channel": "SIP/260-00000ab2",
        "ChannelState": "5",
        "ChannelStateDesc": "Ringing",
        "ConnectedLineName": "alamdari",
        "ConnectedLineNum": "115",
        "Context": "from-internal",
        "Event": "Hangup",
        "Exten": "260",
        "Language": "pr2",
        "Linkedid": "1750831707.39869",
        "Priority": "1",
        "Privilege": "call,all",
        "Uniqueid": "1750831707.39872"
    },
    "start_time": "2025-06-25T09:37:34",
    "status": "ringing",
    "timestamp": "2025-06-25T09:37:52",
    "type": "call_summary",
    "uniqueid": "1750831707.39872"
}

{
    "call_type": "",
    "caller_id_name": "260-SUP",
    "caller_id_num": "260",
    "channel": "SIP/260-00000ad9",
    "connected_line_name": "<unknown>",
    "connected_line_num": "<unknown>",
    "direction": "",
    "end_time": "",
    "extension_number": "260",
    "has_ringing": false,
    "linkedid": "1750832134.40359",
    "other_extension_number": "",
    "start_time": "2025-06-25T09:44:40",
    "status": "initiated",
    "timestamp": "2025-06-25T09:44:40",
    "type": "call_started",
    "uniqueid": "1750832134.40359"
}

{
    "channel": "SIP/260-00000ad9",
    "privilege": "call,all",
    "timestamp": "2025-06-25T09:44:44",
    "type": "call_answered",
    "uniqueid": "1750832134.40359"
}

{
    "call_type": "internal",
    "caller_id_name": "260-SUP",
    "caller_id_num": "260",
    "cause": "16",
    "cause_description": "",
    "cause_txt": "",
    "channel": "SIP/260-00000ad9",
    "connected_line_name": "<unknown>",
    "connected_line_num": "<unknown>",
    "direction": "out",
    "end_time": "2025-06-25T09:47:41",
    "extension_number": "260",
    "has_ringing": false,
    "linkedid": "1750832134.40359",
    "other_extension_number": "115",
    "raw_event": {
        "AccountCode": "",
        "CallerIDName": "260-SUP",
        "CallerIDNum": "260",
        "Cause": "16",
        "Cause-txt": "Normal Clearing",
        "Channel": "SIP/260-00000ad9",
        "ChannelState": "6",
        "ChannelStateDesc": "Up",
        "ConnectedLineName": "CID:260",
        "ConnectedLineNum": "115",
        "Context": "from-internal",
        "Event": "Hangup",
        "Exten": "h",
        "Language": "pr2",
        "Linkedid": "1750832134.40359",
        "Priority": "1",
        "Privilege": "call,all",
        "Uniqueid": "1750832134.40359"
    },
    "start_time": "2025-06-25T09:44:44",
    "status": "answered",
    "timestamp": "2025-06-25T09:47:41",
    "type": "call_ended",
    "uniqueid": "1750832134.40359"
}

{
    "call_duration": 176,
    "call_type": "internal",
    "caller_id_name": "260-SUP",
    "caller_id_num": "260",
    "cause": "16",
    "cause_description": "",
    "cause_txt": "",
    "channel": "SIP/260-00000ad9",
    "connected_line_name": "<unknown>",
    "connected_line_num": "<unknown>",
    "direction": "out",
    "end_time": "2025-06-25T09:47:41",
    "extension_number": "260",
    "has_ringing": false,
    "linkedid": "1750832134.40359",
    "other_extension_number": "115",
    "raw_event": {
        "AccountCode": "",
        "CallerIDName": "260-SUP",
        "CallerIDNum": "260",
        "Cause": "16",
        "Cause-txt": "Normal Clearing",
        "Channel": "SIP/260-00000ad9",
        "ChannelState": "6",
        "ChannelStateDesc": "Up",
        "ConnectedLineName": "CID:260",
        "ConnectedLineNum": "115",
        "Context": "from-internal",
        "Event": "Hangup",
        "Exten": "h",
        "Language": "pr2",
        "Linkedid": "1750832134.40359",
        "Priority": "1",
        "Privilege": "call,all",
        "Uniqueid": "1750832134.40359"
    },
    "start_time": "2025-06-25T09:44:44",
    "status": "answered",
    "timestamp": "2025-06-25T09:47:41",
    "type": "call_summary",
    "uniqueid": "1750832134.40359"
}

{
    "call_type": "",
    "caller_id_name": "260-SUP",
    "caller_id_num": "260",
    "channel": "SIP/260-00000b50",
    "connected_line_name": "<unknown>",
    "connected_line_num": "<unknown>",
    "direction": "",
    "end_time": "",
    "extension_number": "260",
    "has_ringing": false,
    "linkedid": "1750833403.41718",
    "other_extension_number": "",
    "start_time": "2025-06-25T10:05:50",
    "status": "initiated",
    "timestamp": "2025-06-25T10:05:50",
    "type": "call_started",
    "uniqueid": "1750833403.41721"
}

{
    "channel": "SIP/260-00000b50",
    "privilege": "call,all",
    "timestamp": "2025-06-25T10:05:51",
    "type": "call_ringing",
    "uniqueid": "1750833403.41721"
}

{
    "call_type": "internal",
    "caller_id_name": "260-SUP",
    "caller_id_num": "260",
    "cause": "16",
    "cause_description": "",
    "cause_txt": "",
    "channel": "SIP/260-00000b50",
    "connected_line_name": "<unknown>",
    "connected_line_num": "<unknown>",
    "direction": "in",
    "end_time": "2025-06-25T10:06:10",
    "extension_number": "260",
    "has_ringing": true,
    "linkedid": "1750833403.41718",
    "other_extension_number": "150",
    "raw_event": {
        "AccountCode": "",
        "CallerIDName": "260-SUP",
        "CallerIDNum": "260",
        "Cause": "16",
        "Cause-txt": "Normal Clearing",
        "Channel": "SIP/260-00000b50",
        "ChannelState": "5",
        "ChannelStateDesc": "Ringing",
        "ConnectedLineName": "150-SAL8",
        "ConnectedLineNum": "150",
        "Context": "from-internal",
        "Event": "Hangup",
        "Exten": "260",
        "Language": "pr2",
        "Linkedid": "1750833403.41718",
        "Priority": "1",
        "Privilege": "call,all",
        "Uniqueid": "1750833403.41721"
    },
    "start_time": "2025-06-25T10:05:50",
    "status": "ringing",
    "timestamp": "2025-06-25T10:06:10",
    "type": "call_ended",
    "uniqueid": "1750833403.41721"
}

{
    "call_duration": 19,
    "call_type": "internal",
    "caller_id_name": "260-SUP",
    "caller_id_num": "260",
    "cause": "16",
    "cause_description": "",
    "cause_txt": "",
    "channel": "SIP/260-00000b50",
    "connected_line_name": "<unknown>",
    "connected_line_num": "<unknown>",
    "direction": "in",
    "end_time": "2025-06-25T10:06:10",
    "extension_number": "260",
    "has_ringing": true,
    "linkedid": "1750833403.41718",
    "other_extension_number": "150",
    "raw_event": {
        "AccountCode": "",
        "CallerIDName": "260-SUP",
        "CallerIDNum": "260",
        "Cause": "16",
        "Cause-txt": "Normal Clearing",
        "Channel": "SIP/260-00000b50",
        "ChannelState": "5",
        "ChannelStateDesc": "Ringing",
        "ConnectedLineName": "150-SAL8",
        "ConnectedLineNum": "150",
        "Context": "from-internal",
        "Event": "Hangup",
        "Exten": "260",
        "Language": "pr2",
        "Linkedid": "1750833403.41718",
        "Priority": "1",
        "Privilege": "call,all",
        "Uniqueid": "1750833403.41721"
    },
    "start_time": "2025-06-25T10:05:50",
    "status": "ringing",
    "timestamp": "2025-06-25T10:06:10",
    "type": "call_summary",
    "uniqueid": "1750833403.41721"
}

{
    "call_type": "",
    "caller_id_name": "260-SUP",
    "caller_id_num": "260",
    "channel": "SIP/260-00000bb5",
    "connected_line_name": "<unknown>",
    "connected_line_num": "<unknown>",
    "direction": "",
    "end_time": "",
    "extension_number": "260",
    "has_ringing": false,
    "linkedid": "1750833975.42800",
    "other_extension_number": "",
    "start_time": "2025-06-25T10:15:22",
    "status": "initiated",
    "timestamp": "2025-06-25T10:15:22",
    "type": "call_started",
    "uniqueid": "1750833975.42803"
}

{
    "channel": "SIP/260-00000bb5",
    "privilege": "call,all",
    "timestamp": "2025-06-25T10:15:22",
    "type": "call_ringing",
    "uniqueid": "1750833975.42803"
}

{
    "channel": "SIP/260-00000bb5",
    "privilege": "call,all",
    "timestamp": "2025-06-25T10:15:24",
    "type": "call_answered",
    "uniqueid": "1750833975.42803"
}

{
    "call_type": "internal",
    "caller_id_name": "260-SUP",
    "caller_id_num": "260",
    "cause": "16",
    "cause_description": "",
    "cause_txt": "",
    "channel": "SIP/260-00000bb5",
    "connected_line_name": "<unknown>",
    "connected_line_num": "<unknown>",
    "direction": "in",
    "end_time": "2025-06-25T10:16:52",
    "extension_number": "260",
    "has_ringing": true,
    "linkedid": "1750833975.42800",
    "other_extension_number": "280",
    "raw_event": {
        "AccountCode": "",
        "CallerIDName": "260-SUP",
        "CallerIDNum": "260",
        "Cause": "16",
        "Cause-txt": "Normal Clearing",
        "Channel": "SIP/260-00000bb5",
        "ChannelState": "6",
        "ChannelStateDesc": "Up",
        "ConnectedLineName": "280-SUP",
        "ConnectedLineNum": "280",
        "Context": "from-internal",
        "Event": "Hangup",
        "Exten": "",
        "Language": "pr2",
        "Linkedid": "1750833975.42800",
        "Priority": "1",
        "Privilege": "call,all",
        "Uniqueid": "1750833975.42803"
    },
    "start_time": "2025-06-25T10:15:24",
    "status": "answered",
    "timestamp": "2025-06-25T10:16:52",
    "type": "call_ended",
    "uniqueid": "1750833975.42803"
}

{
    "call_duration": 88,
    "call_type": "internal",
    "caller_id_name": "260-SUP",
    "caller_id_num": "260",
    "cause": "16",
    "cause_description": "",
    "cause_txt": "",
    "channel": "SIP/260-00000bb5",
    "connected_line_name": "<unknown>",
    "connected_line_num": "<unknown>",
    "direction": "in",
    "end_time": "2025-06-25T10:16:52",
    "extension_number": "260",
    "has_ringing": true,
    "linkedid": "1750833975.42800",
    "other_extension_number": "280",
    "raw_event": {
        "AccountCode": "",
        "CallerIDName": "260-SUP",
        "CallerIDNum": "260",
        "Cause": "16",
        "Cause-txt": "Normal Clearing",
        "Channel": "SIP/260-00000bb5",
        "ChannelState": "6",
        "ChannelStateDesc": "Up",
        "ConnectedLineName": "280-SUP",
        "ConnectedLineNum": "280",
        "Context": "from-internal",
        "Event": "Hangup",
        "Exten": "",
        "Language": "pr2",
        "Linkedid": "1750833975.42800",
        "Priority": "1",
        "Privilege": "call,all",
        "Uniqueid": "1750833975.42803"
    },
    "start_time": "2025-06-25T10:15:24",
    "status": "answered",
    "timestamp": "2025-06-25T10:16:52",
    "type": "call_summary",
    "uniqueid": "1750833975.42803"
}

{
    "call_type": "",
    "caller_id_name": "260-SUP",
    "caller_id_num": "260",
    "channel": "SIP/260-00000c1a",
    "connected_line_name": "<unknown>",
    "connected_line_num": "<unknown>",
    "direction": "",
    "end_time": "",
    "extension_number": "260",
    "has_ringing": false,
    "linkedid": "1750834659.44816",
    "other_extension_number": "",
    "start_time": "2025-06-25T10:26:47",
    "status": "initiated",
    "timestamp": "2025-06-25T10:26:47",
    "type": "call_started",
    "uniqueid": "1750834660.44819"
}

{
    "channel": "SIP/260-00000c1a",
    "privilege": "call,all",
    "timestamp": "2025-06-25T10:26:47",
    "type": "call_ringing",
    "uniqueid": "1750834660.44819"
}

{
    "call_type": "internal",
    "caller_id_name": "260-SUP",
    "caller_id_num": "260",
    "cause": "16",
    "cause_description": "",
    "cause_txt": "",
    "channel": "SIP/260-00000c1a",
    "connected_line_name": "<unknown>",
    "connected_line_num": "<unknown>",
    "direction": "in",
    "end_time": "2025-06-25T10:27:06",
    "extension_number": "260",
    "has_ringing": true,
    "linkedid": "1750834659.44816",
    "other_extension_number": "206",
    "raw_event": {
        "AccountCode": "",
        "CallerIDName": "260-SUP",
        "CallerIDNum": "260",
        "Cause": "16",
        "Cause-txt": "Normal Clearing",
        "Channel": "SIP/260-00000c1a",
        "ChannelState": "5",
        "ChannelStateDesc": "Ringing",
        "ConnectedLineName": "206-CEO2",
        "ConnectedLineNum": "206",
        "Context": "from-internal",
        "Event": "Hangup",
        "Exten": "260",
        "Language": "pr2",
        "Linkedid": "1750834659.44816",
        "Priority": "1",
        "Privilege": "call,all",
        "Uniqueid": "1750834660.44819"
    },
    "start_time": "2025-06-25T10:26:47",
    "status": "ringing",
    "timestamp": "2025-06-25T10:27:06",
    "type": "call_ended",
    "uniqueid": "1750834660.44819"
}

{
    "call_duration": 19,
    "call_type": "internal",
    "caller_id_name": "260-SUP",
    "caller_id_num": "260",
    "cause": "16",
    "cause_description": "",
    "cause_txt": "",
    "channel": "SIP/260-00000c1a",
    "connected_line_name": "<unknown>",
    "connected_line_num": "<unknown>",
    "direction": "in",
    "end_time": "2025-06-25T10:27:06",
    "extension_number": "260",
    "has_ringing": true,
    "linkedid": "1750834659.44816",
    "other_extension_number": "206",
    "raw_event": {
        "AccountCode": "",
        "CallerIDName": "260-SUP",
        "CallerIDNum": "260",
        "Cause": "16",
        "Cause-txt": "Normal Clearing",
        "Channel": "SIP/260-00000c1a",
        "ChannelState": "5",
        "ChannelStateDesc": "Ringing",
        "ConnectedLineName": "206-CEO2",
        "ConnectedLineNum": "206",
        "Context": "from-internal",
        "Event": "Hangup",
        "Exten": "260",
        "Language": "pr2",
        "Linkedid": "1750834659.44816",
        "Priority": "1",
        "Privilege": "call,all",
        "Uniqueid": "1750834660.44819"
    },
    "start_time": "2025-06-25T10:26:47",
    "status": "ringing",
    "timestamp": "2025-06-25T10:27:06",
    "type": "call_summary",
    "uniqueid": "1750834660.44819"
}

{
    "call_type": "",
    "caller_id_name": "260-SUP",
    "caller_id_num": "260",
    "channel": "SIP/260-00000cb2",
    "connected_line_name": "<unknown>",
    "connected_line_num": "<unknown>",
    "direction": "",
    "end_time": "",
    "extension_number": "260",
    "has_ringing": false,
    "linkedid": "1750835660.46606",
    "other_extension_number": "",
    "start_time": "2025-06-25T10:43:26",
    "status": "initiated",
    "timestamp": "2025-06-25T10:43:26",
    "type": "call_started",
    "uniqueid": "1750835660.46606"
}

{
    "call_type": "internal",
    "caller_id_name": "260-SUP",
    "caller_id_num": "260",
    "cause": "16",
    "cause_description": "",
    "cause_txt": "",
    "channel": "SIP/260-00000cb2",
    "connected_line_name": "<unknown>",
    "connected_line_num": "<unknown>",
    "direction": "out",
    "end_time": "2025-06-25T10:43:41",
    "extension_number": "260",
    "has_ringing": false,
    "linkedid": "1750835660.46606",
    "other_extension_number": "206",
    "raw_event": {
        "AccountCode": "",
        "CallerIDName": "260-SUP",
        "CallerIDNum": "260",
        "Cause": "16",
        "Cause-txt": "Normal Clearing",
        "Channel": "SIP/260-00000cb2",
        "ChannelState": "4",
        "ChannelStateDesc": "Ring",
        "ConnectedLineName": "206-CEO2",
        "ConnectedLineNum": "206",
        "Context": "from-internal",
        "Event": "Hangup",
        "Exten": "h",
        "Language": "pr2",
        "Linkedid": "1750835660.46606",
        "Priority": "1",
        "Privilege": "call,all",
        "Uniqueid": "1750835660.46606"
    },
    "start_time": "2025-06-25T10:43:26",
    "status": "initiated",
    "timestamp": "2025-06-25T10:43:41",
    "type": "call_ended",
    "uniqueid": "1750835660.46606"
}

{
    "call_duration": 15,
    "call_type": "internal",
    "caller_id_name": "260-SUP",
    "caller_id_num": "260",
    "cause": "16",
    "cause_description": "",
    "cause_txt": "",
    "channel": "SIP/260-00000cb2",
    "connected_line_name": "<unknown>",
    "connected_line_num": "<unknown>",
    "direction": "out",
    "end_time": "2025-06-25T10:43:41",
    "extension_number": "260",
    "has_ringing": false,
    "linkedid": "1750835660.46606",
    "other_extension_number": "206",
    "raw_event": {
        "AccountCode": "",
        "CallerIDName": "260-SUP",
        "CallerIDNum": "260",
        "Cause": "16",
        "Cause-txt": "Normal Clearing",
        "Channel": "SIP/260-00000cb2",
        "ChannelState": "4",
        "ChannelStateDesc": "Ring",
        "ConnectedLineName": "206-CEO2",
        "ConnectedLineNum": "206",
        "Context": "from-internal",
        "Event": "Hangup",
        "Exten": "h",
        "Language": "pr2",
        "Linkedid": "1750835660.46606",
        "Priority": "1",
        "Privilege": "call,all",
        "Uniqueid": "1750835660.46606"
    },
    "start_time": "2025-06-25T10:43:26",
    "status": "initiated",
    "timestamp": "2025-06-25T10:43:41",
    "type": "call_summary",
    "uniqueid": "1750835660.46606"
}

{
    "call_type": "",
    "caller_id_name": "260-SUP",
    "caller_id_num": "260",
    "channel": "SIP/260-00000cf4",
    "connected_line_name": "<unknown>",
    "connected_line_num": "<unknown>",
    "direction": "",
    "end_time": "",
    "extension_number": "260",
    "has_ringing": false,
    "linkedid": "1750836235.47318",
    "other_extension_number": "",
    "start_time": "2025-06-25T10:53:01",
    "status": "initiated",
    "timestamp": "2025-06-25T10:53:01",
    "type": "call_started",
    "uniqueid": "1750836235.47318"
}

{
    "channel": "SIP/260-00000cf4",
    "privilege": "call,all",
    "timestamp": "2025-06-25T10:53:22",
    "type": "call_answered",
    "uniqueid": "1750836235.47318"
}

{
    "call_type": "internal",
    "caller_id_name": "260-SUP",
    "caller_id_num": "260",
    "cause": "0",
    "cause_description": "",
    "cause_txt": "",
    "channel": "SIP/260-00000cf4",
    "connected_line_name": "<unknown>",
    "connected_line_num": "<unknown>",
    "direction": "out",
    "end_time": "2025-06-25T10:53:23",
    "extension_number": "260",
    "has_ringing": false,
    "linkedid": "1750836235.47318",
    "other_extension_number": "323",
    "raw_event": {
        "AccountCode": "",
        "CallerIDName": "260-SUP",
        "CallerIDNum": "260",
        "Cause": "0",
        "Cause-txt": "Unknown",
        "Channel": "SIP/260-00000cf4",
        "ChannelState": "6",
        "ChannelStateDesc": "Up",
        "ConnectedLineName": "323-WHS3",
        "ConnectedLineNum": "323",
        "Context": "app-announcement-4",
        "Event": "Hangup",
        "Exten": "s",
        "Language": "pr2",
        "Linkedid": "1750836235.47318",
        "Priority": "5",
        "Privilege": "call,all",
        "Uniqueid": "1750836235.47318"
    },
    "start_time": "2025-06-25T10:53:22",
    "status": "answered",
    "timestamp": "2025-06-25T10:53:23",
    "type": "call_ended",
    "uniqueid": "1750836235.47318"
}

{
    "call_duration": 1,
    "call_type": "internal",
    "caller_id_name": "260-SUP",
    "caller_id_num": "260",
    "cause": "0",
    "cause_description": "",
    "cause_txt": "",
    "channel": "SIP/260-00000cf4",
    "connected_line_name": "<unknown>",
    "connected_line_num": "<unknown>",
    "direction": "out",
    "end_time": "2025-06-25T10:53:23",
    "extension_number": "260",
    "has_ringing": false,
    "linkedid": "1750836235.47318",
    "other_extension_number": "323",
    "raw_event": {
        "AccountCode": "",
        "CallerIDName": "260-SUP",
        "CallerIDNum": "260",
        "Cause": "0",
        "Cause-txt": "Unknown",
        "Channel": "SIP/260-00000cf4",
        "ChannelState": "6",
        "ChannelStateDesc": "Up",
        "ConnectedLineName": "323-WHS3",
        "ConnectedLineNum": "323",
        "Context": "app-announcement-4",
        "Event": "Hangup",
        "Exten": "s",
        "Language": "pr2",
        "Linkedid": "1750836235.47318",
        "Priority": "5",
        "Privilege": "call,all",
        "Uniqueid": "1750836235.47318"
    },
    "start_time": "2025-06-25T10:53:22",
    "status": "answered",
    "timestamp": "2025-06-25T10:53:23",
    "type": "call_summary",
    "uniqueid": "1750836235.47318"
}

{
    "call_type": "",
    "caller_id_name": "260-SUP",
    "caller_id_num": "260",
    "channel": "SIP/260-00000d15",
    "connected_line_name": "<unknown>",
    "connected_line_num": "<unknown>",
    "direction": "",
    "end_time": "",
    "extension_number": "260",
    "has_ringing": false,
    "linkedid": "1750836460.47689",
    "other_extension_number": "",
    "start_time": "2025-06-25T10:56:46",
    "status": "initiated",
    "timestamp": "2025-06-25T10:56:46",
    "type": "call_started",
    "uniqueid": "1750836460.47689"
}

{
    "channel": "SIP/260-00000d15",
    "privilege": "call,all",
    "timestamp": "2025-06-25T10:56:47",
    "type": "call_answered",
    "uniqueid": "1750836460.47689"
}

{
    "call_type": "external",
    "caller_id_name": "260-SUP",
    "caller_id_num": "260",
    "cause": "0",
    "cause_description": "",
    "cause_txt": "",
    "channel": "SIP/260-00000d15",
    "connected_line_name": "<unknown>",
    "connected_line_num": "<unknown>",
    "direction": "out",
    "end_time": "2025-06-25T10:56:52",
    "extension_number": "260",
    "has_ringing": false,
    "linkedid": "1750836460.47689",
    "other_extension_number": "<unknown>",
    "raw_event": {
        "AccountCode": "",
        "CallerIDName": "260-SUP",
        "CallerIDNum": "260",
        "Cause": "0",
        "Cause-txt": "Unknown",
        "Channel": "SIP/260-00000d15",
        "ChannelState": "6",
        "ChannelStateDesc": "Up",
        "ConnectedLineName": "<unknown>",
        "ConnectedLineNum": "<unknown>",
        "Context": "app-announcement-2",
        "Event": "Hangup",
        "Exten": "s",
        "Language": "pr2",
        "Linkedid": "1750836460.47689",
        "Priority": "5",
        "Privilege": "call,all",
        "Uniqueid": "1750836460.47689"
    },
    "start_time": "2025-06-25T10:56:47",
    "status": "answered",
    "timestamp": "2025-06-25T10:56:52",
    "type": "call_ended",
    "uniqueid": "1750836460.47689"
}

{
    "call_duration": 5,
    "call_type": "external",
    "caller_id_name": "260-SUP",
    "caller_id_num": "260",
    "cause": "0",
    "cause_description": "",
    "cause_txt": "",
    "channel": "SIP/260-00000d15",
    "connected_line_name": "<unknown>",
    "connected_line_num": "<unknown>",
    "direction": "out",
    "end_time": "2025-06-25T10:56:52",
    "extension_number": "260",
    "has_ringing": false,
    "linkedid": "1750836460.47689",
    "other_extension_number": "<unknown>",
    "raw_event": {
        "AccountCode": "",
        "CallerIDName": "260-SUP",
        "CallerIDNum": "260",
        "Cause": "0",
        "Cause-txt": "Unknown",
        "Channel": "SIP/260-00000d15",
        "ChannelState": "6",
        "ChannelStateDesc": "Up",
        "ConnectedLineName": "<unknown>",
        "ConnectedLineNum": "<unknown>",
        "Context": "app-announcement-2",
        "Event": "Hangup",
        "Exten": "s",
        "Language": "pr2",
        "Linkedid": "1750836460.47689",
        "Priority": "5",
        "Privilege": "call,all",
        "Uniqueid": "1750836460.47689"
    },
    "start_time": "2025-06-25T10:56:47",
    "status": "answered",
    "timestamp": "2025-06-25T10:56:52",
    "type": "call_summary",
    "uniqueid": "1750836460.47689"
}

{
    "call_type": "",
    "caller_id_name": "260-SUP",
    "caller_id_num": "260",
    "channel": "SIP/260-00000db4",
    "connected_line_name": "<unknown>",
    "connected_line_num": "<unknown>",
    "direction": "",
    "end_time": "",
    "extension_number": "260",
    "has_ringing": false,
    "linkedid": "1750837851.50511",
    "other_extension_number": "",
    "start_time": "2025-06-25T11:19:58",
    "status": "initiated",
    "timestamp": "2025-06-25T11:19:58",
    "type": "call_started",
    "uniqueid": "1750837851.50514"
}

{
    "channel": "SIP/260-00000db4",
    "privilege": "call,all",
    "timestamp": "2025-06-25T11:19:58",
    "type": "call_ringing",
    "uniqueid": "1750837851.50514"
}

{
    "channel": "SIP/260-00000db4",
    "privilege": "call,all",
    "timestamp": "2025-06-25T11:20:05",
    "type": "call_answered",
    "uniqueid": "1750837851.50514"
}

{
    "call_type": "internal",
    "caller_id_name": "260-SUP",
    "caller_id_num": "260",
    "cause": "16",
    "cause_description": "",
    "cause_txt": "",
    "channel": "SIP/260-00000db4",
    "connected_line_name": "<unknown>",
    "connected_line_num": "<unknown>",
    "direction": "in",
    "end_time": "2025-06-25T11:20:45",
    "extension_number": "260",
    "has_ringing": true,
    "linkedid": "1750837851.50511",
    "other_extension_number": "256",
    "raw_event": {
        "AccountCode": "",
        "CallerIDName": "260-SUP",
        "CallerIDNum": "260",
        "Cause": "16",
        "Cause-txt": "Normal Clearing",
        "Channel": "SIP/260-00000db4",
        "ChannelState": "6",
        "ChannelStateDesc": "Up",
        "ConnectedLineName": "256-SUP6",
        "ConnectedLineNum": "256",
        "Context": "from-internal",
        "Event": "Hangup",
        "Exten": "",
        "Language": "pr2",
        "Linkedid": "1750837851.50511",
        "Priority": "1",
        "Privilege": "call,all",
        "Uniqueid": "1750837851.50514"
    },
    "start_time": "2025-06-25T11:20:05",
    "status": "answered",
    "timestamp": "2025-06-25T11:20:45",
    "type": "call_ended",
    "uniqueid": "1750837851.50514"
}

{
    "call_duration": 40,
    "call_type": "internal",
    "caller_id_name": "260-SUP",
    "caller_id_num": "260",
    "cause": "16",
    "cause_description": "",
    "cause_txt": "",
    "channel": "SIP/260-00000db4",
    "connected_line_name": "<unknown>",
    "connected_line_num": "<unknown>",
    "direction": "in",
    "end_time": "2025-06-25T11:20:45",
    "extension_number": "260",
    "has_ringing": true,
    "linkedid": "1750837851.50511",
    "other_extension_number": "256",
    "raw_event": {
        "AccountCode": "",
        "CallerIDName": "260-SUP",
        "CallerIDNum": "260",
        "Cause": "16",
        "Cause-txt": "Normal Clearing",
        "Channel": "SIP/260-00000db4",
        "ChannelState": "6",
        "ChannelStateDesc": "Up",
        "ConnectedLineName": "256-SUP6",
        "ConnectedLineNum": "256",
        "Context": "from-internal",
        "Event": "Hangup",
        "Exten": "",
        "Language": "pr2",
        "Linkedid": "1750837851.50511",
        "Priority": "1",
        "Privilege": "call,all",
        "Uniqueid": "1750837851.50514"
    },
    "start_time": "2025-06-25T11:20:05",
    "status": "answered",
    "timestamp": "2025-06-25T11:20:45",
    "type": "call_summary",
    "uniqueid": "1750837851.50514"
}

{
    "call_type": "",
    "caller_id_name": "260-SUP",
    "caller_id_num": "260",
    "channel": "SIP/260-00000e81",
    "connected_line_name": "<unknown>",
    "connected_line_num": "<unknown>",
    "direction": "",
    "end_time": "",
    "extension_number": "260",
    "has_ringing": false,
    "linkedid": "1750839497.52901",
    "other_extension_number": "",
    "start_time": "2025-06-25T11:47:24",
    "status": "initiated",
    "timestamp": "2025-06-25T11:47:24",
    "type": "call_started",
    "uniqueid": "1750839497.52901"
}

{
    "channel": "SIP/260-00000e81",
    "privilege": "call,all",
    "timestamp": "2025-06-25T11:47:35",
    "type": "call_answered",
    "uniqueid": "1750839497.52901"
}

{
    "call_type": "internal",
    "caller_id_name": "260-SUP",
    "caller_id_num": "260",
    "cause": "16",
    "cause_description": "",
    "cause_txt": "",
    "channel": "SIP/260-00000e81",
    "connected_line_name": "<unknown>",
    "connected_line_num": "<unknown>",
    "direction": "out",
    "end_time": "2025-06-25T11:48:36",
    "extension_number": "260",
    "has_ringing": false,
    "linkedid": "1750839497.52901",
    "other_extension_number": "513",
    "raw_event": {
        "AccountCode": "",
        "CallerIDName": "260-SUP",
        "CallerIDNum": "260",
        "Cause": "16",
        "Cause-txt": "Normal Clearing",
        "Channel": "SIP/260-00000e81",
        "ChannelState": "6",
        "ChannelStateDesc": "Up",
        "ConnectedLineName": "513-ICT4",
        "ConnectedLineNum": "513",
        "Context": "ext-local",
        "Event": "Hangup",
        "Exten": "h",
        "Language": "pr2",
        "Linkedid": "1750839497.52901",
        "Priority": "1",
        "Privilege": "call,all",
        "Uniqueid": "1750839497.52901"
    },
    "start_time": "2025-06-25T11:47:35",
    "status": "answered",
    "timestamp": "2025-06-25T11:48:36",
    "type": "call_ended",
    "uniqueid": "1750839497.52901"
}

{
    "call_duration": 61,
    "call_type": "internal",
    "caller_id_name": "260-SUP",
    "caller_id_num": "260",
    "cause": "16",
    "cause_description": "",
    "cause_txt": "",
    "channel": "SIP/260-00000e81",
    "connected_line_name": "<unknown>",
    "connected_line_num": "<unknown>",
    "direction": "out",
    "end_time": "2025-06-25T11:48:36",
    "extension_number": "260",
    "has_ringing": false,
    "linkedid": "1750839497.52901",
    "other_extension_number": "513",
    "raw_event": {
        "AccountCode": "",
        "CallerIDName": "260-SUP",
        "CallerIDNum": "260",
        "Cause": "16",
        "Cause-txt": "Normal Clearing",
        "Channel": "SIP/260-00000e81",
        "ChannelState": "6",
        "ChannelStateDesc": "Up",
        "ConnectedLineName": "513-ICT4",
        "ConnectedLineNum": "513",
        "Context": "ext-local",
        "Event": "Hangup",
        "Exten": "h",
        "Language": "pr2",
        "Linkedid": "1750839497.52901",
        "Priority": "1",
        "Privilege": "call,all",
        "Uniqueid": "1750839497.52901"
    },
    "start_time": "2025-06-25T11:47:35",
    "status": "answered",
    "timestamp": "2025-06-25T11:48:36",
    "type": "call_summary",
    "uniqueid": "1750839497.52901"
}

{
    "call_type": "",
    "caller_id_name": "260-SUP",
    "caller_id_num": "260",
    "channel": "SIP/260-00000f20",
    "connected_line_name": "<unknown>",
    "connected_line_num": "<unknown>",
    "direction": "",
    "end_time": "",
    "extension_number": "260",
    "has_ringing": false,
    "linkedid": "1750840438.54854",
    "other_extension_number": "",
    "start_time": "2025-06-25T12:03:05",
    "status": "initiated",
    "timestamp": "2025-06-25T12:03:05",
    "type": "call_started",
    "uniqueid": "1750840438.54857"
}

{
    "channel": "SIP/260-00000f20",
    "privilege": "call,all",
    "timestamp": "2025-06-25T12:03:05",
    "type": "call_ringing",
    "uniqueid": "1750840438.54857"
}

{
    "channel": "SIP/260-00000f20",
    "privilege": "call,all",
    "timestamp": "2025-06-25T12:03:08",
    "type": "call_answered",
    "uniqueid": "1750840438.54857"
}

{
    "call_type": "internal",
    "caller_id_name": "260-SUP",
    "caller_id_num": "260",
    "cause": "16",
    "cause_description": "",
    "cause_txt": "",
    "channel": "SIP/260-00000f20",
    "connected_line_name": "<unknown>",
    "connected_line_num": "<unknown>",
    "direction": "in",
    "end_time": "2025-06-25T12:04:03",
    "extension_number": "260",
    "has_ringing": true,
    "linkedid": "1750840438.54854",
    "other_extension_number": "323",
    "raw_event": {
        "AccountCode": "",
        "CallerIDName": "260-SUP",
        "CallerIDNum": "260",
        "Cause": "16",
        "Cause-txt": "Normal Clearing",
        "Channel": "SIP/260-00000f20",
        "ChannelState": "6",
        "ChannelStateDesc": "Up",
        "ConnectedLineName": "323-WHS3",
        "ConnectedLineNum": "323",
        "Context": "from-internal",
        "Event": "Hangup",
        "Exten": "",
        "Language": "pr2",
        "Linkedid": "1750840438.54854",
        "Priority": "1",
        "Privilege": "call,all",
        "Uniqueid": "1750840438.54857"
    },
    "start_time": "2025-06-25T12:03:08",
    "status": "answered",
    "timestamp": "2025-06-25T12:04:03",
    "type": "call_ended",
    "uniqueid": "1750840438.54857"
}

{
    "call_duration": 55,
    "call_type": "internal",
    "caller_id_name": "260-SUP",
    "caller_id_num": "260",
    "cause": "16",
    "cause_description": "",
    "cause_txt": "",
    "channel": "SIP/260-00000f20",
    "connected_line_name": "<unknown>",
    "connected_line_num": "<unknown>",
    "direction": "in",
    "end_time": "2025-06-25T12:04:03",
    "extension_number": "260",
    "has_ringing": true,
    "linkedid": "1750840438.54854",
    "other_extension_number": "323",
    "raw_event": {
        "AccountCode": "",
        "CallerIDName": "260-SUP",
        "CallerIDNum": "260",
        "Cause": "16",
        "Cause-txt": "Normal Clearing",
        "Channel": "SIP/260-00000f20",
        "ChannelState": "6",
        "ChannelStateDesc": "Up",
        "ConnectedLineName": "323-WHS3",
        "ConnectedLineNum": "323",
        "Context": "from-internal",
        "Event": "Hangup",
        "Exten": "",
        "Language": "pr2",
        "Linkedid": "1750840438.54854",
        "Priority": "1",
        "Privilege": "call,all",
        "Uniqueid": "1750840438.54857"
    },
    "start_time": "2025-06-25T12:03:08",
    "status": "answered",
    "timestamp": "2025-06-25T12:04:03",
    "type": "call_summary",
    "uniqueid": "1750840438.54857"
}

{
    "call_type": "",
    "caller_id_name": "260-SUP",
    "caller_id_num": "260",
    "channel": "SIP/260-00000f81",
    "connected_line_name": "<unknown>",
    "connected_line_num": "<unknown>",
    "direction": "",
    "end_time": "",
    "extension_number": "260",
    "has_ringing": false,
    "linkedid": "1750841159.55981",
    "other_extension_number": "",
    "start_time": "2025-06-25T12:15:06",
    "status": "initiated",
    "timestamp": "2025-06-25T12:15:06",
    "type": "call_started",
    "uniqueid": "1750841159.55984"
}

{
    "channel": "SIP/260-00000f81",
    "privilege": "call,all",
    "timestamp": "2025-06-25T12:15:06",
    "type": "call_ringing",
    "uniqueid": "1750841159.55984"
}

{
    "channel": "SIP/260-00000f81",
    "privilege": "call,all",
    "timestamp": "2025-06-25T12:15:14",
    "type": "call_answered",
    "uniqueid": "1750841159.55984"
}

{
    "call_type": "internal",
    "caller_id_name": "260-SUP",
    "caller_id_num": "260",
    "cause": "16",
    "cause_description": "",
    "cause_txt": "",
    "channel": "SIP/260-00000f81",
    "connected_line_name": "<unknown>",
    "connected_line_num": "<unknown>",
    "direction": "in",
    "end_time": "2025-06-25T12:16:59",
    "extension_number": "260",
    "has_ringing": true,
    "linkedid": "1750841159.55981",
    "other_extension_number": "100",
    "raw_event": {
        "AccountCode": "",
        "CallerIDName": "260-SUP",
        "CallerIDNum": "260",
        "Cause": "16",
        "Cause-txt": "Normal Clearing",
        "Channel": "SIP/260-00000f81",
        "ChannelState": "6",
        "ChannelStateDesc": "Up",
        "ConnectedLineName": "100-SAL",
        "ConnectedLineNum": "100",
        "Context": "from-internal",
        "Event": "Hangup",
        "Exten": "",
        "Language": "pr2",
        "Linkedid": "1750841159.55981",
        "Priority": "1",
        "Privilege": "call,all",
        "Uniqueid": "1750841159.55984"
    },
    "start_time": "2025-06-25T12:15:14",
    "status": "answered",
    "timestamp": "2025-06-25T12:16:59",
    "type": "call_ended",
    "uniqueid": "1750841159.55984"
}

{
    "call_duration": 105,
    "call_type": "internal",
    "caller_id_name": "260-SUP",
    "caller_id_num": "260",
    "cause": "16",
    "cause_description": "",
    "cause_txt": "",
    "channel": "SIP/260-00000f81",
    "connected_line_name": "<unknown>",
    "connected_line_num": "<unknown>",
    "direction": "in",
    "end_time": "2025-06-25T12:16:59",
    "extension_number": "260",
    "has_ringing": true,
    "linkedid": "1750841159.55981",
    "other_extension_number": "100",
    "raw_event": {
        "AccountCode": "",
        "CallerIDName": "260-SUP",
        "CallerIDNum": "260",
        "Cause": "16",
        "Cause-txt": "Normal Clearing",
        "Channel": "SIP/260-00000f81",
        "ChannelState": "6",
        "ChannelStateDesc": "Up",
        "ConnectedLineName": "100-SAL",
        "ConnectedLineNum": "100",
        "Context": "from-internal",
        "Event": "Hangup",
        "Exten": "",
        "Language": "pr2",
        "Linkedid": "1750841159.55981",
        "Priority": "1",
        "Privilege": "call,all",
        "Uniqueid": "1750841159.55984"
    },
    "start_time": "2025-06-25T12:15:14",
    "status": "answered",
    "timestamp": "2025-06-25T12:16:59",
    "type": "call_summary",
    "uniqueid": "1750841159.55984"
}

{
    "call_type": "",
    "caller_id_name": "260-SUP",
    "caller_id_num": "260",
    "channel": "SIP/260-00000fd0",
    "connected_line_name": "<unknown>",
    "connected_line_num": "<unknown>",
    "direction": "",
    "end_time": "",
    "extension_number": "260",
    "has_ringing": false,
    "linkedid": "1750841670.56832",
    "other_extension_number": "",
    "start_time": "2025-06-25T12:23:37",
    "status": "initiated",
    "timestamp": "2025-06-25T12:23:37",
    "type": "call_started",
    "uniqueid": "1750841670.56835"
}

{
    "channel": "SIP/260-00000fd0",
    "privilege": "call,all",
    "timestamp": "2025-06-25T12:23:37",
    "type": "call_ringing",
    "uniqueid": "1750841670.56835"
}

{
    "channel": "SIP/260-00000fd0",
    "privilege": "call,all",
    "timestamp": "2025-06-25T12:23:50",
    "type": "call_answered",
    "uniqueid": "1750841670.56835"
}

{
    "call_type": "internal",
    "caller_id_name": "260-SUP",
    "caller_id_num": "260",
    "cause": "16",
    "cause_description": "",
    "cause_txt": "",
    "channel": "SIP/260-00000fd0",
    "connected_line_name": "<unknown>",
    "connected_line_num": "<unknown>",
    "direction": "in",
    "end_time": "2025-06-25T12:24:48",
    "extension_number": "260",
    "has_ringing": true,
    "linkedid": "1750841670.56832",
    "other_extension_number": "365",
    "raw_event": {
        "AccountCode": "",
        "CallerIDName": "260-SUP",
        "CallerIDNum": "260",
        "Cause": "16",
        "Cause-txt": "Normal Clearing",
        "Channel": "SIP/260-00000fd0",
        "ChannelState": "6",
        "ChannelStateDesc": "Up",
        "ConnectedLineName": "365-TE6",
        "ConnectedLineNum": "365",
        "Context": "from-internal",
        "Event": "Hangup",
        "Exten": "",
        "Language": "pr2",
        "Linkedid": "1750841670.56832",
        "Priority": "1",
        "Privilege": "call,all",
        "Uniqueid": "1750841670.56835"
    },
    "start_time": "2025-06-25T12:23:50",
    "status": "answered",
    "timestamp": "2025-06-25T12:24:48",
    "type": "call_ended",
    "uniqueid": "1750841670.56835"
}

{
    "call_duration": 57,
    "call_type": "internal",
    "caller_id_name": "260-SUP",
    "caller_id_num": "260",
    "cause": "16",
    "cause_description": "",
    "cause_txt": "",
    "channel": "SIP/260-00000fd0",
    "connected_line_name": "<unknown>",
    "connected_line_num": "<unknown>",
    "direction": "in",
    "end_time": "2025-06-25T12:24:48",
    "extension_number": "260",
    "has_ringing": true,
    "linkedid": "1750841670.56832",
    "other_extension_number": "365",
    "raw_event": {
        "AccountCode": "",
        "CallerIDName": "260-SUP",
        "CallerIDNum": "260",
        "Cause": "16",
        "Cause-txt": "Normal Clearing",
        "Channel": "SIP/260-00000fd0",
        "ChannelState": "6",
        "ChannelStateDesc": "Up",
        "ConnectedLineName": "365-TE6",
        "ConnectedLineNum": "365",
        "Context": "from-internal",
        "Event": "Hangup",
        "Exten": "",
        "Language": "pr2",
        "Linkedid": "1750841670.56832",
        "Priority": "1",
        "Privilege": "call,all",
        "Uniqueid": "1750841670.56835"
    },
    "start_time": "2025-06-25T12:23:50",
    "status": "answered",
    "timestamp": "2025-06-25T12:24:48",
    "type": "call_summary",
    "uniqueid": "1750841670.56835"
}

{
    "call_type": "",
    "caller_id_name": "260-SUP",
    "caller_id_num": "260",
    "channel": "SIP/260-00000fed",
    "connected_line_name": "<unknown>",
    "connected_line_num": "<unknown>",
    "direction": "",
    "end_time": "",
    "extension_number": "260",
    "has_ringing": false,
    "linkedid": "1750841823.57198",
    "other_extension_number": "",
    "start_time": "2025-06-25T12:26:09",
    "status": "initiated",
    "timestamp": "2025-06-25T12:26:09",
    "type": "call_started",
    "uniqueid": "1750841823.57198"
}

{
    "channel": "SIP/260-00000fed",
    "privilege": "call,all",
    "timestamp": "2025-06-25T12:26:29",
    "type": "call_answered",
    "uniqueid": "1750841823.57198"
}

{
    "call_type": "internal",
    "caller_id_name": "260-SUP",
    "caller_id_num": "260",
    "cause": "0",
    "cause_description": "",
    "cause_txt": "",
    "channel": "SIP/260-00000fed",
    "connected_line_name": "<unknown>",
    "connected_line_num": "<unknown>",
    "direction": "out",
    "end_time": "2025-06-25T12:26:29",
    "extension_number": "260",
    "has_ringing": false,
    "linkedid": "1750841823.57198",
    "other_extension_number": "422",
    "raw_event": {
        "AccountCode": "",
        "CallerIDName": "260-SUP",
        "CallerIDNum": "260",
        "Cause": "0",
        "Cause-txt": "Unknown",
        "Channel": "SIP/260-00000fed",
        "ChannelState": "6",
        "ChannelStateDesc": "Up",
        "ConnectedLineName": "422-RD-STD1",
        "ConnectedLineNum": "422",
        "Context": "app-announcement-4",
        "Event": "Hangup",
        "Exten": "s",
        "Language": "pr2",
        "Linkedid": "1750841823.57198",
        "Priority": "3",
        "Privilege": "call,all",
        "Uniqueid": "1750841823.57198"
    },
    "start_time": "2025-06-25T12:26:29",
    "status": "answered",
    "timestamp": "2025-06-25T12:26:29",
    "type": "call_ended",
    "uniqueid": "1750841823.57198"
}

{
    "call_duration": 0,
    "call_type": "internal",
    "caller_id_name": "260-SUP",
    "caller_id_num": "260",
    "cause": "0",
    "cause_description": "",
    "cause_txt": "",
    "channel": "SIP/260-00000fed",
    "connected_line_name": "<unknown>",
    "connected_line_num": "<unknown>",
    "direction": "out",
    "end_time": "2025-06-25T12:26:29",
    "extension_number": "260",
    "has_ringing": false,
    "linkedid": "1750841823.57198",
    "other_extension_number": "422",
    "raw_event": {
        "AccountCode": "",
        "CallerIDName": "260-SUP",
        "CallerIDNum": "260",
        "Cause": "0",
        "Cause-txt": "Unknown",
        "Channel": "SIP/260-00000fed",
        "ChannelState": "6",
        "ChannelStateDesc": "Up",
        "ConnectedLineName": "422-RD-STD1",
        "ConnectedLineNum": "422",
        "Context": "app-announcement-4",
        "Event": "Hangup",
        "Exten": "s",
        "Language": "pr2",
        "Linkedid": "1750841823.57198",
        "Priority": "3",
        "Privilege": "call,all",
        "Uniqueid": "1750841823.57198"
    },
    "start_time": "2025-06-25T12:26:29",
    "status": "answered",
    "timestamp": "2025-06-25T12:26:29",
    "type": "call_summary",
    "uniqueid": "1750841823.57198"
}

{
    "extension": "260",
    "privilege": "call,all",
    "timestamp": "2025-06-25T13:23:16",
    "type": "monitor_initialized"
}

{
    "extension": "260",
    "privilege": "call,all",
    "timestamp": "2025-06-25T14:01:10",
    "type": "monitor_initialized"
}

{
    "extension": "260",
    "privilege": "call,all",
    "timestamp": "2025-06-25T14:07:32",
    "type": "monitor_initialized"
}

{
    "extension": "260",
    "privilege": "call,all",
    "timestamp": "2025-06-25T15:05:15",
    "type": "monitor_initialized"
}

{
    "call_type": "",
    "caller_id_name": "260-SUP",
    "caller_id_num": "260",
    "channel": "SIP/260-00001359",
    "connected_line_name": "<unknown>",
    "connected_line_num": "<unknown>",
    "direction": "",
    "end_time": "",
    "extension_number": "260",
    "has_ringing": false,
    "linkedid": "1750851449.67983",
    "other_extension_number": "",
    "start_time": "2025-06-25T15:06:36",
    "status": "initiated",
    "timestamp": "2025-06-25T15:06:36",
    "type": "call_started",
    "uniqueid": "1750851449.67986"
}

{
    "channel": "SIP/260-00001359",
    "privilege": "call,all",
    "timestamp": "2025-06-25T15:06:36",
    "type": "call_ringing",
    "uniqueid": "1750851449.67986"
}

{
    "channel": "SIP/260-00001359",
    "privilege": "call,all",
    "timestamp": "2025-06-25T15:06:39",
    "type": "call_answered",
    "uniqueid": "1750851449.67986"
}

{
    "call_type": "internal",
    "caller_id_name": "260-SUP",
    "caller_id_num": "260",
    "cause": "16",
    "cause_description": "",
    "cause_txt": "",
    "channel": "SIP/260-00001359",
    "connected_line_name": "<unknown>",
    "connected_line_num": "<unknown>",
    "direction": "in",
    "end_time": "2025-06-25T15:07:28",
    "extension_number": "260",
    "has_ringing": true,
    "linkedid": "1750851449.67983",
    "other_extension_number": "125",
    "raw_event": {
        "AccountCode": "",
        "CallerIDName": "260-SUP",
        "CallerIDNum": "260",
        "Cause": "16",
        "Cause-txt": "Normal Clearing",
        "Channel": "SIP/260-00001359",
        "ChannelState": "6",
        "ChannelStateDesc": "Up",
        "ConnectedLineName": "125-SAL16",
        "ConnectedLineNum": "125",
        "Context": "from-internal",
        "Event": "Hangup",
        "Exten": "",
        "Language": "pr2",
        "Linkedid": "1750851449.67983",
        "Priority": "1",
        "Privilege": "call,all",
        "Uniqueid": "1750851449.67986"
    },
    "start_time": "2025-06-25T15:06:39",
    "status": "answered",
    "timestamp": "2025-06-25T15:07:28",
    "type": "call_ended",
    "uniqueid": "1750851449.67986"
}

{
    "call_duration": 49,
    "call_type": "internal",
    "caller_id_name": "260-SUP",
    "caller_id_num": "260",
    "cause": "16",
    "cause_description": "",
    "cause_txt": "",
    "channel": "SIP/260-00001359",
    "connected_line_name": "<unknown>",
    "connected_line_num": "<unknown>",
    "direction": "in",
    "end_time": "2025-06-25T15:07:28",
    "extension_number": "260",
    "has_ringing": true,
    "linkedid": "1750851449.67983",
    "other_extension_number": "125",
    "raw_event": {
        "AccountCode": "",
        "CallerIDName": "260-SUP",
        "CallerIDNum": "260",
        "Cause": "16",
        "Cause-txt": "Normal Clearing",
        "Channel": "SIP/260-00001359",
        "ChannelState": "6",
        "ChannelStateDesc": "Up",
        "ConnectedLineName": "125-SAL16",
        "ConnectedLineNum": "125",
        "Context": "from-internal",
        "Event": "Hangup",
        "Exten": "",
        "Language": "pr2",
        "Linkedid": "1750851449.67983",
        "Priority": "1",
        "Privilege": "call,all",
        "Uniqueid": "1750851449.67986"
    },
    "start_time": "2025-06-25T15:06:39",
    "status": "answered",
    "timestamp": "2025-06-25T15:07:28",
    "type": "call_summary",
    "uniqueid": "1750851449.67986"
}

{
    "extension": "260",
    "privilege": "call,all",
    "timestamp": "2025-06-25T15:10:57",
    "type": "monitor_initialized"
}

{
    "extension": "260",
    "privilege": "call,all",
    "timestamp": "2025-06-25T15:20:47",
    "type": "monitor_initialized"
}

{
    "extension": "260",
    "privilege": "call,all",
    "timestamp": "2025-06-28T21:26:07",
    "type": "monitor_initialized"
}

{
    "extension": "260",
    "privilege": "call,all",
    "timestamp": "2025-06-28T21:42:04",
    "type": "monitor_initialized"
}

{
    "extension": "260",
    "privilege": "call,all",
    "timestamp": "2025-06-28T21:47:42",
    "type": "monitor_initialized"
}

{
    "extension": "260",
    "privilege": "call,all",
    "timestamp": "2025-06-28T22:16:57",
    "type": "monitor_initialized"
}

{
    "extension": "260",
    "privilege": "call,all",
    "timestamp": "2025-06-28T22:20:12",
    "type": "monitor_initialized"
}

{
    "extension": "260",
    "privilege": "call,all",
    "timestamp": "2025-06-28T22:27:17",
    "type": "monitor_initialized"
}

{
    "extension": "260",
    "privilege": "call,all",
    "timestamp": "2025-06-28T22:31:02",
    "type": "monitor_initialized"
}

{
    "extension": "260",
    "privilege": "call,all",
    "timestamp": "2025-06-28T22:33:17",
    "type": "monitor_initialized"
}

{
    "extension": "260",
    "privilege": "call,all",
    "timestamp": "2025-06-28T22:36:20",
    "type": "monitor_initialized"
}

{
    "extension": "260",
    "privilege": "call,all",
    "timestamp": "2025-06-28T22:38:31",
    "type": "monitor_initialized"
}

{
    "extension": "260",
    "privilege": "call,all",
    "timestamp": "2025-06-28T22:42:00",
    "type": "monitor_initialized"
}

{
    "extension": "260",
    "privilege": "call,all",
    "timestamp": "2025-06-28T22:44:01",
    "type": "monitor_initialized"
}

{
    "extension": "260",
    "privilege": "call,all",
    "timestamp": "2025-06-28T22:46:26",
    "type": "monitor_initialized"
}

{
    "call_type": "",
    "caller_id_name": "260-SUP",
    "caller_id_num": "260",
    "channel": "SIP/260-00002852",
    "connected_line_name": "<unknown>",
    "connected_line_num": "<unknown>",
    "direction": "",
    "end_time": "",
    "extension_number": "260",
    "has_ringing": false,
    "linkedid": "1751173324.180030",
    "other_extension_number": "",
    "start_time": "2025-06-29T08:31:11",
    "status": "initiated",
    "timestamp": "2025-06-29T08:31:11",
    "type": "call_started",
    "uniqueid": "1751173324.180033"
}

{
    "channel": "SIP/260-00002852",
    "privilege": "call,all",
    "timestamp": "2025-06-29T08:31:11",
    "type": "call_ringing",
    "uniqueid": "1751173324.180033"
}

{
    "call_type": "internal",
    "caller_id_name": "260-SUP",
    "caller_id_num": "260",
    "cause": "16",
    "cause_description": "",
    "cause_txt": "",
    "channel": "SIP/260-00002852",
    "connected_line_name": "<unknown>",
    "connected_line_num": "<unknown>",
    "direction": "in",
    "end_time": "2025-06-29T08:31:31",
    "extension_number": "260",
    "has_ringing": true,
    "linkedid": "1751173324.180030",
    "other_extension_number": "203",
    "raw_event": {
        "AccountCode": "",
        "CallerIDName": "260-SUP",
        "CallerIDNum": "260",
        "Cause": "16",
        "Cause-txt": "Normal Clearing",
        "Channel": "SIP/260-00002852",
        "ChannelState": "5",
        "ChannelStateDesc": "Ringing",
        "ConnectedLineName": "203-CEO3",
        "ConnectedLineNum": "203",
        "Context": "from-internal",
        "Event": "Hangup",
        "Exten": "260",
        "Language": "pr2",
        "Linkedid": "1751173324.180030",
        "Priority": "1",
        "Privilege": "call,all",
        "Uniqueid": "1751173324.180033"
    },
    "start_time": "2025-06-29T08:31:11",
    "status": "ringing",
    "timestamp": "2025-06-29T08:31:31",
    "type": "call_ended",
    "uniqueid": "1751173324.180033"
}

{
    "call_duration": 19,
    "call_type": "internal",
    "caller_id_name": "260-SUP",
    "caller_id_num": "260",
    "cause": "16",
    "cause_description": "",
    "cause_txt": "",
    "channel": "SIP/260-00002852",
    "connected_line_name": "<unknown>",
    "connected_line_num": "<unknown>",
    "direction": "in",
    "end_time": "2025-06-29T08:31:31",
    "extension_number": "260",
    "has_ringing": true,
    "linkedid": "1751173324.180030",
    "other_extension_number": "203",
    "raw_event": {
        "AccountCode": "",
        "CallerIDName": "260-SUP",
        "CallerIDNum": "260",
        "Cause": "16",
        "Cause-txt": "Normal Clearing",
        "Channel": "SIP/260-00002852",
        "ChannelState": "5",
        "ChannelStateDesc": "Ringing",
        "ConnectedLineName": "203-CEO3",
        "ConnectedLineNum": "203",
        "Context": "from-internal",
        "Event": "Hangup",
        "Exten": "260",
        "Language": "pr2",
        "Linkedid": "1751173324.180030",
        "Priority": "1",
        "Privilege": "call,all",
        "Uniqueid": "1751173324.180033"
    },
    "start_time": "2025-06-29T08:31:11",
    "status": "ringing",
    "timestamp": "2025-06-29T08:31:31",
    "type": "call_summary",
    "uniqueid": "1751173324.180033"
}

{
    "call_type": "",
    "caller_id_name": "260-SUP",
    "caller_id_num": "260",
    "channel": "SIP/260-000028e6",
    "connected_line_name": "<unknown>",
    "connected_line_num": "<unknown>",
    "direction": "",
    "end_time": "",
    "extension_number": "260",
    "has_ringing": false,
    "linkedid": "1751174767.181852",
    "other_extension_number": "",
    "start_time": "2025-06-29T08:55:14",
    "status": "initiated",
    "timestamp": "2025-06-29T08:55:14",
    "type": "call_started",
    "uniqueid": "1751174767.181855"
}

{
    "channel": "SIP/260-000028e6",
    "privilege": "call,all",
    "timestamp": "2025-06-29T08:55:14",
    "type": "call_ringing",
    "uniqueid": "1751174767.181855"
}

{
    "call_type": "internal",
    "caller_id_name": "260-SUP",
    "caller_id_num": "260",
    "cause": "16",
    "cause_description": "",
    "cause_txt": "",
    "channel": "SIP/260-000028e6",
    "connected_line_name": "<unknown>",
    "connected_line_num": "<unknown>",
    "direction": "in",
    "end_time": "2025-06-29T08:55:33",
    "extension_number": "260",
    "has_ringing": true,
    "linkedid": "1751174767.181852",
    "other_extension_number": "203",
    "raw_event": {
        "AccountCode": "",
        "CallerIDName": "260-SUP",
        "CallerIDNum": "260",
        "Cause": "16",
        "Cause-txt": "Normal Clearing",
        "Channel": "SIP/260-000028e6",
        "ChannelState": "5",
        "ChannelStateDesc": "Ringing",
        "ConnectedLineName": "203-CEO3",
        "ConnectedLineNum": "203",
        "Context": "from-internal",
        "Event": "Hangup",
        "Exten": "260",
        "Language": "pr2",
        "Linkedid": "1751174767.181852",
        "Priority": "1",
        "Privilege": "call,all",
        "Uniqueid": "1751174767.181855"
    },
    "start_time": "2025-06-29T08:55:14",
    "status": "ringing",
    "timestamp": "2025-06-29T08:55:33",
    "type": "call_ended",
    "uniqueid": "1751174767.181855"
}

{
    "call_duration": 19,
    "call_type": "internal",
    "caller_id_name": "260-SUP",
    "caller_id_num": "260",
    "cause": "16",
    "cause_description": "",
    "cause_txt": "",
    "channel": "SIP/260-000028e6",
    "connected_line_name": "<unknown>",
    "connected_line_num": "<unknown>",
    "direction": "in",
    "end_time": "2025-06-29T08:55:33",
    "extension_number": "260",
    "has_ringing": true,
    "linkedid": "1751174767.181852",
    "other_extension_number": "203",
    "raw_event": {
        "AccountCode": "",
        "CallerIDName": "260-SUP",
        "CallerIDNum": "260",
        "Cause": "16",
        "Cause-txt": "Normal Clearing",
        "Channel": "SIP/260-000028e6",
        "ChannelState": "5",
        "ChannelStateDesc": "Ringing",
        "ConnectedLineName": "203-CEO3",
        "ConnectedLineNum": "203",
        "Context": "from-internal",
        "Event": "Hangup",
        "Exten": "260",
        "Language": "pr2",
        "Linkedid": "1751174767.181852",
        "Priority": "1",
        "Privilege": "call,all",
        "Uniqueid": "1751174767.181855"
    },
    "start_time": "2025-06-29T08:55:14",
    "status": "ringing",
    "timestamp": "2025-06-29T08:55:33",
    "type": "call_summary",
    "uniqueid": "1751174767.181855"
}

{
    "call_type": "",
    "caller_id_name": "260-SUP",
    "caller_id_num": "260",
    "channel": "SIP/260-000029e3",
    "connected_line_name": "<unknown>",
    "connected_line_num": "<unknown>",
    "direction": "",
    "end_time": "",
    "extension_number": "260",
    "has_ringing": false,
    "linkedid": "1751176529.184663",
    "other_extension_number": "",
    "start_time": "2025-06-29T09:24:35",
    "status": "initiated",
    "timestamp": "2025-06-29T09:24:35",
    "type": "call_started",
    "uniqueid": "1751176529.184663"
}

{
    "call_type": "internal",
    "caller_id_name": "260-SUP",
    "caller_id_num": "260",
    "cause": "16",
    "cause_description": "",
    "cause_txt": "",
    "channel": "SIP/260-000029e3",
    "connected_line_name": "<unknown>",
    "connected_line_num": "<unknown>",
    "direction": "out",
    "end_time": "2025-06-29T09:24:51",
    "extension_number": "260",
    "has_ringing": false,
    "linkedid": "1751176529.184663",
    "other_extension_number": "160",
    "raw_event": {
        "AccountCode": "",
        "CallerIDName": "260-SUP",
        "CallerIDNum": "260",
        "Cause": "16",
        "Cause-txt": "Normal Clearing",
        "Channel": "SIP/260-000029e3",
        "ChannelState": "4",
        "ChannelStateDesc": "Ring",
        "ConnectedLineName": "160-SAL11",
        "ConnectedLineNum": "160",
        "Context": "from-internal",
        "Event": "Hangup",
        "Exten": "h",
        "Language": "pr2",
        "Linkedid": "1751176529.184663",
        "Priority": "1",
        "Privilege": "call,all",
        "Uniqueid": "1751176529.184663"
    },
    "start_time": "2025-06-29T09:24:35",
    "status": "initiated",
    "timestamp": "2025-06-29T09:24:51",
    "type": "call_ended",
    "uniqueid": "1751176529.184663"
}

{
    "call_duration": 15,
    "call_type": "internal",
    "caller_id_name": "260-SUP",
    "caller_id_num": "260",
    "cause": "16",
    "cause_description": "",
    "cause_txt": "",
    "channel": "SIP/260-000029e3",
    "connected_line_name": "<unknown>",
    "connected_line_num": "<unknown>",
    "direction": "out",
    "end_time": "2025-06-29T09:24:51",
    "extension_number": "260",
    "has_ringing": false,
    "linkedid": "1751176529.184663",
    "other_extension_number": "160",
    "raw_event": {
        "AccountCode": "",
        "CallerIDName": "260-SUP",
        "CallerIDNum": "260",
        "Cause": "16",
        "Cause-txt": "Normal Clearing",
        "Channel": "SIP/260-000029e3",
        "ChannelState": "4",
        "ChannelStateDesc": "Ring",
        "ConnectedLineName": "160-SAL11",
        "ConnectedLineNum": "160",
        "Context": "from-internal",
        "Event": "Hangup",
        "Exten": "h",
        "Language": "pr2",
        "Linkedid": "1751176529.184663",
        "Priority": "1",
        "Privilege": "call,all",
        "Uniqueid": "1751176529.184663"
    },
    "start_time": "2025-06-29T09:24:35",
    "status": "initiated",
    "timestamp": "2025-06-29T09:24:51",
    "type": "call_summary",
    "uniqueid": "1751176529.184663"
}

{
    "call_type": "",
    "caller_id_name": "260-SUP",
    "caller_id_num": "260",
    "channel": "SIP/260-00002a01",
    "connected_line_name": "<unknown>",
    "connected_line_num": "<unknown>",
    "direction": "",
    "end_time": "",
    "extension_number": "260",
    "has_ringing": false,
    "linkedid": "1751176692.185003",
    "other_extension_number": "",
    "start_time": "2025-06-29T09:27:20",
    "status": "initiated",
    "timestamp": "2025-06-29T09:27:20",
    "type": "call_started",
    "uniqueid": "1751176692.185006"
}

{
    "channel": "SIP/260-00002a01",
    "privilege": "call,all",
    "timestamp": "2025-06-29T09:27:20",
    "type": "call_ringing",
    "uniqueid": "1751176692.185006"
}

{
    "call_type": "internal",
    "caller_id_name": "260-SUP",
    "caller_id_num": "260",
    "cause": "16",
    "cause_description": "",
    "cause_txt": "",
    "channel": "SIP/260-00002a01",
    "connected_line_name": "<unknown>",
    "connected_line_num": "<unknown>",
    "direction": "in",
    "end_time": "2025-06-29T09:27:39",
    "extension_number": "260",
    "has_ringing": true,
    "linkedid": "1751176692.185003",
    "other_extension_number": "415",
    "raw_event": {
        "AccountCode": "",
        "CallerIDName": "260-SUP",
        "CallerIDNum": "260",
        "Cause": "16",
        "Cause-txt": "Normal Clearing",
        "Channel": "SIP/260-00002a01",
        "ChannelState": "5",
        "ChannelStateDesc": "Ringing",
        "ConnectedLineName": "415-RD-SW4",
        "ConnectedLineNum": "415",
        "Context": "from-internal",
        "Event": "Hangup",
        "Exten": "260",
        "Language": "pr2",
        "Linkedid": "1751176692.185003",
        "Priority": "1",
        "Privilege": "call,all",
        "Uniqueid": "1751176692.185006"
    },
    "start_time": "2025-06-29T09:27:20",
    "status": "ringing",
    "timestamp": "2025-06-29T09:27:39",
    "type": "call_ended",
    "uniqueid": "1751176692.185006"
}

{
    "call_duration": 19,
    "call_type": "internal",
    "caller_id_name": "260-SUP",
    "caller_id_num": "260",
    "cause": "16",
    "cause_description": "",
    "cause_txt": "",
    "channel": "SIP/260-00002a01",
    "connected_line_name": "<unknown>",
    "connected_line_num": "<unknown>",
    "direction": "in",
    "end_time": "2025-06-29T09:27:39",
    "extension_number": "260",
    "has_ringing": true,
    "linkedid": "1751176692.185003",
    "other_extension_number": "415",
    "raw_event": {
        "AccountCode": "",
        "CallerIDName": "260-SUP",
        "CallerIDNum": "260",
        "Cause": "16",
        "Cause-txt": "Normal Clearing",
        "Channel": "SIP/260-00002a01",
        "ChannelState": "5",
        "ChannelStateDesc": "Ringing",
        "ConnectedLineName": "415-RD-SW4",
        "ConnectedLineNum": "415",
        "Context": "from-internal",
        "Event": "Hangup",
        "Exten": "260",
        "Language": "pr2",
        "Linkedid": "1751176692.185003",
        "Priority": "1",
        "Privilege": "call,all",
        "Uniqueid": "1751176692.185006"
    },
    "start_time": "2025-06-29T09:27:20",
    "status": "ringing",
    "timestamp": "2025-06-29T09:27:39",
    "type": "call_summary",
    "uniqueid": "1751176692.185006"
}

{
    "call_type": "",
    "caller_id_name": "260-SUP",
    "caller_id_num": "260",
    "channel": "SIP/260-00002a81",
    "connected_line_name": "<unknown>",
    "connected_line_num": "<unknown>",
    "direction": "",
    "end_time": "",
    "extension_number": "260",
    "has_ringing": false,
    "linkedid": "1751177931.187664",
    "other_extension_number": "",
    "start_time": "2025-06-29T09:47:57",
    "status": "initiated",
    "timestamp": "2025-06-29T09:47:57",
    "type": "call_started",
    "uniqueid": "1751177931.187667"
}

{
    "channel": "SIP/260-00002a81",
    "privilege": "call,all",
    "timestamp": "2025-06-29T09:47:58",
    "type": "call_ringing",
    "uniqueid": "1751177931.187667"
}

{
    "channel": "SIP/260-00002a81",
    "privilege": "call,all",
    "timestamp": "2025-06-29T09:48:06",
    "type": "call_answered",
    "uniqueid": "1751177931.187667"
}

{
    "call_type": "internal",
    "caller_id_name": "260-SUP",
    "caller_id_num": "260",
    "cause": "16",
    "cause_description": "",
    "cause_txt": "",
    "channel": "SIP/260-00002a81",
    "connected_line_name": "<unknown>",
    "connected_line_num": "<unknown>",
    "direction": "in",
    "end_time": "2025-06-29T09:49:03",
    "extension_number": "260",
    "has_ringing": true,
    "linkedid": "1751177931.187664",
    "other_extension_number": "415",
    "raw_event": {
        "AccountCode": "",
        "CallerIDName": "260-SUP",
        "CallerIDNum": "260",
        "Cause": "16",
        "Cause-txt": "Normal Clearing",
        "Channel": "SIP/260-00002a81",
        "ChannelState": "6",
        "ChannelStateDesc": "Up",
        "ConnectedLineName": "415-RD-SW4",
        "ConnectedLineNum": "415",
        "Context": "from-internal",
        "Event": "Hangup",
        "Exten": "",
        "Language": "pr2",
        "Linkedid": "1751177931.187664",
        "Priority": "1",
        "Privilege": "call,all",
        "Uniqueid": "1751177931.187667"
    },
    "start_time": "2025-06-29T09:48:06",
    "status": "answered",
    "timestamp": "2025-06-29T09:49:03",
    "type": "call_ended",
    "uniqueid": "1751177931.187667"
}

{
    "call_duration": 56,
    "call_type": "internal",
    "caller_id_name": "260-SUP",
    "caller_id_num": "260",
    "cause": "16",
    "cause_description": "",
    "cause_txt": "",
    "channel": "SIP/260-00002a81",
    "connected_line_name": "<unknown>",
    "connected_line_num": "<unknown>",
    "direction": "in",
    "end_time": "2025-06-29T09:49:03",
    "extension_number": "260",
    "has_ringing": true,
    "linkedid": "1751177931.187664",
    "other_extension_number": "415",
    "raw_event": {
        "AccountCode": "",
        "CallerIDName": "260-SUP",
        "CallerIDNum": "260",
        "Cause": "16",
        "Cause-txt": "Normal Clearing",
        "Channel": "SIP/260-00002a81",
        "ChannelState": "6",
        "ChannelStateDesc": "Up",
        "ConnectedLineName": "415-RD-SW4",
        "ConnectedLineNum": "415",
        "Context": "from-internal",
        "Event": "Hangup",
        "Exten": "",
        "Language": "pr2",
        "Linkedid": "1751177931.187664",
        "Priority": "1",
        "Privilege": "call,all",
        "Uniqueid": "1751177931.187667"
    },
    "start_time": "2025-06-29T09:48:06",
    "status": "answered",
    "timestamp": "2025-06-29T09:49:03",
    "type": "call_summary",
    "uniqueid": "1751177931.187667"
}

{
    "call_type": "",
    "caller_id_name": "260-SUP",
    "caller_id_num": "260",
    "channel": "SIP/260-00002a9d",
    "connected_line_name": "<unknown>",
    "connected_line_num": "<unknown>",
    "direction": "",
    "end_time": "",
    "extension_number": "260",
    "has_ringing": false,
    "linkedid": "1751178100.188042",
    "other_extension_number": "",
    "start_time": "2025-06-29T09:50:46",
    "status": "initiated",
    "timestamp": "2025-06-29T09:50:46",
    "type": "call_started",
    "uniqueid": "1751178100.188042"
}

{
    "call_type": "internal",
    "caller_id_name": "260-SUP",
    "caller_id_num": "260",
    "cause": "0",
    "cause_description": "",
    "cause_txt": "",
    "channel": "SIP/260-00002a9d",
    "connected_line_name": "<unknown>",
    "connected_line_num": "<unknown>",
    "direction": "out",
    "end_time": "2025-06-29T09:51:00",
    "extension_number": "260",
    "has_ringing": false,
    "linkedid": "1751178100.188042",
    "other_extension_number": "513",
    "raw_event": {
        "AccountCode": "",
        "CallerIDName": "260-SUP",
        "CallerIDNum": "260",
        "Cause": "0",
        "Cause-txt": "Unknown",
        "Channel": "SIP/260-00002a9d",
        "ChannelState": "4",
        "ChannelStateDesc": "Ring",
        "ConnectedLineName": "513-ICT4",
        "ConnectedLineNum": "513",
        "Context": "ext-local",
        "Event": "Hangup",
        "Exten": "h",
        "Language": "pr2",
        "Linkedid": "1751178100.188042",
        "Priority": "1",
        "Privilege": "call,all",
        "Uniqueid": "1751178100.188042"
    },
    "start_time": "2025-06-29T09:50:46",
    "status": "initiated",
    "timestamp": "2025-06-29T09:51:00",
    "type": "call_ended",
    "uniqueid": "1751178100.188042"
}

{
    "call_duration": 13,
    "call_type": "internal",
    "caller_id_name": "260-SUP",
    "caller_id_num": "260",
    "cause": "0",
    "cause_description": "",
    "cause_txt": "",
    "channel": "SIP/260-00002a9d",
    "connected_line_name": "<unknown>",
    "connected_line_num": "<unknown>",
    "direction": "out",
    "end_time": "2025-06-29T09:51:00",
    "extension_number": "260",
    "has_ringing": false,
    "linkedid": "1751178100.188042",
    "other_extension_number": "513",
    "raw_event": {
        "AccountCode": "",
        "CallerIDName": "260-SUP",
        "CallerIDNum": "260",
        "Cause": "0",
        "Cause-txt": "Unknown",
        "Channel": "SIP/260-00002a9d",
        "ChannelState": "4",
        "ChannelStateDesc": "Ring",
        "ConnectedLineName": "513-ICT4",
        "ConnectedLineNum": "513",
        "Context": "ext-local",
        "Event": "Hangup",
        "Exten": "h",
        "Language": "pr2",
        "Linkedid": "1751178100.188042",
        "Priority": "1",
        "Privilege": "call,all",
        "Uniqueid": "1751178100.188042"
    },
    "start_time": "2025-06-29T09:50:46",
    "status": "initiated",
    "timestamp": "2025-06-29T09:51:00",
    "type": "call_summary",
    "uniqueid": "1751178100.188042"
}

{
    "call_type": "",
    "caller_id_name": "260-SUP",
    "caller_id_num": "260",
    "channel": "SIP/260-00002bce",
    "connected_line_name": "<unknown>",
    "connected_line_num": "<unknown>",
    "direction": "",
    "end_time": "",
    "extension_number": "260",
    "has_ringing": false,
    "linkedid": "1751183642.192891",
    "other_extension_number": "",
    "start_time": "2025-06-29T11:23:09",
    "status": "initiated",
    "timestamp": "2025-06-29T11:23:09",
    "type": "call_started",
    "uniqueid": "1751183642.192894"
}

{
    "channel": "SIP/260-00002bce",
    "privilege": "call,all",
    "timestamp": "2025-06-29T11:23:09",
    "type": "call_ringing",
    "uniqueid": "1751183642.192894"
}

{
    "call_type": "internal",
    "caller_id_name": "260-SUP",
    "caller_id_num": "260",
    "cause": "16",
    "cause_description": "",
    "cause_txt": "",
    "channel": "SIP/260-00002bce",
    "connected_line_name": "<unknown>",
    "connected_line_num": "<unknown>",
    "direction": "in",
    "end_time": "2025-06-29T11:23:28",
    "extension_number": "260",
    "has_ringing": true,
    "linkedid": "1751183642.192891",
    "other_extension_number": "323",
    "raw_event": {
        "AccountCode": "",
        "CallerIDName": "260-SUP",
        "CallerIDNum": "260",
        "Cause": "16",
        "Cause-txt": "Normal Clearing",
        "Channel": "SIP/260-00002bce",
        "ChannelState": "5",
        "ChannelStateDesc": "Ringing",
        "ConnectedLineName": "323-WHS3",
        "ConnectedLineNum": "323",
        "Context": "from-internal",
        "Event": "Hangup",
        "Exten": "260",
        "Language": "pr2",
        "Linkedid": "1751183642.192891",
        "Priority": "1",
        "Privilege": "call,all",
        "Uniqueid": "1751183642.192894"
    },
    "start_time": "2025-06-29T11:23:09",
    "status": "ringing",
    "timestamp": "2025-06-29T11:23:28",
    "type": "call_ended",
    "uniqueid": "1751183642.192894"
}

{
    "call_duration": 19,
    "call_type": "internal",
    "caller_id_name": "260-SUP",
    "caller_id_num": "260",
    "cause": "16",
    "cause_description": "",
    "cause_txt": "",
    "channel": "SIP/260-00002bce",
    "connected_line_name": "<unknown>",
    "connected_line_num": "<unknown>",
    "direction": "in",
    "end_time": "2025-06-29T11:23:28",
    "extension_number": "260",
    "has_ringing": true,
    "linkedid": "1751183642.192891",
    "other_extension_number": "323",
    "raw_event": {
        "AccountCode": "",
        "CallerIDName": "260-SUP",
        "CallerIDNum": "260",
        "Cause": "16",
        "Cause-txt": "Normal Clearing",
        "Channel": "SIP/260-00002bce",
        "ChannelState": "5",
        "ChannelStateDesc": "Ringing",
        "ConnectedLineName": "323-WHS3",
        "ConnectedLineNum": "323",
        "Context": "from-internal",
        "Event": "Hangup",
        "Exten": "260",
        "Language": "pr2",
        "Linkedid": "1751183642.192891",
        "Priority": "1",
        "Privilege": "call,all",
        "Uniqueid": "1751183642.192894"
    },
    "start_time": "2025-06-29T11:23:09",
    "status": "ringing",
    "timestamp": "2025-06-29T11:23:28",
    "type": "call_summary",
    "uniqueid": "1751183642.192894"
}

{
    "call_type": "",
    "caller_id_name": "260-SUP",
    "caller_id_num": "260",
    "channel": "SIP/260-00002c10",
    "connected_line_name": "<unknown>",
    "connected_line_num": "<unknown>",
    "direction": "",
    "end_time": "",
    "extension_number": "260",
    "has_ringing": false,
    "linkedid": "1751184127.193715",
    "other_extension_number": "",
    "start_time": "2025-06-29T11:31:14",
    "status": "initiated",
    "timestamp": "2025-06-29T11:31:14",
    "type": "call_started",
    "uniqueid": "1751184127.193715"
}

{
    "call_type": "internal",
    "caller_id_name": "260-SUP",
    "caller_id_num": "260",
    "cause": "16",
    "cause_description": "",
    "cause_txt": "",
    "channel": "SIP/260-00002c10",
    "connected_line_name": "<unknown>",
    "connected_line_num": "<unknown>",
    "direction": "out",
    "end_time": "2025-06-29T11:31:24",
    "extension_number": "260",
    "has_ringing": false,
    "linkedid": "1751184127.193715",
    "other_extension_number": "323",
    "raw_event": {
        "AccountCode": "",
        "CallerIDName": "260-SUP",
        "CallerIDNum": "260",
        "Cause": "16",
        "Cause-txt": "Normal Clearing",
        "Channel": "SIP/260-00002c10",
        "ChannelState": "4",
        "ChannelStateDesc": "Ring",
        "ConnectedLineName": "323-WHS3",
        "ConnectedLineNum": "323",
        "Context": "from-internal",
        "Event": "Hangup",
        "Exten": "h",
        "Language": "pr2",
        "Linkedid": "1751184127.193715",
        "Priority": "1",
        "Privilege": "call,all",
        "Uniqueid": "1751184127.193715"
    },
    "start_time": "2025-06-29T11:31:14",
    "status": "initiated",
    "timestamp": "2025-06-29T11:31:24",
    "type": "call_ended",
    "uniqueid": "1751184127.193715"
}

{
    "call_duration": 9,
    "call_type": "internal",
    "caller_id_name": "260-SUP",
    "caller_id_num": "260",
    "cause": "16",
    "cause_description": "",
    "cause_txt": "",
    "channel": "SIP/260-00002c10",
    "connected_line_name": "<unknown>",
    "connected_line_num": "<unknown>",
    "direction": "out",
    "end_time": "2025-06-29T11:31:24",
    "extension_number": "260",
    "has_ringing": false,
    "linkedid": "1751184127.193715",
    "other_extension_number": "323",
    "raw_event": {
        "AccountCode": "",
        "CallerIDName": "260-SUP",
        "CallerIDNum": "260",
        "Cause": "16",
        "Cause-txt": "Normal Clearing",
        "Channel": "SIP/260-00002c10",
        "ChannelState": "4",
        "ChannelStateDesc": "Ring",
        "ConnectedLineName": "323-WHS3",
        "ConnectedLineNum": "323",
        "Context": "from-internal",
        "Event": "Hangup",
        "Exten": "h",
        "Language": "pr2",
        "Linkedid": "1751184127.193715",
        "Priority": "1",
        "Privilege": "call,all",
        "Uniqueid": "1751184127.193715"
    },
    "start_time": "2025-06-29T11:31:14",
    "status": "initiated",
    "timestamp": "2025-06-29T11:31:24",
    "type": "call_summary",
    "uniqueid": "1751184127.193715"
}

{
    "call_type": "",
    "caller_id_name": "260-SUP",
    "caller_id_num": "260",
    "channel": "SIP/260-00002c46",
    "connected_line_name": "<unknown>",
    "connected_line_num": "<unknown>",
    "direction": "",
    "end_time": "",
    "extension_number": "260",
    "has_ringing": false,
    "linkedid": "1751184387.194216",
    "other_extension_number": "",
    "start_time": "2025-06-29T11:35:33",
    "status": "initiated",
    "timestamp": "2025-06-29T11:35:33",
    "type": "call_started",
    "uniqueid": "1751184387.194216"
}

{
    "channel": "SIP/260-00002c46",
    "privilege": "call,all",
    "timestamp": "2025-06-29T11:35:37",
    "type": "call_answered",
    "uniqueid": "1751184387.194216"
}

{
    "call_type": "internal",
    "caller_id_name": "260-SUP",
    "caller_id_num": "260",
    "cause": "16",
    "cause_description": "",
    "cause_txt": "",
    "channel": "SIP/260-00002c46",
    "connected_line_name": "<unknown>",
    "connected_line_num": "<unknown>",
    "direction": "out",
    "end_time": "2025-06-29T11:36:04",
    "extension_number": "260",
    "has_ringing": false,
    "linkedid": "1751184387.194216",
    "other_extension_number": "513",
    "raw_event": {
        "AccountCode": "",
        "CallerIDName": "260-SUP",
        "CallerIDNum": "260",
        "Cause": "16",
        "Cause-txt": "Normal Clearing",
        "Channel": "SIP/260-00002c46",
        "ChannelState": "6",
        "ChannelStateDesc": "Up",
        "ConnectedLineName": "513-ICT4",
        "ConnectedLineNum": "513",
        "Context": "ext-local",
        "Event": "Hangup",
        "Exten": "h",
        "Language": "pr2",
        "Linkedid": "1751184387.194216",
        "Priority": "1",
        "Privilege": "call,all",
        "Uniqueid": "1751184387.194216"
    },
    "start_time": "2025-06-29T11:35:37",
    "status": "answered",
    "timestamp": "2025-06-29T11:36:04",
    "type": "call_ended",
    "uniqueid": "1751184387.194216"
}

{
    "call_duration": 27,
    "call_type": "internal",
    "caller_id_name": "260-SUP",
    "caller_id_num": "260",
    "cause": "16",
    "cause_description": "",
    "cause_txt": "",
    "channel": "SIP/260-00002c46",
    "connected_line_name": "<unknown>",
    "connected_line_num": "<unknown>",
    "direction": "out",
    "end_time": "2025-06-29T11:36:04",
    "extension_number": "260",
    "has_ringing": false,
    "linkedid": "1751184387.194216",
    "other_extension_number": "513",
    "raw_event": {
        "AccountCode": "",
        "CallerIDName": "260-SUP",
        "CallerIDNum": "260",
        "Cause": "16",
        "Cause-txt": "Normal Clearing",
        "Channel": "SIP/260-00002c46",
        "ChannelState": "6",
        "ChannelStateDesc": "Up",
        "ConnectedLineName": "513-ICT4",
        "ConnectedLineNum": "513",
        "Context": "ext-local",
        "Event": "Hangup",
        "Exten": "h",
        "Language": "pr2",
        "Linkedid": "1751184387.194216",
        "Priority": "1",
        "Privilege": "call,all",
        "Uniqueid": "1751184387.194216"
    },
    "start_time": "2025-06-29T11:35:37",
    "status": "answered",
    "timestamp": "2025-06-29T11:36:04",
    "type": "call_summary",
    "uniqueid": "1751184387.194216"
}

{
    "call_type": "",
    "caller_id_name": "260-SUP",
    "caller_id_num": "260",
    "channel": "SIP/260-00002cf2",
    "connected_line_name": "<unknown>",
    "connected_line_num": "<unknown>",
    "direction": "",
    "end_time": "",
    "extension_number": "260",
    "has_ringing": false,
    "linkedid": "1751185547.196062",
    "other_extension_number": "",
    "start_time": "2025-06-29T11:54:54",
    "status": "initiated",
    "timestamp": "2025-06-29T11:54:54",
    "type": "call_started",
    "uniqueid": "1751185547.196065"
}

{
    "channel": "SIP/260-00002cf2",
    "privilege": "call,all",
    "timestamp": "2025-06-29T11:54:54",
    "type": "call_ringing",
    "uniqueid": "1751185547.196065"
}

{
    "channel": "SIP/260-00002cf2",
    "privilege": "call,all",
    "timestamp": "2025-06-29T11:54:56",
    "type": "call_answered",
    "uniqueid": "1751185547.196065"
}

{
    "call_type": "internal",
    "caller_id_name": "260-SUP",
    "caller_id_num": "260",
    "cause": "16",
    "cause_description": "",
    "cause_txt": "",
    "channel": "SIP/260-00002cf2",
    "connected_line_name": "<unknown>",
    "connected_line_num": "<unknown>",
    "direction": "in",
    "end_time": "2025-06-29T11:56:01",
    "extension_number": "260",
    "has_ringing": true,
    "linkedid": "1751185547.196062",
    "other_extension_number": "280",
    "raw_event": {
        "AccountCode": "",
        "CallerIDName": "260-SUP",
        "CallerIDNum": "260",
        "Cause": "16",
        "Cause-txt": "Normal Clearing",
        "Channel": "SIP/260-00002cf2",
        "ChannelState": "6",
        "ChannelStateDesc": "Up",
        "ConnectedLineName": "280-SUP",
        "ConnectedLineNum": "280",
        "Context": "from-internal",
        "Event": "Hangup",
        "Exten": "",
        "Language": "pr2",
        "Linkedid": "1751185547.196062",
        "Priority": "1",
        "Privilege": "call,all",
        "Uniqueid": "1751185547.196065"
    },
    "start_time": "2025-06-29T11:54:56",
    "status": "answered",
    "timestamp": "2025-06-29T11:56:01",
    "type": "call_ended",
    "uniqueid": "1751185547.196065"
}

{
    "call_duration": 64,
    "call_type": "internal",
    "caller_id_name": "260-SUP",
    "caller_id_num": "260",
    "cause": "16",
    "cause_description": "",
    "cause_txt": "",
    "channel": "SIP/260-00002cf2",
    "connected_line_name": "<unknown>",
    "connected_line_num": "<unknown>",
    "direction": "in",
    "end_time": "2025-06-29T11:56:01",
    "extension_number": "260",
    "has_ringing": true,
    "linkedid": "1751185547.196062",
    "other_extension_number": "280",
    "raw_event": {
        "AccountCode": "",
        "CallerIDName": "260-SUP",
        "CallerIDNum": "260",
        "Cause": "16",
        "Cause-txt": "Normal Clearing",
        "Channel": "SIP/260-00002cf2",
        "ChannelState": "6",
        "ChannelStateDesc": "Up",
        "ConnectedLineName": "280-SUP",
        "ConnectedLineNum": "280",
        "Context": "from-internal",
        "Event": "Hangup",
        "Exten": "",
        "Language": "pr2",
        "Linkedid": "1751185547.196062",
        "Priority": "1",
        "Privilege": "call,all",
        "Uniqueid": "1751185547.196065"
    },
    "start_time": "2025-06-29T11:54:56",
    "status": "answered",
    "timestamp": "2025-06-29T11:56:01",
    "type": "call_summary",
    "uniqueid": "1751185547.196065"
}

{
    "call_type": "",
    "caller_id_name": "260-SUP",
    "caller_id_num": "260",
    "channel": "SIP/260-00002cfb",
    "connected_line_name": "<unknown>",
    "connected_line_num": "<unknown>",
    "direction": "",
    "end_time": "",
    "extension_number": "260",
    "has_ringing": false,
    "linkedid": "1751185653.196179",
    "other_extension_number": "",
    "start_time": "2025-06-29T11:56:40",
    "status": "initiated",
    "timestamp": "2025-06-29T11:56:40",
    "type": "call_started",
    "uniqueid": "1751185653.196179"
}

{
    "channel": "SIP/260-00002cfb",
    "privilege": "call,all",
    "timestamp": "2025-06-29T11:56:43",
    "type": "call_answered",
    "uniqueid": "1751185653.196179"
}

{
    "call_type": "internal",
    "caller_id_name": "260-SUP",
    "caller_id_num": "260",
    "cause": "16",
    "cause_description": "",
    "cause_txt": "",
    "channel": "SIP/260-00002cfb",
    "connected_line_name": "<unknown>",
    "connected_line_num": "<unknown>",
    "direction": "out",
    "end_time": "2025-06-29T11:56:48",
    "extension_number": "260",
    "has_ringing": false,
    "linkedid": "1751185653.196179",
    "other_extension_number": "256",
    "raw_event": {
        "AccountCode": "",
        "CallerIDName": "260-SUP",
        "CallerIDNum": "260",
        "Cause": "16",
        "Cause-txt": "Normal Clearing",
        "Channel": "SIP/260-00002cfb",
        "ChannelState": "6",
        "ChannelStateDesc": "Up",
        "ConnectedLineName": "256-SUP6",
        "ConnectedLineNum": "256",
        "Context": "from-internal",
        "Event": "Hangup",
        "Exten": "h",
        "Language": "pr2",
        "Linkedid": "1751185653.196179",
        "Priority": "1",
        "Privilege": "call,all",
        "Uniqueid": "1751185653.196179"
    },
    "start_time": "2025-06-29T11:56:43",
    "status": "answered",
    "timestamp": "2025-06-29T11:56:48",
    "type": "call_ended",
    "uniqueid": "1751185653.196179"
}

{
    "call_duration": 5,
    "call_type": "internal",
    "caller_id_name": "260-SUP",
    "caller_id_num": "260",
    "cause": "16",
    "cause_description": "",
    "cause_txt": "",
    "channel": "SIP/260-00002cfb",
    "connected_line_name": "<unknown>",
    "connected_line_num": "<unknown>",
    "direction": "out",
    "end_time": "2025-06-29T11:56:48",
    "extension_number": "260",
    "has_ringing": false,
    "linkedid": "1751185653.196179",
    "other_extension_number": "256",
    "raw_event": {
        "AccountCode": "",
        "CallerIDName": "260-SUP",
        "CallerIDNum": "260",
        "Cause": "16",
        "Cause-txt": "Normal Clearing",
        "Channel": "SIP/260-00002cfb",
        "ChannelState": "6",
        "ChannelStateDesc": "Up",
        "ConnectedLineName": "256-SUP6",
        "ConnectedLineNum": "256",
        "Context": "from-internal",
        "Event": "Hangup",
        "Exten": "h",
        "Language": "pr2",
        "Linkedid": "1751185653.196179",
        "Priority": "1",
        "Privilege": "call,all",
        "Uniqueid": "1751185653.196179"
    },
    "start_time": "2025-06-29T11:56:43",
    "status": "answered",
    "timestamp": "2025-06-29T11:56:48",
    "type": "call_summary",
    "uniqueid": "1751185653.196179"
}

{
    "call_type": "",
    "caller_id_name": "260-SUP",
    "caller_id_num": "260",
    "channel": "SIP/260-00002cfe",
    "connected_line_name": "<unknown>",
    "connected_line_num": "<unknown>",
    "direction": "",
    "end_time": "",
    "extension_number": "260",
    "has_ringing": false,
    "linkedid": "1751185663.196216",
    "other_extension_number": "",
    "start_time": "2025-06-29T11:56:50",
    "status": "initiated",
    "timestamp": "2025-06-29T11:56:50",
    "type": "call_started",
    "uniqueid": "1751185663.196216"
}

{
    "channel": "SIP/260-00002cfe",
    "privilege": "call,all",
    "timestamp": "2025-06-29T11:56:58",
    "type": "call_answered",
    "uniqueid": "1751185663.196216"
}

{
    "call_type": "internal",
    "caller_id_name": "260-SUP",
    "caller_id_num": "260",
    "cause": "16",
    "cause_description": "",
    "cause_txt": "",
    "channel": "SIP/260-00002cfe",
    "connected_line_name": "<unknown>",
    "connected_line_num": "<unknown>",
    "direction": "out",
    "end_time": "2025-06-29T11:58:01",
    "extension_number": "260",
    "has_ringing": false,
    "linkedid": "1751185663.196216",
    "other_extension_number": "259",
    "raw_event": {
        "AccountCode": "",
        "CallerIDName": "260-SUP",
        "CallerIDNum": "260",
        "Cause": "16",
        "Cause-txt": "Normal Clearing",
        "Channel": "SIP/260-00002cfe",
        "ChannelState": "6",
        "ChannelStateDesc": "Up",
        "ConnectedLineName": "259-SUP9",
        "ConnectedLineNum": "259",
        "Context": "from-internal",
        "Event": "Hangup",
        "Exten": "h",
        "Language": "pr2",
        "Linkedid": "1751185663.196216",
        "Priority": "1",
        "Privilege": "call,all",
        "Uniqueid": "1751185663.196216"
    },
    "start_time": "2025-06-29T11:56:58",
    "status": "answered",
    "timestamp": "2025-06-29T11:58:01",
    "type": "call_ended",
    "uniqueid": "1751185663.196216"
}

{
    "call_duration": 62,
    "call_type": "internal",
    "caller_id_name": "260-SUP",
    "caller_id_num": "260",
    "cause": "16",
    "cause_description": "",
    "cause_txt": "",
    "channel": "SIP/260-00002cfe",
    "connected_line_name": "<unknown>",
    "connected_line_num": "<unknown>",
    "direction": "out",
    "end_time": "2025-06-29T11:58:01",
    "extension_number": "260",
    "has_ringing": false,
    "linkedid": "1751185663.196216",
    "other_extension_number": "259",
    "raw_event": {
        "AccountCode": "",
        "CallerIDName": "260-SUP",
        "CallerIDNum": "260",
        "Cause": "16",
        "Cause-txt": "Normal Clearing",
        "Channel": "SIP/260-00002cfe",
        "ChannelState": "6",
        "ChannelStateDesc": "Up",
        "ConnectedLineName": "259-SUP9",
        "ConnectedLineNum": "259",
        "Context": "from-internal",
        "Event": "Hangup",
        "Exten": "h",
        "Language": "pr2",
        "Linkedid": "1751185663.196216",
        "Priority": "1",
        "Privilege": "call,all",
        "Uniqueid": "1751185663.196216"
    },
    "start_time": "2025-06-29T11:56:58",
    "status": "answered",
    "timestamp": "2025-06-29T11:58:01",
    "type": "call_summary",
    "uniqueid": "1751185663.196216"
}

{
    "call_type": "",
    "caller_id_name": "260-SUP",
    "caller_id_num": "260",
    "channel": "SIP/260-00002d40",
    "connected_line_name": "<unknown>",
    "connected_line_num": "<unknown>",
    "direction": "",
    "end_time": "",
    "extension_number": "260",
    "has_ringing": false,
    "linkedid": "1751186032.197341",
    "other_extension_number": "",
    "start_time": "2025-06-29T12:02:58",
    "status": "initiated",
    "timestamp": "2025-06-29T12:02:58",
    "type": "call_started",
    "uniqueid": "1751186032.197341"
}

{
    "call_type": "internal",
    "caller_id_name": "260-SUP",
    "caller_id_num": "260",
    "cause": "16",
    "cause_description": "",
    "cause_txt": "",
    "channel": "SIP/260-00002d40",
    "connected_line_name": "<unknown>",
    "connected_line_num": "<unknown>",
    "direction": "out",
    "end_time": "2025-06-29T12:03:00",
    "extension_number": "260",
    "has_ringing": false,
    "linkedid": "1751186032.197341",
    "other_extension_number": "1608",
    "raw_event": {
        "AccountCode": "",
        "CallerIDName": "<unknown>",
        "CallerIDNum": "36944000",
        "Cause": "16",
        "Cause-txt": "Normal Clearing",
        "Channel": "SIP/260-00002d40",
        "ChannelState": "4",
        "ChannelStateDesc": "Ring",
        "ConnectedLineName": "CID:36944000",
        "ConnectedLineNum": "1608",
        "Context": "from-internal",
        "Event": "Hangup",
        "Exten": "h",
        "Language": "pr2",
        "Linkedid": "1751186032.197341",
        "Priority": "1",
        "Privilege": "call,all",
        "Uniqueid": "1751186032.197341"
    },
    "start_time": "2025-06-29T12:02:58",
    "status": "initiated",
    "timestamp": "2025-06-29T12:03:00",
    "type": "call_ended",
    "uniqueid": "1751186032.197341"
}

{
    "call_duration": 1,
    "call_type": "internal",
    "caller_id_name": "260-SUP",
    "caller_id_num": "260",
    "cause": "16",
    "cause_description": "",
    "cause_txt": "",
    "channel": "SIP/260-00002d40",
    "connected_line_name": "<unknown>",
    "connected_line_num": "<unknown>",
    "direction": "out",
    "end_time": "2025-06-29T12:03:00",
    "extension_number": "260",
    "has_ringing": false,
    "linkedid": "1751186032.197341",
    "other_extension_number": "1608",
    "raw_event": {
        "AccountCode": "",
        "CallerIDName": "<unknown>",
        "CallerIDNum": "36944000",
        "Cause": "16",
        "Cause-txt": "Normal Clearing",
        "Channel": "SIP/260-00002d40",
        "ChannelState": "4",
        "ChannelStateDesc": "Ring",
        "ConnectedLineName": "CID:36944000",
        "ConnectedLineNum": "1608",
        "Context": "from-internal",
        "Event": "Hangup",
        "Exten": "h",
        "Language": "pr2",
        "Linkedid": "1751186032.197341",
        "Priority": "1",
        "Privilege": "call,all",
        "Uniqueid": "1751186032.197341"
    },
    "start_time": "2025-06-29T12:02:58",
    "status": "initiated",
    "timestamp": "2025-06-29T12:03:00",
    "type": "call_summary",
    "uniqueid": "1751186032.197341"
}

{
    "call_type": "",
    "caller_id_name": "260-SUP",
    "caller_id_num": "260",
    "channel": "SIP/260-00002d42",
    "connected_line_name": "<unknown>",
    "connected_line_num": "<unknown>",
    "direction": "",
    "end_time": "",
    "extension_number": "260",
    "has_ringing": false,
    "linkedid": "1751186034.197361",
    "other_extension_number": "",
    "start_time": "2025-06-29T12:03:01",
    "status": "initiated",
    "timestamp": "2025-06-29T12:03:01",
    "type": "call_started",
    "uniqueid": "1751186034.197361"
}

{
    "call_type": "internal",
    "caller_id_name": "260-SUP",
    "caller_id_num": "260",
    "cause": "16",
    "cause_description": "",
    "cause_txt": "",
    "channel": "SIP/260-00002d42",
    "connected_line_name": "<unknown>",
    "connected_line_num": "<unknown>",
    "direction": "out",
    "end_time": "2025-06-29T12:03:18",
    "extension_number": "260",
    "has_ringing": false,
    "linkedid": "1751186034.197361",
    "other_extension_number": "160",
    "raw_event": {
        "AccountCode": "",
        "CallerIDName": "260-SUP",
        "CallerIDNum": "260",
        "Cause": "16",
        "Cause-txt": "Normal Clearing",
        "Channel": "SIP/260-00002d42",
        "ChannelState": "4",
        "ChannelStateDesc": "Ring",
        "ConnectedLineName": "160-SAL11",
        "ConnectedLineNum": "160",
        "Context": "from-internal",
        "Event": "Hangup",
        "Exten": "h",
        "Language": "pr2",
        "Linkedid": "1751186034.197361",
        "Priority": "1",
        "Privilege": "call,all",
        "Uniqueid": "1751186034.197361"
    },
    "start_time": "2025-06-29T12:03:01",
    "status": "initiated",
    "timestamp": "2025-06-29T12:03:18",
    "type": "call_ended",
    "uniqueid": "1751186034.197361"
}

{
    "call_duration": 17,
    "call_type": "internal",
    "caller_id_name": "260-SUP",
    "caller_id_num": "260",
    "cause": "16",
    "cause_description": "",
    "cause_txt": "",
    "channel": "SIP/260-00002d42",
    "connected_line_name": "<unknown>",
    "connected_line_num": "<unknown>",
    "direction": "out",
    "end_time": "2025-06-29T12:03:18",
    "extension_number": "260",
    "has_ringing": false,
    "linkedid": "1751186034.197361",
    "other_extension_number": "160",
    "raw_event": {
        "AccountCode": "",
        "CallerIDName": "260-SUP",
        "CallerIDNum": "260",
        "Cause": "16",
        "Cause-txt": "Normal Clearing",
        "Channel": "SIP/260-00002d42",
        "ChannelState": "4",
        "ChannelStateDesc": "Ring",
        "ConnectedLineName": "160-SAL11",
        "ConnectedLineNum": "160",
        "Context": "from-internal",
        "Event": "Hangup",
        "Exten": "h",
        "Language": "pr2",
        "Linkedid": "1751186034.197361",
        "Priority": "1",
        "Privilege": "call,all",
        "Uniqueid": "1751186034.197361"
    },
    "start_time": "2025-06-29T12:03:01",
    "status": "initiated",
    "timestamp": "2025-06-29T12:03:18",
    "type": "call_summary",
    "uniqueid": "1751186034.197361"
}

{
    "call_type": "",
    "caller_id_name": "260-SUP",
    "caller_id_num": "260",
    "channel": "SIP/260-00002e01",
    "connected_line_name": "<unknown>",
    "connected_line_num": "<unknown>",
    "direction": "",
    "end_time": "",
    "extension_number": "260",
    "has_ringing": false,
    "linkedid": "1751187040.200361",
    "other_extension_number": "",
    "start_time": "2025-06-29T12:19:46",
    "status": "initiated",
    "timestamp": "2025-06-29T12:19:46",
    "type": "call_started",
    "uniqueid": "1751187040.200361"
}

{
    "channel": "SIP/260-00002e01",
    "privilege": "call,all",
    "timestamp": "2025-06-29T12:19:46",
    "type": "call_answered",
    "uniqueid": "1751187040.200361"
}

{
    "call_type": "external",
    "caller_id_name": "260-SUP",
    "caller_id_num": "260",
    "cause": "0",
    "cause_description": "",
    "cause_txt": "",
    "channel": "SIP/260-00002e01",
    "connected_line_name": "<unknown>",
    "connected_line_num": "<unknown>",
    "direction": "out",
    "end_time": "2025-06-29T12:19:52",
    "extension_number": "260",
    "has_ringing": false,
    "linkedid": "1751187040.200361",
    "other_extension_number": "<unknown>",
    "raw_event": {
        "AccountCode": "",
        "CallerIDName": "260-SUP",
        "CallerIDNum": "260",
        "Cause": "0",
        "Cause-txt": "Unknown",
        "Channel": "SIP/260-00002e01",
        "ChannelState": "6",
        "ChannelStateDesc": "Up",
        "ConnectedLineName": "<unknown>",
        "ConnectedLineNum": "<unknown>",
        "Context": "app-announcement-2",
        "Event": "Hangup",
        "Exten": "s",
        "Language": "pr2",
        "Linkedid": "1751187040.200361",
        "Priority": "5",
        "Privilege": "call,all",
        "Uniqueid": "1751187040.200361"
    },
    "start_time": "2025-06-29T12:19:46",
    "status": "answered",
    "timestamp": "2025-06-29T12:19:52",
    "type": "call_ended",
    "uniqueid": "1751187040.200361"
}

{
    "call_duration": 5,
    "call_type": "external",
    "caller_id_name": "260-SUP",
    "caller_id_num": "260",
    "cause": "0",
    "cause_description": "",
    "cause_txt": "",
    "channel": "SIP/260-00002e01",
    "connected_line_name": "<unknown>",
    "connected_line_num": "<unknown>",
    "direction": "out",
    "end_time": "2025-06-29T12:19:52",
    "extension_number": "260",
    "has_ringing": false,
    "linkedid": "1751187040.200361",
    "other_extension_number": "<unknown>",
    "raw_event": {
        "AccountCode": "",
        "CallerIDName": "260-SUP",
        "CallerIDNum": "260",
        "Cause": "0",
        "Cause-txt": "Unknown",
        "Channel": "SIP/260-00002e01",
        "ChannelState": "6",
        "ChannelStateDesc": "Up",
        "ConnectedLineName": "<unknown>",
        "ConnectedLineNum": "<unknown>",
        "Context": "app-announcement-2",
        "Event": "Hangup",
        "Exten": "s",
        "Language": "pr2",
        "Linkedid": "1751187040.200361",
        "Priority": "5",
        "Privilege": "call,all",
        "Uniqueid": "1751187040.200361"
    },
    "start_time": "2025-06-29T12:19:46",
    "status": "answered",
    "timestamp": "2025-06-29T12:19:52",
    "type": "call_summary",
    "uniqueid": "1751187040.200361"
}

{
    "call_type": "",
    "caller_id_name": "260-SUP",
    "caller_id_num": "260",
    "channel": "SIP/260-00002e16",
    "connected_line_name": "<unknown>",
    "connected_line_num": "<unknown>",
    "direction": "",
    "end_time": "",
    "extension_number": "260",
    "has_ringing": false,
    "linkedid": "1751187147.200599",
    "other_extension_number": "",
    "start_time": "2025-06-29T12:21:34",
    "status": "initiated",
    "timestamp": "2025-06-29T12:21:34",
    "type": "call_started",
    "uniqueid": "1751187147.200599"
}

{
    "channel": "SIP/260-00002e16",
    "privilege": "call,all",
    "timestamp": "2025-06-29T12:21:38",
    "type": "call_answered",
    "uniqueid": "1751187147.200599"
}

{
    "call_type": "external",
    "caller_id_name": "260-SUP",
    "caller_id_num": "260",
    "cause": "16",
    "cause_description": "",
    "cause_txt": "",
    "channel": "SIP/260-00002e16",
    "connected_line_name": "<unknown>",
    "connected_line_num": "<unknown>",
    "direction": "out",
    "end_time": "2025-06-29T12:21:39",
    "extension_number": "260",
    "has_ringing": false,
    "linkedid": "1751187147.200599",
    "other_extension_number": "09136000274",
    "raw_event": {
        "AccountCode": "",
        "CallerIDName": "<unknown>",
        "CallerIDNum": "36944000",
        "Cause": "16",
        "Cause-txt": "Normal Clearing",
        "Channel": "SIP/260-00002e16",
        "ChannelState": "6",
        "ChannelStateDesc": "Up",
        "ConnectedLineName": "CID:36944000",
        "ConnectedLineNum": "09136000274",
        "Context": "from-internal",
        "Event": "Hangup",
        "Exten": "h",
        "Language": "pr2",
        "Linkedid": "1751187147.200599",
        "Priority": "1",
        "Privilege": "call,all",
        "Uniqueid": "1751187147.200599"
    },
    "start_time": "2025-06-29T12:21:38",
    "status": "answered",
    "timestamp": "2025-06-29T12:21:39",
    "type": "call_ended",
    "uniqueid": "1751187147.200599"
}

{
    "call_duration": 0,
    "call_type": "external",
    "caller_id_name": "260-SUP",
    "caller_id_num": "260",
    "cause": "16",
    "cause_description": "",
    "cause_txt": "",
    "channel": "SIP/260-00002e16",
    "connected_line_name": "<unknown>",
    "connected_line_num": "<unknown>",
    "direction": "out",
    "end_time": "2025-06-29T12:21:39",
    "extension_number": "260",
    "has_ringing": false,
    "linkedid": "1751187147.200599",
    "other_extension_number": "09136000274",
    "raw_event": {
        "AccountCode": "",
        "CallerIDName": "<unknown>",
        "CallerIDNum": "36944000",
        "Cause": "16",
        "Cause-txt": "Normal Clearing",
        "Channel": "SIP/260-00002e16",
        "ChannelState": "6",
        "ChannelStateDesc": "Up",
        "ConnectedLineName": "CID:36944000",
        "ConnectedLineNum": "09136000274",
        "Context": "from-internal",
        "Event": "Hangup",
        "Exten": "h",
        "Language": "pr2",
        "Linkedid": "1751187147.200599",
        "Priority": "1",
        "Privilege": "call,all",
        "Uniqueid": "1751187147.200599"
    },
    "start_time": "2025-06-29T12:21:38",
    "status": "answered",
    "timestamp": "2025-06-29T12:21:39",
    "type": "call_summary",
    "uniqueid": "1751187147.200599"
}

{
    "call_type": "",
    "caller_id_name": "260-SUP",
    "caller_id_num": "260",
    "channel": "SIP/260-00002e35",
    "connected_line_name": "<unknown>",
    "connected_line_num": "<unknown>",
    "direction": "",
    "end_time": "",
    "extension_number": "260",
    "has_ringing": false,
    "linkedid": "1751187279.200906",
    "other_extension_number": "",
    "start_time": "2025-06-29T12:23:46",
    "status": "initiated",
    "timestamp": "2025-06-29T12:23:46",
    "type": "call_started",
    "uniqueid": "1751187279.200906"
}

{
    "channel": "SIP/260-00002e35",
    "privilege": "call,all",
    "timestamp": "2025-06-29T12:23:48",
    "type": "call_answered",
    "uniqueid": "1751187279.200906"
}

{
    "call_type": "internal",
    "caller_id_name": "260-SUP",
    "caller_id_num": "260",
    "cause": "16",
    "cause_description": "",
    "cause_txt": "",
    "channel": "SIP/260-00002e35",
    "connected_line_name": "<unknown>",
    "connected_line_num": "<unknown>",
    "direction": "out",
    "end_time": "2025-06-29T12:26:32",
    "extension_number": "260",
    "has_ringing": false,
    "linkedid": "1751187279.200906",
    "other_extension_number": "160",
    "raw_event": {
        "AccountCode": "",
        "CallerIDName": "260-SUP",
        "CallerIDNum": "260",
        "Cause": "16",
        "Cause-txt": "Normal Clearing",
        "Channel": "SIP/260-00002e35",
        "ChannelState": "6",
        "ChannelStateDesc": "Up",
        "ConnectedLineName": "160-SAL11",
        "ConnectedLineNum": "160",
        "Context": "from-internal",
        "Event": "Hangup",
        "Exten": "h",
        "Language": "pr2",
        "Linkedid": "1751187279.200906",
        "Priority": "1",
        "Privilege": "call,all",
        "Uniqueid": "1751187279.200906"
    },
    "start_time": "2025-06-29T12:23:48",
    "status": "answered",
    "timestamp": "2025-06-29T12:26:32",
    "type": "call_ended",
    "uniqueid": "1751187279.200906"
}

{
    "call_duration": 163,
    "call_type": "internal",
    "caller_id_name": "260-SUP",
    "caller_id_num": "260",
    "cause": "16",
    "cause_description": "",
    "cause_txt": "",
    "channel": "SIP/260-00002e35",
    "connected_line_name": "<unknown>",
    "connected_line_num": "<unknown>",
    "direction": "out",
    "end_time": "2025-06-29T12:26:32",
    "extension_number": "260",
    "has_ringing": false,
    "linkedid": "1751187279.200906",
    "other_extension_number": "160",
    "raw_event": {
        "AccountCode": "",
        "CallerIDName": "260-SUP",
        "CallerIDNum": "260",
        "Cause": "16",
        "Cause-txt": "Normal Clearing",
        "Channel": "SIP/260-00002e35",
        "ChannelState": "6",
        "ChannelStateDesc": "Up",
        "ConnectedLineName": "160-SAL11",
        "ConnectedLineNum": "160",
        "Context": "from-internal",
        "Event": "Hangup",
        "Exten": "h",
        "Language": "pr2",
        "Linkedid": "1751187279.200906",
        "Priority": "1",
        "Privilege": "call,all",
        "Uniqueid": "1751187279.200906"
    },
    "start_time": "2025-06-29T12:23:48",
    "status": "answered",
    "timestamp": "2025-06-29T12:26:32",
    "type": "call_summary",
    "uniqueid": "1751187279.200906"
}

{
    "call_type": "",
    "caller_id_name": "260-SUP",
    "caller_id_num": "260",
    "channel": "SIP/260-00002e4d",
    "connected_line_name": "<unknown>",
    "connected_line_num": "<unknown>",
    "direction": "",
    "end_time": "",
    "extension_number": "260",
    "has_ringing": false,
    "linkedid": "1751187447.201157",
    "other_extension_number": "",
    "start_time": "2025-06-29T12:26:33",
    "status": "initiated",
    "timestamp": "2025-06-29T12:26:33",
    "type": "call_started",
    "uniqueid": "1751187447.201157"
}

{
    "channel": "SIP/260-00002e4d",
    "privilege": "call,all",
    "timestamp": "2025-06-29T12:26:37",
    "type": "call_answered",
    "uniqueid": "1751187447.201157"
}

{
    "call_type": "internal",
    "caller_id_name": "260-SUP",
    "caller_id_num": "260",
    "cause": "16",
    "cause_description": "",
    "cause_txt": "",
    "channel": "SIP/260-00002e4d",
    "connected_line_name": "<unknown>",
    "connected_line_num": "<unknown>",
    "direction": "out",
    "end_time": "2025-06-29T12:28:01",
    "extension_number": "260",
    "has_ringing": false,
    "linkedid": "1751187447.201157",
    "other_extension_number": "163",
    "raw_event": {
        "AccountCode": "",
        "CallerIDName": "260-SUP",
        "CallerIDNum": "260",
        "Cause": "16",
        "Cause-txt": "Normal Clearing",
        "Channel": "SIP/260-00002e4d",
        "ChannelState": "6",
        "ChannelStateDesc": "Up",
        "ConnectedLineName": "163-SAL14",
        "ConnectedLineNum": "163",
        "Context": "from-internal",
        "Event": "Hangup",
        "Exten": "h",
        "Language": "pr2",
        "Linkedid": "1751187447.201157",
        "Priority": "1",
        "Privilege": "call,all",
        "Uniqueid": "1751187447.201157"
    },
    "start_time": "2025-06-29T12:26:37",
    "status": "answered",
    "timestamp": "2025-06-29T12:28:01",
    "type": "call_ended",
    "uniqueid": "1751187447.201157"
}

{
    "call_duration": 84,
    "call_type": "internal",
    "caller_id_name": "260-SUP",
    "caller_id_num": "260",
    "cause": "16",
    "cause_description": "",
    "cause_txt": "",
    "channel": "SIP/260-00002e4d",
    "connected_line_name": "<unknown>",
    "connected_line_num": "<unknown>",
    "direction": "out",
    "end_time": "2025-06-29T12:28:01",
    "extension_number": "260",
    "has_ringing": false,
    "linkedid": "1751187447.201157",
    "other_extension_number": "163",
    "raw_event": {
        "AccountCode": "",
        "CallerIDName": "260-SUP",
        "CallerIDNum": "260",
        "Cause": "16",
        "Cause-txt": "Normal Clearing",
        "Channel": "SIP/260-00002e4d",
        "ChannelState": "6",
        "ChannelStateDesc": "Up",
        "ConnectedLineName": "163-SAL14",
        "ConnectedLineNum": "163",
        "Context": "from-internal",
        "Event": "Hangup",
        "Exten": "h",
        "Language": "pr2",
        "Linkedid": "1751187447.201157",
        "Priority": "1",
        "Privilege": "call,all",
        "Uniqueid": "1751187447.201157"
    },
    "start_time": "2025-06-29T12:26:37",
    "status": "answered",
    "timestamp": "2025-06-29T12:28:01",
    "type": "call_summary",
    "uniqueid": "1751187447.201157"
}

{
    "call_type": "",
    "caller_id_name": "260-SUP",
    "caller_id_num": "260",
    "channel": "SIP/260-00002f00",
    "connected_line_name": "<unknown>",
    "connected_line_num": "<unknown>",
    "direction": "",
    "end_time": "",
    "extension_number": "260",
    "has_ringing": false,
    "linkedid": "1751188453.203222",
    "other_extension_number": "",
    "start_time": "2025-06-29T12:43:20",
    "status": "initiated",
    "timestamp": "2025-06-29T12:43:20",
    "type": "call_started",
    "uniqueid": "1751188453.203225"
}

{
    "channel": "SIP/260-00002f00",
    "privilege": "call,all",
    "timestamp": "2025-06-29T12:43:20",
    "type": "call_ringing",
    "uniqueid": "1751188453.203225"
}

{
    "call_type": "internal",
    "caller_id_name": "260-SUP",
    "caller_id_num": "260",
    "cause": "16",
    "cause_description": "",
    "cause_txt": "",
    "channel": "SIP/260-00002f00",
    "connected_line_name": "<unknown>",
    "connected_line_num": "<unknown>",
    "direction": "in",
    "end_time": "2025-06-29T12:43:40",
    "extension_number": "260",
    "has_ringing": true,
    "linkedid": "1751188453.203222",
    "other_extension_number": "323",
    "raw_event": {
        "AccountCode": "",
        "CallerIDName": "260-SUP",
        "CallerIDNum": "260",
        "Cause": "16",
        "Cause-txt": "Normal Clearing",
        "Channel": "SIP/260-00002f00",
        "ChannelState": "5",
        "ChannelStateDesc": "Ringing",
        "ConnectedLineName": "323-WHS3",
        "ConnectedLineNum": "323",
        "Context": "from-internal",
        "Event": "Hangup",
        "Exten": "260",
        "Language": "pr2",
        "Linkedid": "1751188453.203222",
        "Priority": "1",
        "Privilege": "call,all",
        "Uniqueid": "1751188453.203225"
    },
    "start_time": "2025-06-29T12:43:20",
    "status": "ringing",
    "timestamp": "2025-06-29T12:43:40",
    "type": "call_ended",
    "uniqueid": "1751188453.203225"
}

{
    "call_duration": 19,
    "call_type": "internal",
    "caller_id_name": "260-SUP",
    "caller_id_num": "260",
    "cause": "16",
    "cause_description": "",
    "cause_txt": "",
    "channel": "SIP/260-00002f00",
    "connected_line_name": "<unknown>",
    "connected_line_num": "<unknown>",
    "direction": "in",
    "end_time": "2025-06-29T12:43:40",
    "extension_number": "260",
    "has_ringing": true,
    "linkedid": "1751188453.203222",
    "other_extension_number": "323",
    "raw_event": {
        "AccountCode": "",
        "CallerIDName": "260-SUP",
        "CallerIDNum": "260",
        "Cause": "16",
        "Cause-txt": "Normal Clearing",
        "Channel": "SIP/260-00002f00",
        "ChannelState": "5",
        "ChannelStateDesc": "Ringing",
        "ConnectedLineName": "323-WHS3",
        "ConnectedLineNum": "323",
        "Context": "from-internal",
        "Event": "Hangup",
        "Exten": "260",
        "Language": "pr2",
        "Linkedid": "1751188453.203222",
        "Priority": "1",
        "Privilege": "call,all",
        "Uniqueid": "1751188453.203225"
    },
    "start_time": "2025-06-29T12:43:20",
    "status": "ringing",
    "timestamp": "2025-06-29T12:43:40",
    "type": "call_summary",
    "uniqueid": "1751188453.203225"
}

{
    "call_type": "",
    "caller_id_name": "260-SUP",
    "caller_id_num": "260",
    "channel": "SIP/260-00002f35",
    "connected_line_name": "<unknown>",
    "connected_line_num": "<unknown>",
    "direction": "",
    "end_time": "",
    "extension_number": "260",
    "has_ringing": false,
    "linkedid": "1751188737.203795",
    "other_extension_number": "",
    "start_time": "2025-06-29T12:48:04",
    "status": "initiated",
    "timestamp": "2025-06-29T12:48:04",
    "type": "call_started",
    "uniqueid": "1751188737.203795"
}

{
    "call_type": "internal",
    "caller_id_name": "260-SUP",
    "caller_id_num": "260",
    "cause": "16",
    "cause_description": "",
    "cause_txt": "",
    "channel": "SIP/260-00002f35",
    "connected_line_name": "<unknown>",
    "connected_line_num": "<unknown>",
    "direction": "out",
    "end_time": "2025-06-29T12:48:20",
    "extension_number": "260",
    "has_ringing": false,
    "linkedid": "1751188737.203795",
    "other_extension_number": "323",
    "raw_event": {
        "AccountCode": "",
        "CallerIDName": "260-SUP",
        "CallerIDNum": "260",
        "Cause": "16",
        "Cause-txt": "Normal Clearing",
        "Channel": "SIP/260-00002f35",
        "ChannelState": "4",
        "ChannelStateDesc": "Ring",
        "ConnectedLineName": "323-WHS3",
        "ConnectedLineNum": "323",
        "Context": "from-internal",
        "Event": "Hangup",
        "Exten": "h",
        "Language": "pr2",
        "Linkedid": "1751188737.203795",
        "Priority": "1",
        "Privilege": "call,all",
        "Uniqueid": "1751188737.203795"
    },
    "start_time": "2025-06-29T12:48:04",
    "status": "initiated",
    "timestamp": "2025-06-29T12:48:20",
    "type": "call_ended",
    "uniqueid": "1751188737.203795"
}

{
    "call_duration": 16,
    "call_type": "internal",
    "caller_id_name": "260-SUP",
    "caller_id_num": "260",
    "cause": "16",
    "cause_description": "",
    "cause_txt": "",
    "channel": "SIP/260-00002f35",
    "connected_line_name": "<unknown>",
    "connected_line_num": "<unknown>",
    "direction": "out",
    "end_time": "2025-06-29T12:48:20",
    "extension_number": "260",
    "has_ringing": false,
    "linkedid": "1751188737.203795",
    "other_extension_number": "323",
    "raw_event": {
        "AccountCode": "",
        "CallerIDName": "260-SUP",
        "CallerIDNum": "260",
        "Cause": "16",
        "Cause-txt": "Normal Clearing",
        "Channel": "SIP/260-00002f35",
        "ChannelState": "4",
        "ChannelStateDesc": "Ring",
        "ConnectedLineName": "323-WHS3",
        "ConnectedLineNum": "323",
        "Context": "from-internal",
        "Event": "Hangup",
        "Exten": "h",
        "Language": "pr2",
        "Linkedid": "1751188737.203795",
        "Priority": "1",
        "Privilege": "call,all",
        "Uniqueid": "1751188737.203795"
    },
    "start_time": "2025-06-29T12:48:04",
    "status": "initiated",
    "timestamp": "2025-06-29T12:48:20",
    "type": "call_summary",
    "uniqueid": "1751188737.203795"
}

{
    "call_type": "",
    "caller_id_name": "260-SUP",
    "caller_id_num": "260",
    "channel": "SIP/260-00002f39",
    "connected_line_name": "<unknown>",
    "connected_line_num": "<unknown>",
    "direction": "",
    "end_time": "",
    "extension_number": "260",
    "has_ringing": false,
    "linkedid": "1751188762.203854",
    "other_extension_number": "",
    "start_time": "2025-06-29T12:48:28",
    "status": "initiated",
    "timestamp": "2025-06-29T12:48:28",
    "type": "call_started",
    "uniqueid": "1751188762.203854"
}

{
    "channel": "SIP/260-00002f39",
    "privilege": "call,all",
    "timestamp": "2025-06-29T12:48:34",
    "type": "call_answered",
    "uniqueid": "1751188762.203854"
}

{
    "call_type": "internal",
    "caller_id_name": "260-SUP",
    "caller_id_num": "260",
    "cause": "16",
    "cause_description": "",
    "cause_txt": "",
    "channel": "SIP/260-00002f39",
    "connected_line_name": "<unknown>",
    "connected_line_num": "<unknown>",
    "direction": "out",
    "end_time": "2025-06-29T12:48:54",
    "extension_number": "260",
    "has_ringing": false,
    "linkedid": "1751188762.203854",
    "other_extension_number": "280",
    "raw_event": {
        "AccountCode": "",
        "CallerIDName": "260-SUP",
        "CallerIDNum": "260",
        "Cause": "16",
        "Cause-txt": "Normal Clearing",
        "Channel": "SIP/260-00002f39",
        "ChannelState": "6",
        "ChannelStateDesc": "Up",
        "ConnectedLineName": "280-SUP",
        "ConnectedLineNum": "280",
        "Context": "from-internal",
        "Event": "Hangup",
        "Exten": "h",
        "Language": "pr2",
        "Linkedid": "1751188762.203854",
        "Priority": "1",
        "Privilege": "call,all",
        "Uniqueid": "1751188762.203854"
    },
    "start_time": "2025-06-29T12:48:34",
    "status": "answered",
    "timestamp": "2025-06-29T12:48:54",
    "type": "call_ended",
    "uniqueid": "1751188762.203854"
}

{
    "call_duration": 20,
    "call_type": "internal",
    "caller_id_name": "260-SUP",
    "caller_id_num": "260",
    "cause": "16",
    "cause_description": "",
    "cause_txt": "",
    "channel": "SIP/260-00002f39",
    "connected_line_name": "<unknown>",
    "connected_line_num": "<unknown>",
    "direction": "out",
    "end_time": "2025-06-29T12:48:54",
    "extension_number": "260",
    "has_ringing": false,
    "linkedid": "1751188762.203854",
    "other_extension_number": "280",
    "raw_event": {
        "AccountCode": "",
        "CallerIDName": "260-SUP",
        "CallerIDNum": "260",
        "Cause": "16",
        "Cause-txt": "Normal Clearing",
        "Channel": "SIP/260-00002f39",
        "ChannelState": "6",
        "ChannelStateDesc": "Up",
        "ConnectedLineName": "280-SUP",
        "ConnectedLineNum": "280",
        "Context": "from-internal",
        "Event": "Hangup",
        "Exten": "h",
        "Language": "pr2",
        "Linkedid": "1751188762.203854",
        "Priority": "1",
        "Privilege": "call,all",
        "Uniqueid": "1751188762.203854"
    },
    "start_time": "2025-06-29T12:48:34",
    "status": "answered",
    "timestamp": "2025-06-29T12:48:54",
    "type": "call_summary",
    "uniqueid": "1751188762.203854"
}

{
    "call_type": "",
    "caller_id_name": "260-SUP",
    "caller_id_num": "260",
    "channel": "SIP/260-000031ae",
    "connected_line_name": "<unknown>",
    "connected_line_num": "<unknown>",
    "direction": "",
    "end_time": "",
    "extension_number": "260",
    "has_ringing": false,
    "linkedid": "1751194474.211531",
    "other_extension_number": "",
    "start_time": "2025-06-29T14:23:41",
    "status": "initiated",
    "timestamp": "2025-06-29T14:23:41",
    "type": "call_started",
    "uniqueid": "1751194474.211534"
}

{
    "channel": "SIP/260-000031ae",
    "privilege": "call,all",
    "timestamp": "2025-06-29T14:23:41",
    "type": "call_ringing",
    "uniqueid": "1751194474.211534"
}

{
    "channel": "SIP/260-000031ae",
    "privilege": "call,all",
    "timestamp": "2025-06-29T14:23:58",
    "type": "call_answered",
    "uniqueid": "1751194474.211534"
}

{
    "call_type": "internal",
    "caller_id_name": "260-SUP",
    "caller_id_num": "260",
    "cause": "16",
    "cause_description": "",
    "cause_txt": "",
    "channel": "SIP/260-000031ae",
    "connected_line_name": "<unknown>",
    "connected_line_num": "<unknown>",
    "direction": "in",
    "end_time": "2025-06-29T14:27:50",
    "extension_number": "260",
    "has_ringing": true,
    "linkedid": "1751194474.211531",
    "other_extension_number": "511",
    "raw_event": {
        "AccountCode": "",
        "CallerIDName": "260-SUP",
        "CallerIDNum": "260",
        "Cause": "16",
        "Cause-txt": "Normal Clearing",
        "Channel": "SIP/260-000031ae",
        "ChannelState": "6",
        "ChannelStateDesc": "Up",
        "ConnectedLineName": "511-ICT",
        "ConnectedLineNum": "511",
        "Context": "from-internal",
        "Event": "Hangup",
        "Exten": "",
        "Language": "pr2",
        "Linkedid": "1751194474.211531",
        "Priority": "1",
        "Privilege": "call,all",
        "Uniqueid": "1751194474.211534"
    },
    "start_time": "2025-06-29T14:23:58",
    "status": "answered",
    "timestamp": "2025-06-29T14:27:50",
    "type": "call_ended",
    "uniqueid": "1751194474.211534"
}

{
    "call_duration": 232,
    "call_type": "internal",
    "caller_id_name": "260-SUP",
    "caller_id_num": "260",
    "cause": "16",
    "cause_description": "",
    "cause_txt": "",
    "channel": "SIP/260-000031ae",
    "connected_line_name": "<unknown>",
    "connected_line_num": "<unknown>",
    "direction": "in",
    "end_time": "2025-06-29T14:27:50",
    "extension_number": "260",
    "has_ringing": true,
    "linkedid": "1751194474.211531",
    "other_extension_number": "511",
    "raw_event": {
        "AccountCode": "",
        "CallerIDName": "260-SUP",
        "CallerIDNum": "260",
        "Cause": "16",
        "Cause-txt": "Normal Clearing",
        "Channel": "SIP/260-000031ae",
        "ChannelState": "6",
        "ChannelStateDesc": "Up",
        "ConnectedLineName": "511-ICT",
        "ConnectedLineNum": "511",
        "Context": "from-internal",
        "Event": "Hangup",
        "Exten": "",
        "Language": "pr2",
        "Linkedid": "1751194474.211531",
        "Priority": "1",
        "Privilege": "call,all",
        "Uniqueid": "1751194474.211534"
    },
    "start_time": "2025-06-29T14:23:58",
    "status": "answered",
    "timestamp": "2025-06-29T14:27:50",
    "type": "call_summary",
    "uniqueid": "1751194474.211534"
}

{
    "call_type": "",
    "caller_id_name": "260-SUP",
    "caller_id_num": "260",
    "channel": "SIP/260-000031f7",
    "connected_line_name": "<unknown>",
    "connected_line_num": "<unknown>",
    "direction": "",
    "end_time": "",
    "extension_number": "260",
    "has_ringing": false,
    "linkedid": "1751195436.212417",
    "other_extension_number": "",
    "start_time": "2025-06-29T14:39:42",
    "status": "initiated",
    "timestamp": "2025-06-29T14:39:42",
    "type": "call_started",
    "uniqueid": "1751195436.212417"
}

{
    "call_type": "external",
    "caller_id_name": "260-SUP",
    "caller_id_num": "260",
    "cause": "16",
    "cause_description": "",
    "cause_txt": "",
    "channel": "SIP/260-000031f7",
    "connected_line_name": "<unknown>",
    "connected_line_num": "<unknown>",
    "direction": "out",
    "end_time": "2025-06-29T14:40:17",
    "extension_number": "260",
    "has_ringing": false,
    "linkedid": "1751195436.212417",
    "other_extension_number": "09108723144",
    "raw_event": {
        "AccountCode": "",
        "CallerIDName": "<unknown>",
        "CallerIDNum": "36944000",
        "Cause": "16",
        "Cause-txt": "Normal Clearing",
        "Channel": "SIP/260-000031f7",
        "ChannelState": "4",
        "ChannelStateDesc": "Ring",
        "ConnectedLineName": "CID:36944000",
        "ConnectedLineNum": "09108723144",
        "Context": "from-internal",
        "Event": "Hangup",
        "Exten": "h",
        "Language": "pr2",
        "Linkedid": "1751195436.212417",
        "Priority": "1",
        "Privilege": "call,all",
        "Uniqueid": "1751195436.212417"
    },
    "start_time": "2025-06-29T14:39:42",
    "status": "initiated",
    "timestamp": "2025-06-29T14:40:17",
    "type": "call_ended",
    "uniqueid": "1751195436.212417"
}

{
    "call_duration": 34,
    "call_type": "external",
    "caller_id_name": "260-SUP",
    "caller_id_num": "260",
    "cause": "16",
    "cause_description": "",
    "cause_txt": "",
    "channel": "SIP/260-000031f7",
    "connected_line_name": "<unknown>",
    "connected_line_num": "<unknown>",
    "direction": "out",
    "end_time": "2025-06-29T14:40:17",
    "extension_number": "260",
    "has_ringing": false,
    "linkedid": "1751195436.212417",
    "other_extension_number": "09108723144",
    "raw_event": {
        "AccountCode": "",
        "CallerIDName": "<unknown>",
        "CallerIDNum": "36944000",
        "Cause": "16",
        "Cause-txt": "Normal Clearing",
        "Channel": "SIP/260-000031f7",
        "ChannelState": "4",
        "ChannelStateDesc": "Ring",
        "ConnectedLineName": "CID:36944000",
        "ConnectedLineNum": "09108723144",
        "Context": "from-internal",
        "Event": "Hangup",
        "Exten": "h",
        "Language": "pr2",
        "Linkedid": "1751195436.212417",
        "Priority": "1",
        "Privilege": "call,all",
        "Uniqueid": "1751195436.212417"
    },
    "start_time": "2025-06-29T14:39:42",
    "status": "initiated",
    "timestamp": "2025-06-29T14:40:17",
    "type": "call_summary",
    "uniqueid": "1751195436.212417"
}

{
    "call_type": "",
    "caller_id_name": "260-SUP",
    "caller_id_num": "260",
    "channel": "SIP/260-00003213",
    "connected_line_name": "<unknown>",
    "connected_line_num": "<unknown>",
    "direction": "",
    "end_time": "",
    "extension_number": "260",
    "has_ringing": false,
    "linkedid": "1751195665.212746",
    "other_extension_number": "",
    "start_time": "2025-06-29T14:43:32",
    "status": "initiated",
    "timestamp": "2025-06-29T14:43:32",
    "type": "call_started",
    "uniqueid": "1751195665.212746"
}

{
    "call_type": "external",
    "caller_id_name": "260-SUP",
    "caller_id_num": "260",
    "cause": "16",
    "cause_description": "",
    "cause_txt": "",
    "channel": "SIP/260-00003213",
    "connected_line_name": "<unknown>",
    "connected_line_num": "<unknown>",
    "direction": "out",
    "end_time": "2025-06-29T14:43:36",
    "extension_number": "260",
    "has_ringing": false,
    "linkedid": "1751195665.212746",
    "other_extension_number": "09108723144",
    "raw_event": {
        "AccountCode": "",
        "CallerIDName": "<unknown>",
        "CallerIDNum": "36944000",
        "Cause": "16",
        "Cause-txt": "Normal Clearing",
        "Channel": "SIP/260-00003213",
        "ChannelState": "4",
        "ChannelStateDesc": "Ring",
        "ConnectedLineName": "CID:36944000",
        "ConnectedLineNum": "09108723144",
        "Context": "from-internal",
        "Event": "Hangup",
        "Exten": "h",
        "Language": "pr2",
        "Linkedid": "1751195665.212746",
        "Priority": "1",
        "Privilege": "call,all",
        "Uniqueid": "1751195665.212746"
    },
    "start_time": "2025-06-29T14:43:32",
    "status": "initiated",
    "timestamp": "2025-06-29T14:43:36",
    "type": "call_ended",
    "uniqueid": "1751195665.212746"
}

{
    "call_duration": 4,
    "call_type": "external",
    "caller_id_name": "260-SUP",
    "caller_id_num": "260",
    "cause": "16",
    "cause_description": "",
    "cause_txt": "",
    "channel": "SIP/260-00003213",
    "connected_line_name": "<unknown>",
    "connected_line_num": "<unknown>",
    "direction": "out",
    "end_time": "2025-06-29T14:43:36",
    "extension_number": "260",
    "has_ringing": false,
    "linkedid": "1751195665.212746",
    "other_extension_number": "09108723144",
    "raw_event": {
        "AccountCode": "",
        "CallerIDName": "<unknown>",
        "CallerIDNum": "36944000",
        "Cause": "16",
        "Cause-txt": "Normal Clearing",
        "Channel": "SIP/260-00003213",
        "ChannelState": "4",
        "ChannelStateDesc": "Ring",
        "ConnectedLineName": "CID:36944000",
        "ConnectedLineNum": "09108723144",
        "Context": "from-internal",
        "Event": "Hangup",
        "Exten": "h",
        "Language": "pr2",
        "Linkedid": "1751195665.212746",
        "Priority": "1",
        "Privilege": "call,all",
        "Uniqueid": "1751195665.212746"
    },
    "start_time": "2025-06-29T14:43:32",
    "status": "initiated",
    "timestamp": "2025-06-29T14:43:36",
    "type": "call_summary",
    "uniqueid": "1751195665.212746"
}

{
    "call_type": "",
    "caller_id_name": "260-SUP",
    "caller_id_num": "260",
    "channel": "SIP/260-00003217",
    "connected_line_name": "<unknown>",
    "connected_line_num": "<unknown>",
    "direction": "",
    "end_time": "",
    "extension_number": "260",
    "has_ringing": false,
    "linkedid": "1751195674.212768",
    "other_extension_number": "",
    "start_time": "2025-06-29T14:43:40",
    "status": "initiated",
    "timestamp": "2025-06-29T14:43:40",
    "type": "call_started",
    "uniqueid": "1751195674.212768"
}

{
    "channel": "SIP/260-00003217",
    "privilege": "call,all",
    "timestamp": "2025-06-29T14:43:46",
    "type": "call_answered",
    "uniqueid": "1751195674.212768"
}

{
    "call_type": "external",
    "caller_id_name": "260-SUP",
    "caller_id_num": "260",
    "cause": "16",
    "cause_description": "",
    "cause_txt": "",
    "channel": "SIP/260-00003217",
    "connected_line_name": "<unknown>",
    "connected_line_num": "<unknown>",
    "direction": "out",
    "end_time": "2025-06-29T14:47:50",
    "extension_number": "260",
    "has_ringing": false,
    "linkedid": "1751195674.212768",
    "other_extension_number": "09108723144",
    "raw_event": {
        "AccountCode": "",
        "CallerIDName": "<unknown>",
        "CallerIDNum": "36944000",
        "Cause": "16",
        "Cause-txt": "Normal Clearing",
        "Channel": "SIP/260-00003217",
        "ChannelState": "6",
        "ChannelStateDesc": "Up",
        "ConnectedLineName": "CID:36944000",
        "ConnectedLineNum": "09108723144",
        "Context": "from-internal",
        "Event": "Hangup",
        "Exten": "h",
        "Language": "pr2",
        "Linkedid": "1751195674.212768",
        "Priority": "1",
        "Privilege": "call,all",
        "Uniqueid": "1751195674.212768"
    },
    "start_time": "2025-06-29T14:43:46",
    "status": "answered",
    "timestamp": "2025-06-29T14:47:50",
    "type": "call_ended",
    "uniqueid": "1751195674.212768"
}

{
    "call_duration": 244,
    "call_type": "external",
    "caller_id_name": "260-SUP",
    "caller_id_num": "260",
    "cause": "16",
    "cause_description": "",
    "cause_txt": "",
    "channel": "SIP/260-00003217",
    "connected_line_name": "<unknown>",
    "connected_line_num": "<unknown>",
    "direction": "out",
    "end_time": "2025-06-29T14:47:50",
    "extension_number": "260",
    "has_ringing": false,
    "linkedid": "1751195674.212768",
    "other_extension_number": "09108723144",
    "raw_event": {
        "AccountCode": "",
        "CallerIDName": "<unknown>",
        "CallerIDNum": "36944000",
        "Cause": "16",
        "Cause-txt": "Normal Clearing",
        "Channel": "SIP/260-00003217",
        "ChannelState": "6",
        "ChannelStateDesc": "Up",
        "ConnectedLineName": "CID:36944000",
        "ConnectedLineNum": "09108723144",
        "Context": "from-internal",
        "Event": "Hangup",
        "Exten": "h",
        "Language": "pr2",
        "Linkedid": "1751195674.212768",
        "Priority": "1",
        "Privilege": "call,all",
        "Uniqueid": "1751195674.212768"
    },
    "start_time": "2025-06-29T14:43:46",
    "status": "answered",
    "timestamp": "2025-06-29T14:47:50",
    "type": "call_summary",
    "uniqueid": "1751195674.212768"
}

{
    "call_type": "",
    "caller_id_name": "260-SUP",
    "caller_id_num": "260",
    "channel": "SIP/260-0000322f",
    "connected_line_name": "<unknown>",
    "connected_line_num": "<unknown>",
    "direction": "",
    "end_time": "",
    "extension_number": "260",
    "has_ringing": false,
    "linkedid": "1751195928.213028",
    "other_extension_number": "",
    "start_time": "2025-06-29T14:47:56",
    "status": "initiated",
    "timestamp": "2025-06-29T14:47:56",
    "type": "call_started",
    "uniqueid": "1751195928.213031"
}

{
    "channel": "SIP/260-0000322f",
    "privilege": "call,all",
    "timestamp": "2025-06-29T14:47:56",
    "type": "call_ringing",
    "uniqueid": "1751195928.213031"
}

{
    "channel": "SIP/260-0000322f",
    "privilege": "call,all",
    "timestamp": "2025-06-29T14:48:06",
    "type": "call_answered",
    "uniqueid": "1751195928.213031"
}

{
    "call_type": "internal",
    "caller_id_name": "260-SUP",
    "caller_id_num": "260",
    "cause": "16",
    "cause_description": "",
    "cause_txt": "",
    "channel": "SIP/260-0000322f",
    "connected_line_name": "<unknown>",
    "connected_line_num": "<unknown>",
    "direction": "in",
    "end_time": "2025-06-29T14:49:36",
    "extension_number": "260",
    "has_ringing": true,
    "linkedid": "1751195928.213028",
    "other_extension_number": "271",
    "raw_event": {
        "AccountCode": "",
        "CallerIDName": "260-SUP",
        "CallerIDNum": "260",
        "Cause": "16",
        "Cause-txt": "Normal Clearing",
        "Channel": "SIP/260-0000322f",
        "ChannelState": "6",
        "ChannelStateDesc": "Up",
        "ConnectedLineName": "271-SUP14",
        "ConnectedLineNum": "271",
        "Context": "from-internal",
        "Event": "Hangup",
        "Exten": "",
        "Language": "pr2",
        "Linkedid": "1751195928.213028",
        "Priority": "1",
        "Privilege": "call,all",
        "Uniqueid": "1751195928.213031"
    },
    "start_time": "2025-06-29T14:48:06",
    "status": "answered",
    "timestamp": "2025-06-29T14:49:36",
    "type": "call_ended",
    "uniqueid": "1751195928.213031"
}

{
    "call_duration": 89,
    "call_type": "internal",
    "caller_id_name": "260-SUP",
    "caller_id_num": "260",
    "cause": "16",
    "cause_description": "",
    "cause_txt": "",
    "channel": "SIP/260-0000322f",
    "connected_line_name": "<unknown>",
    "connected_line_num": "<unknown>",
    "direction": "in",
    "end_time": "2025-06-29T14:49:36",
    "extension_number": "260",
    "has_ringing": true,
    "linkedid": "1751195928.213028",
    "other_extension_number": "271",
    "raw_event": {
        "AccountCode": "",
        "CallerIDName": "260-SUP",
        "CallerIDNum": "260",
        "Cause": "16",
        "Cause-txt": "Normal Clearing",
        "Channel": "SIP/260-0000322f",
        "ChannelState": "6",
        "ChannelStateDesc": "Up",
        "ConnectedLineName": "271-SUP14",
        "ConnectedLineNum": "271",
        "Context": "from-internal",
        "Event": "Hangup",
        "Exten": "",
        "Language": "pr2",
        "Linkedid": "1751195928.213028",
        "Priority": "1",
        "Privilege": "call,all",
        "Uniqueid": "1751195928.213031"
    },
    "start_time": "2025-06-29T14:48:06",
    "status": "answered",
    "timestamp": "2025-06-29T14:49:36",
    "type": "call_summary",
    "uniqueid": "1751195928.213031"
}

{
    "call_type": "",
    "caller_id_name": "260-SUP",
    "caller_id_num": "260",
    "channel": "SIP/260-0000330b",
    "connected_line_name": "<unknown>",
    "connected_line_num": "<unknown>",
    "direction": "",
    "end_time": "",
    "extension_number": "260",
    "has_ringing": false,
    "linkedid": "1751197594.215305",
    "other_extension_number": "",
    "start_time": "2025-06-29T15:15:41",
    "status": "initiated",
    "timestamp": "2025-06-29T15:15:41",
    "type": "call_started",
    "uniqueid": "1751197594.215305"
}

{
    "call_type": "internal",
    "caller_id_name": "260-SUP",
    "caller_id_num": "260",
    "cause": "16",
    "cause_description": "",
    "cause_txt": "",
    "channel": "SIP/260-0000330b",
    "connected_line_name": "<unknown>",
    "connected_line_num": "<unknown>",
    "direction": "out",
    "end_time": "2025-06-29T15:15:54",
    "extension_number": "260",
    "has_ringing": false,
    "linkedid": "1751197594.215305",
    "other_extension_number": "212",
    "raw_event": {
        "AccountCode": "",
        "CallerIDName": "260-SUP",
        "CallerIDNum": "260",
        "Cause": "16",
        "Cause-txt": "Normal Clearing",
        "Channel": "SIP/260-0000330b",
        "ChannelState": "4",
        "ChannelStateDesc": "Ring",
        "ConnectedLineName": "212-HR6",
        "ConnectedLineNum": "212",
        "Context": "from-internal",
        "Event": "Hangup",
        "Exten": "h",
        "Language": "pr2",
        "Linkedid": "1751197594.215305",
        "Priority": "1",
        "Privilege": "call,all",
        "Uniqueid": "1751197594.215305"
    },
    "start_time": "2025-06-29T15:15:41",
    "status": "initiated",
    "timestamp": "2025-06-29T15:15:54",
    "type": "call_ended",
    "uniqueid": "1751197594.215305"
}

{
    "call_duration": 12,
    "call_type": "internal",
    "caller_id_name": "260-SUP",
    "caller_id_num": "260",
    "cause": "16",
    "cause_description": "",
    "cause_txt": "",
    "channel": "SIP/260-0000330b",
    "connected_line_name": "<unknown>",
    "connected_line_num": "<unknown>",
    "direction": "out",
    "end_time": "2025-06-29T15:15:54",
    "extension_number": "260",
    "has_ringing": false,
    "linkedid": "1751197594.215305",
    "other_extension_number": "212",
    "raw_event": {
        "AccountCode": "",
        "CallerIDName": "260-SUP",
        "CallerIDNum": "260",
        "Cause": "16",
        "Cause-txt": "Normal Clearing",
        "Channel": "SIP/260-0000330b",
        "ChannelState": "4",
        "ChannelStateDesc": "Ring",
        "ConnectedLineName": "212-HR6",
        "ConnectedLineNum": "212",
        "Context": "from-internal",
        "Event": "Hangup",
        "Exten": "h",
        "Language": "pr2",
        "Linkedid": "1751197594.215305",
        "Priority": "1",
        "Privilege": "call,all",
        "Uniqueid": "1751197594.215305"
    },
    "start_time": "2025-06-29T15:15:41",
    "status": "initiated",
    "timestamp": "2025-06-29T15:15:54",
    "type": "call_summary",
    "uniqueid": "1751197594.215305"
}

{
    "call_type": "",
    "caller_id_name": "260-SUP",
    "caller_id_num": "260",
    "channel": "SIP/260-00003330",
    "connected_line_name": "<unknown>",
    "connected_line_num": "<unknown>",
    "direction": "",
    "end_time": "",
    "extension_number": "260",
    "has_ringing": false,
    "linkedid": "1751197950.215627",
    "other_extension_number": "",
    "start_time": "2025-06-29T15:21:36",
    "status": "initiated",
    "timestamp": "2025-06-29T15:21:36",
    "type": "call_started",
    "uniqueid": "1751197950.215627"
}

{
    "channel": "SIP/260-00003330",
    "privilege": "call,all",
    "timestamp": "2025-06-29T15:21:50",
    "type": "call_answered",
    "uniqueid": "1751197950.215627"
}

{
    "call_type": "internal",
    "caller_id_name": "260-SUP",
    "caller_id_num": "260",
    "cause": "16",
    "cause_description": "",
    "cause_txt": "",
    "channel": "SIP/260-00003330",
    "connected_line_name": "<unknown>",
    "connected_line_num": "<unknown>",
    "direction": "out",
    "end_time": "2025-06-29T15:23:27",
    "extension_number": "260",
    "has_ringing": false,
    "linkedid": "1751197950.215627",
    "other_extension_number": "259",
    "raw_event": {
        "AccountCode": "",
        "CallerIDName": "260-SUP",
        "CallerIDNum": "260",
        "Cause": "16",
        "Cause-txt": "Normal Clearing",
        "Channel": "SIP/260-00003330",
        "ChannelState": "6",
        "ChannelStateDesc": "Up",
        "ConnectedLineName": "259-SUP9",
        "ConnectedLineNum": "259",
        "Context": "from-internal",
        "Event": "Hangup",
        "Exten": "h",
        "Language": "pr2",
        "Linkedid": "1751197950.215627",
        "Priority": "1",
        "Privilege": "call,all",
        "Uniqueid": "1751197950.215627"
    },
    "start_time": "2025-06-29T15:21:50",
    "status": "answered",
    "timestamp": "2025-06-29T15:23:27",
    "type": "call_ended",
    "uniqueid": "1751197950.215627"
}

{
    "call_duration": 97,
    "call_type": "internal",
    "caller_id_name": "260-SUP",
    "caller_id_num": "260",
    "cause": "16",
    "cause_description": "",
    "cause_txt": "",
    "channel": "SIP/260-00003330",
    "connected_line_name": "<unknown>",
    "connected_line_num": "<unknown>",
    "direction": "out",
    "end_time": "2025-06-29T15:23:27",
    "extension_number": "260",
    "has_ringing": false,
    "linkedid": "1751197950.215627",
    "other_extension_number": "259",
    "raw_event": {
        "AccountCode": "",
        "CallerIDName": "260-SUP",
        "CallerIDNum": "260",
        "Cause": "16",
        "Cause-txt": "Normal Clearing",
        "Channel": "SIP/260-00003330",
        "ChannelState": "6",
        "ChannelStateDesc": "Up",
        "ConnectedLineName": "259-SUP9",
        "ConnectedLineNum": "259",
        "Context": "from-internal",
        "Event": "Hangup",
        "Exten": "h",
        "Language": "pr2",
        "Linkedid": "1751197950.215627",
        "Priority": "1",
        "Privilege": "call,all",
        "Uniqueid": "1751197950.215627"
    },
    "start_time": "2025-06-29T15:21:50",
    "status": "answered",
    "timestamp": "2025-06-29T15:23:27",
    "type": "call_summary",
    "uniqueid": "1751197950.215627"
}

{
    "call_type": "",
    "caller_id_name": "260-SUP",
    "caller_id_num": "260",
    "channel": "SIP/260-0000333e",
    "connected_line_name": "<unknown>",
    "connected_line_num": "<unknown>",
    "direction": "",
    "end_time": "",
    "extension_number": "260",
    "has_ringing": false,
    "linkedid": "1751198084.215772",
    "other_extension_number": "",
    "start_time": "2025-06-29T15:23:51",
    "status": "initiated",
    "timestamp": "2025-06-29T15:23:51",
    "type": "call_started",
    "uniqueid": "1751198084.215772"
}

{
    "channel": "SIP/260-0000333e",
    "privilege": "call,all",
    "timestamp": "2025-06-29T15:23:55",
    "type": "call_answered",
    "uniqueid": "1751198084.215772"
}

{
    "call_type": "internal",
    "caller_id_name": "260-SUP",
    "caller_id_num": "260",
    "cause": "16",
    "cause_description": "",
    "cause_txt": "",
    "channel": "SIP/260-0000333e",
    "connected_line_name": "<unknown>",
    "connected_line_num": "<unknown>",
    "direction": "out",
    "end_time": "2025-06-29T15:27:23",
    "extension_number": "260",
    "has_ringing": false,
    "linkedid": "1751198084.215772",
    "other_extension_number": "513",
    "raw_event": {
        "AccountCode": "",
        "CallerIDName": "260-SUP",
        "CallerIDNum": "260",
        "Cause": "16",
        "Cause-txt": "Normal Clearing",
        "Channel": "SIP/260-0000333e",
        "ChannelState": "6",
        "ChannelStateDesc": "Up",
        "ConnectedLineName": "513-ICT4",
        "ConnectedLineNum": "513",
        "Context": "ext-local",
        "Event": "Hangup",
        "Exten": "h",
        "Language": "pr2",
        "Linkedid": "1751198084.215772",
        "Priority": "1",
        "Privilege": "call,all",
        "Uniqueid": "1751198084.215772"
    },
    "start_time": "2025-06-29T15:23:55",
    "status": "answered",
    "timestamp": "2025-06-29T15:27:23",
    "type": "call_ended",
    "uniqueid": "1751198084.215772"
}

{
    "call_duration": 207,
    "call_type": "internal",
    "caller_id_name": "260-SUP",
    "caller_id_num": "260",
    "cause": "16",
    "cause_description": "",
    "cause_txt": "",
    "channel": "SIP/260-0000333e",
    "connected_line_name": "<unknown>",
    "connected_line_num": "<unknown>",
    "direction": "out",
    "end_time": "2025-06-29T15:27:23",
    "extension_number": "260",
    "has_ringing": false,
    "linkedid": "1751198084.215772",
    "other_extension_number": "513",
    "raw_event": {
        "AccountCode": "",
        "CallerIDName": "260-SUP",
        "CallerIDNum": "260",
        "Cause": "16",
        "Cause-txt": "Normal Clearing",
        "Channel": "SIP/260-0000333e",
        "ChannelState": "6",
        "ChannelStateDesc": "Up",
        "ConnectedLineName": "513-ICT4",
        "ConnectedLineNum": "513",
        "Context": "ext-local",
        "Event": "Hangup",
        "Exten": "h",
        "Language": "pr2",
        "Linkedid": "1751198084.215772",
        "Priority": "1",
        "Privilege": "call,all",
        "Uniqueid": "1751198084.215772"
    },
    "start_time": "2025-06-29T15:23:55",
    "status": "answered",
    "timestamp": "2025-06-29T15:27:23",
    "type": "call_summary",
    "uniqueid": "1751198084.215772"
}

{
    "call_type": "",
    "caller_id_name": "260-SUP",
    "caller_id_num": "260",
    "channel": "SIP/260-00003358",
    "connected_line_name": "<unknown>",
    "connected_line_num": "<unknown>",
    "direction": "",
    "end_time": "",
    "extension_number": "260",
    "has_ringing": false,
    "linkedid": "1751198299.216022",
    "other_extension_number": "",
    "start_time": "2025-06-29T15:27:25",
    "status": "initiated",
    "timestamp": "2025-06-29T15:27:25",
    "type": "call_started",
    "uniqueid": "1751198299.216022"
}

{
    "channel": "SIP/260-00003358",
    "privilege": "call,all",
    "timestamp": "2025-06-29T15:27:33",
    "type": "call_answered",
    "uniqueid": "1751198299.216022"
}

{
    "call_type": "internal",
    "caller_id_name": "260-SUP",
    "caller_id_num": "260",
    "cause": "16",
    "cause_description": "",
    "cause_txt": "",
    "channel": "SIP/260-00003358",
    "connected_line_name": "<unknown>",
    "connected_line_num": "<unknown>",
    "direction": "out",
    "end_time": "2025-06-29T15:35:34",
    "extension_number": "260",
    "has_ringing": false,
    "linkedid": "1751198299.216022",
    "other_extension_number": "510",
    "raw_event": {
        "AccountCode": "",
        "CallerIDName": "260-SUP",
        "CallerIDNum": "260",
        "Cause": "16",
        "Cause-txt": "Normal Clearing",
        "Channel": "SIP/260-00003358",
        "ChannelState": "6",
        "ChannelStateDesc": "Up",
        "ConnectedLineName": "510-ICT",
        "ConnectedLineNum": "510",
        "Context": "from-internal",
        "Event": "Hangup",
        "Exten": "h",
        "Language": "pr2",
        "Linkedid": "1751198299.216022",
        "Priority": "1",
        "Privilege": "call,all",
        "Uniqueid": "1751198299.216022"
    },
    "start_time": "2025-06-29T15:27:33",
    "status": "answered",
    "timestamp": "2025-06-29T15:35:34",
    "type": "call_ended",
    "uniqueid": "1751198299.216022"
}

{
    "call_duration": 481,
    "call_type": "internal",
    "caller_id_name": "260-SUP",
    "caller_id_num": "260",
    "cause": "16",
    "cause_description": "",
    "cause_txt": "",
    "channel": "SIP/260-00003358",
    "connected_line_name": "<unknown>",
    "connected_line_num": "<unknown>",
    "direction": "out",
    "end_time": "2025-06-29T15:35:34",
    "extension_number": "260",
    "has_ringing": false,
    "linkedid": "1751198299.216022",
    "other_extension_number": "510",
    "raw_event": {
        "AccountCode": "",
        "CallerIDName": "260-SUP",
        "CallerIDNum": "260",
        "Cause": "16",
        "Cause-txt": "Normal Clearing",
        "Channel": "SIP/260-00003358",
        "ChannelState": "6",
        "ChannelStateDesc": "Up",
        "ConnectedLineName": "510-ICT",
        "ConnectedLineNum": "510",
        "Context": "from-internal",
        "Event": "Hangup",
        "Exten": "h",
        "Language": "pr2",
        "Linkedid": "1751198299.216022",
        "Priority": "1",
        "Privilege": "call,all",
        "Uniqueid": "1751198299.216022"
    },
    "start_time": "2025-06-29T15:27:33",
    "status": "answered",
    "timestamp": "2025-06-29T15:35:34",
    "type": "call_summary",
    "uniqueid": "1751198299.216022"
}

{
    "call_type": "",
    "caller_id_name": "260-SUP",
    "caller_id_num": "260",
    "channel": "SIP/260-000033a2",
    "connected_line_name": "<unknown>",
    "connected_line_num": "<unknown>",
    "direction": "",
    "end_time": "",
    "extension_number": "260",
    "has_ringing": false,
    "linkedid": "1751198834.216766",
    "other_extension_number": "",
    "start_time": "2025-06-29T15:36:20",
    "status": "initiated",
    "timestamp": "2025-06-29T15:36:20",
    "type": "call_started",
    "uniqueid": "1751198834.216766"
}

{
    "channel": "SIP/260-000033a2",
    "privilege": "call,all",
    "timestamp": "2025-06-29T15:36:28",
    "type": "call_answered",
    "uniqueid": "1751198834.216766"
}

{
    "call_type": "internal",
    "caller_id_name": "260-SUP",
    "caller_id_num": "260",
    "cause": "16",
    "cause_description": "",
    "cause_txt": "",
    "channel": "SIP/260-000033a2",
    "connected_line_name": "<unknown>",
    "connected_line_num": "<unknown>",
    "direction": "out",
    "end_time": "2025-06-29T15:38:33",
    "extension_number": "260",
    "has_ringing": false,
    "linkedid": "1751198834.216766",
    "other_extension_number": "256",
    "raw_event": {
        "AccountCode": "",
        "CallerIDName": "260-SUP",
        "CallerIDNum": "260",
        "Cause": "16",
        "Cause-txt": "Normal Clearing",
        "Channel": "SIP/260-000033a2",
        "ChannelState": "6",
        "ChannelStateDesc": "Up",
        "ConnectedLineName": "256-SUP6",
        "ConnectedLineNum": "256",
        "Context": "from-internal",
        "Event": "Hangup",
        "Exten": "h",
        "Language": "pr2",
        "Linkedid": "1751198834.216766",
        "Priority": "1",
        "Privilege": "call,all",
        "Uniqueid": "1751198834.216766"
    },
    "start_time": "2025-06-29T15:36:28",
    "status": "answered",
    "timestamp": "2025-06-29T15:38:33",
    "type": "call_ended",
    "uniqueid": "1751198834.216766"
}

{
    "call_duration": 125,
    "call_type": "internal",
    "caller_id_name": "260-SUP",
    "caller_id_num": "260",
    "cause": "16",
    "cause_description": "",
    "cause_txt": "",
    "channel": "SIP/260-000033a2",
    "connected_line_name": "<unknown>",
    "connected_line_num": "<unknown>",
    "direction": "out",
    "end_time": "2025-06-29T15:38:33",
    "extension_number": "260",
    "has_ringing": false,
    "linkedid": "1751198834.216766",
    "other_extension_number": "256",
    "raw_event": {
        "AccountCode": "",
        "CallerIDName": "260-SUP",
        "CallerIDNum": "260",
        "Cause": "16",
        "Cause-txt": "Normal Clearing",
        "Channel": "SIP/260-000033a2",
        "ChannelState": "6",
        "ChannelStateDesc": "Up",
        "ConnectedLineName": "256-SUP6",
        "ConnectedLineNum": "256",
        "Context": "from-internal",
        "Event": "Hangup",
        "Exten": "h",
        "Language": "pr2",
        "Linkedid": "1751198834.216766",
        "Priority": "1",
        "Privilege": "call,all",
        "Uniqueid": "1751198834.216766"
    },
    "start_time": "2025-06-29T15:36:28",
    "status": "answered",
    "timestamp": "2025-06-29T15:38:33",
    "type": "call_summary",
    "uniqueid": "1751198834.216766"
}

{
    "call_type": "",
    "caller_id_name": "260-SUP",
    "caller_id_num": "260",
    "channel": "SIP/260-0000340b",
    "connected_line_name": "<unknown>",
    "connected_line_num": "<unknown>",
    "direction": "",
    "end_time": "",
    "extension_number": "260",
    "has_ringing": false,
    "linkedid": "1751199666.217940",
    "other_extension_number": "",
    "start_time": "2025-06-29T15:50:13",
    "status": "initiated",
    "timestamp": "2025-06-29T15:50:13",
    "type": "call_started",
    "uniqueid": "1751199666.217940"
}

{
    "channel": "SIP/260-0000340b",
    "privilege": "call,all",
    "timestamp": "2025-06-29T15:50:17",
    "type": "call_answered",
    "uniqueid": "1751199666.217940"
}

{
    "call_type": "internal",
    "caller_id_name": "260-SUP",
    "caller_id_num": "260",
    "cause": "16",
    "cause_description": "",
    "cause_txt": "",
    "channel": "SIP/260-0000340b",
    "connected_line_name": "<unknown>",
    "connected_line_num": "<unknown>",
    "direction": "out",
    "end_time": "2025-06-29T15:51:00",
    "extension_number": "260",
    "has_ringing": false,
    "linkedid": "1751199666.217940",
    "other_extension_number": "259",
    "raw_event": {
        "AccountCode": "",
        "CallerIDName": "260-SUP",
        "CallerIDNum": "260",
        "Cause": "16",
        "Cause-txt": "Normal Clearing",
        "Channel": "SIP/260-0000340b",
        "ChannelState": "6",
        "ChannelStateDesc": "Up",
        "ConnectedLineName": "259-SUP9",
        "ConnectedLineNum": "259",
        "Context": "from-internal",
        "Event": "Hangup",
        "Exten": "h",
        "Language": "pr2",
        "Linkedid": "1751199666.217940",
        "Priority": "1",
        "Privilege": "call,all",
        "Uniqueid": "1751199666.217940"
    },
    "start_time": "2025-06-29T15:50:17",
    "status": "answered",
    "timestamp": "2025-06-29T15:51:00",
    "type": "call_ended",
    "uniqueid": "1751199666.217940"
}

{
    "call_duration": 42,
    "call_type": "internal",
    "caller_id_name": "260-SUP",
    "caller_id_num": "260",
    "cause": "16",
    "cause_description": "",
    "cause_txt": "",
    "channel": "SIP/260-0000340b",
    "connected_line_name": "<unknown>",
    "connected_line_num": "<unknown>",
    "direction": "out",
    "end_time": "2025-06-29T15:51:00",
    "extension_number": "260",
    "has_ringing": false,
    "linkedid": "1751199666.217940",
    "other_extension_number": "259",
    "raw_event": {
        "AccountCode": "",
        "CallerIDName": "260-SUP",
        "CallerIDNum": "260",
        "Cause": "16",
        "Cause-txt": "Normal Clearing",
        "Channel": "SIP/260-0000340b",
        "ChannelState": "6",
        "ChannelStateDesc": "Up",
        "ConnectedLineName": "259-SUP9",
        "ConnectedLineNum": "259",
        "Context": "from-internal",
        "Event": "Hangup",
        "Exten": "h",
        "Language": "pr2",
        "Linkedid": "1751199666.217940",
        "Priority": "1",
        "Privilege": "call,all",
        "Uniqueid": "1751199666.217940"
    },
    "start_time": "2025-06-29T15:50:17",
    "status": "answered",
    "timestamp": "2025-06-29T15:51:00",
    "type": "call_summary",
    "uniqueid": "1751199666.217940"
}

{
    "call_type": "",
    "caller_id_name": "260-SUP",
    "caller_id_num": "260",
    "channel": "SIP/260-00003415",
    "connected_line_name": "<unknown>",
    "connected_line_num": "<unknown>",
    "direction": "",
    "end_time": "",
    "extension_number": "260",
    "has_ringing": false,
    "linkedid": "1751199762.218028",
    "other_extension_number": "",
    "start_time": "2025-06-29T15:51:49",
    "status": "initiated",
    "timestamp": "2025-06-29T15:51:49",
    "type": "call_started",
    "uniqueid": "1751199762.218031"
}

{
    "channel": "SIP/260-00003415",
    "privilege": "call,all",
    "timestamp": "2025-06-29T15:51:49",
    "type": "call_ringing",
    "uniqueid": "1751199762.218031"
}

{
    "channel": "SIP/260-00003415",
    "privilege": "call,all",
    "timestamp": "2025-06-29T15:51:52",
    "type": "call_answered",
    "uniqueid": "1751199762.218031"
}

{
    "call_type": "internal",
    "caller_id_name": "260-SUP",
    "caller_id_num": "260",
    "cause": "16",
    "cause_description": "",
    "cause_txt": "",
    "channel": "SIP/260-00003415",
    "connected_line_name": "<unknown>",
    "connected_line_num": "<unknown>",
    "direction": "in",
    "end_time": "2025-06-29T15:53:33",
    "extension_number": "260",
    "has_ringing": true,
    "linkedid": "1751199762.218028",
    "other_extension_number": "251",
    "raw_event": {
        "AccountCode": "",
        "CallerIDName": "260-SUP",
        "CallerIDNum": "260",
        "Cause": "16",
        "Cause-txt": "Normal Clearing",
        "Channel": "SIP/260-00003415",
        "ChannelState": "6",
        "ChannelStateDesc": "Up",
        "ConnectedLineName": "251-SUP2",
        "ConnectedLineNum": "251",
        "Context": "from-internal",
        "Event": "Hangup",
        "Exten": "",
        "Language": "pr2",
        "Linkedid": "1751199762.218028",
        "Priority": "1",
        "Privilege": "call,all",
        "Uniqueid": "1751199762.218031"
    },
    "start_time": "2025-06-29T15:51:52",
    "status": "answered",
    "timestamp": "2025-06-29T15:53:33",
    "type": "call_ended",
    "uniqueid": "1751199762.218031"
}

{
    "call_duration": 101,
    "call_type": "internal",
    "caller_id_name": "260-SUP",
    "caller_id_num": "260",
    "cause": "16",
    "cause_description": "",
    "cause_txt": "",
    "channel": "SIP/260-00003415",
    "connected_line_name": "<unknown>",
    "connected_line_num": "<unknown>",
    "direction": "in",
    "end_time": "2025-06-29T15:53:33",
    "extension_number": "260",
    "has_ringing": true,
    "linkedid": "1751199762.218028",
    "other_extension_number": "251",
    "raw_event": {
        "AccountCode": "",
        "CallerIDName": "260-SUP",
        "CallerIDNum": "260",
        "Cause": "16",
        "Cause-txt": "Normal Clearing",
        "Channel": "SIP/260-00003415",
        "ChannelState": "6",
        "ChannelStateDesc": "Up",
        "ConnectedLineName": "251-SUP2",
        "ConnectedLineNum": "251",
        "Context": "from-internal",
        "Event": "Hangup",
        "Exten": "",
        "Language": "pr2",
        "Linkedid": "1751199762.218028",
        "Priority": "1",
        "Privilege": "call,all",
        "Uniqueid": "1751199762.218031"
    },
    "start_time": "2025-06-29T15:51:52",
    "status": "answered",
    "timestamp": "2025-06-29T15:53:33",
    "type": "call_summary",
    "uniqueid": "1751199762.218031"
}

{
    "call_type": "",
    "caller_id_name": "260-SUP",
    "caller_id_num": "260",
    "channel": "SIP/260-0000343c",
    "connected_line_name": "<unknown>",
    "connected_line_num": "<unknown>",
    "direction": "",
    "end_time": "",
    "extension_number": "260",
    "has_ringing": false,
    "linkedid": "1751199965.218347",
    "other_extension_number": "",
    "start_time": "2025-06-29T15:55:13",
    "status": "initiated",
    "timestamp": "2025-06-29T15:55:13",
    "type": "call_started",
    "uniqueid": "1751199965.218350"
}

{
    "channel": "SIP/260-0000343c",
    "privilege": "call,all",
    "timestamp": "2025-06-29T15:55:13",
    "type": "call_ringing",
    "uniqueid": "1751199965.218350"
}

{
    "call_type": "internal",
    "caller_id_name": "260-SUP",
    "caller_id_num": "260",
    "cause": "16",
    "cause_description": "",
    "cause_txt": "",
    "channel": "SIP/260-0000343c",
    "connected_line_name": "<unknown>",
    "connected_line_num": "<unknown>",
    "direction": "in",
    "end_time": "2025-06-29T15:55:31",
    "extension_number": "260",
    "has_ringing": true,
    "linkedid": "1751199965.218347",
    "other_extension_number": "351",
    "raw_event": {
        "AccountCode": "",
        "CallerIDName": "260-SUP",
        "CallerIDNum": "260",
        "Cause": "16",
        "Cause-txt": "Normal Clearing",
        "Channel": "SIP/260-0000343c",
        "ChannelState": "5",
        "ChannelStateDesc": "Ringing",
        "ConnectedLineName": "351-SPL1",
        "ConnectedLineNum": "351",
        "Context": "from-internal",
        "Event": "Hangup",
        "Exten": "260",
        "Language": "pr2",
        "Linkedid": "1751199965.218347",
        "Priority": "1",
        "Privilege": "call,all",
        "Uniqueid": "1751199965.218350"
    },
    "start_time": "2025-06-29T15:55:13",
    "status": "ringing",
    "timestamp": "2025-06-29T15:55:31",
    "type": "call_ended",
    "uniqueid": "1751199965.218350"
}

{
    "call_duration": 18,
    "call_type": "internal",
    "caller_id_name": "260-SUP",
    "caller_id_num": "260",
    "cause": "16",
    "cause_description": "",
    "cause_txt": "",
    "channel": "SIP/260-0000343c",
    "connected_line_name": "<unknown>",
    "connected_line_num": "<unknown>",
    "direction": "in",
    "end_time": "2025-06-29T15:55:31",
    "extension_number": "260",
    "has_ringing": true,
    "linkedid": "1751199965.218347",
    "other_extension_number": "351",
    "raw_event": {
        "AccountCode": "",
        "CallerIDName": "260-SUP",
        "CallerIDNum": "260",
        "Cause": "16",
        "Cause-txt": "Normal Clearing",
        "Channel": "SIP/260-0000343c",
        "ChannelState": "5",
        "ChannelStateDesc": "Ringing",
        "ConnectedLineName": "351-SPL1",
        "ConnectedLineNum": "351",
        "Context": "from-internal",
        "Event": "Hangup",
        "Exten": "260",
        "Language": "pr2",
        "Linkedid": "1751199965.218347",
        "Priority": "1",
        "Privilege": "call,all",
        "Uniqueid": "1751199965.218350"
    },
    "start_time": "2025-06-29T15:55:13",
    "status": "ringing",
    "timestamp": "2025-06-29T15:55:31",
    "type": "call_summary",
    "uniqueid": "1751199965.218350"
}

{
    "call_type": "",
    "caller_id_name": "260-SUP",
    "caller_id_num": "260",
    "channel": "SIP/260-00003499",
    "connected_line_name": "<unknown>",
    "connected_line_num": "<unknown>",
    "direction": "",
    "end_time": "",
    "extension_number": "260",
    "has_ringing": false,
    "linkedid": "1751200572.219307",
    "other_extension_number": "",
    "start_time": "2025-06-29T16:05:19",
    "status": "initiated",
    "timestamp": "2025-06-29T16:05:19",
    "type": "call_started",
    "uniqueid": "1751200572.219310"
}

{
    "channel": "SIP/260-00003499",
    "privilege": "call,all",
    "timestamp": "2025-06-29T16:05:19",
    "type": "call_ringing",
    "uniqueid": "1751200572.219310"
}

{
    "call_type": "internal",
    "caller_id_name": "260-SUP",
    "caller_id_num": "260",
    "cause": "16",
    "cause_description": "",
    "cause_txt": "",
    "channel": "SIP/260-00003499",
    "connected_line_name": "<unknown>",
    "connected_line_num": "<unknown>",
    "direction": "in",
    "end_time": "2025-06-29T16:05:36",
    "extension_number": "260",
    "has_ringing": true,
    "linkedid": "1751200572.219307",
    "other_extension_number": "351",
    "raw_event": {
        "AccountCode": "",
        "CallerIDName": "260-SUP",
        "CallerIDNum": "260",
        "Cause": "16",
        "Cause-txt": "Normal Clearing",
        "Channel": "SIP/260-00003499",
        "ChannelState": "5",
        "ChannelStateDesc": "Ringing",
        "ConnectedLineName": "351-SPL1",
        "ConnectedLineNum": "351",
        "Context": "from-internal",
        "Event": "Hangup",
        "Exten": "260",
        "Language": "pr2",
        "Linkedid": "1751200572.219307",
        "Priority": "1",
        "Privilege": "call,all",
        "Uniqueid": "1751200572.219310"
    },
    "start_time": "2025-06-29T16:05:19",
    "status": "ringing",
    "timestamp": "2025-06-29T16:05:36",
    "type": "call_ended",
    "uniqueid": "1751200572.219310"
}

{
    "call_duration": 17,
    "call_type": "internal",
    "caller_id_name": "260-SUP",
    "caller_id_num": "260",
    "cause": "16",
    "cause_description": "",
    "cause_txt": "",
    "channel": "SIP/260-00003499",
    "connected_line_name": "<unknown>",
    "connected_line_num": "<unknown>",
    "direction": "in",
    "end_time": "2025-06-29T16:05:36",
    "extension_number": "260",
    "has_ringing": true,
    "linkedid": "1751200572.219307",
    "other_extension_number": "351",
    "raw_event": {
        "AccountCode": "",
        "CallerIDName": "260-SUP",
        "CallerIDNum": "260",
        "Cause": "16",
        "Cause-txt": "Normal Clearing",
        "Channel": "SIP/260-00003499",
        "ChannelState": "5",
        "ChannelStateDesc": "Ringing",
        "ConnectedLineName": "351-SPL1",
        "ConnectedLineNum": "351",
        "Context": "from-internal",
        "Event": "Hangup",
        "Exten": "260",
        "Language": "pr2",
        "Linkedid": "1751200572.219307",
        "Priority": "1",
        "Privilege": "call,all",
        "Uniqueid": "1751200572.219310"
    },
    "start_time": "2025-06-29T16:05:19",
    "status": "ringing",
    "timestamp": "2025-06-29T16:05:36",
    "type": "call_summary",
    "uniqueid": "1751200572.219310"
}

{
    "call_type": "",
    "caller_id_name": "260-SUP",
    "caller_id_num": "260",
    "channel": "SIP/260-00003562",
    "connected_line_name": "<unknown>",
    "connected_line_num": "<unknown>",
    "direction": "",
    "end_time": "",
    "extension_number": "260",
    "has_ringing": false,
    "linkedid": "1751202389.221554",
    "other_extension_number": "",
    "start_time": "2025-06-29T16:35:36",
    "status": "initiated",
    "timestamp": "2025-06-29T16:35:36",
    "type": "call_started",
    "uniqueid": "1751202389.221554"
}

{
    "channel": "SIP/260-00003562",
    "privilege": "call,all",
    "timestamp": "2025-06-29T16:35:43",
    "type": "call_answered",
    "uniqueid": "1751202389.221554"
}

{
    "call_type": "internal",
    "caller_id_name": "260-SUP",
    "caller_id_num": "260",
    "cause": "16",
    "cause_description": "",
    "cause_txt": "",
    "channel": "SIP/260-00003562",
    "connected_line_name": "<unknown>",
    "connected_line_num": "<unknown>",
    "direction": "out",
    "end_time": "2025-06-29T16:39:14",
    "extension_number": "260",
    "has_ringing": false,
    "linkedid": "1751202389.221554",
    "other_extension_number": "351",
    "raw_event": {
        "AccountCode": "",
        "CallerIDName": "260-SUP",
        "CallerIDNum": "260",
        "Cause": "16",
        "Cause-txt": "Normal Clearing",
        "Channel": "SIP/260-00003562",
        "ChannelState": "6",
        "ChannelStateDesc": "Up",
        "ConnectedLineName": "351-SPL1",
        "ConnectedLineNum": "351",
        "Context": "from-internal",
        "Event": "Hangup",
        "Exten": "h",
        "Language": "pr2",
        "Linkedid": "1751202389.221554",
        "Priority": "1",
        "Privilege": "call,all",
        "Uniqueid": "1751202389.221554"
    },
    "start_time": "2025-06-29T16:35:43",
    "status": "answered",
    "timestamp": "2025-06-29T16:39:14",
    "type": "call_ended",
    "uniqueid": "1751202389.221554"
}

{
    "call_duration": 210,
    "call_type": "internal",
    "caller_id_name": "260-SUP",
    "caller_id_num": "260",
    "cause": "16",
    "cause_description": "",
    "cause_txt": "",
    "channel": "SIP/260-00003562",
    "connected_line_name": "<unknown>",
    "connected_line_num": "<unknown>",
    "direction": "out",
    "end_time": "2025-06-29T16:39:14",
    "extension_number": "260",
    "has_ringing": false,
    "linkedid": "1751202389.221554",
    "other_extension_number": "351",
    "raw_event": {
        "AccountCode": "",
        "CallerIDName": "260-SUP",
        "CallerIDNum": "260",
        "Cause": "16",
        "Cause-txt": "Normal Clearing",
        "Channel": "SIP/260-00003562",
        "ChannelState": "6",
        "ChannelStateDesc": "Up",
        "ConnectedLineName": "351-SPL1",
        "ConnectedLineNum": "351",
        "Context": "from-internal",
        "Event": "Hangup",
        "Exten": "h",
        "Language": "pr2",
        "Linkedid": "1751202389.221554",
        "Priority": "1",
        "Privilege": "call,all",
        "Uniqueid": "1751202389.221554"
    },
    "start_time": "2025-06-29T16:35:43",
    "status": "answered",
    "timestamp": "2025-06-29T16:39:14",
    "type": "call_summary",
    "uniqueid": "1751202389.221554"
}

{
    "call_type": "",
    "caller_id_name": "260-SUP",
    "caller_id_num": "260",
    "channel": "SIP/260-00003591",
    "connected_line_name": "<unknown>",
    "connected_line_num": "<unknown>",
    "direction": "",
    "end_time": "",
    "extension_number": "260",
    "has_ringing": false,
    "linkedid": "1751202770.222152",
    "other_extension_number": "",
    "start_time": "2025-06-29T16:41:56",
    "status": "initiated",
    "timestamp": "2025-06-29T16:41:56",
    "type": "call_started",
    "uniqueid": "1751202770.222152"
}

{
    "channel": "SIP/260-00003591",
    "privilege": "call,all",
    "timestamp": "2025-06-29T16:41:57",
    "type": "call_answered",
    "uniqueid": "1751202770.222152"
}

{
    "call_type": "external",
    "caller_id_name": "260-SUP",
    "caller_id_num": "260",
    "cause": "0",
    "cause_description": "",
    "cause_txt": "",
    "channel": "SIP/260-00003591",
    "connected_line_name": "<unknown>",
    "connected_line_num": "<unknown>",
    "direction": "out",
    "end_time": "2025-06-29T16:41:59",
    "extension_number": "260",
    "has_ringing": false,
    "linkedid": "1751202770.222152",
    "other_extension_number": "<unknown>",
    "raw_event": {
        "AccountCode": "",
        "CallerIDName": "260-SUP",
        "CallerIDNum": "260",
        "Cause": "0",
        "Cause-txt": "Unknown",
        "Channel": "SIP/260-00003591",
        "ChannelState": "6",
        "ChannelStateDesc": "Up",
        "ConnectedLineName": "<unknown>",
        "ConnectedLineNum": "<unknown>",
        "Context": "app-announcement-2",
        "Event": "Hangup",
        "Exten": "s",
        "Language": "pr2",
        "Linkedid": "1751202770.222152",
        "Priority": "5",
        "Privilege": "call,all",
        "Uniqueid": "1751202770.222152"
    },
    "start_time": "2025-06-29T16:41:57",
    "status": "answered",
    "timestamp": "2025-06-29T16:41:59",
    "type": "call_ended",
    "uniqueid": "1751202770.222152"
}

{
    "call_duration": 2,
    "call_type": "external",
    "caller_id_name": "260-SUP",
    "caller_id_num": "260",
    "cause": "0",
    "cause_description": "",
    "cause_txt": "",
    "channel": "SIP/260-00003591",
    "connected_line_name": "<unknown>",
    "connected_line_num": "<unknown>",
    "direction": "out",
    "end_time": "2025-06-29T16:41:59",
    "extension_number": "260",
    "has_ringing": false,
    "linkedid": "1751202770.222152",
    "other_extension_number": "<unknown>",
    "raw_event": {
        "AccountCode": "",
        "CallerIDName": "260-SUP",
        "CallerIDNum": "260",
        "Cause": "0",
        "Cause-txt": "Unknown",
        "Channel": "SIP/260-00003591",
        "ChannelState": "6",
        "ChannelStateDesc": "Up",
        "ConnectedLineName": "<unknown>",
        "ConnectedLineNum": "<unknown>",
        "Context": "app-announcement-2",
        "Event": "Hangup",
        "Exten": "s",
        "Language": "pr2",
        "Linkedid": "1751202770.222152",
        "Priority": "5",
        "Privilege": "call,all",
        "Uniqueid": "1751202770.222152"
    },
    "start_time": "2025-06-29T16:41:57",
    "status": "answered",
    "timestamp": "2025-06-29T16:41:59",
    "type": "call_summary",
    "uniqueid": "1751202770.222152"
}

{
    "call_type": "",
    "caller_id_name": "260-SUP",
    "caller_id_num": "260",
    "channel": "SIP/260-00003594",
    "connected_line_name": "<unknown>",
    "connected_line_num": "<unknown>",
    "direction": "",
    "end_time": "",
    "extension_number": "260",
    "has_ringing": false,
    "linkedid": "1751202775.222175",
    "other_extension_number": "",
    "start_time": "2025-06-29T16:42:02",
    "status": "initiated",
    "timestamp": "2025-06-29T16:42:02",
    "type": "call_started",
    "uniqueid": "1751202775.222175"
}

{
    "channel": "SIP/260-00003594",
    "privilege": "call,all",
    "timestamp": "2025-06-29T16:42:09",
    "type": "call_answered",
    "uniqueid": "1751202775.222175"
}

{
    "call_type": "internal",
    "caller_id_name": "260-SUP",
    "caller_id_num": "260",
    "cause": "16",
    "cause_description": "",
    "cause_txt": "",
    "channel": "SIP/260-00003594",
    "connected_line_name": "<unknown>",
    "connected_line_num": "<unknown>",
    "direction": "out",
    "end_time": "2025-06-29T16:42:53",
    "extension_number": "260",
    "has_ringing": false,
    "linkedid": "1751202775.222175",
    "other_extension_number": "520",
    "raw_event": {
        "AccountCode": "",
        "CallerIDName": "260-SUP",
        "CallerIDNum": "260",
        "Cause": "16",
        "Cause-txt": "Normal Clearing",
        "Channel": "SIP/260-00003594",
        "ChannelState": "6",
        "ChannelStateDesc": "Up",
        "ConnectedLineName": "520-SM",
        "ConnectedLineNum": "520",
        "Context": "from-internal",
        "Event": "Hangup",
        "Exten": "h",
        "Language": "pr2",
        "Linkedid": "1751202775.222175",
        "Priority": "1",
        "Privilege": "call,all",
        "Uniqueid": "1751202775.222175"
    },
    "start_time": "2025-06-29T16:42:09",
    "status": "answered",
    "timestamp": "2025-06-29T16:42:53",
    "type": "call_ended",
    "uniqueid": "1751202775.222175"
}

{
    "call_duration": 44,
    "call_type": "internal",
    "caller_id_name": "260-SUP",
    "caller_id_num": "260",
    "cause": "16",
    "cause_description": "",
    "cause_txt": "",
    "channel": "SIP/260-00003594",
    "connected_line_name": "<unknown>",
    "connected_line_num": "<unknown>",
    "direction": "out",
    "end_time": "2025-06-29T16:42:53",
    "extension_number": "260",
    "has_ringing": false,
    "linkedid": "1751202775.222175",
    "other_extension_number": "520",
    "raw_event": {
        "AccountCode": "",
        "CallerIDName": "260-SUP",
        "CallerIDNum": "260",
        "Cause": "16",
        "Cause-txt": "Normal Clearing",
        "Channel": "SIP/260-00003594",
        "ChannelState": "6",
        "ChannelStateDesc": "Up",
        "ConnectedLineName": "520-SM",
        "ConnectedLineNum": "520",
        "Context": "from-internal",
        "Event": "Hangup",
        "Exten": "h",
        "Language": "pr2",
        "Linkedid": "1751202775.222175",
        "Priority": "1",
        "Privilege": "call,all",
        "Uniqueid": "1751202775.222175"
    },
    "start_time": "2025-06-29T16:42:09",
    "status": "answered",
    "timestamp": "2025-06-29T16:42:53",
    "type": "call_summary",
    "uniqueid": "1751202775.222175"
}

{
    "extension": "260",
    "privilege": "call,all",
    "timestamp": "2025-06-30T15:59:25",
    "type": "monitor_initialized"
}

{
    "call_type": "",
    "caller_id_name": "260-SUP",
    "caller_id_num": "260",
    "channel": "SIP/260-00000387",
    "connected_line_name": "<unknown>",
    "connected_line_num": "<unknown>",
    "direction": "",
    "end_time": "",
    "extension_number": "260",
    "has_ringing": false,
    "linkedid": "1751289158.9791",
    "other_extension_number": "",
    "start_time": "2025-06-30T16:41:46",
    "status": "initiated",
    "timestamp": "2025-06-30T16:41:46",
    "type": "call_started",
    "uniqueid": "1751289158.9791"
}

{
    "channel": "SIP/260-00000387",
    "privilege": "call,all",
    "timestamp": "2025-06-30T16:41:54",
    "type": "call_answered",
    "uniqueid": "1751289158.9791"
}

{
    "call_type": "external",
    "caller_id_name": "260-SUP",
    "caller_id_num": "260",
    "cause": "16",
    "cause_description": "",
    "cause_txt": "",
    "channel": "SIP/260-00000387",
    "connected_line_name": "<unknown>",
    "connected_line_num": "<unknown>",
    "direction": "out",
    "end_time": "2025-06-30T16:42:34",
    "extension_number": "260",
    "has_ringing": false,
    "linkedid": "1751289158.9791",
    "other_extension_number": "09158005250",
    "raw_event": {
        "AccountCode": "",
        "CallerIDName": "<unknown>",
        "CallerIDNum": "36944000",
        "Cause": "16",
        "Cause-txt": "Normal Clearing",
        "Channel": "SIP/260-00000387",
        "ChannelState": "6",
        "ChannelStateDesc": "Up",
        "ConnectedLineName": "CID:36944000",
        "ConnectedLineNum": "09158005250",
        "Context": "from-internal",
        "Event": "Hangup",
        "Exten": "h",
        "Language": "pr2",
        "Linkedid": "1751289158.9791",
        "Priority": "1",
        "Privilege": "call,all",
        "Uniqueid": "1751289158.9791"
    },
    "start_time": "2025-06-30T16:41:54",
    "status": "answered",
    "timestamp": "2025-06-30T16:42:34",
    "type": "call_ended",
    "uniqueid": "1751289158.9791"
}

{
    "call_duration": 39,
    "call_type": "external",
    "caller_id_name": "260-SUP",
    "caller_id_num": "260",
    "cause": "16",
    "cause_description": "",
    "cause_txt": "",
    "channel": "SIP/260-00000387",
    "connected_line_name": "<unknown>",
    "connected_line_num": "<unknown>",
    "direction": "out",
    "end_time": "2025-06-30T16:42:34",
    "extension_number": "260",
    "has_ringing": false,
    "linkedid": "1751289158.9791",
    "other_extension_number": "09158005250",
    "raw_event": {
        "AccountCode": "",
        "CallerIDName": "<unknown>",
        "CallerIDNum": "36944000",
        "Cause": "16",
        "Cause-txt": "Normal Clearing",
        "Channel": "SIP/260-00000387",
        "ChannelState": "6",
        "ChannelStateDesc": "Up",
        "ConnectedLineName": "CID:36944000",
        "ConnectedLineNum": "09158005250",
        "Context": "from-internal",
        "Event": "Hangup",
        "Exten": "h",
        "Language": "pr2",
        "Linkedid": "1751289158.9791",
        "Priority": "1",
        "Privilege": "call,all",
        "Uniqueid": "1751289158.9791"
    },
    "start_time": "2025-06-30T16:41:54",
    "status": "answered",
    "timestamp": "2025-06-30T16:42:34",
    "type": "call_summary",
    "uniqueid": "1751289158.9791"
}

{
    "call_type": "",
    "caller_id_name": "260-SUP",
    "caller_id_num": "260",
    "channel": "SIP/260-0000038f",
    "connected_line_name": "<unknown>",
    "connected_line_num": "<unknown>",
    "direction": "",
    "end_time": "",
    "extension_number": "260",
    "has_ringing": false,
    "linkedid": "1751289218.9875",
    "other_extension_number": "",
    "start_time": "2025-06-30T16:42:45",
    "status": "initiated",
    "timestamp": "2025-06-30T16:42:45",
    "type": "call_started",
    "uniqueid": "1751289218.9875"
}

{
    "channel": "SIP/260-0000038f",
    "privilege": "call,all",
    "timestamp": "2025-06-30T16:43:14",
    "type": "call_answered",
    "uniqueid": "1751289218.9875"
}

{
    "call_type": "external",
    "caller_id_name": "260-SUP",
    "caller_id_num": "260",
    "cause": "16",
    "cause_description": "",
    "cause_txt": "",
    "channel": "SIP/260-0000038f",
    "connected_line_name": "<unknown>",
    "connected_line_num": "<unknown>",
    "direction": "out",
    "end_time": "2025-06-30T16:44:17",
    "extension_number": "260",
    "has_ringing": false,
    "linkedid": "1751289218.9875",
    "other_extension_number": "09108723144",
    "raw_event": {
        "AccountCode": "",
        "CallerIDName": "<unknown>",
        "CallerIDNum": "36944000",
        "Cause": "16",
        "Cause-txt": "Normal Clearing",
        "Channel": "SIP/260-0000038f",
        "ChannelState": "6",
        "ChannelStateDesc": "Up",
        "ConnectedLineName": "CID:36944000",
        "ConnectedLineNum": "09108723144",
        "Context": "from-internal",
        "Event": "Hangup",
        "Exten": "h",
        "Language": "pr2",
        "Linkedid": "1751289218.9875",
        "Priority": "1",
        "Privilege": "call,all",
        "Uniqueid": "1751289218.9875"
    },
    "start_time": "2025-06-30T16:43:14",
    "status": "answered",
    "timestamp": "2025-06-30T16:44:17",
    "type": "call_ended",
    "uniqueid": "1751289218.9875"
}

{
    "call_duration": 63,
    "call_type": "external",
    "caller_id_name": "260-SUP",
    "caller_id_num": "260",
    "cause": "16",
    "cause_description": "",
    "cause_txt": "",
    "channel": "SIP/260-0000038f",
    "connected_line_name": "<unknown>",
    "connected_line_num": "<unknown>",
    "direction": "out",
    "end_time": "2025-06-30T16:44:17",
    "extension_number": "260",
    "has_ringing": false,
    "linkedid": "1751289218.9875",
    "other_extension_number": "09108723144",
    "raw_event": {
        "AccountCode": "",
        "CallerIDName": "<unknown>",
        "CallerIDNum": "36944000",
        "Cause": "16",
        "Cause-txt": "Normal Clearing",
        "Channel": "SIP/260-0000038f",
        "ChannelState": "6",
        "ChannelStateDesc": "Up",
        "ConnectedLineName": "CID:36944000",
        "ConnectedLineNum": "09108723144",
        "Context": "from-internal",
        "Event": "Hangup",
        "Exten": "h",
        "Language": "pr2",
        "Linkedid": "1751289218.9875",
        "Priority": "1",
        "Privilege": "call,all",
        "Uniqueid": "1751289218.9875"
    },
    "start_time": "2025-06-30T16:43:14",
    "status": "answered",
    "timestamp": "2025-06-30T16:44:17",
    "type": "call_summary",
    "uniqueid": "1751289218.9875"
}

{
    "call_type": "",
    "caller_id_name": "260-SUP",
    "caller_id_num": "260",
    "channel": "SIP/260-00000397",
    "connected_line_name": "<unknown>",
    "connected_line_num": "<unknown>",
    "direction": "",
    "end_time": "",
    "extension_number": "260",
    "has_ringing": false,
    "linkedid": "1751289313.10004",
    "other_extension_number": "",
    "start_time": "2025-06-30T16:44:20",
    "status": "initiated",
    "timestamp": "2025-06-30T16:44:20",
    "type": "call_started",
    "uniqueid": "1751289313.10004"
}

{
    "channel": "SIP/260-00000397",
    "privilege": "call,all",
    "timestamp": "2025-06-30T16:44:29",
    "type": "call_answered",
    "uniqueid": "1751289313.10004"
}

{
    "call_type": "external",
    "caller_id_name": "260-SUP",
    "caller_id_num": "260",
    "cause": "16",
    "cause_description": "",
    "cause_txt": "",
    "channel": "SIP/260-00000397",
    "connected_line_name": "<unknown>",
    "connected_line_num": "<unknown>",
    "direction": "out",
    "end_time": "2025-06-30T16:44:59",
    "extension_number": "260",
    "has_ringing": false,
    "linkedid": "1751289313.10004",
    "other_extension_number": "09158005250",
    "raw_event": {
        "AccountCode": "",
        "CallerIDName": "<unknown>",
        "CallerIDNum": "36944000",
        "Cause": "16",
        "Cause-txt": "Normal Clearing",
        "Channel": "SIP/260-00000397",
        "ChannelState": "6",
        "ChannelStateDesc": "Up",
        "ConnectedLineName": "CID:36944000",
        "ConnectedLineNum": "09158005250",
        "Context": "from-internal",
        "Event": "Hangup",
        "Exten": "h",
        "Language": "pr2",
        "Linkedid": "1751289313.10004",
        "Priority": "1",
        "Privilege": "call,all",
        "Uniqueid": "1751289313.10004"
    },
    "start_time": "2025-06-30T16:44:29",
    "status": "answered",
    "timestamp": "2025-06-30T16:44:59",
    "type": "call_ended",
    "uniqueid": "1751289313.10004"
}

{
    "call_duration": 30,
    "call_type": "external",
    "caller_id_name": "260-SUP",
    "caller_id_num": "260",
    "cause": "16",
    "cause_description": "",
    "cause_txt": "",
    "channel": "SIP/260-00000397",
    "connected_line_name": "<unknown>",
    "connected_line_num": "<unknown>",
    "direction": "out",
    "end_time": "2025-06-30T16:44:59",
    "extension_number": "260",
    "has_ringing": false,
    "linkedid": "1751289313.10004",
    "other_extension_number": "09158005250",
    "raw_event": {
        "AccountCode": "",
        "CallerIDName": "<unknown>",
        "CallerIDNum": "36944000",
        "Cause": "16",
        "Cause-txt": "Normal Clearing",
        "Channel": "SIP/260-00000397",
        "ChannelState": "6",
        "ChannelStateDesc": "Up",
        "ConnectedLineName": "CID:36944000",
        "ConnectedLineNum": "09158005250",
        "Context": "from-internal",
        "Event": "Hangup",
        "Exten": "h",
        "Language": "pr2",
        "Linkedid": "1751289313.10004",
        "Priority": "1",
        "Privilege": "call,all",
        "Uniqueid": "1751289313.10004"
    },
    "start_time": "2025-06-30T16:44:29",
    "status": "answered",
    "timestamp": "2025-06-30T16:44:59",
    "type": "call_summary",
    "uniqueid": "1751289313.10004"
}

{
    "call_type": "",
    "caller_id_name": "260-SUP",
    "caller_id_num": "260",
    "channel": "SIP/260-000003c0",
    "connected_line_name": "<unknown>",
    "connected_line_num": "<unknown>",
    "direction": "",
    "end_time": "",
    "extension_number": "260",
    "has_ringing": false,
    "linkedid": "1751289669.10384",
    "other_extension_number": "",
    "start_time": "2025-06-30T16:50:17",
    "status": "initiated",
    "timestamp": "2025-06-30T16:50:17",
    "type": "call_started",
    "uniqueid": "1751289669.10387"
}

{
    "channel": "SIP/260-000003c0",
    "privilege": "call,all",
    "timestamp": "2025-06-30T16:50:17",
    "type": "call_ringing",
    "uniqueid": "1751289669.10387"
}

{
    "call_type": "internal",
    "caller_id_name": "260-SUP",
    "caller_id_num": "260",
    "cause": "16",
    "cause_description": "",
    "cause_txt": "",
    "channel": "SIP/260-000003c0",
    "connected_line_name": "<unknown>",
    "connected_line_num": "<unknown>",
    "direction": "in",
    "end_time": "2025-06-30T16:50:36",
    "extension_number": "260",
    "has_ringing": true,
    "linkedid": "1751289669.10384",
    "other_extension_number": "360",
    "raw_event": {
        "AccountCode": "",
        "CallerIDName": "260-SUP",
        "CallerIDNum": "260",
        "Cause": "16",
        "Cause-txt": "Normal Clearing",
        "Channel": "SIP/260-000003c0",
        "ChannelState": "5",
        "ChannelStateDesc": "Ringing",
        "ConnectedLineName": "360-TE",
        "ConnectedLineNum": "360",
        "Context": "from-internal",
        "Event": "Hangup",
        "Exten": "260",
        "Language": "pr2",
        "Linkedid": "1751289669.10384",
        "Priority": "1",
        "Privilege": "call,all",
        "Uniqueid": "1751289669.10387"
    },
    "start_time": "2025-06-30T16:50:17",
    "status": "ringing",
    "timestamp": "2025-06-30T16:50:36",
    "type": "call_ended",
    "uniqueid": "1751289669.10387"
}

{
    "call_duration": 19,
    "call_type": "internal",
    "caller_id_name": "260-SUP",
    "caller_id_num": "260",
    "cause": "16",
    "cause_description": "",
    "cause_txt": "",
    "channel": "SIP/260-000003c0",
    "connected_line_name": "<unknown>",
    "connected_line_num": "<unknown>",
    "direction": "in",
    "end_time": "2025-06-30T16:50:36",
    "extension_number": "260",
    "has_ringing": true,
    "linkedid": "1751289669.10384",
    "other_extension_number": "360",
    "raw_event": {
        "AccountCode": "",
        "CallerIDName": "260-SUP",
        "CallerIDNum": "260",
        "Cause": "16",
        "Cause-txt": "Normal Clearing",
        "Channel": "SIP/260-000003c0",
        "ChannelState": "5",
        "ChannelStateDesc": "Ringing",
        "ConnectedLineName": "360-TE",
        "ConnectedLineNum": "360",
        "Context": "from-internal",
        "Event": "Hangup",
        "Exten": "260",
        "Language": "pr2",
        "Linkedid": "1751289669.10384",
        "Priority": "1",
        "Privilege": "call,all",
        "Uniqueid": "1751289669.10387"
    },
    "start_time": "2025-06-30T16:50:17",
    "status": "ringing",
    "timestamp": "2025-06-30T16:50:36",
    "type": "call_summary",
    "uniqueid": "1751289669.10387"
}

{
    "call_type": "",
    "caller_id_name": "260-SUP",
    "caller_id_num": "260",
    "channel": "SIP/260-000003c8",
    "connected_line_name": "<unknown>",
    "connected_line_num": "<unknown>",
    "direction": "",
    "end_time": "",
    "extension_number": "260",
    "has_ringing": false,
    "linkedid": "1751289865.10496",
    "other_extension_number": "",
    "start_time": "2025-06-30T16:53:32",
    "status": "initiated",
    "timestamp": "2025-06-30T16:53:32",
    "type": "call_started",
    "uniqueid": "1751289865.10496"
}

{
    "channel": "SIP/260-000003c8",
    "privilege": "call,all",
    "timestamp": "2025-06-30T16:53:35",
    "type": "call_answered",
    "uniqueid": "1751289865.10496"
}

{
    "call_type": "internal",
    "caller_id_name": "260-SUP",
    "caller_id_num": "260",
    "cause": "16",
    "cause_description": "",
    "cause_txt": "",
    "channel": "SIP/260-000003c8",
    "connected_line_name": "<unknown>",
    "connected_line_num": "<unknown>",
    "direction": "out",
    "end_time": "2025-06-30T16:54:42",
    "extension_number": "260",
    "has_ringing": false,
    "linkedid": "1751289865.10496",
    "other_extension_number": "360",
    "raw_event": {
        "AccountCode": "",
        "CallerIDName": "260-SUP",
        "CallerIDNum": "260",
        "Cause": "16",
        "Cause-txt": "Normal Clearing",
        "Channel": "SIP/260-000003c8",
        "ChannelState": "6",
        "ChannelStateDesc": "Up",
        "ConnectedLineName": "360-TE",
        "ConnectedLineNum": "360",
        "Context": "from-internal",
        "Event": "Hangup",
        "Exten": "h",
        "Language": "pr2",
        "Linkedid": "1751289865.10496",
        "Priority": "1",
        "Privilege": "call,all",
        "Uniqueid": "1751289865.10496"
    },
    "start_time": "2025-06-30T16:53:35",
    "status": "answered",
    "timestamp": "2025-06-30T16:54:42",
    "type": "call_ended",
    "uniqueid": "1751289865.10496"
}

{
    "call_duration": 66,
    "call_type": "internal",
    "caller_id_name": "260-SUP",
    "caller_id_num": "260",
    "cause": "16",
    "cause_description": "",
    "cause_txt": "",
    "channel": "SIP/260-000003c8",
    "connected_line_name": "<unknown>",
    "connected_line_num": "<unknown>",
    "direction": "out",
    "end_time": "2025-06-30T16:54:42",
    "extension_number": "260",
    "has_ringing": false,
    "linkedid": "1751289865.10496",
    "other_extension_number": "360",
    "raw_event": {
        "AccountCode": "",
        "CallerIDName": "260-SUP",
        "CallerIDNum": "260",
        "Cause": "16",
        "Cause-txt": "Normal Clearing",
        "Channel": "SIP/260-000003c8",
        "ChannelState": "6",
        "ChannelStateDesc": "Up",
        "ConnectedLineName": "360-TE",
        "ConnectedLineNum": "360",
        "Context": "from-internal",
        "Event": "Hangup",
        "Exten": "h",
        "Language": "pr2",
        "Linkedid": "1751289865.10496",
        "Priority": "1",
        "Privilege": "call,all",
        "Uniqueid": "1751289865.10496"
    },
    "start_time": "2025-06-30T16:53:35",
    "status": "answered",
    "timestamp": "2025-06-30T16:54:42",
    "type": "call_summary",
    "uniqueid": "1751289865.10496"
}

{
    "extension": "260",
    "privilege": "call,all",
    "timestamp": "2025-06-30T20:41:40",
    "type": "monitor_initialized"
}

{
    "call_type": "",
    "caller_id_name": "260-SUP",
    "caller_id_num": "260",
    "channel": "SIP/260-00000485",
    "connected_line_name": "<unknown>",
    "connected_line_num": "<unknown>",
    "direction": "",
    "end_time": "",
    "extension_number": "260",
    "has_ringing": false,
    "linkedid": "1751345116.22190",
    "other_extension_number": "",
    "start_time": "2025-07-01T08:14:24",
    "status": "initiated",
    "timestamp": "2025-07-01T08:14:24",
    "type": "call_started",
    "uniqueid": "1751345117.22193"
}

{
    "channel": "SIP/260-00000485",
    "privilege": "call,all",
    "timestamp": "2025-07-01T08:14:24",
    "type": "call_ringing",
    "uniqueid": "1751345117.22193"
}

{
    "channel": "SIP/260-00000485",
    "privilege": "call,all",
    "timestamp": "2025-07-01T08:14:29",
    "type": "call_answered",
    "uniqueid": "1751345117.22193"
}

{
    "call_type": "internal",
    "caller_id_name": "260-SUP",
    "caller_id_num": "260",
    "cause": "16",
    "cause_description": "",
    "cause_txt": "",
    "channel": "SIP/260-00000485",
    "connected_line_name": "<unknown>",
    "connected_line_num": "<unknown>",
    "direction": "in",
    "end_time": "2025-07-01T08:14:48",
    "extension_number": "260",
    "has_ringing": true,
    "linkedid": "1751345116.22190",
    "other_extension_number": "280",
    "raw_event": {
        "AccountCode": "",
        "CallerIDName": "260-SUP",
        "CallerIDNum": "260",
        "Cause": "16",
        "Cause-txt": "Normal Clearing",
        "Channel": "SIP/260-00000485",
        "ChannelState": "6",
        "ChannelStateDesc": "Up",
        "ConnectedLineName": "280-SUP",
        "ConnectedLineNum": "280",
        "Context": "from-internal",
        "Event": "Hangup",
        "Exten": "",
        "Language": "pr2",
        "Linkedid": "1751345116.22190",
        "Priority": "1",
        "Privilege": "call,all",
        "Uniqueid": "1751345117.22193"
    },
    "start_time": "2025-07-01T08:14:29",
    "status": "answered",
    "timestamp": "2025-07-01T08:14:48",
    "type": "call_ended",
    "uniqueid": "1751345117.22193"
}

{
    "call_duration": 19,
    "call_type": "internal",
    "caller_id_name": "260-SUP",
    "caller_id_num": "260",
    "cause": "16",
    "cause_description": "",
    "cause_txt": "",
    "channel": "SIP/260-00000485",
    "connected_line_name": "<unknown>",
    "connected_line_num": "<unknown>",
    "direction": "in",
    "end_time": "2025-07-01T08:14:48",
    "extension_number": "260",
    "has_ringing": true,
    "linkedid": "1751345116.22190",
    "other_extension_number": "280",
    "raw_event": {
        "AccountCode": "",
        "CallerIDName": "260-SUP",
        "CallerIDNum": "260",
        "Cause": "16",
        "Cause-txt": "Normal Clearing",
        "Channel": "SIP/260-00000485",
        "ChannelState": "6",
        "ChannelStateDesc": "Up",
        "ConnectedLineName": "280-SUP",
        "ConnectedLineNum": "280",
        "Context": "from-internal",
        "Event": "Hangup",
        "Exten": "",
        "Language": "pr2",
        "Linkedid": "1751345116.22190",
        "Priority": "1",
        "Privilege": "call,all",
        "Uniqueid": "1751345117.22193"
    },
    "start_time": "2025-07-01T08:14:29",
    "status": "answered",
    "timestamp": "2025-07-01T08:14:48",
    "type": "call_summary",
    "uniqueid": "1751345117.22193"
}

{
    "call_type": "",
    "caller_id_name": "260-SUP",
    "caller_id_num": "260",
    "channel": "SIP/260-00000559",
    "connected_line_name": "<unknown>",
    "connected_line_num": "<unknown>",
    "direction": "",
    "end_time": "",
    "extension_number": "260",
    "has_ringing": false,
    "linkedid": "1751346495.24362",
    "other_extension_number": "",
    "start_time": "2025-07-01T08:37:22",
    "status": "initiated",
    "timestamp": "2025-07-01T08:37:22",
    "type": "call_started",
    "uniqueid": "1751346495.24365"
}

{
    "channel": "SIP/260-00000559",
    "privilege": "call,all",
    "timestamp": "2025-07-01T08:37:22",
    "type": "call_ringing",
    "uniqueid": "1751346495.24365"
}

{
    "channel": "SIP/260-00000559",
    "privilege": "call,all",
    "timestamp": "2025-07-01T08:37:32",
    "type": "call_answered",
    "uniqueid": "1751346495.24365"
}

{
    "call_type": "internal",
    "caller_id_name": "260-SUP",
    "caller_id_num": "260",
    "cause": "16",
    "cause_description": "",
    "cause_txt": "",
    "channel": "SIP/260-00000559",
    "connected_line_name": "<unknown>",
    "connected_line_num": "<unknown>",
    "direction": "in",
    "end_time": "2025-07-01T08:41:26",
    "extension_number": "260",
    "has_ringing": true,
    "linkedid": "1751346495.24362",
    "other_extension_number": "510",
    "raw_event": {
        "AccountCode": "",
        "CallerIDName": "260-SUP",
        "CallerIDNum": "260",
        "Cause": "16",
        "Cause-txt": "Normal Clearing",
        "Channel": "SIP/260-00000559",
        "ChannelState": "6",
        "ChannelStateDesc": "Up",
        "ConnectedLineName": "510-ICT",
        "ConnectedLineNum": "510",
        "Context": "from-internal",
        "Event": "Hangup",
        "Exten": "",
        "Language": "pr2",
        "Linkedid": "1751346495.24362",
        "Priority": "1",
        "Privilege": "call,all",
        "Uniqueid": "1751346495.24365"
    },
    "start_time": "2025-07-01T08:37:32",
    "status": "answered",
    "timestamp": "2025-07-01T08:41:26",
    "type": "call_ended",
    "uniqueid": "1751346495.24365"
}

{
    "call_duration": 233,
    "call_type": "internal",
    "caller_id_name": "260-SUP",
    "caller_id_num": "260",
    "cause": "16",
    "cause_description": "",
    "cause_txt": "",
    "channel": "SIP/260-00000559",
    "connected_line_name": "<unknown>",
    "connected_line_num": "<unknown>",
    "direction": "in",
    "end_time": "2025-07-01T08:41:26",
    "extension_number": "260",
    "has_ringing": true,
    "linkedid": "1751346495.24362",
    "other_extension_number": "510",
    "raw_event": {
        "AccountCode": "",
        "CallerIDName": "260-SUP",
        "CallerIDNum": "260",
        "Cause": "16",
        "Cause-txt": "Normal Clearing",
        "Channel": "SIP/260-00000559",
        "ChannelState": "6",
        "ChannelStateDesc": "Up",
        "ConnectedLineName": "510-ICT",
        "ConnectedLineNum": "510",
        "Context": "from-internal",
        "Event": "Hangup",
        "Exten": "",
        "Language": "pr2",
        "Linkedid": "1751346495.24362",
        "Priority": "1",
        "Privilege": "call,all",
        "Uniqueid": "1751346495.24365"
    },
    "start_time": "2025-07-01T08:37:32",
    "status": "answered",
    "timestamp": "2025-07-01T08:41:26",
    "type": "call_summary",
    "uniqueid": "1751346495.24365"
}

{
    "call_type": "",
    "caller_id_name": "260-SUP",
    "caller_id_num": "260",
    "channel": "SIP/260-00000607",
    "connected_line_name": "<unknown>",
    "connected_line_num": "<unknown>",
    "direction": "",
    "end_time": "",
    "extension_number": "260",
    "has_ringing": false,
    "linkedid": "1751347646.26258",
    "other_extension_number": "",
    "start_time": "2025-07-01T08:56:33",
    "status": "initiated",
    "timestamp": "2025-07-01T08:56:33",
    "type": "call_started",
    "uniqueid": "1751347646.26261"
}

{
    "channel": "SIP/260-00000607",
    "privilege": "call,all",
    "timestamp": "2025-07-01T08:56:33",
    "type": "call_ringing",
    "uniqueid": "1751347646.26261"
}

{
    "channel": "SIP/260-00000607",
    "privilege": "call,all",
    "timestamp": "2025-07-01T08:56:37",
    "type": "call_answered",
    "uniqueid": "1751347646.26261"
}

{
    "call_type": "internal",
    "caller_id_name": "260-SUP",
    "caller_id_num": "260",
    "cause": "16",
    "cause_description": "",
    "cause_txt": "",
    "channel": "SIP/260-00000607",
    "connected_line_name": "<unknown>",
    "connected_line_num": "<unknown>",
    "direction": "in",
    "end_time": "2025-07-01T08:59:43",
    "extension_number": "260",
    "has_ringing": true,
    "linkedid": "1751347646.26258",
    "other_extension_number": "513",
    "raw_event": {
        "AccountCode": "",
        "CallerIDName": "260-SUP",
        "CallerIDNum": "260",
        "Cause": "16",
        "Cause-txt": "Normal Clearing",
        "Channel": "SIP/260-00000607",
        "ChannelState": "6",
        "ChannelStateDesc": "Up",
        "ConnectedLineName": "513-ICT4",
        "ConnectedLineNum": "513",
        "Context": "from-internal",
        "Event": "Hangup",
        "Exten": "",
        "Language": "pr2",
        "Linkedid": "1751347646.26258",
        "Priority": "1",
        "Privilege": "call,all",
        "Uniqueid": "1751347646.26261"
    },
    "start_time": "2025-07-01T08:56:37",
    "status": "answered",
    "timestamp": "2025-07-01T08:59:43",
    "type": "call_ended",
    "uniqueid": "1751347646.26261"
}

{
    "call_duration": 186,
    "call_type": "internal",
    "caller_id_name": "260-SUP",
    "caller_id_num": "260",
    "cause": "16",
    "cause_description": "",
    "cause_txt": "",
    "channel": "SIP/260-00000607",
    "connected_line_name": "<unknown>",
    "connected_line_num": "<unknown>",
    "direction": "in",
    "end_time": "2025-07-01T08:59:43",
    "extension_number": "260",
    "has_ringing": true,
    "linkedid": "1751347646.26258",
    "other_extension_number": "513",
    "raw_event": {
        "AccountCode": "",
        "CallerIDName": "260-SUP",
        "CallerIDNum": "260",
        "Cause": "16",
        "Cause-txt": "Normal Clearing",
        "Channel": "SIP/260-00000607",
        "ChannelState": "6",
        "ChannelStateDesc": "Up",
        "ConnectedLineName": "513-ICT4",
        "ConnectedLineNum": "513",
        "Context": "from-internal",
        "Event": "Hangup",
        "Exten": "",
        "Language": "pr2",
        "Linkedid": "1751347646.26258",
        "Priority": "1",
        "Privilege": "call,all",
        "Uniqueid": "1751347646.26261"
    },
    "start_time": "2025-07-01T08:56:37",
    "status": "answered",
    "timestamp": "2025-07-01T08:59:43",
    "type": "call_summary",
    "uniqueid": "1751347646.26261"
}

{
    "call_type": "",
    "caller_id_name": "260-SUP",
    "caller_id_num": "260",
    "channel": "SIP/260-000006ae",
    "connected_line_name": "<unknown>",
    "connected_line_num": "<unknown>",
    "direction": "",
    "end_time": "",
    "extension_number": "260",
    "has_ringing": false,
    "linkedid": "1751348930.28182",
    "other_extension_number": "",
    "start_time": "2025-07-01T09:17:58",
    "status": "initiated",
    "timestamp": "2025-07-01T09:17:58",
    "type": "call_started",
    "uniqueid": "1751348930.28185"
}

{
    "channel": "SIP/260-000006ae",
    "privilege": "call,all",
    "timestamp": "2025-07-01T09:17:58",
    "type": "call_ringing",
    "uniqueid": "1751348930.28185"
}

{
    "channel": "SIP/260-000006ae",
    "privilege": "call,all",
    "timestamp": "2025-07-01T09:18:10",
    "type": "call_answered",
    "uniqueid": "1751348930.28185"
}

{
    "call_type": "internal",
    "caller_id_name": "260-SUP",
    "caller_id_num": "260",
    "cause": "16",
    "cause_description": "",
    "cause_txt": "",
    "channel": "SIP/260-000006ae",
    "connected_line_name": "<unknown>",
    "connected_line_num": "<unknown>",
    "direction": "in",
    "end_time": "2025-07-01T09:20:40",
    "extension_number": "260",
    "has_ringing": true,
    "linkedid": "1751348930.28182",
    "other_extension_number": "120",
    "raw_event": {
        "AccountCode": "",
        "CallerIDName": "260-SUP",
        "CallerIDNum": "260",
        "Cause": "16",
        "Cause-txt": "Normal Clearing",
        "Channel": "SIP/260-000006ae",
        "ChannelState": "6",
        "ChannelStateDesc": "Up",
        "ConnectedLineName": "120-SAL1",
        "ConnectedLineNum": "120",
        "Context": "from-internal",
        "Event": "Hangup",
        "Exten": "",
        "Language": "pr2",
        "Linkedid": "1751348930.28182",
        "Priority": "1",
        "Privilege": "call,all",
        "Uniqueid": "1751348930.28185"
    },
    "start_time": "2025-07-01T09:18:10",
    "status": "answered",
    "timestamp": "2025-07-01T09:20:40",
    "type": "call_ended",
    "uniqueid": "1751348930.28185"
}

{
    "call_duration": 150,
    "call_type": "internal",
    "caller_id_name": "260-SUP",
    "caller_id_num": "260",
    "cause": "16",
    "cause_description": "",
    "cause_txt": "",
    "channel": "SIP/260-000006ae",
    "connected_line_name": "<unknown>",
    "connected_line_num": "<unknown>",
    "direction": "in",
    "end_time": "2025-07-01T09:20:40",
    "extension_number": "260",
    "has_ringing": true,
    "linkedid": "1751348930.28182",
    "other_extension_number": "120",
    "raw_event": {
        "AccountCode": "",
        "CallerIDName": "260-SUP",
        "CallerIDNum": "260",
        "Cause": "16",
        "Cause-txt": "Normal Clearing",
        "Channel": "SIP/260-000006ae",
        "ChannelState": "6",
        "ChannelStateDesc": "Up",
        "ConnectedLineName": "120-SAL1",
        "ConnectedLineNum": "120",
        "Context": "from-internal",
        "Event": "Hangup",
        "Exten": "",
        "Language": "pr2",
        "Linkedid": "1751348930.28182",
        "Priority": "1",
        "Privilege": "call,all",
        "Uniqueid": "1751348930.28185"
    },
    "start_time": "2025-07-01T09:18:10",
    "status": "answered",
    "timestamp": "2025-07-01T09:20:40",
    "type": "call_summary",
    "uniqueid": "1751348930.28185"
}

{
    "call_type": "",
    "caller_id_name": "260-SUP",
    "caller_id_num": "260",
    "channel": "SIP/260-0000090e",
    "connected_line_name": "<unknown>",
    "connected_line_num": "<unknown>",
    "direction": "",
    "end_time": "",
    "extension_number": "260",
    "has_ringing": false,
    "linkedid": "1751354132.37914",
    "other_extension_number": "",
    "start_time": "2025-07-01T10:44:40",
    "status": "initiated",
    "timestamp": "2025-07-01T10:44:40",
    "type": "call_started",
    "uniqueid": "1751354132.37914"
}

{
    "call_type": "internal",
    "caller_id_name": "260-SUP",
    "caller_id_num": "260",
    "cause": "16",
    "cause_description": "",
    "cause_txt": "",
    "channel": "SIP/260-0000090e",
    "connected_line_name": "<unknown>",
    "connected_line_num": "<unknown>",
    "direction": "out",
    "end_time": "2025-07-01T10:44:58",
    "extension_number": "260",
    "has_ringing": false,
    "linkedid": "1751354132.37914",
    "other_extension_number": "422",
    "raw_event": {
        "AccountCode": "",
        "CallerIDName": "260-SUP",
        "CallerIDNum": "260",
        "Cause": "16",
        "Cause-txt": "Normal Clearing",
        "Channel": "SIP/260-0000090e",
        "ChannelState": "4",
        "ChannelStateDesc": "Ring",
        "ConnectedLineName": "422-RD-STD1",
        "ConnectedLineNum": "422",
        "Context": "from-internal",
        "Event": "Hangup",
        "Exten": "h",
        "Language": "pr2",
        "Linkedid": "1751354132.37914",
        "Priority": "1",
        "Privilege": "call,all",
        "Uniqueid": "1751354132.37914"
    },
    "start_time": "2025-07-01T10:44:40",
    "status": "initiated",
    "timestamp": "2025-07-01T10:44:58",
    "type": "call_ended",
    "uniqueid": "1751354132.37914"
}

{
    "call_duration": 18,
    "call_type": "internal",
    "caller_id_name": "260-SUP",
    "caller_id_num": "260",
    "cause": "16",
    "cause_description": "",
    "cause_txt": "",
    "channel": "SIP/260-0000090e",
    "connected_line_name": "<unknown>",
    "connected_line_num": "<unknown>",
    "direction": "out",
    "end_time": "2025-07-01T10:44:58",
    "extension_number": "260",
    "has_ringing": false,
    "linkedid": "1751354132.37914",
    "other_extension_number": "422",
    "raw_event": {
        "AccountCode": "",
        "CallerIDName": "260-SUP",
        "CallerIDNum": "260",
        "Cause": "16",
        "Cause-txt": "Normal Clearing",
        "Channel": "SIP/260-0000090e",
        "ChannelState": "4",
        "ChannelStateDesc": "Ring",
        "ConnectedLineName": "422-RD-STD1",
        "ConnectedLineNum": "422",
        "Context": "from-internal",
        "Event": "Hangup",
        "Exten": "h",
        "Language": "pr2",
        "Linkedid": "1751354132.37914",
        "Priority": "1",
        "Privilege": "call,all",
        "Uniqueid": "1751354132.37914"
    },
    "start_time": "2025-07-01T10:44:40",
    "status": "initiated",
    "timestamp": "2025-07-01T10:44:58",
    "type": "call_summary",
    "uniqueid": "1751354132.37914"
}

{
    "call_type": "",
    "caller_id_name": "260-SUP",
    "caller_id_num": "260",
    "channel": "SIP/260-00000936",
    "connected_line_name": "<unknown>",
    "connected_line_num": "<unknown>",
    "direction": "",
    "end_time": "",
    "extension_number": "260",
    "has_ringing": false,
    "linkedid": "1751354420.38328",
    "other_extension_number": "",
    "start_time": "2025-07-01T10:49:28",
    "status": "initiated",
    "timestamp": "2025-07-01T10:49:28",
    "type": "call_started",
    "uniqueid": "1751354420.38328"
}

{
    "channel": "SIP/260-00000936",
    "privilege": "call,all",
    "timestamp": "2025-07-01T10:49:28",
    "type": "call_answered",
    "uniqueid": "1751354420.38328"
}

{
    "call_type": "external",
    "caller_id_name": "260-SUP",
    "caller_id_num": "260",
    "cause": "0",
    "cause_description": "",
    "cause_txt": "",
    "channel": "SIP/260-00000936",
    "connected_line_name": "<unknown>",
    "connected_line_num": "<unknown>",
    "direction": "out",
    "end_time": "2025-07-01T10:49:32",
    "extension_number": "260",
    "has_ringing": false,
    "linkedid": "1751354420.38328",
    "other_extension_number": "<unknown>",
    "raw_event": {
        "AccountCode": "",
        "CallerIDName": "260-SUP",
        "CallerIDNum": "260",
        "Cause": "0",
        "Cause-txt": "Unknown",
        "Channel": "SIP/260-00000936",
        "ChannelState": "6",
        "ChannelStateDesc": "Up",
        "ConnectedLineName": "<unknown>",
        "ConnectedLineNum": "<unknown>",
        "Context": "app-announcement-2",
        "Event": "Hangup",
        "Exten": "s",
        "Language": "pr2",
        "Linkedid": "1751354420.38328",
        "Priority": "5",
        "Privilege": "call,all",
        "Uniqueid": "1751354420.38328"
    },
    "start_time": "2025-07-01T10:49:28",
    "status": "answered",
    "timestamp": "2025-07-01T10:49:32",
    "type": "call_ended",
    "uniqueid": "1751354420.38328"
}

{
    "call_duration": 3,
    "call_type": "external",
    "caller_id_name": "260-SUP",
    "caller_id_num": "260",
    "cause": "0",
    "cause_description": "",
    "cause_txt": "",
    "channel": "SIP/260-00000936",
    "connected_line_name": "<unknown>",
    "connected_line_num": "<unknown>",
    "direction": "out",
    "end_time": "2025-07-01T10:49:32",
    "extension_number": "260",
    "has_ringing": false,
    "linkedid": "1751354420.38328",
    "other_extension_number": "<unknown>",
    "raw_event": {
        "AccountCode": "",
        "CallerIDName": "260-SUP",
        "CallerIDNum": "260",
        "Cause": "0",
        "Cause-txt": "Unknown",
        "Channel": "SIP/260-00000936",
        "ChannelState": "6",
        "ChannelStateDesc": "Up",
        "ConnectedLineName": "<unknown>",
        "ConnectedLineNum": "<unknown>",
        "Context": "app-announcement-2",
        "Event": "Hangup",
        "Exten": "s",
        "Language": "pr2",
        "Linkedid": "1751354420.38328",
        "Priority": "5",
        "Privilege": "call,all",
        "Uniqueid": "1751354420.38328"
    },
    "start_time": "2025-07-01T10:49:28",
    "status": "answered",
    "timestamp": "2025-07-01T10:49:32",
    "type": "call_summary",
    "uniqueid": "1751354420.38328"
}

{
    "call_type": "",
    "caller_id_name": "260-SUP",
    "caller_id_num": "260",
    "channel": "SIP/260-00000938",
    "connected_line_name": "<unknown>",
    "connected_line_num": "<unknown>",
    "direction": "",
    "end_time": "",
    "extension_number": "260",
    "has_ringing": false,
    "linkedid": "1751354430.38357",
    "other_extension_number": "",
    "start_time": "2025-07-01T10:49:38",
    "status": "initiated",
    "timestamp": "2025-07-01T10:49:38",
    "type": "call_started",
    "uniqueid": "1751354430.38357"
}

{
    "call_type": "internal",
    "caller_id_name": "260-SUP",
    "caller_id_num": "260",
    "cause": "0",
    "cause_description": "",
    "cause_txt": "",
    "channel": "SIP/260-00000938",
    "connected_line_name": "<unknown>",
    "connected_line_num": "<unknown>",
    "direction": "out",
    "end_time": "2025-07-01T10:49:55",
    "extension_number": "260",
    "has_ringing": false,
    "linkedid": "1751354430.38357",
    "other_extension_number": "513",
    "raw_event": {
        "AccountCode": "",
        "CallerIDName": "260-SUP",
        "CallerIDNum": "260",
        "Cause": "0",
        "Cause-txt": "Unknown",
        "Channel": "SIP/260-00000938",
        "ChannelState": "4",
        "ChannelStateDesc": "Ring",
        "ConnectedLineName": "513-ICT4",
        "ConnectedLineNum": "513",
        "Context": "ext-local",
        "Event": "Hangup",
        "Exten": "h",
        "Language": "pr2",
        "Linkedid": "1751354430.38357",
        "Priority": "1",
        "Privilege": "call,all",
        "Uniqueid": "1751354430.38357"
    },
    "start_time": "2025-07-01T10:49:38",
    "status": "initiated",
    "timestamp": "2025-07-01T10:49:55",
    "type": "call_ended",
    "uniqueid": "1751354430.38357"
}

{
    "call_duration": 17,
    "call_type": "internal",
    "caller_id_name": "260-SUP",
    "caller_id_num": "260",
    "cause": "0",
    "cause_description": "",
    "cause_txt": "",
    "channel": "SIP/260-00000938",
    "connected_line_name": "<unknown>",
    "connected_line_num": "<unknown>",
    "direction": "out",
    "end_time": "2025-07-01T10:49:55",
    "extension_number": "260",
    "has_ringing": false,
    "linkedid": "1751354430.38357",
    "other_extension_number": "513",
    "raw_event": {
        "AccountCode": "",
        "CallerIDName": "260-SUP",
        "CallerIDNum": "260",
        "Cause": "0",
        "Cause-txt": "Unknown",
        "Channel": "SIP/260-00000938",
        "ChannelState": "4",
        "ChannelStateDesc": "Ring",
        "ConnectedLineName": "513-ICT4",
        "ConnectedLineNum": "513",
        "Context": "ext-local",
        "Event": "Hangup",
        "Exten": "h",
        "Language": "pr2",
        "Linkedid": "1751354430.38357",
        "Priority": "1",
        "Privilege": "call,all",
        "Uniqueid": "1751354430.38357"
    },
    "start_time": "2025-07-01T10:49:38",
    "status": "initiated",
    "timestamp": "2025-07-01T10:49:55",
    "type": "call_summary",
    "uniqueid": "1751354430.38357"
}

{
    "call_type": "",
    "caller_id_name": "260-SUP",
    "caller_id_num": "260",
    "channel": "SIP/260-0000093f",
    "connected_line_name": "<unknown>",
    "connected_line_num": "<unknown>",
    "direction": "",
    "end_time": "",
    "extension_number": "260",
    "has_ringing": false,
    "linkedid": "1751354458.38389",
    "other_extension_number": "",
    "start_time": "2025-07-01T10:50:06",
    "status": "initiated",
    "timestamp": "2025-07-01T10:50:06",
    "type": "call_started",
    "uniqueid": "1751354458.38392"
}

{
    "channel": "SIP/260-0000093f",
    "privilege": "call,all",
    "timestamp": "2025-07-01T10:50:06",
    "type": "call_ringing",
    "uniqueid": "1751354458.38392"
}

{
    "channel": "SIP/260-0000093f",
    "privilege": "call,all",
    "timestamp": "2025-07-01T10:50:15",
    "type": "call_answered",
    "uniqueid": "1751354458.38392"
}

{
    "call_type": "internal",
    "caller_id_name": "260-SUP",
    "caller_id_num": "260",
    "cause": "16",
    "cause_description": "",
    "cause_txt": "",
    "channel": "SIP/260-0000093f",
    "connected_line_name": "<unknown>",
    "connected_line_num": "<unknown>",
    "direction": "in",
    "end_time": "2025-07-01T10:51:56",
    "extension_number": "260",
    "has_ringing": true,
    "linkedid": "1751354458.38389",
    "other_extension_number": "422",
    "raw_event": {
        "AccountCode": "",
        "CallerIDName": "260-SUP",
        "CallerIDNum": "260",
        "Cause": "16",
        "Cause-txt": "Normal Clearing",
        "Channel": "SIP/260-0000093f",
        "ChannelState": "6",
        "ChannelStateDesc": "Up",
        "ConnectedLineName": "422-RD-STD1",
        "ConnectedLineNum": "422",
        "Context": "from-internal",
        "Event": "Hangup",
        "Exten": "",
        "Language": "pr2",
        "Linkedid": "1751354458.38389",
        "Priority": "1",
        "Privilege": "call,all",
        "Uniqueid": "1751354458.38392"
    },
    "start_time": "2025-07-01T10:50:15",
    "status": "answered",
    "timestamp": "2025-07-01T10:51:56",
    "type": "call_ended",
    "uniqueid": "1751354458.38392"
}

{
    "call_duration": 100,
    "call_type": "internal",
    "caller_id_name": "260-SUP",
    "caller_id_num": "260",
    "cause": "16",
    "cause_description": "",
    "cause_txt": "",
    "channel": "SIP/260-0000093f",
    "connected_line_name": "<unknown>",
    "connected_line_num": "<unknown>",
    "direction": "in",
    "end_time": "2025-07-01T10:51:56",
    "extension_number": "260",
    "has_ringing": true,
    "linkedid": "1751354458.38389",
    "other_extension_number": "422",
    "raw_event": {
        "AccountCode": "",
        "CallerIDName": "260-SUP",
        "CallerIDNum": "260",
        "Cause": "16",
        "Cause-txt": "Normal Clearing",
        "Channel": "SIP/260-0000093f",
        "ChannelState": "6",
        "ChannelStateDesc": "Up",
        "ConnectedLineName": "422-RD-STD1",
        "ConnectedLineNum": "422",
        "Context": "from-internal",
        "Event": "Hangup",
        "Exten": "",
        "Language": "pr2",
        "Linkedid": "1751354458.38389",
        "Priority": "1",
        "Privilege": "call,all",
        "Uniqueid": "1751354458.38392"
    },
    "start_time": "2025-07-01T10:50:15",
    "status": "answered",
    "timestamp": "2025-07-01T10:51:56",
    "type": "call_summary",
    "uniqueid": "1751354458.38392"
}

{
    "call_type": "",
    "caller_id_name": "260-SUP",
    "caller_id_num": "260",
    "channel": "SIP/260-0000094e",
    "connected_line_name": "<unknown>",
    "connected_line_num": "<unknown>",
    "direction": "",
    "end_time": "",
    "extension_number": "260",
    "has_ringing": false,
    "linkedid": "1751354600.38566",
    "other_extension_number": "",
    "start_time": "2025-07-01T10:52:27",
    "status": "initiated",
    "timestamp": "2025-07-01T10:52:27",
    "type": "call_started",
    "uniqueid": "1751354600.38569"
}

{
    "channel": "SIP/260-0000094e",
    "privilege": "call,all",
    "timestamp": "2025-07-01T10:52:27",
    "type": "call_ringing",
    "uniqueid": "1751354600.38569"
}

{
    "channel": "SIP/260-0000094e",
    "privilege": "call,all",
    "timestamp": "2025-07-01T10:52:30",
    "type": "call_answered",
    "uniqueid": "1751354600.38569"
}

{
    "call_type": "internal",
    "caller_id_name": "260-SUP",
    "caller_id_num": "260",
    "cause": "16",
    "cause_description": "",
    "cause_txt": "",
    "channel": "SIP/260-0000094e",
    "connected_line_name": "<unknown>",
    "connected_line_num": "<unknown>",
    "direction": "in",
    "end_time": "2025-07-01T10:54:21",
    "extension_number": "260",
    "has_ringing": true,
    "linkedid": "1751354600.38566",
    "other_extension_number": "513",
    "raw_event": {
        "AccountCode": "",
        "CallerIDName": "260-SUP",
        "CallerIDNum": "260",
        "Cause": "16",
        "Cause-txt": "Normal Clearing",
        "Channel": "SIP/260-0000094e",
        "ChannelState": "6",
        "ChannelStateDesc": "Up",
        "ConnectedLineName": "513-ICT4",
        "ConnectedLineNum": "513",
        "Context": "from-internal",
        "Event": "Hangup",
        "Exten": "",
        "Language": "pr2",
        "Linkedid": "1751354600.38566",
        "Priority": "1",
        "Privilege": "call,all",
        "Uniqueid": "1751354600.38569"
    },
    "start_time": "2025-07-01T10:52:30",
    "status": "answered",
    "timestamp": "2025-07-01T10:54:21",
    "type": "call_ended",
    "uniqueid": "1751354600.38569"
}

{
    "call_duration": 111,
    "call_type": "internal",
    "caller_id_name": "260-SUP",
    "caller_id_num": "260",
    "cause": "16",
    "cause_description": "",
    "cause_txt": "",
    "channel": "SIP/260-0000094e",
    "connected_line_name": "<unknown>",
    "connected_line_num": "<unknown>",
    "direction": "in",
    "end_time": "2025-07-01T10:54:21",
    "extension_number": "260",
    "has_ringing": true,
    "linkedid": "1751354600.38566",
    "other_extension_number": "513",
    "raw_event": {
        "AccountCode": "",
        "CallerIDName": "260-SUP",
        "CallerIDNum": "260",
        "Cause": "16",
        "Cause-txt": "Normal Clearing",
        "Channel": "SIP/260-0000094e",
        "ChannelState": "6",
        "ChannelStateDesc": "Up",
        "ConnectedLineName": "513-ICT4",
        "ConnectedLineNum": "513",
        "Context": "from-internal",
        "Event": "Hangup",
        "Exten": "",
        "Language": "pr2",
        "Linkedid": "1751354600.38566",
        "Priority": "1",
        "Privilege": "call,all",
        "Uniqueid": "1751354600.38569"
    },
    "start_time": "2025-07-01T10:52:30",
    "status": "answered",
    "timestamp": "2025-07-01T10:54:21",
    "type": "call_summary",
    "uniqueid": "1751354600.38569"
}

{
    "call_type": "",
    "caller_id_name": "260-SUP",
    "caller_id_num": "260",
    "channel": "SIP/260-000009c2",
    "connected_line_name": "<unknown>",
    "connected_line_num": "<unknown>",
    "direction": "",
    "end_time": "",
    "extension_number": "260",
    "has_ringing": false,
    "linkedid": "1751355451.39773",
    "other_extension_number": "",
    "start_time": "2025-07-01T11:06:40",
    "status": "initiated",
    "timestamp": "2025-07-01T11:06:40",
    "type": "call_started",
    "uniqueid": "1751355451.39776"
}

{
    "channel": "SIP/260-000009c2",
    "privilege": "call,all",
    "timestamp": "2025-07-01T11:06:40",
    "type": "call_ringing",
    "uniqueid": "1751355451.39776"
}

{
    "call_type": "internal",
    "caller_id_name": "260-SUP",
    "caller_id_num": "260",
    "cause": "16",
    "cause_description": "",
    "cause_txt": "",
    "channel": "SIP/260-000009c2",
    "connected_line_name": "<unknown>",
    "connected_line_num": "<unknown>",
    "direction": "in",
    "end_time": "2025-07-01T11:06:59",
    "extension_number": "260",
    "has_ringing": true,
    "linkedid": "1751355451.39773",
    "other_extension_number": "203",
    "raw_event": {
        "AccountCode": "",
        "CallerIDName": "260-SUP",
        "CallerIDNum": "260",
        "Cause": "16",
        "Cause-txt": "Normal Clearing",
        "Channel": "SIP/260-000009c2",
        "ChannelState": "5",
        "ChannelStateDesc": "Ringing",
        "ConnectedLineName": "203-CEO3",
        "ConnectedLineNum": "203",
        "Context": "from-internal",
        "Event": "Hangup",
        "Exten": "260",
        "Language": "pr2",
        "Linkedid": "1751355451.39773",
        "Priority": "1",
        "Privilege": "call,all",
        "Uniqueid": "1751355451.39776"
    },
    "start_time": "2025-07-01T11:06:40",
    "status": "ringing",
    "timestamp": "2025-07-01T11:06:59",
    "type": "call_ended",
    "uniqueid": "1751355451.39776"
}

{
    "call_duration": 19,
    "call_type": "internal",
    "caller_id_name": "260-SUP",
    "caller_id_num": "260",
    "cause": "16",
    "cause_description": "",
    "cause_txt": "",
    "channel": "SIP/260-000009c2",
    "connected_line_name": "<unknown>",
    "connected_line_num": "<unknown>",
    "direction": "in",
    "end_time": "2025-07-01T11:06:59",
    "extension_number": "260",
    "has_ringing": true,
    "linkedid": "1751355451.39773",
    "other_extension_number": "203",
    "raw_event": {
        "AccountCode": "",
        "CallerIDName": "260-SUP",
        "CallerIDNum": "260",
        "Cause": "16",
        "Cause-txt": "Normal Clearing",
        "Channel": "SIP/260-000009c2",
        "ChannelState": "5",
        "ChannelStateDesc": "Ringing",
        "ConnectedLineName": "203-CEO3",
        "ConnectedLineNum": "203",
        "Context": "from-internal",
        "Event": "Hangup",
        "Exten": "260",
        "Language": "pr2",
        "Linkedid": "1751355451.39773",
        "Priority": "1",
        "Privilege": "call,all",
        "Uniqueid": "1751355451.39776"
    },
    "start_time": "2025-07-01T11:06:40",
    "status": "ringing",
    "timestamp": "2025-07-01T11:06:59",
    "type": "call_summary",
    "uniqueid": "1751355451.39776"
}

{
    "call_type": "",
    "caller_id_name": "260-SUP",
    "caller_id_num": "260",
    "channel": "SIP/260-000009d9",
    "connected_line_name": "<unknown>",
    "connected_line_num": "<unknown>",
    "direction": "",
    "end_time": "",
    "extension_number": "260",
    "has_ringing": false,
    "linkedid": "1751355652.40050",
    "other_extension_number": "",
    "start_time": "2025-07-01T11:09:59",
    "status": "initiated",
    "timestamp": "2025-07-01T11:09:59",
    "type": "call_started",
    "uniqueid": "1751355652.40053"
}

{
    "channel": "SIP/260-000009d9",
    "privilege": "call,all",
    "timestamp": "2025-07-01T11:09:59",
    "type": "call_ringing",
    "uniqueid": "1751355652.40053"
}

{
    "call_type": "",
    "caller_id_name": "260-SUP",
    "caller_id_num": "260",
    "channel": "SIP/260-00000adf",
    "connected_line_name": "<unknown>",
    "connected_line_num": "<unknown>",
    "direction": "",
    "end_time": "",
    "extension_number": "260",
    "has_ringing": false,
    "linkedid": "1751357720.43121",
    "other_extension_number": "",
    "start_time": "2025-07-01T11:44:28",
    "status": "initiated",
    "timestamp": "2025-07-01T11:44:28",
    "type": "call_started",
    "uniqueid": "1751357720.43124"
}

{
    "channel": "SIP/260-00000adf",
    "privilege": "call,all",
    "timestamp": "2025-07-01T11:44:28",
    "type": "call_ringing",
    "uniqueid": "1751357720.43124"
}

{
    "call_type": "internal",
    "caller_id_name": "260-SUP",
    "caller_id_num": "260",
    "cause": "16",
    "cause_description": "",
    "cause_txt": "",
    "channel": "SIP/260-00000adf",
    "connected_line_name": "<unknown>",
    "connected_line_num": "<unknown>",
    "direction": "in",
    "end_time": "2025-07-01T11:44:40",
    "extension_number": "260",
    "has_ringing": true,
    "linkedid": "1751357720.43121",
    "other_extension_number": "365",
    "raw_event": {
        "AccountCode": "",
        "CallerIDName": "260-SUP",
        "CallerIDNum": "260",
        "Cause": "16",
        "Cause-txt": "Normal Clearing",
        "Channel": "SIP/260-00000adf",
        "ChannelState": "5",
        "ChannelStateDesc": "Ringing",
        "ConnectedLineName": "365-TE6",
        "ConnectedLineNum": "365",
        "Context": "from-internal",
        "Event": "Hangup",
        "Exten": "260",
        "Language": "pr2",
        "Linkedid": "1751357720.43121",
        "Priority": "1",
        "Privilege": "call,all",
        "Uniqueid": "1751357720.43124"
    },
    "start_time": "2025-07-01T11:44:28",
    "status": "ringing",
    "timestamp": "2025-07-01T11:44:40",
    "type": "call_ended",
    "uniqueid": "1751357720.43124"
}

{
    "call_duration": 12,
    "call_type": "internal",
    "caller_id_name": "260-SUP",
    "caller_id_num": "260",
    "cause": "16",
    "cause_description": "",
    "cause_txt": "",
    "channel": "SIP/260-00000adf",
    "connected_line_name": "<unknown>",
    "connected_line_num": "<unknown>",
    "direction": "in",
    "end_time": "2025-07-01T11:44:40",
    "extension_number": "260",
    "has_ringing": true,
    "linkedid": "1751357720.43121",
    "other_extension_number": "365",
    "raw_event": {
        "AccountCode": "",
        "CallerIDName": "260-SUP",
        "CallerIDNum": "260",
        "Cause": "16",
        "Cause-txt": "Normal Clearing",
        "Channel": "SIP/260-00000adf",
        "ChannelState": "5",
        "ChannelStateDesc": "Ringing",
        "ConnectedLineName": "365-TE6",
        "ConnectedLineNum": "365",
        "Context": "from-internal",
        "Event": "Hangup",
        "Exten": "260",
        "Language": "pr2",
        "Linkedid": "1751357720.43121",
        "Priority": "1",
        "Privilege": "call,all",
        "Uniqueid": "1751357720.43124"
    },
    "start_time": "2025-07-01T11:44:28",
    "status": "ringing",
    "timestamp": "2025-07-01T11:44:40",
    "type": "call_summary",
    "uniqueid": "1751357720.43124"
}

{
    "call_type": "",
    "caller_id_name": "260-SUP",
    "caller_id_num": "260",
    "channel": "SIP/260-00000c2b",
    "connected_line_name": "<unknown>",
    "connected_line_num": "<unknown>",
    "direction": "",
    "end_time": "",
    "extension_number": "260",
    "has_ringing": false,
    "linkedid": "1751360131.46686",
    "other_extension_number": "",
    "start_time": "2025-07-01T12:24:39",
    "status": "initiated",
    "timestamp": "2025-07-01T12:24:39",
    "type": "call_started",
    "uniqueid": "1751360131.46689"
}

{
    "channel": "SIP/260-00000c2b",
    "privilege": "call,all",
    "timestamp": "2025-07-01T12:24:39",
    "type": "call_ringing",
    "uniqueid": "1751360131.46689"
}

{
    "channel": "SIP/260-00000c2b",
    "privilege": "call,all",
    "timestamp": "2025-07-01T12:24:47",
    "type": "call_answered",
    "uniqueid": "1751360131.46689"
}

{
    "call_type": "internal",
    "caller_id_name": "260-SUP",
    "caller_id_num": "260",
    "cause": "16",
    "cause_description": "",
    "cause_txt": "",
    "channel": "SIP/260-00000c2b",
    "connected_line_name": "<unknown>",
    "connected_line_num": "<unknown>",
    "direction": "in",
    "end_time": "2025-07-01T12:26:26",
    "extension_number": "260",
    "has_ringing": true,
    "linkedid": "1751360131.46686",
    "other_extension_number": "525",
    "raw_event": {
        "AccountCode": "",
        "CallerIDName": "260-SUP",
        "CallerIDNum": "260",
        "Cause": "16",
        "Cause-txt": "Normal Clearing",
        "Channel": "SIP/260-00000c2b",
        "ChannelState": "6",
        "ChannelStateDesc": "Up",
        "ConnectedLineName": "525-SM5",
        "ConnectedLineNum": "525",
        "Context": "from-internal",
        "Event": "Hangup",
        "Exten": "",
        "Language": "pr2",
        "Linkedid": "1751360131.46686",
        "Priority": "1",
        "Privilege": "call,all",
        "Uniqueid": "1751360131.46689"
    },
    "start_time": "2025-07-01T12:24:47",
    "status": "answered",
    "timestamp": "2025-07-01T12:26:26",
    "type": "call_ended",
    "uniqueid": "1751360131.46689"
}

{
    "call_duration": 98,
    "call_type": "internal",
    "caller_id_name": "260-SUP",
    "caller_id_num": "260",
    "cause": "16",
    "cause_description": "",
    "cause_txt": "",
    "channel": "SIP/260-00000c2b",
    "connected_line_name": "<unknown>",
    "connected_line_num": "<unknown>",
    "direction": "in",
    "end_time": "2025-07-01T12:26:26",
    "extension_number": "260",
    "has_ringing": true,
    "linkedid": "1751360131.46686",
    "other_extension_number": "525",
    "raw_event": {
        "AccountCode": "",
        "CallerIDName": "260-SUP",
        "CallerIDNum": "260",
        "Cause": "16",
        "Cause-txt": "Normal Clearing",
        "Channel": "SIP/260-00000c2b",
        "ChannelState": "6",
        "ChannelStateDesc": "Up",
        "ConnectedLineName": "525-SM5",
        "ConnectedLineNum": "525",
        "Context": "from-internal",
        "Event": "Hangup",
        "Exten": "",
        "Language": "pr2",
        "Linkedid": "1751360131.46686",
        "Priority": "1",
        "Privilege": "call,all",
        "Uniqueid": "1751360131.46689"
    },
    "start_time": "2025-07-01T12:24:47",
    "status": "answered",
    "timestamp": "2025-07-01T12:26:26",
    "type": "call_summary",
    "uniqueid": "1751360131.46689"
}

{
    "call_type": "",
    "caller_id_name": "260-SUP",
    "caller_id_num": "260",
    "channel": "SIP/260-00000c43",
    "connected_line_name": "<unknown>",
    "connected_line_num": "<unknown>",
    "direction": "",
    "end_time": "",
    "extension_number": "260",
    "has_ringing": false,
    "linkedid": "1751360302.46996",
    "other_extension_number": "",
    "start_time": "2025-07-01T12:27:31",
    "status": "initiated",
    "timestamp": "2025-07-01T12:27:31",
    "type": "call_started",
    "uniqueid": "1751360303.46999"
}

{
    "channel": "SIP/260-00000c43",
    "privilege": "call,all",
    "timestamp": "2025-07-01T12:27:31",
    "type": "call_ringing",
    "uniqueid": "1751360303.46999"
}

{
    "channel": "SIP/260-00000c43",
    "privilege": "call,all",
    "timestamp": "2025-07-01T12:27:32",
    "type": "call_answered",
    "uniqueid": "1751360303.46999"
}

{
    "call_type": "internal",
    "caller_id_name": "260-SUP",
    "caller_id_num": "260",
    "cause": "16",
    "cause_description": "",
    "cause_txt": "",
    "channel": "SIP/260-00000c43",
    "connected_line_name": "<unknown>",
    "connected_line_num": "<unknown>",
    "direction": "in",
    "end_time": "2025-07-01T12:29:55",
    "extension_number": "260",
    "has_ringing": true,
    "linkedid": "1751360302.46996",
    "other_extension_number": "280",
    "raw_event": {
        "AccountCode": "",
        "CallerIDName": "260-SUP",
        "CallerIDNum": "260",
        "Cause": "16",
        "Cause-txt": "Normal Clearing",
        "Channel": "SIP/260-00000c43",
        "ChannelState": "6",
        "ChannelStateDesc": "Up",
        "ConnectedLineName": "280-SUP",
        "ConnectedLineNum": "280",
        "Context": "from-internal",
        "Event": "Hangup",
        "Exten": "",
        "Language": "pr2",
        "Linkedid": "1751360302.46996",
        "Priority": "1",
        "Privilege": "call,all",
        "Uniqueid": "1751360303.46999"
    },
    "start_time": "2025-07-01T12:27:32",
    "status": "answered",
    "timestamp": "2025-07-01T12:29:55",
    "type": "call_ended",
    "uniqueid": "1751360303.46999"
}

{
    "call_duration": 142,
    "call_type": "internal",
    "caller_id_name": "260-SUP",
    "caller_id_num": "260",
    "cause": "16",
    "cause_description": "",
    "cause_txt": "",
    "channel": "SIP/260-00000c43",
    "connected_line_name": "<unknown>",
    "connected_line_num": "<unknown>",
    "direction": "in",
    "end_time": "2025-07-01T12:29:55",
    "extension_number": "260",
    "has_ringing": true,
    "linkedid": "1751360302.46996",
    "other_extension_number": "280",
    "raw_event": {
        "AccountCode": "",
        "CallerIDName": "260-SUP",
        "CallerIDNum": "260",
        "Cause": "16",
        "Cause-txt": "Normal Clearing",
        "Channel": "SIP/260-00000c43",
        "ChannelState": "6",
        "ChannelStateDesc": "Up",
        "ConnectedLineName": "280-SUP",
        "ConnectedLineNum": "280",
        "Context": "from-internal",
        "Event": "Hangup",
        "Exten": "",
        "Language": "pr2",
        "Linkedid": "1751360302.46996",
        "Priority": "1",
        "Privilege": "call,all",
        "Uniqueid": "1751360303.46999"
    },
    "start_time": "2025-07-01T12:27:32",
    "status": "answered",
    "timestamp": "2025-07-01T12:29:55",
    "type": "call_summary",
    "uniqueid": "1751360303.46999"
}

{
    "extension": "260",
    "privilege": "call,all",
    "timestamp": "2025-07-01T12:49:38",
    "type": "monitor_initialized"
}

{
    "call_type": "",
    "caller_id_name": "260-SUP",
    "caller_id_num": "260",
    "channel": "SIP/260-00000e0f",
    "connected_line_name": "<unknown>",
    "connected_line_num": "<unknown>",
    "direction": "",
    "end_time": "",
    "extension_number": "260",
    "has_ringing": false,
    "linkedid": "1751364901.52849",
    "other_extension_number": "",
    "start_time": "2025-07-01T13:44:09",
    "status": "initiated",
    "timestamp": "2025-07-01T13:44:09",
    "type": "call_started",
    "uniqueid": "1751364901.52849"
}

{
    "channel": "SIP/260-00000e0f",
    "privilege": "call,all",
    "timestamp": "2025-07-01T13:44:10",
    "type": "call_answered",
    "uniqueid": "1751364901.52849"
}

{
    "call_type": "internal",
    "caller_id_name": "260-SUP",
    "caller_id_num": "260",
    "cause": "16",
    "cause_description": "",
    "cause_txt": "",
    "channel": "SIP/260-00000e0f",
    "connected_line_name": "265-SUP12",
    "connected_line_num": "265",
    "direction": "out",
    "end_time": "2025-07-01T13:44:43",
    "extension_number": "260",
    "has_ringing": false,
    "linkedid": "1751364901.52849",
    "other_extension_number": "265",
    "raw_event": {
        "AccountCode": "",
        "CallerIDName": "260-SUP",
        "CallerIDNum": "260",
        "Cause": "16",
        "Cause-txt": "Normal Clearing",
        "Channel": "SIP/260-00000e0f",
        "ChannelState": "6",
        "ChannelStateDesc": "Up",
        "ConnectedLineName": "265-SUP12",
        "ConnectedLineNum": "265",
        "Context": "from-internal",
        "Event": "Hangup",
        "Exten": "h",
        "Language": "pr2",
        "Linkedid": "1751364901.52849",
        "Priority": "1",
        "Privilege": "call,all",
        "Uniqueid": "1751364901.52849"
    },
    "start_time": "2025-07-01T13:44:10",
    "status": "answered",
    "timestamp": "2025-07-01T13:44:43",
    "type": "call_ended",
    "uniqueid": "1751364901.52849"
}

{
    "call_duration": 33,
    "call_type": "internal",
    "caller_id_name": "260-SUP",
    "caller_id_num": "260",
    "cause": "16",
    "cause_description": "",
    "cause_txt": "",
    "channel": "SIP/260-00000e0f",
    "connected_line_name": "265-SUP12",
    "connected_line_num": "265",
    "direction": "out",
    "end_time": "2025-07-01T13:44:43",
    "extension_number": "260",
    "has_ringing": false,
    "linkedid": "1751364901.52849",
    "other_extension_number": "265",
    "raw_event": {
        "AccountCode": "",
        "CallerIDName": "260-SUP",
        "CallerIDNum": "260",
        "Cause": "16",
        "Cause-txt": "Normal Clearing",
        "Channel": "SIP/260-00000e0f",
        "ChannelState": "6",
        "ChannelStateDesc": "Up",
        "ConnectedLineName": "265-SUP12",
        "ConnectedLineNum": "265",
        "Context": "from-internal",
        "Event": "Hangup",
        "Exten": "h",
        "Language": "pr2",
        "Linkedid": "1751364901.52849",
        "Priority": "1",
        "Privilege": "call,all",
        "Uniqueid": "1751364901.52849"
    },
    "start_time": "2025-07-01T13:44:10",
    "status": "answered",
    "timestamp": "2025-07-01T13:44:43",
    "type": "call_summary",
    "uniqueid": "1751364901.52849"
}

{
    "call_type": "",
    "caller_id_name": "260-SUP",
    "caller_id_num": "260",
    "channel": "SIP/260-00000e16",
    "connected_line_name": "<unknown>",
    "connected_line_num": "<unknown>",
    "direction": "",
    "end_time": "",
    "extension_number": "260",
    "has_ringing": false,
    "linkedid": "1751364990.52958",
    "other_extension_number": "",
    "start_time": "2025-07-01T13:45:38",
    "status": "initiated",
    "timestamp": "2025-07-01T13:45:38",
    "type": "call_started",
    "uniqueid": "1751364990.52958"
}

{
    "channel": "SIP/260-00000e16",
    "privilege": "call,all",
    "timestamp": "2025-07-01T13:45:38",
    "type": "call_answered",
    "uniqueid": "1751364990.52958"
}

{
    "call_type": "internal",
    "caller_id_name": "260-SUP",
    "caller_id_num": "260",
    "cause": "16",
    "cause_description": "",
    "cause_txt": "",
    "channel": "SIP/260-00000e16",
    "connected_line_name": "265-SUP12",
    "connected_line_num": "265",
    "direction": "out",
    "end_time": "2025-07-01T13:45:43",
    "extension_number": "260",
    "has_ringing": false,
    "linkedid": "1751364990.52958",
    "other_extension_number": "265",
    "raw_event": {
        "AccountCode": "",
        "CallerIDName": "260-SUP",
        "CallerIDNum": "260",
        "Cause": "16",
        "Cause-txt": "Normal Clearing",
        "Channel": "SIP/260-00000e16",
        "ChannelState": "6",
        "ChannelStateDesc": "Up",
        "ConnectedLineName": "265-SUP12",
        "ConnectedLineNum": "265",
        "Context": "from-internal",
        "Event": "Hangup",
        "Exten": "h",
        "Language": "pr2",
        "Linkedid": "1751364990.52958",
        "Priority": "1",
        "Privilege": "call,all",
        "Uniqueid": "1751364990.52958"
    },
    "start_time": "2025-07-01T13:45:38",
    "status": "answered",
    "timestamp": "2025-07-01T13:45:43",
    "type": "call_ended",
    "uniqueid": "1751364990.52958"
}

{
    "call_duration": 5,
    "call_type": "internal",
    "caller_id_name": "260-SUP",
    "caller_id_num": "260",
    "cause": "16",
    "cause_description": "",
    "cause_txt": "",
    "channel": "SIP/260-00000e16",
    "connected_line_name": "265-SUP12",
    "connected_line_num": "265",
    "direction": "out",
    "end_time": "2025-07-01T13:45:43",
    "extension_number": "260",
    "has_ringing": false,
    "linkedid": "1751364990.52958",
    "other_extension_number": "265",
    "raw_event": {
        "AccountCode": "",
        "CallerIDName": "260-SUP",
        "CallerIDNum": "260",
        "Cause": "16",
        "Cause-txt": "Normal Clearing",
        "Channel": "SIP/260-00000e16",
        "ChannelState": "6",
        "ChannelStateDesc": "Up",
        "ConnectedLineName": "265-SUP12",
        "ConnectedLineNum": "265",
        "Context": "from-internal",
        "Event": "Hangup",
        "Exten": "h",
        "Language": "pr2",
        "Linkedid": "1751364990.52958",
        "Priority": "1",
        "Privilege": "call,all",
        "Uniqueid": "1751364990.52958"
    },
    "start_time": "2025-07-01T13:45:38",
    "status": "answered",
    "timestamp": "2025-07-01T13:45:43",
    "type": "call_summary",
    "uniqueid": "1751364990.52958"
}

{
    "call_type": "",
    "caller_id_name": "260-SUP",
    "caller_id_num": "260",
    "channel": "SIP/260-00000e18",
    "connected_line_name": "<unknown>",
    "connected_line_num": "<unknown>",
    "direction": "",
    "end_time": "",
    "extension_number": "260",
    "has_ringing": false,
    "linkedid": "1751365007.52994",
    "other_extension_number": "",
    "start_time": "2025-07-01T13:45:54",
    "status": "initiated",
    "timestamp": "2025-07-01T13:45:54",
    "type": "call_started",
    "uniqueid": "1751365007.52994"
}

{
    "channel": "SIP/260-00000e18",
    "privilege": "call,all",
    "timestamp": "2025-07-01T13:45:55",
    "type": "call_answered",
    "uniqueid": "1751365007.52994"
}

{
    "call_type": "internal",
    "caller_id_name": "260-SUP",
    "caller_id_num": "260",
    "cause": "16",
    "cause_description": "",
    "cause_txt": "",
    "channel": "SIP/260-00000e18",
    "connected_line_name": "265-SUP12",
    "connected_line_num": "265",
    "direction": "out",
    "end_time": "2025-07-01T13:45:59",
    "extension_number": "260",
    "has_ringing": false,
    "linkedid": "1751365007.52994",
    "other_extension_number": "265",
    "raw_event": {
        "AccountCode": "",
        "CallerIDName": "260-SUP",
        "CallerIDNum": "260",
        "Cause": "16",
        "Cause-txt": "Normal Clearing",
        "Channel": "SIP/260-00000e18",
        "ChannelState": "6",
        "ChannelStateDesc": "Up",
        "ConnectedLineName": "265-SUP12",
        "ConnectedLineNum": "265",
        "Context": "from-internal",
        "Event": "Hangup",
        "Exten": "h",
        "Language": "pr2",
        "Linkedid": "1751365007.52994",
        "Priority": "1",
        "Privilege": "call,all",
        "Uniqueid": "1751365007.52994"
    },
    "start_time": "2025-07-01T13:45:55",
    "status": "answered",
    "timestamp": "2025-07-01T13:45:59",
    "type": "call_ended",
    "uniqueid": "1751365007.52994"
}

{
    "call_duration": 4,
    "call_type": "internal",
    "caller_id_name": "260-SUP",
    "caller_id_num": "260",
    "cause": "16",
    "cause_description": "",
    "cause_txt": "",
    "channel": "SIP/260-00000e18",
    "connected_line_name": "265-SUP12",
    "connected_line_num": "265",
    "direction": "out",
    "end_time": "2025-07-01T13:45:59",
    "extension_number": "260",
    "has_ringing": false,
    "linkedid": "1751365007.52994",
    "other_extension_number": "265",
    "raw_event": {
        "AccountCode": "",
        "CallerIDName": "260-SUP",
        "CallerIDNum": "260",
        "Cause": "16",
        "Cause-txt": "Normal Clearing",
        "Channel": "SIP/260-00000e18",
        "ChannelState": "6",
        "ChannelStateDesc": "Up",
        "ConnectedLineName": "265-SUP12",
        "ConnectedLineNum": "265",
        "Context": "from-internal",
        "Event": "Hangup",
        "Exten": "h",
        "Language": "pr2",
        "Linkedid": "1751365007.52994",
        "Priority": "1",
        "Privilege": "call,all",
        "Uniqueid": "1751365007.52994"
    },
    "start_time": "2025-07-01T13:45:55",
    "status": "answered",
    "timestamp": "2025-07-01T13:45:59",
    "type": "call_summary",
    "uniqueid": "1751365007.52994"
}

{
    "call_type": "",
    "caller_id_name": "260-SUP",
    "caller_id_num": "260",
    "channel": "SIP/260-00000e1c",
    "connected_line_name": "<unknown>",
    "connected_line_num": "<unknown>",
    "direction": "",
    "end_time": "",
    "extension_number": "260",
    "has_ringing": false,
    "linkedid": "1751365018.53036",
    "other_extension_number": "",
    "start_time": "2025-07-01T13:46:06",
    "status": "initiated",
    "timestamp": "2025-07-01T13:46:06",
    "type": "call_started",
    "uniqueid": "1751365018.53036"
}

{
    "channel": "SIP/260-00000e1c",
    "privilege": "call,all",
    "timestamp": "2025-07-01T13:46:06",
    "type": "call_answered",
    "uniqueid": "1751365018.53036"
}

{
    "call_type": "internal",
    "caller_id_name": "260-SUP",
    "caller_id_num": "260",
    "cause": "16",
    "cause_description": "",
    "cause_txt": "",
    "channel": "SIP/260-00000e1c",
    "connected_line_name": "264-SUP11",
    "connected_line_num": "264",
    "direction": "out",
    "end_time": "2025-07-01T13:46:12",
    "extension_number": "260",
    "has_ringing": false,
    "linkedid": "1751365018.53036",
    "other_extension_number": "264",
    "raw_event": {
        "AccountCode": "",
        "CallerIDName": "260-SUP",
        "CallerIDNum": "260",
        "Cause": "16",
        "Cause-txt": "Normal Clearing",
        "Channel": "SIP/260-00000e1c",
        "ChannelState": "6",
        "ChannelStateDesc": "Up",
        "ConnectedLineName": "264-SUP11",
        "ConnectedLineNum": "264",
        "Context": "from-internal",
        "Event": "Hangup",
        "Exten": "h",
        "Language": "pr2",
        "Linkedid": "1751365018.53036",
        "Priority": "1",
        "Privilege": "call,all",
        "Uniqueid": "1751365018.53036"
    },
    "start_time": "2025-07-01T13:46:06",
    "status": "answered",
    "timestamp": "2025-07-01T13:46:12",
    "type": "call_ended",
    "uniqueid": "1751365018.53036"
}

{
    "call_duration": 5,
    "call_type": "internal",
    "caller_id_name": "260-SUP",
    "caller_id_num": "260",
    "cause": "16",
    "cause_description": "",
    "cause_txt": "",
    "channel": "SIP/260-00000e1c",
    "connected_line_name": "264-SUP11",
    "connected_line_num": "264",
    "direction": "out",
    "end_time": "2025-07-01T13:46:12",
    "extension_number": "260",
    "has_ringing": false,
    "linkedid": "1751365018.53036",
    "other_extension_number": "264",
    "raw_event": {
        "AccountCode": "",
        "CallerIDName": "260-SUP",
        "CallerIDNum": "260",
        "Cause": "16",
        "Cause-txt": "Normal Clearing",
        "Channel": "SIP/260-00000e1c",
        "ChannelState": "6",
        "ChannelStateDesc": "Up",
        "ConnectedLineName": "264-SUP11",
        "ConnectedLineNum": "264",
        "Context": "from-internal",
        "Event": "Hangup",
        "Exten": "h",
        "Language": "pr2",
        "Linkedid": "1751365018.53036",
        "Priority": "1",
        "Privilege": "call,all",
        "Uniqueid": "1751365018.53036"
    },
    "start_time": "2025-07-01T13:46:06",
    "status": "answered",
    "timestamp": "2025-07-01T13:46:12",
    "type": "call_summary",
    "uniqueid": "1751365018.53036"
}

{
    "call_type": "",
    "caller_id_name": "260-SUP",
    "caller_id_num": "260",
    "channel": "SIP/260-00000e22",
    "connected_line_name": "<unknown>",
    "connected_line_num": "<unknown>",
    "direction": "",
    "end_time": "",
    "extension_number": "260",
    "has_ringing": false,
    "linkedid": "1751365031.53097",
    "other_extension_number": "",
    "start_time": "2025-07-01T13:46:18",
    "status": "initiated",
    "timestamp": "2025-07-01T13:46:18",
    "type": "call_started",
    "uniqueid": "1751365031.53097"
}

{
    "channel": "SIP/260-00000e22",
    "privilege": "call,all",
    "timestamp": "2025-07-01T13:46:18",
    "type": "call_answered",
    "uniqueid": "1751365031.53097"
}

{
    "call_type": "internal",
    "caller_id_name": "260-SUP",
    "caller_id_num": "260",
    "cause": "16",
    "cause_description": "",
    "cause_txt": "",
    "channel": "SIP/260-00000e22",
    "connected_line_name": "265-SUP12",
    "connected_line_num": "265",
    "direction": "out",
    "end_time": "2025-07-01T13:47:26",
    "extension_number": "260",
    "has_ringing": false,
    "linkedid": "1751365031.53097",
    "other_extension_number": "265",
    "raw_event": {
        "AccountCode": "",
        "CallerIDName": "260-SUP",
        "CallerIDNum": "260",
        "Cause": "16",
        "Cause-txt": "Normal Clearing",
        "Channel": "SIP/260-00000e22",
        "ChannelState": "6",
        "ChannelStateDesc": "Up",
        "ConnectedLineName": "265-SUP12",
        "ConnectedLineNum": "265",
        "Context": "from-internal",
        "Event": "Hangup",
        "Exten": "h",
        "Language": "pr2",
        "Linkedid": "1751365031.53097",
        "Priority": "1",
        "Privilege": "call,all",
        "Uniqueid": "1751365031.53097"
    },
    "start_time": "2025-07-01T13:46:18",
    "status": "answered",
    "timestamp": "2025-07-01T13:47:26",
    "type": "call_ended",
    "uniqueid": "1751365031.53097"
}

{
    "call_duration": 67,
    "call_type": "internal",
    "caller_id_name": "260-SUP",
    "caller_id_num": "260",
    "cause": "16",
    "cause_description": "",
    "cause_txt": "",
    "channel": "SIP/260-00000e22",
    "connected_line_name": "265-SUP12",
    "connected_line_num": "265",
    "direction": "out",
    "end_time": "2025-07-01T13:47:26",
    "extension_number": "260",
    "has_ringing": false,
    "linkedid": "1751365031.53097",
    "other_extension_number": "265",
    "raw_event": {
        "AccountCode": "",
        "CallerIDName": "260-SUP",
        "CallerIDNum": "260",
        "Cause": "16",
        "Cause-txt": "Normal Clearing",
        "Channel": "SIP/260-00000e22",
        "ChannelState": "6",
        "ChannelStateDesc": "Up",
        "ConnectedLineName": "265-SUP12",
        "ConnectedLineNum": "265",
        "Context": "from-internal",
        "Event": "Hangup",
        "Exten": "h",
        "Language": "pr2",
        "Linkedid": "1751365031.53097",
        "Priority": "1",
        "Privilege": "call,all",
        "Uniqueid": "1751365031.53097"
    },
    "start_time": "2025-07-01T13:46:18",
    "status": "answered",
    "timestamp": "2025-07-01T13:47:26",
    "type": "call_summary",
    "uniqueid": "1751365031.53097"
}

{
    "call_type": "",
    "caller_id_name": "260-SUP",
    "caller_id_num": "260",
    "channel": "SIP/260-00000e3b",
    "connected_line_name": "<unknown>",
    "connected_line_num": "<unknown>",
    "direction": "",
    "end_time": "",
    "extension_number": "260",
    "has_ringing": false,
    "linkedid": "1751365380.53363",
    "other_extension_number": "",
    "start_time": "2025-07-01T13:52:09",
    "status": "initiated",
    "timestamp": "2025-07-01T13:52:09",
    "type": "call_started",
    "uniqueid": "1751365380.53370"
}

{
    "channel": "SIP/260-00000e3b",
    "privilege": "call,all",
    "timestamp": "2025-07-01T13:52:09",
    "type": "call_ringing",
    "uniqueid": "1751365380.53370"
}

{
    "call_type": "internal",
    "caller_id_name": "260-SUP",
    "caller_id_num": "260",
    "cause": "16",
    "cause_description": "",
    "cause_txt": "",
    "channel": "SIP/260-00000e3b",
    "connected_line_name": "513-ICT4",
    "connected_line_num": "513",
    "direction": "in",
    "end_time": "2025-07-01T13:52:27",
    "extension_number": "260",
    "has_ringing": true,
    "linkedid": "1751365380.53363",
    "other_extension_number": "513",
    "raw_event": {
        "AccountCode": "",
        "CallerIDName": "260-SUP",
        "CallerIDNum": "260",
        "Cause": "16",
        "Cause-txt": "Normal Clearing",
        "Channel": "SIP/260-00000e3b",
        "ChannelState": "5",
        "ChannelStateDesc": "Ringing",
        "ConnectedLineName": "513-ICT4",
        "ConnectedLineNum": "513",
        "Context": "from-internal",
        "Event": "Hangup",
        "Exten": "260",
        "Language": "pr2",
        "Linkedid": "1751365380.53363",
        "Priority": "1",
        "Privilege": "call,all",
        "Uniqueid": "1751365380.53370"
    },
    "start_time": "2025-07-01T13:52:09",
    "status": "ringing",
    "timestamp": "2025-07-01T13:52:27",
    "type": "call_ended",
    "uniqueid": "1751365380.53370"
}

{
    "call_duration": 18,
    "call_type": "internal",
    "caller_id_name": "260-SUP",
    "caller_id_num": "260",
    "cause": "16",
    "cause_description": "",
    "cause_txt": "",
    "channel": "SIP/260-00000e3b",
    "connected_line_name": "513-ICT4",
    "connected_line_num": "513",
    "direction": "in",
    "end_time": "2025-07-01T13:52:27",
    "extension_number": "260",
    "has_ringing": true,
    "linkedid": "1751365380.53363",
    "other_extension_number": "513",
    "raw_event": {
        "AccountCode": "",
        "CallerIDName": "260-SUP",
        "CallerIDNum": "260",
        "Cause": "16",
        "Cause-txt": "Normal Clearing",
        "Channel": "SIP/260-00000e3b",
        "ChannelState": "5",
        "ChannelStateDesc": "Ringing",
        "ConnectedLineName": "513-ICT4",
        "ConnectedLineNum": "513",
        "Context": "from-internal",
        "Event": "Hangup",
        "Exten": "260",
        "Language": "pr2",
        "Linkedid": "1751365380.53363",
        "Priority": "1",
        "Privilege": "call,all",
        "Uniqueid": "1751365380.53370"
    },
    "start_time": "2025-07-01T13:52:09",
    "status": "ringing",
    "timestamp": "2025-07-01T13:52:27",
    "type": "call_summary",
    "uniqueid": "1751365380.53370"
}

{
    "call_type": "",
    "caller_id_name": "260-SUP",
    "caller_id_num": "260",
    "channel": "SIP/260-00000023",
    "connected_line_name": "<unknown>",
    "connected_line_num": "<unknown>",
    "direction": "",
    "end_time": "",
    "extension_number": "260",
    "has_ringing": false,
    "linkedid": "1751367005.413",
    "other_extension_number": "",
    "start_time": "2025-07-01T14:19:14",
    "status": "initiated",
    "timestamp": "2025-07-01T14:19:14",
    "type": "call_started",
    "uniqueid": "1751367005.416"
}

{
    "channel": "SIP/260-00000023",
    "privilege": "call,all",
    "timestamp": "2025-07-01T14:19:14",
    "type": "call_ringing",
    "uniqueid": "1751367005.416"
}

{
    "call_type": "internal",
    "caller_id_name": "260-SUP",
    "caller_id_num": "260",
    "cause": "16",
    "cause_description": "",
    "cause_txt": "",
    "channel": "SIP/260-00000023",
    "connected_line_name": "525-SM5",
    "connected_line_num": "525",
    "direction": "in",
    "end_time": "2025-07-01T14:19:29",
    "extension_number": "260",
    "has_ringing": true,
    "linkedid": "1751367005.413",
    "other_extension_number": "525",
    "raw_event": {
        "AccountCode": "",
        "CallerIDName": "260-SUP",
        "CallerIDNum": "260",
        "Cause": "16",
        "Cause-txt": "Normal Clearing",
        "Channel": "SIP/260-00000023",
        "ChannelState": "5",
        "ChannelStateDesc": "Ringing",
        "ConnectedLineName": "525-SM5",
        "ConnectedLineNum": "525",
        "Context": "from-internal",
        "Event": "Hangup",
        "Exten": "260",
        "Language": "pr2",
        "Linkedid": "1751367005.413",
        "Priority": "1",
        "Privilege": "call,all",
        "Uniqueid": "1751367005.416"
    },
    "start_time": "2025-07-01T14:19:14",
    "status": "ringing",
    "timestamp": "2025-07-01T14:19:29",
    "type": "call_ended",
    "uniqueid": "1751367005.416"
}

{
    "call_duration": 14,
    "call_type": "internal",
    "caller_id_name": "260-SUP",
    "caller_id_num": "260",
    "cause": "16",
    "cause_description": "",
    "cause_txt": "",
    "channel": "SIP/260-00000023",
    "connected_line_name": "525-SM5",
    "connected_line_num": "525",
    "direction": "in",
    "end_time": "2025-07-01T14:19:29",
    "extension_number": "260",
    "has_ringing": true,
    "linkedid": "1751367005.413",
    "other_extension_number": "525",
    "raw_event": {
        "AccountCode": "",
        "CallerIDName": "260-SUP",
        "CallerIDNum": "260",
        "Cause": "16",
        "Cause-txt": "Normal Clearing",
        "Channel": "SIP/260-00000023",
        "ChannelState": "5",
        "ChannelStateDesc": "Ringing",
        "ConnectedLineName": "525-SM5",
        "ConnectedLineNum": "525",
        "Context": "from-internal",
        "Event": "Hangup",
        "Exten": "260",
        "Language": "pr2",
        "Linkedid": "1751367005.413",
        "Priority": "1",
        "Privilege": "call,all",
        "Uniqueid": "1751367005.416"
    },
    "start_time": "2025-07-01T14:19:14",
    "status": "ringing",
    "timestamp": "2025-07-01T14:19:29",
    "type": "call_summary",
    "uniqueid": "1751367005.416"
}

{
    "call_type": "",
    "caller_id_name": "260-SUP",
    "caller_id_num": "260",
    "channel": "SIP/260-00000135",
    "connected_line_name": "<unknown>",
    "connected_line_num": "<unknown>",
    "direction": "",
    "end_time": "",
    "extension_number": "260",
    "has_ringing": false,
    "linkedid": "1751369043.3364",
    "other_extension_number": "",
    "start_time": "2025-07-01T14:53:11",
    "status": "initiated",
    "timestamp": "2025-07-01T14:53:11",
    "type": "call_started",
    "uniqueid": "1751369043.3367"
}

{
    "channel": "SIP/260-00000135",
    "privilege": "call,all",
    "timestamp": "2025-07-01T14:53:11",
    "type": "call_ringing",
    "uniqueid": "1751369043.3367"
}

{
    "call_type": "internal",
    "caller_id_name": "260-SUP",
    "caller_id_num": "260",
    "cause": "16",
    "cause_description": "",
    "cause_txt": "",
    "channel": "SIP/260-00000135",
    "connected_line_name": "214-HR2",
    "connected_line_num": "214",
    "direction": "in",
    "end_time": "2025-07-01T14:53:30",
    "extension_number": "260",
    "has_ringing": true,
    "linkedid": "1751369043.3364",
    "other_extension_number": "214",
    "raw_event": {
        "AccountCode": "",
        "CallerIDName": "260-SUP",
        "CallerIDNum": "260",
        "Cause": "16",
        "Cause-txt": "Normal Clearing",
        "Channel": "SIP/260-00000135",
        "ChannelState": "5",
        "ChannelStateDesc": "Ringing",
        "ConnectedLineName": "214-HR2",
        "ConnectedLineNum": "214",
        "Context": "from-internal",
        "Event": "Hangup",
        "Exten": "260",
        "Language": "pr2",
        "Linkedid": "1751369043.3364",
        "Priority": "1",
        "Privilege": "call,all",
        "Uniqueid": "1751369043.3367"
    },
    "start_time": "2025-07-01T14:53:11",
    "status": "ringing",
    "timestamp": "2025-07-01T14:53:30",
    "type": "call_ended",
    "uniqueid": "1751369043.3367"
}

{
    "call_duration": 19,
    "call_type": "internal",
    "caller_id_name": "260-SUP",
    "caller_id_num": "260",
    "cause": "16",
    "cause_description": "",
    "cause_txt": "",
    "channel": "SIP/260-00000135",
    "connected_line_name": "214-HR2",
    "connected_line_num": "214",
    "direction": "in",
    "end_time": "2025-07-01T14:53:30",
    "extension_number": "260",
    "has_ringing": true,
    "linkedid": "1751369043.3364",
    "other_extension_number": "214",
    "raw_event": {
        "AccountCode": "",
        "CallerIDName": "260-SUP",
        "CallerIDNum": "260",
        "Cause": "16",
        "Cause-txt": "Normal Clearing",
        "Channel": "SIP/260-00000135",
        "ChannelState": "5",
        "ChannelStateDesc": "Ringing",
        "ConnectedLineName": "214-HR2",
        "ConnectedLineNum": "214",
        "Context": "from-internal",
        "Event": "Hangup",
        "Exten": "260",
        "Language": "pr2",
        "Linkedid": "1751369043.3364",
        "Priority": "1",
        "Privilege": "call,all",
        "Uniqueid": "1751369043.3367"
    },
    "start_time": "2025-07-01T14:53:11",
    "status": "ringing",
    "timestamp": "2025-07-01T14:53:30",
    "type": "call_summary",
    "uniqueid": "1751369043.3367"
}

{
    "call_type": "",
    "caller_id_name": "260-SUP",
    "caller_id_num": "260",
    "channel": "SIP/260-0000014b",
    "connected_line_name": "<unknown>",
    "connected_line_num": "<unknown>",
    "direction": "",
    "end_time": "",
    "extension_number": "260",
    "has_ringing": false,
    "linkedid": "1751369354.3610",
    "other_extension_number": "",
    "start_time": "2025-07-01T14:58:22",
    "status": "initiated",
    "timestamp": "2025-07-01T14:58:22",
    "type": "call_started",
    "uniqueid": "1751369354.3610"
}

{
    "channel": "SIP/260-0000014b",
    "privilege": "call,all",
    "timestamp": "2025-07-01T14:58:26",
    "type": "call_answered",
    "uniqueid": "1751369354.3610"
}

{
    "call_type": "internal",
    "caller_id_name": "260-SUP",
    "caller_id_num": "260",
    "cause": "16",
    "cause_description": "",
    "cause_txt": "",
    "channel": "SIP/260-0000014b",
    "connected_line_name": "525-SM5",
    "connected_line_num": "525",
    "direction": "out",
    "end_time": "2025-07-01T15:00:03",
    "extension_number": "260",
    "has_ringing": false,
    "linkedid": "1751369354.3610",
    "other_extension_number": "525",
    "raw_event": {
        "AccountCode": "",
        "CallerIDName": "260-SUP",
        "CallerIDNum": "260",
        "Cause": "16",
        "Cause-txt": "Normal Clearing",
        "Channel": "SIP/260-0000014b",
        "ChannelState": "6",
        "ChannelStateDesc": "Up",
        "ConnectedLineName": "525-SM5",
        "ConnectedLineNum": "525",
        "Context": "from-internal",
        "Event": "Hangup",
        "Exten": "h",
        "Language": "pr2",
        "Linkedid": "1751369354.3610",
        "Priority": "1",
        "Privilege": "call,all",
        "Uniqueid": "1751369354.3610"
    },
    "start_time": "2025-07-01T14:58:26",
    "status": "answered",
    "timestamp": "2025-07-01T15:00:03",
    "type": "call_ended",
    "uniqueid": "1751369354.3610"
}

{
    "call_duration": 97,
    "call_type": "internal",
    "caller_id_name": "260-SUP",
    "caller_id_num": "260",
    "cause": "16",
    "cause_description": "",
    "cause_txt": "",
    "channel": "SIP/260-0000014b",
    "connected_line_name": "525-SM5",
    "connected_line_num": "525",
    "direction": "out",
    "end_time": "2025-07-01T15:00:03",
    "extension_number": "260",
    "has_ringing": false,
    "linkedid": "1751369354.3610",
    "other_extension_number": "525",
    "raw_event": {
        "AccountCode": "",
        "CallerIDName": "260-SUP",
        "CallerIDNum": "260",
        "Cause": "16",
        "Cause-txt": "Normal Clearing",
        "Channel": "SIP/260-0000014b",
        "ChannelState": "6",
        "ChannelStateDesc": "Up",
        "ConnectedLineName": "525-SM5",
        "ConnectedLineNum": "525",
        "Context": "from-internal",
        "Event": "Hangup",
        "Exten": "h",
        "Language": "pr2",
        "Linkedid": "1751369354.3610",
        "Priority": "1",
        "Privilege": "call,all",
        "Uniqueid": "1751369354.3610"
    },
    "start_time": "2025-07-01T14:58:26",
    "status": "answered",
    "timestamp": "2025-07-01T15:00:03",
    "type": "call_summary",
    "uniqueid": "1751369354.3610"
}

{
    "call_type": "",
    "caller_id_name": "260-SUP",
    "caller_id_num": "260",
    "channel": "SIP/260-0000018a",
    "connected_line_name": "<unknown>",
    "connected_line_num": "<unknown>",
    "direction": "",
    "end_time": "",
    "extension_number": "260",
    "has_ringing": false,
    "linkedid": "1751369937.4237",
    "other_extension_number": "",
    "start_time": "2025-07-01T15:08:04",
    "status": "initiated",
    "timestamp": "2025-07-01T15:08:04",
    "type": "call_started",
    "uniqueid": "1751369937.4237"
}

{
    "call_type": "internal",
    "caller_id_name": "260-SUP",
    "caller_id_num": "260",
    "cause": "16",
    "cause_description": "",
    "cause_txt": "",
    "channel": "SIP/260-0000018a",
    "connected_line_name": "358-SPL8",
    "connected_line_num": "358",
    "direction": "out",
    "end_time": "2025-07-01T15:08:16",
    "extension_number": "260",
    "has_ringing": false,
    "linkedid": "1751369937.4237",
    "other_extension_number": "358",
    "raw_event": {
        "AccountCode": "",
        "CallerIDName": "260-SUP",
        "CallerIDNum": "260",
        "Cause": "16",
        "Cause-txt": "Normal Clearing",
        "Channel": "SIP/260-0000018a",
        "ChannelState": "4",
        "ChannelStateDesc": "Ring",
        "ConnectedLineName": "358-SPL8",
        "ConnectedLineNum": "358",
        "Context": "from-internal",
        "Event": "Hangup",
        "Exten": "h",
        "Language": "pr2",
        "Linkedid": "1751369937.4237",
        "Priority": "1",
        "Privilege": "call,all",
        "Uniqueid": "1751369937.4237"
    },
    "start_time": "2025-07-01T15:08:04",
    "status": "initiated",
    "timestamp": "2025-07-01T15:08:16",
    "type": "call_ended",
    "uniqueid": "1751369937.4237"
}

{
    "call_duration": 11,
    "call_type": "internal",
    "caller_id_name": "260-SUP",
    "caller_id_num": "260",
    "cause": "16",
    "cause_description": "",
    "cause_txt": "",
    "channel": "SIP/260-0000018a",
    "connected_line_name": "358-SPL8",
    "connected_line_num": "358",
    "direction": "out",
    "end_time": "2025-07-01T15:08:16",
    "extension_number": "260",
    "has_ringing": false,
    "linkedid": "1751369937.4237",
    "other_extension_number": "358",
    "raw_event": {
        "AccountCode": "",
        "CallerIDName": "260-SUP",
        "CallerIDNum": "260",
        "Cause": "16",
        "Cause-txt": "Normal Clearing",
        "Channel": "SIP/260-0000018a",
        "ChannelState": "4",
        "ChannelStateDesc": "Ring",
        "ConnectedLineName": "358-SPL8",
        "ConnectedLineNum": "358",
        "Context": "from-internal",
        "Event": "Hangup",
        "Exten": "h",
        "Language": "pr2",
        "Linkedid": "1751369937.4237",
        "Priority": "1",
        "Privilege": "call,all",
        "Uniqueid": "1751369937.4237"
    },
    "start_time": "2025-07-01T15:08:04",
    "status": "initiated",
    "timestamp": "2025-07-01T15:08:16",
    "type": "call_summary",
    "uniqueid": "1751369937.4237"
}

{
    "call_type": "",
    "caller_id_name": "260-SUP",
    "caller_id_num": "260",
    "channel": "SIP/260-000001f5",
    "connected_line_name": "<unknown>",
    "connected_line_num": "<unknown>",
    "direction": "",
    "end_time": "",
    "extension_number": "260",
    "has_ringing": false,
    "linkedid": "1751370795.5322",
    "other_extension_number": "",
    "start_time": "2025-07-01T15:22:22",
    "status": "initiated",
    "timestamp": "2025-07-01T15:22:22",
    "type": "call_started",
    "uniqueid": "1751370795.5325"
}

{
    "channel": "SIP/260-000001f5",
    "privilege": "call,all",
    "timestamp": "2025-07-01T15:22:22",
    "type": "call_ringing",
    "uniqueid": "1751370795.5325"
}

{
    "call_type": "internal",
    "caller_id_name": "260-SUP",
    "caller_id_num": "260",
    "cause": "16",
    "cause_description": "",
    "cause_txt": "",
    "channel": "SIP/260-000001f5",
    "connected_line_name": "358-SPL8",
    "connected_line_num": "358",
    "direction": "in",
    "end_time": "2025-07-01T15:22:42",
    "extension_number": "260",
    "has_ringing": true,
    "linkedid": "1751370795.5322",
    "other_extension_number": "358",
    "raw_event": {
        "AccountCode": "",
        "CallerIDName": "260-SUP",
        "CallerIDNum": "260",
        "Cause": "16",
        "Cause-txt": "Normal Clearing",
        "Channel": "SIP/260-000001f5",
        "ChannelState": "5",
        "ChannelStateDesc": "Ringing",
        "ConnectedLineName": "358-SPL8",
        "ConnectedLineNum": "358",
        "Context": "from-internal",
        "Event": "Hangup",
        "Exten": "260",
        "Language": "pr2",
        "Linkedid": "1751370795.5322",
        "Priority": "1",
        "Privilege": "call,all",
        "Uniqueid": "1751370795.5325"
    },
    "start_time": "2025-07-01T15:22:22",
    "status": "ringing",
    "timestamp": "2025-07-01T15:22:42",
    "type": "call_ended",
    "uniqueid": "1751370795.5325"
}

{
    "call_duration": 19,
    "call_type": "internal",
    "caller_id_name": "260-SUP",
    "caller_id_num": "260",
    "cause": "16",
    "cause_description": "",
    "cause_txt": "",
    "channel": "SIP/260-000001f5",
    "connected_line_name": "358-SPL8",
    "connected_line_num": "358",
    "direction": "in",
    "end_time": "2025-07-01T15:22:42",
    "extension_number": "260",
    "has_ringing": true,
    "linkedid": "1751370795.5322",
    "other_extension_number": "358",
    "raw_event": {
        "AccountCode": "",
        "CallerIDName": "260-SUP",
        "CallerIDNum": "260",
        "Cause": "16",
        "Cause-txt": "Normal Clearing",
        "Channel": "SIP/260-000001f5",
        "ChannelState": "5",
        "ChannelStateDesc": "Ringing",
        "ConnectedLineName": "358-SPL8",
        "ConnectedLineNum": "358",
        "Context": "from-internal",
        "Event": "Hangup",
        "Exten": "260",
        "Language": "pr2",
        "Linkedid": "1751370795.5322",
        "Priority": "1",
        "Privilege": "call,all",
        "Uniqueid": "1751370795.5325"
    },
    "start_time": "2025-07-01T15:22:22",
    "status": "ringing",
    "timestamp": "2025-07-01T15:22:42",
    "type": "call_summary",
    "uniqueid": "1751370795.5325"
}

{
    "call_type": "",
    "caller_id_name": "260-SUP",
    "caller_id_num": "260",
    "channel": "SIP/260-0000022f",
    "connected_line_name": "<unknown>",
    "connected_line_num": "<unknown>",
    "direction": "",
    "end_time": "",
    "extension_number": "260",
    "has_ringing": false,
    "linkedid": "1751371539.5927",
    "other_extension_number": "",
    "start_time": "2025-07-01T15:34:46",
    "status": "initiated",
    "timestamp": "2025-07-01T15:34:46",
    "type": "call_started",
    "uniqueid": "1751371539.5927"
}

{
    "call_type": "internal",
    "caller_id_name": "260-SUP",
    "caller_id_num": "260",
    "cause": "16",
    "cause_description": "",
    "cause_txt": "",
    "channel": "SIP/260-0000022f",
    "connected_line_name": "358-SPL8",
    "connected_line_num": "358",
    "direction": "out",
    "end_time": "2025-07-01T15:35:01",
    "extension_number": "260",
    "has_ringing": false,
    "linkedid": "1751371539.5927",
    "other_extension_number": "358",
    "raw_event": {
        "AccountCode": "",
        "CallerIDName": "260-SUP",
        "CallerIDNum": "260",
        "Cause": "16",
        "Cause-txt": "Normal Clearing",
        "Channel": "SIP/260-0000022f",
        "ChannelState": "4",
        "ChannelStateDesc": "Ring",
        "ConnectedLineName": "358-SPL8",
        "ConnectedLineNum": "358",
        "Context": "from-internal",
        "Event": "Hangup",
        "Exten": "h",
        "Language": "pr2",
        "Linkedid": "1751371539.5927",
        "Priority": "1",
        "Privilege": "call,all",
        "Uniqueid": "1751371539.5927"
    },
    "start_time": "2025-07-01T15:34:46",
    "status": "initiated",
    "timestamp": "2025-07-01T15:35:01",
    "type": "call_ended",
    "uniqueid": "1751371539.5927"
}

{
    "call_duration": 14,
    "call_type": "internal",
    "caller_id_name": "260-SUP",
    "caller_id_num": "260",
    "cause": "16",
    "cause_description": "",
    "cause_txt": "",
    "channel": "SIP/260-0000022f",
    "connected_line_name": "358-SPL8",
    "connected_line_num": "358",
    "direction": "out",
    "end_time": "2025-07-01T15:35:01",
    "extension_number": "260",
    "has_ringing": false,
    "linkedid": "1751371539.5927",
    "other_extension_number": "358",
    "raw_event": {
        "AccountCode": "",
        "CallerIDName": "260-SUP",
        "CallerIDNum": "260",
        "Cause": "16",
        "Cause-txt": "Normal Clearing",
        "Channel": "SIP/260-0000022f",
        "ChannelState": "4",
        "ChannelStateDesc": "Ring",
        "ConnectedLineName": "358-SPL8",
        "ConnectedLineNum": "358",
        "Context": "from-internal",
        "Event": "Hangup",
        "Exten": "h",
        "Language": "pr2",
        "Linkedid": "1751371539.5927",
        "Priority": "1",
        "Privilege": "call,all",
        "Uniqueid": "1751371539.5927"
    },
    "start_time": "2025-07-01T15:34:46",
    "status": "initiated",
    "timestamp": "2025-07-01T15:35:01",
    "type": "call_summary",
    "uniqueid": "1751371539.5927"
}

{
    "call_type": "",
    "caller_id_name": "260-SUP",
    "caller_id_num": "260",
    "channel": "SIP/260-0000023c",
    "connected_line_name": "<unknown>",
    "connected_line_num": "<unknown>",
    "direction": "",
    "end_time": "",
    "extension_number": "260",
    "has_ringing": false,
    "linkedid": "1751371678.6097",
    "other_extension_number": "",
    "start_time": "2025-07-01T15:37:06",
    "status": "initiated",
    "timestamp": "2025-07-01T15:37:06",
    "type": "call_started",
    "uniqueid": "1751371678.6100"
}

{
    "channel": "SIP/260-0000023c",
    "privilege": "call,all",
    "timestamp": "2025-07-01T15:37:06",
    "type": "call_ringing",
    "uniqueid": "1751371678.6100"
}

{
    "channel": "SIP/260-0000023c",
    "privilege": "call,all",
    "timestamp": "2025-07-01T15:37:15",
    "type": "call_answered",
    "uniqueid": "1751371678.6100"
}

{
    "call_type": "internal",
    "caller_id_name": "260-SUP",
    "caller_id_num": "260",
    "cause": "16",
    "cause_description": "",
    "cause_txt": "",
    "channel": "SIP/260-0000023c",
    "connected_line_name": "513-ICT4",
    "connected_line_num": "513",
    "direction": "in",
    "end_time": "2025-07-01T15:37:16",
    "extension_number": "260",
    "has_ringing": true,
    "linkedid": "1751371678.6097",
    "other_extension_number": "513",
    "raw_event": {
        "AccountCode": "",
        "CallerIDName": "260-SUP",
        "CallerIDNum": "260",
        "Cause": "16",
        "Cause-txt": "Normal Clearing",
        "Channel": "SIP/260-0000023c",
        "ChannelState": "6",
        "ChannelStateDesc": "Up",
        "ConnectedLineName": "513-ICT4",
        "ConnectedLineNum": "513",
        "Context": "from-internal",
        "Event": "Hangup",
        "Exten": "",
        "Language": "pr2",
        "Linkedid": "1751371678.6097",
        "Priority": "1",
        "Privilege": "call,all",
        "Uniqueid": "1751371678.6100"
    },
    "start_time": "2025-07-01T15:37:15",
    "status": "answered",
    "timestamp": "2025-07-01T15:37:16",
    "type": "call_ended",
    "uniqueid": "1751371678.6100"
}

{
    "call_duration": 0,
    "call_type": "internal",
    "caller_id_name": "260-SUP",
    "caller_id_num": "260",
    "cause": "16",
    "cause_description": "",
    "cause_txt": "",
    "channel": "SIP/260-0000023c",
    "connected_line_name": "513-ICT4",
    "connected_line_num": "513",
    "direction": "in",
    "end_time": "2025-07-01T15:37:16",
    "extension_number": "260",
    "has_ringing": true,
    "linkedid": "1751371678.6097",
    "other_extension_number": "513",
    "raw_event": {
        "AccountCode": "",
        "CallerIDName": "260-SUP",
        "CallerIDNum": "260",
        "Cause": "16",
        "Cause-txt": "Normal Clearing",
        "Channel": "SIP/260-0000023c",
        "ChannelState": "6",
        "ChannelStateDesc": "Up",
        "ConnectedLineName": "513-ICT4",
        "ConnectedLineNum": "513",
        "Context": "from-internal",
        "Event": "Hangup",
        "Exten": "",
        "Language": "pr2",
        "Linkedid": "1751371678.6097",
        "Priority": "1",
        "Privilege": "call,all",
        "Uniqueid": "1751371678.6100"
    },
    "start_time": "2025-07-01T15:37:15",
    "status": "answered",
    "timestamp": "2025-07-01T15:37:16",
    "type": "call_summary",
    "uniqueid": "1751371678.6100"
}

{
    "call_type": "",
    "caller_id_name": "260-SUP",
    "caller_id_num": "260",
    "channel": "SIP/260-0000023d",
    "connected_line_name": "<unknown>",
    "connected_line_num": "<unknown>",
    "direction": "",
    "end_time": "",
    "extension_number": "260",
    "has_ringing": false,
    "linkedid": "1751371693.6127",
    "other_extension_number": "",
    "start_time": "2025-07-01T15:37:21",
    "status": "initiated",
    "timestamp": "2025-07-01T15:37:21",
    "type": "call_started",
    "uniqueid": "1751371693.6127"
}

{
    "channel": "SIP/260-0000023d",
    "privilege": "call,all",
    "timestamp": "2025-07-01T15:37:24",
    "type": "call_answered",
    "uniqueid": "1751371693.6127"
}

{
    "call_type": "internal",
    "caller_id_name": "260-SUP",
    "caller_id_num": "260",
    "cause": "16",
    "cause_description": "",
    "cause_txt": "",
    "channel": "SIP/260-0000023d",
    "connected_line_name": "513-ICT4",
    "connected_line_num": "513",
    "direction": "out",
    "end_time": "2025-07-01T15:38:01",
    "extension_number": "260",
    "has_ringing": false,
    "linkedid": "1751371693.6127",
    "other_extension_number": "513",
    "raw_event": {
        "AccountCode": "",
        "CallerIDName": "260-SUP",
        "CallerIDNum": "260",
        "Cause": "16",
        "Cause-txt": "Normal Clearing",
        "Channel": "SIP/260-0000023d",
        "ChannelState": "6",
        "ChannelStateDesc": "Up",
        "ConnectedLineName": "513-ICT4",
        "ConnectedLineNum": "513",
        "Context": "ext-local",
        "Event": "Hangup",
        "Exten": "h",
        "Language": "pr2",
        "Linkedid": "1751371693.6127",
        "Priority": "1",
        "Privilege": "call,all",
        "Uniqueid": "1751371693.6127"
    },
    "start_time": "2025-07-01T15:37:24",
    "status": "answered",
    "timestamp": "2025-07-01T15:38:01",
    "type": "call_ended",
    "uniqueid": "1751371693.6127"
}

{
    "call_duration": 37,
    "call_type": "internal",
    "caller_id_name": "260-SUP",
    "caller_id_num": "260",
    "cause": "16",
    "cause_description": "",
    "cause_txt": "",
    "channel": "SIP/260-0000023d",
    "connected_line_name": "513-ICT4",
    "connected_line_num": "513",
    "direction": "out",
    "end_time": "2025-07-01T15:38:01",
    "extension_number": "260",
    "has_ringing": false,
    "linkedid": "1751371693.6127",
    "other_extension_number": "513",
    "raw_event": {
        "AccountCode": "",
        "CallerIDName": "260-SUP",
        "CallerIDNum": "260",
        "Cause": "16",
        "Cause-txt": "Normal Clearing",
        "Channel": "SIP/260-0000023d",
        "ChannelState": "6",
        "ChannelStateDesc": "Up",
        "ConnectedLineName": "513-ICT4",
        "ConnectedLineNum": "513",
        "Context": "ext-local",
        "Event": "Hangup",
        "Exten": "h",
        "Language": "pr2",
        "Linkedid": "1751371693.6127",
        "Priority": "1",
        "Privilege": "call,all",
        "Uniqueid": "1751371693.6127"
    },
    "start_time": "2025-07-01T15:37:24",
    "status": "answered",
    "timestamp": "2025-07-01T15:38:01",
    "type": "call_summary",
    "uniqueid": "1751371693.6127"
}

{
    "call_type": "",
    "caller_id_name": "260-SUP",
    "caller_id_num": "260",
    "channel": "SIP/260-0000024d",
    "connected_line_name": "<unknown>",
    "connected_line_num": "<unknown>",
    "direction": "",
    "end_time": "",
    "extension_number": "260",
    "has_ringing": false,
    "linkedid": "1751371809.6295",
    "other_extension_number": "",
    "start_time": "2025-07-01T15:39:17",
    "status": "initiated",
    "timestamp": "2025-07-01T15:39:17",
    "type": "call_started",
    "uniqueid": "1751371809.6298"
}

{
    "channel": "SIP/260-0000024d",
    "privilege": "call,all",
    "timestamp": "2025-07-01T15:39:17",
    "type": "call_ringing",
    "uniqueid": "1751371809.6298"
}

{
    "call_type": "",
    "caller_id_name": "260-SUP",
    "caller_id_num": "260",
    "channel": "SIP/260-0000024e",
    "connected_line_name": "<unknown>",
    "connected_line_num": "<unknown>",
    "direction": "",
    "end_time": "",
    "extension_number": "260",
    "has_ringing": false,
    "linkedid": "1751371811.6314",
    "other_extension_number": "",
    "start_time": "2025-07-01T15:39:19",
    "status": "initiated",
    "timestamp": "2025-07-01T15:39:19",
    "type": "call_started",
    "uniqueid": "1751371811.6314"
}

{
    "channel": "SIP/260-0000024e",
    "privilege": "call,all",
    "timestamp": "2025-07-01T15:39:19",
    "type": "call_answered",
    "uniqueid": "1751371811.6314"
}

{
    "call_type": "internal",
    "caller_id_name": "260-SUP",
    "caller_id_num": "260",
    "cause": "16",
    "cause_description": "",
    "cause_txt": "",
    "channel": "SIP/260-0000024e",
    "connected_line_name": "265-SUP12",
    "connected_line_num": "265",
    "direction": "out",
    "end_time": "2025-07-01T15:39:20",
    "extension_number": "260",
    "has_ringing": false,
    "linkedid": "1751371811.6314",
    "other_extension_number": "265",
    "raw_event": {
        "AccountCode": "",
        "CallerIDName": "260-SUP",
        "CallerIDNum": "260",
        "Cause": "16",
        "Cause-txt": "Normal Clearing",
        "Channel": "SIP/260-0000024e",
        "ChannelState": "6",
        "ChannelStateDesc": "Up",
        "ConnectedLineName": "265-SUP12",
        "ConnectedLineNum": "265",
        "Context": "from-internal",
        "Event": "Hangup",
        "Exten": "h",
        "Language": "pr2",
        "Linkedid": "1751371811.6314",
        "Priority": "1",
        "Privilege": "call,all",
        "Uniqueid": "1751371811.6314"
    },
    "start_time": "2025-07-01T15:39:19",
    "status": "answered",
    "timestamp": "2025-07-01T15:39:20",
    "type": "call_ended",
    "uniqueid": "1751371811.6314"
}

{
    "call_duration": 0,
    "call_type": "internal",
    "caller_id_name": "260-SUP",
    "caller_id_num": "260",
    "cause": "16",
    "cause_description": "",
    "cause_txt": "",
    "channel": "SIP/260-0000024e",
    "connected_line_name": "265-SUP12",
    "connected_line_num": "265",
    "direction": "out",
    "end_time": "2025-07-01T15:39:20",
    "extension_number": "260",
    "has_ringing": false,
    "linkedid": "1751371811.6314",
    "other_extension_number": "265",
    "raw_event": {
        "AccountCode": "",
        "CallerIDName": "260-SUP",
        "CallerIDNum": "260",
        "Cause": "16",
        "Cause-txt": "Normal Clearing",
        "Channel": "SIP/260-0000024e",
        "ChannelState": "6",
        "ChannelStateDesc": "Up",
        "ConnectedLineName": "265-SUP12",
        "ConnectedLineNum": "265",
        "Context": "from-internal",
        "Event": "Hangup",
        "Exten": "h",
        "Language": "pr2",
        "Linkedid": "1751371811.6314",
        "Priority": "1",
        "Privilege": "call,all",
        "Uniqueid": "1751371811.6314"
    },
    "start_time": "2025-07-01T15:39:19",
    "status": "answered",
    "timestamp": "2025-07-01T15:39:20",
    "type": "call_summary",
    "uniqueid": "1751371811.6314"
}

{
    "channel": "SIP/260-0000024d",
    "privilege": "call,all",
    "timestamp": "2025-07-01T15:39:22",
    "type": "call_answered",
    "uniqueid": "1751371809.6298"
}

{
    "call_type": "internal",
    "caller_id_name": "260-SUP",
    "caller_id_num": "260",
    "cause": "16",
    "cause_description": "",
    "cause_txt": "",
    "channel": "SIP/260-0000024d",
    "connected_line_name": "358-SPL8",
    "connected_line_num": "358",
    "direction": "in",
    "end_time": "2025-07-01T15:41:36",
    "extension_number": "260",
    "has_ringing": true,
    "linkedid": "1751371809.6295",
    "other_extension_number": "358",
    "raw_event": {
        "AccountCode": "",
        "CallerIDName": "260-SUP",
        "CallerIDNum": "260",
        "Cause": "16",
        "Cause-txt": "Normal Clearing",
        "Channel": "SIP/260-0000024d",
        "ChannelState": "6",
        "ChannelStateDesc": "Up",
        "ConnectedLineName": "358-SPL8",
        "ConnectedLineNum": "358",
        "Context": "from-internal",
        "Event": "Hangup",
        "Exten": "",
        "Language": "pr2",
        "Linkedid": "1751371809.6295",
        "Priority": "1",
        "Privilege": "call,all",
        "Uniqueid": "1751371809.6298"
    },
    "start_time": "2025-07-01T15:39:22",
    "status": "answered",
    "timestamp": "2025-07-01T15:41:36",
    "type": "call_ended",
    "uniqueid": "1751371809.6298"
}

{
    "call_duration": 133,
    "call_type": "internal",
    "caller_id_name": "260-SUP",
    "caller_id_num": "260",
    "cause": "16",
    "cause_description": "",
    "cause_txt": "",
    "channel": "SIP/260-0000024d",
    "connected_line_name": "358-SPL8",
    "connected_line_num": "358",
    "direction": "in",
    "end_time": "2025-07-01T15:41:36",
    "extension_number": "260",
    "has_ringing": true,
    "linkedid": "1751371809.6295",
    "other_extension_number": "358",
    "raw_event": {
        "AccountCode": "",
        "CallerIDName": "260-SUP",
        "CallerIDNum": "260",
        "Cause": "16",
        "Cause-txt": "Normal Clearing",
        "Channel": "SIP/260-0000024d",
        "ChannelState": "6",
        "ChannelStateDesc": "Up",
        "ConnectedLineName": "358-SPL8",
        "ConnectedLineNum": "358",
        "Context": "from-internal",
        "Event": "Hangup",
        "Exten": "",
        "Language": "pr2",
        "Linkedid": "1751371809.6295",
        "Priority": "1",
        "Privilege": "call,all",
        "Uniqueid": "1751371809.6298"
    },
    "start_time": "2025-07-01T15:39:22",
    "status": "answered",
    "timestamp": "2025-07-01T15:41:36",
    "type": "call_summary",
    "uniqueid": "1751371809.6298"
}

{
    "call_type": "",
    "caller_id_name": "260-SUP",
    "caller_id_num": "260",
    "channel": "SIP/260-0000025e",
    "connected_line_name": "<unknown>",
    "connected_line_num": "<unknown>",
    "direction": "",
    "end_time": "",
    "extension_number": "260",
    "has_ringing": false,
    "linkedid": "1751371951.6508",
    "other_extension_number": "",
    "start_time": "2025-07-01T15:41:38",
    "status": "initiated",
    "timestamp": "2025-07-01T15:41:38",
    "type": "call_started",
    "uniqueid": "1751371951.6508"
}

{
    "channel": "SIP/260-0000025e",
    "privilege": "call,all",
    "timestamp": "2025-07-01T15:41:39",
    "type": "call_answered",
    "uniqueid": "1751371951.6508"
}

{
    "call_type": "internal",
    "caller_id_name": "260-SUP",
    "caller_id_num": "260",
    "cause": "16",
    "cause_description": "",
    "cause_txt": "",
    "channel": "SIP/260-0000025e",
    "connected_line_name": "262-SUP9",
    "connected_line_num": "262",
    "direction": "out",
    "end_time": "2025-07-01T15:42:56",
    "extension_number": "260",
    "has_ringing": false,
    "linkedid": "1751371951.6508",
    "other_extension_number": "262",
    "raw_event": {
        "AccountCode": "",
        "CallerIDName": "260-SUP",
        "CallerIDNum": "260",
        "Cause": "16",
        "Cause-txt": "Normal Clearing",
        "Channel": "SIP/260-0000025e",
        "ChannelState": "6",
        "ChannelStateDesc": "Up",
        "ConnectedLineName": "262-SUP9",
        "ConnectedLineNum": "262",
        "Context": "from-internal",
        "Event": "Hangup",
        "Exten": "h",
        "Language": "pr2",
        "Linkedid": "1751371951.6508",
        "Priority": "1",
        "Privilege": "call,all",
        "Uniqueid": "1751371951.6508"
    },
    "start_time": "2025-07-01T15:41:39",
    "status": "answered",
    "timestamp": "2025-07-01T15:42:56",
    "type": "call_ended",
    "uniqueid": "1751371951.6508"
}

{
    "call_duration": 77,
    "call_type": "internal",
    "caller_id_name": "260-SUP",
    "caller_id_num": "260",
    "cause": "16",
    "cause_description": "",
    "cause_txt": "",
    "channel": "SIP/260-0000025e",
    "connected_line_name": "262-SUP9",
    "connected_line_num": "262",
    "direction": "out",
    "end_time": "2025-07-01T15:42:56",
    "extension_number": "260",
    "has_ringing": false,
    "linkedid": "1751371951.6508",
    "other_extension_number": "262",
    "raw_event": {
        "AccountCode": "",
        "CallerIDName": "260-SUP",
        "CallerIDNum": "260",
        "Cause": "16",
        "Cause-txt": "Normal Clearing",
        "Channel": "SIP/260-0000025e",
        "ChannelState": "6",
        "ChannelStateDesc": "Up",
        "ConnectedLineName": "262-SUP9",
        "ConnectedLineNum": "262",
        "Context": "from-internal",
        "Event": "Hangup",
        "Exten": "h",
        "Language": "pr2",
        "Linkedid": "1751371951.6508",
        "Priority": "1",
        "Privilege": "call,all",
        "Uniqueid": "1751371951.6508"
    },
    "start_time": "2025-07-01T15:41:39",
    "status": "answered",
    "timestamp": "2025-07-01T15:42:56",
    "type": "call_summary",
    "uniqueid": "1751371951.6508"
}

{
    "call_type": "",
    "caller_id_name": "260-SUP",
    "caller_id_num": "260",
    "channel": "SIP/260-00000272",
    "connected_line_name": "<unknown>",
    "connected_line_num": "<unknown>",
    "direction": "",
    "end_time": "",
    "extension_number": "260",
    "has_ringing": false,
    "linkedid": "1751372051.6714",
    "other_extension_number": "",
    "start_time": "2025-07-01T15:43:18",
    "status": "initiated",
    "timestamp": "2025-07-01T15:43:18",
    "type": "call_started",
    "uniqueid": "1751372051.6714"
}

{
    "channel": "SIP/260-00000272",
    "privilege": "call,all",
    "timestamp": "2025-07-01T15:43:18",
    "type": "call_answered",
    "uniqueid": "1751372051.6714"
}

{
    "call_type": "external",
    "caller_id_name": "260-SUP",
    "caller_id_num": "260",
    "cause": "0",
    "cause_description": "",
    "cause_txt": "",
    "channel": "SIP/260-00000272",
    "connected_line_name": "<unknown>",
    "connected_line_num": "<unknown>",
    "direction": "out",
    "end_time": "2025-07-01T15:43:23",
    "extension_number": "260",
    "has_ringing": false,
    "linkedid": "1751372051.6714",
    "other_extension_number": "<unknown>",
    "raw_event": {
        "AccountCode": "",
        "CallerIDName": "260-SUP",
        "CallerIDNum": "260",
        "Cause": "0",
        "Cause-txt": "Unknown",
        "Channel": "SIP/260-00000272",
        "ChannelState": "6",
        "ChannelStateDesc": "Up",
        "ConnectedLineName": "<unknown>",
        "ConnectedLineNum": "<unknown>",
        "Context": "app-announcement-2",
        "Event": "Hangup",
        "Exten": "s",
        "Language": "pr2",
        "Linkedid": "1751372051.6714",
        "Priority": "5",
        "Privilege": "call,all",
        "Uniqueid": "1751372051.6714"
    },
    "start_time": "2025-07-01T15:43:18",
    "status": "answered",
    "timestamp": "2025-07-01T15:43:23",
    "type": "call_ended",
    "uniqueid": "1751372051.6714"
}

{
    "call_duration": 4,
    "call_type": "external",
    "caller_id_name": "260-SUP",
    "caller_id_num": "260",
    "cause": "0",
    "cause_description": "",
    "cause_txt": "",
    "channel": "SIP/260-00000272",
    "connected_line_name": "<unknown>",
    "connected_line_num": "<unknown>",
    "direction": "out",
    "end_time": "2025-07-01T15:43:23",
    "extension_number": "260",
    "has_ringing": false,
    "linkedid": "1751372051.6714",
    "other_extension_number": "<unknown>",
    "raw_event": {
        "AccountCode": "",
        "CallerIDName": "260-SUP",
        "CallerIDNum": "260",
        "Cause": "0",
        "Cause-txt": "Unknown",
        "Channel": "SIP/260-00000272",
        "ChannelState": "6",
        "ChannelStateDesc": "Up",
        "ConnectedLineName": "<unknown>",
        "ConnectedLineNum": "<unknown>",
        "Context": "app-announcement-2",
        "Event": "Hangup",
        "Exten": "s",
        "Language": "pr2",
        "Linkedid": "1751372051.6714",
        "Priority": "5",
        "Privilege": "call,all",
        "Uniqueid": "1751372051.6714"
    },
    "start_time": "2025-07-01T15:43:18",
    "status": "answered",
    "timestamp": "2025-07-01T15:43:23",
    "type": "call_summary",
    "uniqueid": "1751372051.6714"
}

{
    "call_type": "",
    "caller_id_name": "260-SUP",
    "caller_id_num": "260",
    "channel": "SIP/260-00000275",
    "connected_line_name": "<unknown>",
    "connected_line_num": "<unknown>",
    "direction": "",
    "end_time": "",
    "extension_number": "260",
    "has_ringing": false,
    "linkedid": "1751372057.6727",
    "other_extension_number": "",
    "start_time": "2025-07-01T15:43:24",
    "status": "initiated",
    "timestamp": "2025-07-01T15:43:24",
    "type": "call_started",
    "uniqueid": "1751372057.6727"
}

{
    "channel": "SIP/260-00000275",
    "privilege": "call,all",
    "timestamp": "2025-07-01T15:43:25",
    "type": "call_answered",
    "uniqueid": "1751372057.6727"
}

{
    "call_type": "external",
    "caller_id_name": "260-SUP",
    "caller_id_num": "260",
    "cause": "0",
    "cause_description": "",
    "cause_txt": "",
    "channel": "SIP/260-00000275",
    "connected_line_name": "<unknown>",
    "connected_line_num": "<unknown>",
    "direction": "out",
    "end_time": "2025-07-01T15:43:26",
    "extension_number": "260",
    "has_ringing": false,
    "linkedid": "1751372057.6727",
    "other_extension_number": "<unknown>",
    "raw_event": {
        "AccountCode": "",
        "CallerIDName": "260-SUP",
        "CallerIDNum": "260",
        "Cause": "0",
        "Cause-txt": "Unknown",
        "Channel": "SIP/260-00000275",
        "ChannelState": "6",
        "ChannelStateDesc": "Up",
        "ConnectedLineName": "<unknown>",
        "ConnectedLineNum": "<unknown>",
        "Context": "app-announcement-2",
        "Event": "Hangup",
        "Exten": "s",
        "Language": "pr2",
        "Linkedid": "1751372057.6727",
        "Priority": "5",
        "Privilege": "call,all",
        "Uniqueid": "1751372057.6727"
    },
    "start_time": "2025-07-01T15:43:25",
    "status": "answered",
    "timestamp": "2025-07-01T15:43:26",
    "type": "call_ended",
    "uniqueid": "1751372057.6727"
}

{
    "call_duration": 1,
    "call_type": "external",
    "caller_id_name": "260-SUP",
    "caller_id_num": "260",
    "cause": "0",
    "cause_description": "",
    "cause_txt": "",
    "channel": "SIP/260-00000275",
    "connected_line_name": "<unknown>",
    "connected_line_num": "<unknown>",
    "direction": "out",
    "end_time": "2025-07-01T15:43:26",
    "extension_number": "260",
    "has_ringing": false,
    "linkedid": "1751372057.6727",
    "other_extension_number": "<unknown>",
    "raw_event": {
        "AccountCode": "",
        "CallerIDName": "260-SUP",
        "CallerIDNum": "260",
        "Cause": "0",
        "Cause-txt": "Unknown",
        "Channel": "SIP/260-00000275",
        "ChannelState": "6",
        "ChannelStateDesc": "Up",
        "ConnectedLineName": "<unknown>",
        "ConnectedLineNum": "<unknown>",
        "Context": "app-announcement-2",
        "Event": "Hangup",
        "Exten": "s",
        "Language": "pr2",
        "Linkedid": "1751372057.6727",
        "Priority": "5",
        "Privilege": "call,all",
        "Uniqueid": "1751372057.6727"
    },
    "start_time": "2025-07-01T15:43:25",
    "status": "answered",
    "timestamp": "2025-07-01T15:43:26",
    "type": "call_summary",
    "uniqueid": "1751372057.6727"
}

{
    "call_type": "",
    "caller_id_name": "260-SUP",
    "caller_id_num": "260",
    "channel": "SIP/260-0000028f",
    "connected_line_name": "<unknown>",
    "connected_line_num": "<unknown>",
    "direction": "",
    "end_time": "",
    "extension_number": "260",
    "has_ringing": false,
    "linkedid": "1751372189.6959",
    "other_extension_number": "",
    "start_time": "2025-07-01T15:45:37",
    "status": "initiated",
    "timestamp": "2025-07-01T15:45:37",
    "type": "call_started",
    "uniqueid": "1751372189.6959"
}

{
    "channel": "SIP/260-0000028f",
    "privilege": "call,all",
    "timestamp": "2025-07-01T15:45:42",
    "type": "call_answered",
    "uniqueid": "1751372189.6959"
}

{
    "call_type": "internal",
    "caller_id_name": "260-SUP",
    "caller_id_num": "260",
    "cause": "16",
    "cause_description": "",
    "cause_txt": "",
    "channel": "SIP/260-0000028f",
    "connected_line_name": "513-ICT4",
    "connected_line_num": "513",
    "direction": "out",
    "end_time": "2025-07-01T15:45:47",
    "extension_number": "260",
    "has_ringing": false,
    "linkedid": "1751372189.6959",
    "other_extension_number": "513",
    "raw_event": {
        "AccountCode": "",
        "CallerIDName": "260-SUP",
        "CallerIDNum": "260",
        "Cause": "16",
        "Cause-txt": "Normal Clearing",
        "Channel": "SIP/260-0000028f",
        "ChannelState": "6",
        "ChannelStateDesc": "Up",
        "ConnectedLineName": "513-ICT4",
        "ConnectedLineNum": "513",
        "Context": "ext-local",
        "Event": "Hangup",
        "Exten": "h",
        "Language": "pr2",
        "Linkedid": "1751372189.6959",
        "Priority": "1",
        "Privilege": "call,all",
        "Uniqueid": "1751372189.6959"
    },
    "start_time": "2025-07-01T15:45:42",
    "status": "answered",
    "timestamp": "2025-07-01T15:45:47",
    "type": "call_ended",
    "uniqueid": "1751372189.6959"
}

{
    "call_duration": 5,
    "call_type": "internal",
    "caller_id_name": "260-SUP",
    "caller_id_num": "260",
    "cause": "16",
    "cause_description": "",
    "cause_txt": "",
    "channel": "SIP/260-0000028f",
    "connected_line_name": "513-ICT4",
    "connected_line_num": "513",
    "direction": "out",
    "end_time": "2025-07-01T15:45:47",
    "extension_number": "260",
    "has_ringing": false,
    "linkedid": "1751372189.6959",
    "other_extension_number": "513",
    "raw_event": {
        "AccountCode": "",
        "CallerIDName": "260-SUP",
        "CallerIDNum": "260",
        "Cause": "16",
        "Cause-txt": "Normal Clearing",
        "Channel": "SIP/260-0000028f",
        "ChannelState": "6",
        "ChannelStateDesc": "Up",
        "ConnectedLineName": "513-ICT4",
        "ConnectedLineNum": "513",
        "Context": "ext-local",
        "Event": "Hangup",
        "Exten": "h",
        "Language": "pr2",
        "Linkedid": "1751372189.6959",
        "Priority": "1",
        "Privilege": "call,all",
        "Uniqueid": "1751372189.6959"
    },
    "start_time": "2025-07-01T15:45:42",
    "status": "answered",
    "timestamp": "2025-07-01T15:45:47",
    "type": "call_summary",
    "uniqueid": "1751372189.6959"
}

{
    "call_type": "",
    "caller_id_name": "260-SUP",
    "caller_id_num": "260",
    "channel": "SIP/260-0000029c",
    "connected_line_name": "<unknown>",
    "connected_line_num": "<unknown>",
    "direction": "",
    "end_time": "",
    "extension_number": "260",
    "has_ringing": false,
    "linkedid": "1751372362.7139",
    "other_extension_number": "",
    "start_time": "2025-07-01T15:48:29",
    "status": "initiated",
    "timestamp": "2025-07-01T15:48:29",
    "type": "call_started",
    "uniqueid": "1751372362.7139"
}

{
    "call_type": "internal",
    "caller_id_name": "260-SUP",
    "caller_id_num": "260",
    "cause": "16",
    "cause_description": "",
    "cause_txt": "",
    "channel": "SIP/260-0000029c",
    "connected_line_name": "255-SUP5",
    "connected_line_num": "255",
    "direction": "out",
    "end_time": "2025-07-01T15:48:42",
    "extension_number": "260",
    "has_ringing": false,
    "linkedid": "1751372362.7139",
    "other_extension_number": "255",
    "raw_event": {
        "AccountCode": "",
        "CallerIDName": "260-SUP",
        "CallerIDNum": "260",
        "Cause": "16",
        "Cause-txt": "Normal Clearing",
        "Channel": "SIP/260-0000029c",
        "ChannelState": "4",
        "ChannelStateDesc": "Ring",
        "ConnectedLineName": "255-SUP5",
        "ConnectedLineNum": "255",
        "Context": "from-internal",
        "Event": "Hangup",
        "Exten": "h",
        "Language": "pr2",
        "Linkedid": "1751372362.7139",
        "Priority": "1",
        "Privilege": "call,all",
        "Uniqueid": "1751372362.7139"
    },
    "start_time": "2025-07-01T15:48:29",
    "status": "initiated",
    "timestamp": "2025-07-01T15:48:42",
    "type": "call_ended",
    "uniqueid": "1751372362.7139"
}

{
    "call_duration": 13,
    "call_type": "internal",
    "caller_id_name": "260-SUP",
    "caller_id_num": "260",
    "cause": "16",
    "cause_description": "",
    "cause_txt": "",
    "channel": "SIP/260-0000029c",
    "connected_line_name": "255-SUP5",
    "connected_line_num": "255",
    "direction": "out",
    "end_time": "2025-07-01T15:48:42",
    "extension_number": "260",
    "has_ringing": false,
    "linkedid": "1751372362.7139",
    "other_extension_number": "255",
    "raw_event": {
        "AccountCode": "",
        "CallerIDName": "260-SUP",
        "CallerIDNum": "260",
        "Cause": "16",
        "Cause-txt": "Normal Clearing",
        "Channel": "SIP/260-0000029c",
        "ChannelState": "4",
        "ChannelStateDesc": "Ring",
        "ConnectedLineName": "255-SUP5",
        "ConnectedLineNum": "255",
        "Context": "from-internal",
        "Event": "Hangup",
        "Exten": "h",
        "Language": "pr2",
        "Linkedid": "1751372362.7139",
        "Priority": "1",
        "Privilege": "call,all",
        "Uniqueid": "1751372362.7139"
    },
    "start_time": "2025-07-01T15:48:29",
    "status": "initiated",
    "timestamp": "2025-07-01T15:48:42",
    "type": "call_summary",
    "uniqueid": "1751372362.7139"
}

{
    "call_type": "",
    "caller_id_name": "260-SUP",
    "caller_id_num": "260",
    "channel": "SIP/260-000002a3",
    "connected_line_name": "<unknown>",
    "connected_line_num": "<unknown>",
    "direction": "",
    "end_time": "",
    "extension_number": "260",
    "has_ringing": false,
    "linkedid": "1751372398.7188",
    "other_extension_number": "",
    "start_time": "2025-07-01T15:49:07",
    "status": "initiated",
    "timestamp": "2025-07-01T15:49:07",
    "type": "call_started",
    "uniqueid": "1751372398.7191"
}

{
    "channel": "SIP/260-000002a3",
    "privilege": "call,all",
    "timestamp": "2025-07-01T15:49:07",
    "type": "call_ringing",
    "uniqueid": "1751372398.7191"
}

{
    "channel": "SIP/260-000002a3",
    "privilege": "call,all",
    "timestamp": "2025-07-01T15:49:09",
    "type": "call_answered",
    "uniqueid": "1751372398.7191"
}

{
    "call_type": "internal",
    "caller_id_name": "260-SUP",
    "caller_id_num": "260",
    "cause": "16",
    "cause_description": "",
    "cause_txt": "",
    "channel": "SIP/260-000002a3",
    "connected_line_name": "255-SUP5",
    "connected_line_num": "255",
    "direction": "in",
    "end_time": "2025-07-01T15:50:34",
    "extension_number": "260",
    "has_ringing": true,
    "linkedid": "1751372398.7188",
    "other_extension_number": "255",
    "raw_event": {
        "AccountCode": "",
        "CallerIDName": "260-SUP",
        "CallerIDNum": "260",
        "Cause": "16",
        "Cause-txt": "Normal Clearing",
        "Channel": "SIP/260-000002a3",
        "ChannelState": "6",
        "ChannelStateDesc": "Up",
        "ConnectedLineName": "255-SUP5",
        "ConnectedLineNum": "255",
        "Context": "from-internal",
        "Event": "Hangup",
        "Exten": "",
        "Language": "pr2",
        "Linkedid": "1751372398.7188",
        "Priority": "1",
        "Privilege": "call,all",
        "Uniqueid": "1751372398.7191"
    },
    "start_time": "2025-07-01T15:49:09",
    "status": "answered",
    "timestamp": "2025-07-01T15:50:34",
    "type": "call_ended",
    "uniqueid": "1751372398.7191"
}

{
    "call_duration": 84,
    "call_type": "internal",
    "caller_id_name": "260-SUP",
    "caller_id_num": "260",
    "cause": "16",
    "cause_description": "",
    "cause_txt": "",
    "channel": "SIP/260-000002a3",
    "connected_line_name": "255-SUP5",
    "connected_line_num": "255",
    "direction": "in",
    "end_time": "2025-07-01T15:50:34",
    "extension_number": "260",
    "has_ringing": true,
    "linkedid": "1751372398.7188",
    "other_extension_number": "255",
    "raw_event": {
        "AccountCode": "",
        "CallerIDName": "260-SUP",
        "CallerIDNum": "260",
        "Cause": "16",
        "Cause-txt": "Normal Clearing",
        "Channel": "SIP/260-000002a3",
        "ChannelState": "6",
        "ChannelStateDesc": "Up",
        "ConnectedLineName": "255-SUP5",
        "ConnectedLineNum": "255",
        "Context": "from-internal",
        "Event": "Hangup",
        "Exten": "",
        "Language": "pr2",
        "Linkedid": "1751372398.7188",
        "Priority": "1",
        "Privilege": "call,all",
        "Uniqueid": "1751372398.7191"
    },
    "start_time": "2025-07-01T15:49:09",
    "status": "answered",
    "timestamp": "2025-07-01T15:50:34",
    "type": "call_summary",
    "uniqueid": "1751372398.7191"
}

{
    "call_type": "",
    "caller_id_name": "260-SUP",
    "caller_id_num": "260",
    "channel": "SIP/260-000002de",
    "connected_line_name": "<unknown>",
    "connected_line_num": "<unknown>",
    "direction": "",
    "end_time": "",
    "extension_number": "260",
    "has_ringing": false,
    "linkedid": "1751372711.7811",
    "other_extension_number": "",
    "start_time": "2025-07-01T15:54:18",
    "status": "initiated",
    "timestamp": "2025-07-01T15:54:18",
    "type": "call_started",
    "uniqueid": "1751372711.7811"
}

{
    "channel": "SIP/260-000002de",
    "privilege": "call,all",
    "timestamp": "2025-07-01T15:54:24",
    "type": "call_answered",
    "uniqueid": "1751372711.7811"
}

{
    "call_type": "internal",
    "caller_id_name": "260-SUP",
    "caller_id_num": "260",
    "cause": "16",
    "cause_description": "",
    "cause_txt": "",
    "channel": "SIP/260-000002de",
    "connected_line_name": "513-ICT4",
    "connected_line_num": "513",
    "direction": "out",
    "end_time": "2025-07-01T15:55:27",
    "extension_number": "260",
    "has_ringing": false,
    "linkedid": "1751372711.7811",
    "other_extension_number": "513",
    "raw_event": {
        "AccountCode": "",
        "CallerIDName": "260-SUP",
        "CallerIDNum": "260",
        "Cause": "16",
        "Cause-txt": "Normal Clearing",
        "Channel": "SIP/260-000002de",
        "ChannelState": "6",
        "ChannelStateDesc": "Up",
        "ConnectedLineName": "513-ICT4",
        "ConnectedLineNum": "513",
        "Context": "ext-local",
        "Event": "Hangup",
        "Exten": "h",
        "Language": "pr2",
        "Linkedid": "1751372711.7811",
        "Priority": "1",
        "Privilege": "call,all",
        "Uniqueid": "1751372711.7811"
    },
    "start_time": "2025-07-01T15:54:24",
    "status": "answered",
    "timestamp": "2025-07-01T15:55:27",
    "type": "call_ended",
    "uniqueid": "1751372711.7811"
}

{
    "call_duration": 63,
    "call_type": "internal",
    "caller_id_name": "260-SUP",
    "caller_id_num": "260",
    "cause": "16",
    "cause_description": "",
    "cause_txt": "",
    "channel": "SIP/260-000002de",
    "connected_line_name": "513-ICT4",
    "connected_line_num": "513",
    "direction": "out",
    "end_time": "2025-07-01T15:55:27",
    "extension_number": "260",
    "has_ringing": false,
    "linkedid": "1751372711.7811",
    "other_extension_number": "513",
    "raw_event": {
        "AccountCode": "",
        "CallerIDName": "260-SUP",
        "CallerIDNum": "260",
        "Cause": "16",
        "Cause-txt": "Normal Clearing",
        "Channel": "SIP/260-000002de",
        "ChannelState": "6",
        "ChannelStateDesc": "Up",
        "ConnectedLineName": "513-ICT4",
        "ConnectedLineNum": "513",
        "Context": "ext-local",
        "Event": "Hangup",
        "Exten": "h",
        "Language": "pr2",
        "Linkedid": "1751372711.7811",
        "Priority": "1",
        "Privilege": "call,all",
        "Uniqueid": "1751372711.7811"
    },
    "start_time": "2025-07-01T15:54:24",
    "status": "answered",
    "timestamp": "2025-07-01T15:55:27",
    "type": "call_summary",
    "uniqueid": "1751372711.7811"
}

{
    "call_type": "",
    "caller_id_name": "260-SUP",
    "caller_id_num": "260",
    "channel": "SIP/260-00000318",
    "connected_line_name": "<unknown>",
    "connected_line_num": "<unknown>",
    "direction": "",
    "end_time": "",
    "extension_number": "260",
    "has_ringing": false,
    "linkedid": "1751373182.8441",
    "other_extension_number": "",
    "start_time": "2025-07-01T16:02:09",
    "status": "initiated",
    "timestamp": "2025-07-01T16:02:09",
    "type": "call_started",
    "uniqueid": "1751373182.8441"
}

{
    "channel": "SIP/260-00000318",
    "privilege": "call,all",
    "timestamp": "2025-07-01T16:02:19",
    "type": "call_answered",
    "uniqueid": "1751373182.8441"
}

{
    "call_type": "internal",
    "caller_id_name": "260-SUP",
    "caller_id_num": "260",
    "cause": "16",
    "cause_description": "",
    "cause_txt": "",
    "channel": "SIP/260-00000318",
    "connected_line_name": "401-RD1",
    "connected_line_num": "401",
    "direction": "out",
    "end_time": "2025-07-01T16:02:47",
    "extension_number": "260",
    "has_ringing": false,
    "linkedid": "1751373182.8441",
    "other_extension_number": "401",
    "raw_event": {
        "AccountCode": "",
        "CallerIDName": "260-SUP",
        "CallerIDNum": "260",
        "Cause": "16",
        "Cause-txt": "Normal Clearing",
        "Channel": "SIP/260-00000318",
        "ChannelState": "6",
        "ChannelStateDesc": "Up",
        "ConnectedLineName": "401-RD1",
        "ConnectedLineNum": "401",
        "Context": "from-internal",
        "Event": "Hangup",
        "Exten": "h",
        "Language": "pr2",
        "Linkedid": "1751373182.8441",
        "Priority": "1",
        "Privilege": "call,all",
        "Uniqueid": "1751373182.8441"
    },
    "start_time": "2025-07-01T16:02:19",
    "status": "answered",
    "timestamp": "2025-07-01T16:02:47",
    "type": "call_ended",
    "uniqueid": "1751373182.8441"
}

{
    "call_duration": 28,
    "call_type": "internal",
    "caller_id_name": "260-SUP",
    "caller_id_num": "260",
    "cause": "16",
    "cause_description": "",
    "cause_txt": "",
    "channel": "SIP/260-00000318",
    "connected_line_name": "401-RD1",
    "connected_line_num": "401",
    "direction": "out",
    "end_time": "2025-07-01T16:02:47",
    "extension_number": "260",
    "has_ringing": false,
    "linkedid": "1751373182.8441",
    "other_extension_number": "401",
    "raw_event": {
        "AccountCode": "",
        "CallerIDName": "260-SUP",
        "CallerIDNum": "260",
        "Cause": "16",
        "Cause-txt": "Normal Clearing",
        "Channel": "SIP/260-00000318",
        "ChannelState": "6",
        "ChannelStateDesc": "Up",
        "ConnectedLineName": "401-RD1",
        "ConnectedLineNum": "401",
        "Context": "from-internal",
        "Event": "Hangup",
        "Exten": "h",
        "Language": "pr2",
        "Linkedid": "1751373182.8441",
        "Priority": "1",
        "Privilege": "call,all",
        "Uniqueid": "1751373182.8441"
    },
    "start_time": "2025-07-01T16:02:19",
    "status": "answered",
    "timestamp": "2025-07-01T16:02:47",
    "type": "call_summary",
    "uniqueid": "1751373182.8441"
}

{
    "call_type": "",
    "caller_id_name": "260-SUP",
    "caller_id_num": "260",
    "channel": "SIP/260-000003df",
    "connected_line_name": "<unknown>",
    "connected_line_num": "<unknown>",
    "direction": "",
    "end_time": "",
    "extension_number": "260",
    "has_ringing": false,
    "linkedid": "1751374567.10453",
    "other_extension_number": "",
    "start_time": "2025-07-01T16:25:14",
    "status": "initiated",
    "timestamp": "2025-07-01T16:25:14",
    "type": "call_started",
    "uniqueid": "1751374567.10453"
}

{
    "call_type": "internal",
    "caller_id_name": "260-SUP",
    "caller_id_num": "260",
    "cause": "0",
    "cause_description": "",
    "cause_txt": "",
    "channel": "SIP/260-000003df",
    "connected_line_name": "513-ICT4",
    "connected_line_num": "513",
    "direction": "out",
    "end_time": "2025-07-01T16:25:28",
    "extension_number": "260",
    "has_ringing": false,
    "linkedid": "1751374567.10453",
    "other_extension_number": "513",
    "raw_event": {
        "AccountCode": "",
        "CallerIDName": "260-SUP",
        "CallerIDNum": "260",
        "Cause": "0",
        "Cause-txt": "Unknown",
        "Channel": "SIP/260-000003df",
        "ChannelState": "4",
        "ChannelStateDesc": "Ring",
        "ConnectedLineName": "513-ICT4",
        "ConnectedLineNum": "513",
        "Context": "ext-local",
        "Event": "Hangup",
        "Exten": "h",
        "Language": "pr2",
        "Linkedid": "1751374567.10453",
        "Priority": "1",
        "Privilege": "call,all",
        "Uniqueid": "1751374567.10453"
    },
    "start_time": "2025-07-01T16:25:14",
    "status": "initiated",
    "timestamp": "2025-07-01T16:25:28",
    "type": "call_ended",
    "uniqueid": "1751374567.10453"
}

{
    "call_duration": 14,
    "call_type": "internal",
    "caller_id_name": "260-SUP",
    "caller_id_num": "260",
    "cause": "0",
    "cause_description": "",
    "cause_txt": "",
    "channel": "SIP/260-000003df",
    "connected_line_name": "513-ICT4",
    "connected_line_num": "513",
    "direction": "out",
    "end_time": "2025-07-01T16:25:28",
    "extension_number": "260",
    "has_ringing": false,
    "linkedid": "1751374567.10453",
    "other_extension_number": "513",
    "raw_event": {
        "AccountCode": "",
        "CallerIDName": "260-SUP",
        "CallerIDNum": "260",
        "Cause": "0",
        "Cause-txt": "Unknown",
        "Channel": "SIP/260-000003df",
        "ChannelState": "4",
        "ChannelStateDesc": "Ring",
        "ConnectedLineName": "513-ICT4",
        "ConnectedLineNum": "513",
        "Context": "ext-local",
        "Event": "Hangup",
        "Exten": "h",
        "Language": "pr2",
        "Linkedid": "1751374567.10453",
        "Priority": "1",
        "Privilege": "call,all",
        "Uniqueid": "1751374567.10453"
    },
    "start_time": "2025-07-01T16:25:14",
    "status": "initiated",
    "timestamp": "2025-07-01T16:25:28",
    "type": "call_summary",
    "uniqueid": "1751374567.10453"
}

{
    "call_type": "",
    "caller_id_name": "260-SUP",
    "caller_id_num": "260",
    "channel": "SIP/260-000003e7",
    "connected_line_name": "<unknown>",
    "connected_line_num": "<unknown>",
    "direction": "",
    "end_time": "",
    "extension_number": "260",
    "has_ringing": false,
    "linkedid": "1751374585.10522",
    "other_extension_number": "",
    "start_time": "2025-07-01T16:25:34",
    "status": "initiated",
    "timestamp": "2025-07-01T16:25:34",
    "type": "call_started",
    "uniqueid": "1751374585.10525"
}

{
    "channel": "SIP/260-000003e7",
    "privilege": "call,all",
    "timestamp": "2025-07-01T16:25:34",
    "type": "call_ringing",
    "uniqueid": "1751374585.10525"
}

{
    "channel": "SIP/260-000003e7",
    "privilege": "call,all",
    "timestamp": "2025-07-01T16:25:35",
    "type": "call_answered",
    "uniqueid": "1751374585.10525"
}

{
    "call_type": "internal",
    "caller_id_name": "260-SUP",
    "caller_id_num": "260",
    "cause": "16",
    "cause_description": "",
    "cause_txt": "",
    "channel": "SIP/260-000003e7",
    "connected_line_name": "513-ICT4",
    "connected_line_num": "513",
    "direction": "in",
    "end_time": "2025-07-01T16:25:51",
    "extension_number": "260",
    "has_ringing": true,
    "linkedid": "1751374585.10522",
    "other_extension_number": "513",
    "raw_event": {
        "AccountCode": "",
        "CallerIDName": "260-SUP",
        "CallerIDNum": "260",
        "Cause": "16",
        "Cause-txt": "Normal Clearing",
        "Channel": "SIP/260-000003e7",
        "ChannelState": "6",
        "ChannelStateDesc": "Up",
        "ConnectedLineName": "513-ICT4",
        "ConnectedLineNum": "513",
        "Context": "from-internal",
        "Event": "Hangup",
        "Exten": "",
        "Language": "pr2",
        "Linkedid": "1751374585.10522",
        "Priority": "1",
        "Privilege": "call,all",
        "Uniqueid": "1751374585.10525"
    },
    "start_time": "2025-07-01T16:25:35",
    "status": "answered",
    "timestamp": "2025-07-01T16:25:51",
    "type": "call_ended",
    "uniqueid": "1751374585.10525"
}

{
    "call_duration": 16,
    "call_type": "internal",
    "caller_id_name": "260-SUP",
    "caller_id_num": "260",
    "cause": "16",
    "cause_description": "",
    "cause_txt": "",
    "channel": "SIP/260-000003e7",
    "connected_line_name": "513-ICT4",
    "connected_line_num": "513",
    "direction": "in",
    "end_time": "2025-07-01T16:25:51",
    "extension_number": "260",
    "has_ringing": true,
    "linkedid": "1751374585.10522",
    "other_extension_number": "513",
    "raw_event": {
        "AccountCode": "",
        "CallerIDName": "260-SUP",
        "CallerIDNum": "260",
        "Cause": "16",
        "Cause-txt": "Normal Clearing",
        "Channel": "SIP/260-000003e7",
        "ChannelState": "6",
        "ChannelStateDesc": "Up",
        "ConnectedLineName": "513-ICT4",
        "ConnectedLineNum": "513",
        "Context": "from-internal",
        "Event": "Hangup",
        "Exten": "",
        "Language": "pr2",
        "Linkedid": "1751374585.10522",
        "Priority": "1",
        "Privilege": "call,all",
        "Uniqueid": "1751374585.10525"
    },
    "start_time": "2025-07-01T16:25:35",
    "status": "answered",
    "timestamp": "2025-07-01T16:25:51",
    "type": "call_summary",
    "uniqueid": "1751374585.10525"
}

{
    "call_type": "",
    "caller_id_name": "260-SUP",
    "caller_id_num": "260",
    "channel": "SIP/260-0000042d",
    "connected_line_name": "<unknown>",
    "connected_line_num": "<unknown>",
    "direction": "",
    "end_time": "",
    "extension_number": "260",
    "has_ringing": false,
    "linkedid": "1751375009.11355",
    "other_extension_number": "",
    "start_time": "2025-07-01T16:32:36",
    "status": "initiated",
    "timestamp": "2025-07-01T16:32:36",
    "type": "call_started",
    "uniqueid": "1751375009.11355"
}

{
    "channel": "SIP/260-0000042d",
    "privilege": "call,all",
    "timestamp": "2025-07-01T16:32:47",
    "type": "call_answered",
    "uniqueid": "1751375009.11355"
}

{
    "call_type": "internal",
    "caller_id_name": "260-SUP",
    "caller_id_num": "260",
    "cause": "16",
    "cause_description": "",
    "cause_txt": "",
    "channel": "SIP/260-0000042d",
    "connected_line_name": "259-SUP9",
    "connected_line_num": "259",
    "direction": "out",
    "end_time": "2025-07-01T16:35:14",
    "extension_number": "260",
    "has_ringing": false,
    "linkedid": "1751375009.11355",
    "other_extension_number": "259",
    "raw_event": {
        "AccountCode": "",
        "CallerIDName": "260-SUP",
        "CallerIDNum": "260",
        "Cause": "16",
        "Cause-txt": "Normal Clearing",
        "Channel": "SIP/260-0000042d",
        "ChannelState": "6",
        "ChannelStateDesc": "Up",
        "ConnectedLineName": "259-SUP9",
        "ConnectedLineNum": "259",
        "Context": "from-internal",
        "Event": "Hangup",
        "Exten": "h",
        "Language": "pr2",
        "Linkedid": "1751375009.11355",
        "Priority": "1",
        "Privilege": "call,all",
        "Uniqueid": "1751375009.11355"
    },
    "start_time": "2025-07-01T16:32:47",
    "status": "answered",
    "timestamp": "2025-07-01T16:35:14",
    "type": "call_ended",
    "uniqueid": "1751375009.11355"
}

{
    "call_duration": 147,
    "call_type": "internal",
    "caller_id_name": "260-SUP",
    "caller_id_num": "260",
    "cause": "16",
    "cause_description": "",
    "cause_txt": "",
    "channel": "SIP/260-0000042d",
    "connected_line_name": "259-SUP9",
    "connected_line_num": "259",
    "direction": "out",
    "end_time": "2025-07-01T16:35:14",
    "extension_number": "260",
    "has_ringing": false,
    "linkedid": "1751375009.11355",
    "other_extension_number": "259",
    "raw_event": {
        "AccountCode": "",
        "CallerIDName": "260-SUP",
        "CallerIDNum": "260",
        "Cause": "16",
        "Cause-txt": "Normal Clearing",
        "Channel": "SIP/260-0000042d",
        "ChannelState": "6",
        "ChannelStateDesc": "Up",
        "ConnectedLineName": "259-SUP9",
        "ConnectedLineNum": "259",
        "Context": "from-internal",
        "Event": "Hangup",
        "Exten": "h",
        "Language": "pr2",
        "Linkedid": "1751375009.11355",
        "Priority": "1",
        "Privilege": "call,all",
        "Uniqueid": "1751375009.11355"
    },
    "start_time": "2025-07-01T16:32:47",
    "status": "answered",
    "timestamp": "2025-07-01T16:35:14",
    "type": "call_summary",
    "uniqueid": "1751375009.11355"
}

{
    "extension": "260",
    "privilege": "call,all",
    "timestamp": "2025-07-01T17:25:31",
    "type": "monitor_initialized"
}

{
    "extension": "260",
    "privilege": "call,all",
    "timestamp": "2025-07-01T22:10:29",
    "type": "monitor_initialized"
}

{
    "extension": "260",
    "privilege": "call,all",
    "timestamp": "2025-07-01T22:10:49",
    "type": "monitor_initialized"
}

{
    "extension": "260",
    "privilege": "call,all",
    "timestamp": "2025-07-01T22:12:24",
    "type": "monitor_initialized"
}

{
    "extension": "260",
    "privilege": "call,all",
    "timestamp": "2025-07-01T22:13:46",
    "type": "monitor_initialized"
}

{
    "extension": "260",
    "privilege": "call,all",
    "timestamp": "2025-07-01T22:21:57",
    "type": "monitor_initialized"
}

{
    "extension": "260",
    "privilege": "call,all",
    "timestamp": "2025-07-01T22:24:21",
    "type": "monitor_initialized"
}

{
    "extension": "260",
    "privilege": "call,all",
    "timestamp": "2025-07-01T22:27:39",
    "type": "monitor_initialized"
}

{
    "extension": "260",
    "privilege": "call,all",
    "timestamp": "2025-07-01T22:30:42",
    "type": "monitor_initialized"
}

{
    "extension": "260",
    "privilege": "call,all",
    "timestamp": "2025-07-01T22:32:49",
    "type": "monitor_initialized"
}

{
    "extension": "260",
    "privilege": "call,all",
    "timestamp": "2025-07-01T23:15:48",
    "type": "monitor_initialized"
}

{
    "extension": "260",
    "privilege": "call,all",
    "timestamp": "2025-07-02T01:19:48",
    "type": "monitor_initialized"
}

{
    "extension": "260",
    "privilege": "call,all",
    "timestamp": "2025-07-02T01:38:59",
    "type": "monitor_initialized"
}

{
    "extension": "260",
    "privilege": "call,all",
    "timestamp": "2025-07-02T01:46:06",
    "type": "monitor_initialized"
}

{
    "extension": "260",
    "privilege": "call,all",
    "timestamp": "2025-07-02T03:52:41",
    "type": "monitor_initialized"
}

{
    "extension": "260",
    "privilege": "call,all",
    "timestamp": "2025-07-07T12:25:08",
    "type": "monitor_initialized"
}

{
    "call_type": "",
    "caller_id_name": "260-SUP",
    "caller_id_num": "260",
    "channel": "SIP/260-00000b60",
    "connected_line_name": "<unknown>",
    "connected_line_num": "<unknown>",
    "direction": "",
    "end_time": "",
    "extension_number": "260",
    "has_ringing": false,
    "linkedid": "1751878566.107073",
    "other_extension_number": "",
    "start_time": "2025-07-07T12:25:14",
    "status": "initiated",
    "timestamp": "2025-07-07T12:25:14",
    "type": "call_started",
    "uniqueid": "1751878566.107076"
}

{
    "channel": "SIP/260-00000b60",
    "privilege": "call,all",
    "timestamp": "2025-07-07T12:25:14",
    "type": "call_ringing",
    "uniqueid": "1751878566.107076"
}

{
    "channel": "SIP/260-00000b60",
    "privilege": "call,all",
    "timestamp": "2025-07-07T12:25:18",
    "type": "call_answered",
    "uniqueid": "1751878566.107076"
}

{
    "call_type": "internal",
    "caller_id_name": "260-SUP",
    "caller_id_num": "260",
    "cause": "16",
    "cause_description": "",
    "cause_txt": "",
    "channel": "SIP/260-00000b60",
    "connected_line_name": "250-SUP1",
    "connected_line_num": "250",
    "direction": "in",
    "end_time": "2025-07-07T12:26:00",
    "extension_number": "260",
    "has_ringing": true,
    "linkedid": "1751878566.107073",
    "other_extension_number": "250",
    "raw_event": {
        "AccountCode": "",
        "CallerIDName": "260-SUP",
        "CallerIDNum": "260",
        "Cause": "16",
        "Cause-txt": "Normal Clearing",
        "Channel": "SIP/260-00000b60",
        "ChannelState": "6",
        "ChannelStateDesc": "Up",
        "ConnectedLineName": "250-SUP1",
        "ConnectedLineNum": "250",
        "Context": "from-internal",
        "Event": "Hangup",
        "Exten": "",
        "Language": "pr2",
        "Linkedid": "1751878566.107073",
        "Priority": "1",
        "Privilege": "call,all",
        "Uniqueid": "1751878566.107076"
    },
    "start_time": "2025-07-07T12:25:18",
    "status": "answered",
    "timestamp": "2025-07-07T12:26:00",
    "type": "call_ended",
    "uniqueid": "1751878566.107076"
}

{
    "call_duration": 41,
    "call_type": "internal",
    "caller_id_name": "260-SUP",
    "caller_id_num": "260",
    "cause": "16",
    "cause_description": "",
    "cause_txt": "",
    "channel": "SIP/260-00000b60",
    "connected_line_name": "250-SUP1",
    "connected_line_num": "250",
    "direction": "in",
    "end_time": "2025-07-07T12:26:00",
    "extension_number": "260",
    "has_ringing": true,
    "linkedid": "1751878566.107073",
    "other_extension_number": "250",
    "raw_event": {
        "AccountCode": "",
        "CallerIDName": "260-SUP",
        "CallerIDNum": "260",
        "Cause": "16",
        "Cause-txt": "Normal Clearing",
        "Channel": "SIP/260-00000b60",
        "ChannelState": "6",
        "ChannelStateDesc": "Up",
        "ConnectedLineName": "250-SUP1",
        "ConnectedLineNum": "250",
        "Context": "from-internal",
        "Event": "Hangup",
        "Exten": "",
        "Language": "pr2",
        "Linkedid": "1751878566.107073",
        "Priority": "1",
        "Privilege": "call,all",
        "Uniqueid": "1751878566.107076"
    },
    "start_time": "2025-07-07T12:25:18",
    "status": "answered",
    "timestamp": "2025-07-07T12:26:00",
    "type": "call_summary",
    "uniqueid": "1751878566.107076"
}

{
    "call_type": "",
    "caller_id_name": "260-SUP",
    "caller_id_num": "260",
    "channel": "SIP/260-00000b90",
    "connected_line_name": "<unknown>",
    "connected_line_num": "<unknown>",
    "direction": "",
    "end_time": "",
    "extension_number": "260",
    "has_ringing": false,
    "linkedid": "1751878944.107599",
    "other_extension_number": "",
    "start_time": "2025-07-07T12:31:32",
    "status": "initiated",
    "timestamp": "2025-07-07T12:31:32",
    "type": "call_started",
    "uniqueid": "1751878944.107599"
}

{
    "call_type": "internal",
    "caller_id_name": "260-SUP",
    "caller_id_num": "260",
    "cause": "16",
    "cause_description": "",
    "cause_txt": "",
    "channel": "SIP/260-00000b90",
    "connected_line_name": "523-SM3",
    "connected_line_num": "523",
    "direction": "out",
    "end_time": "2025-07-07T12:31:45",
    "extension_number": "260",
    "has_ringing": false,
    "linkedid": "1751878944.107599",
    "other_extension_number": "523",
    "raw_event": {
        "AccountCode": "",
        "CallerIDName": "260-SUP",
        "CallerIDNum": "260",
        "Cause": "16",
        "Cause-txt": "Normal Clearing",
        "Channel": "SIP/260-00000b90",
        "ChannelState": "4",
        "ChannelStateDesc": "Ring",
        "ConnectedLineName": "523-SM3",
        "ConnectedLineNum": "523",
        "Context": "from-internal",
        "Event": "Hangup",
        "Exten": "h",
        "Language": "pr2",
        "Linkedid": "1751878944.107599",
        "Priority": "1",
        "Privilege": "call,all",
        "Uniqueid": "1751878944.107599"
    },
    "start_time": "2025-07-07T12:31:32",
    "status": "initiated",
    "timestamp": "2025-07-07T12:31:45",
    "type": "call_ended",
    "uniqueid": "1751878944.107599"
}

{
    "call_duration": 13,
    "call_type": "internal",
    "caller_id_name": "260-SUP",
    "caller_id_num": "260",
    "cause": "16",
    "cause_description": "",
    "cause_txt": "",
    "channel": "SIP/260-00000b90",
    "connected_line_name": "523-SM3",
    "connected_line_num": "523",
    "direction": "out",
    "end_time": "2025-07-07T12:31:45",
    "extension_number": "260",
    "has_ringing": false,
    "linkedid": "1751878944.107599",
    "other_extension_number": "523",
    "raw_event": {
        "AccountCode": "",
        "CallerIDName": "260-SUP",
        "CallerIDNum": "260",
        "Cause": "16",
        "Cause-txt": "Normal Clearing",
        "Channel": "SIP/260-00000b90",
        "ChannelState": "4",
        "ChannelStateDesc": "Ring",
        "ConnectedLineName": "523-SM3",
        "ConnectedLineNum": "523",
        "Context": "from-internal",
        "Event": "Hangup",
        "Exten": "h",
        "Language": "pr2",
        "Linkedid": "1751878944.107599",
        "Priority": "1",
        "Privilege": "call,all",
        "Uniqueid": "1751878944.107599"
    },
    "start_time": "2025-07-07T12:31:32",
    "status": "initiated",
    "timestamp": "2025-07-07T12:31:45",
    "type": "call_summary",
    "uniqueid": "1751878944.107599"
}

{
    "call_type": "",
    "caller_id_name": "260-SUP",
    "caller_id_num": "260",
    "channel": "SIP/260-00000b92",
    "connected_line_name": "<unknown>",
    "connected_line_num": "<unknown>",
    "direction": "",
    "end_time": "",
    "extension_number": "260",
    "has_ringing": false,
    "linkedid": "1751878959.107623",
    "other_extension_number": "",
    "start_time": "2025-07-07T12:31:47",
    "status": "initiated",
    "timestamp": "2025-07-07T12:31:47",
    "type": "call_started",
    "uniqueid": "1751878959.107623"
}

{
    "channel": "SIP/260-00000b92",
    "privilege": "call,all",
    "timestamp": "2025-07-07T12:31:56",
    "type": "call_answered",
    "uniqueid": "1751878959.107623"
}

{
    "call_type": "internal",
    "caller_id_name": "260-SUP",
    "caller_id_num": "260",
    "cause": "16",
    "cause_description": "",
    "cause_txt": "",
    "channel": "SIP/260-00000b92",
    "connected_line_name": "255-SUP5",
    "connected_line_num": "255",
    "direction": "out",
    "end_time": "2025-07-07T12:32:18",
    "extension_number": "260",
    "has_ringing": false,
    "linkedid": "1751878959.107623",
    "other_extension_number": "255",
    "raw_event": {
        "AccountCode": "",
        "CallerIDName": "260-SUP",
        "CallerIDNum": "260",
        "Cause": "16",
        "Cause-txt": "Normal Clearing",
        "Channel": "SIP/260-00000b92",
        "ChannelState": "6",
        "ChannelStateDesc": "Up",
        "ConnectedLineName": "255-SUP5",
        "ConnectedLineNum": "255",
        "Context": "from-internal",
        "Event": "Hangup",
        "Exten": "h",
        "Language": "pr2",
        "Linkedid": "1751878959.107623",
        "Priority": "1",
        "Privilege": "call,all",
        "Uniqueid": "1751878959.107623"
    },
    "start_time": "2025-07-07T12:31:56",
    "status": "answered",
    "timestamp": "2025-07-07T12:32:18",
    "type": "call_ended",
    "uniqueid": "1751878959.107623"
}

{
    "call_duration": 22,
    "call_type": "internal",
    "caller_id_name": "260-SUP",
    "caller_id_num": "260",
    "cause": "16",
    "cause_description": "",
    "cause_txt": "",
    "channel": "SIP/260-00000b92",
    "connected_line_name": "255-SUP5",
    "connected_line_num": "255",
    "direction": "out",
    "end_time": "2025-07-07T12:32:18",
    "extension_number": "260",
    "has_ringing": false,
    "linkedid": "1751878959.107623",
    "other_extension_number": "255",
    "raw_event": {
        "AccountCode": "",
        "CallerIDName": "260-SUP",
        "CallerIDNum": "260",
        "Cause": "16",
        "Cause-txt": "Normal Clearing",
        "Channel": "SIP/260-00000b92",
        "ChannelState": "6",
        "ChannelStateDesc": "Up",
        "ConnectedLineName": "255-SUP5",
        "ConnectedLineNum": "255",
        "Context": "from-internal",
        "Event": "Hangup",
        "Exten": "h",
        "Language": "pr2",
        "Linkedid": "1751878959.107623",
        "Priority": "1",
        "Privilege": "call,all",
        "Uniqueid": "1751878959.107623"
    },
    "start_time": "2025-07-07T12:31:56",
    "status": "answered",
    "timestamp": "2025-07-07T12:32:18",
    "type": "call_summary",
    "uniqueid": "1751878959.107623"
}

{
    "call_type": "",
    "caller_id_name": "260-SUP",
    "caller_id_num": "260",
    "channel": "SIP/260-00000c10",
    "connected_line_name": "<unknown>",
    "connected_line_num": "<unknown>",
    "direction": "",
    "end_time": "",
    "extension_number": "260",
    "has_ringing": false,
    "linkedid": "1751880026.109082",
    "other_extension_number": "",
    "start_time": "2025-07-07T12:49:34",
    "status": "initiated",
    "timestamp": "2025-07-07T12:49:34",
    "type": "call_started",
    "uniqueid": "1751880026.109085"
}

{
    "channel": "SIP/260-00000c10",
    "privilege": "call,all",
    "timestamp": "2025-07-07T12:49:34",
    "type": "call_ringing",
    "uniqueid": "1751880026.109085"
}

{
    "channel": "SIP/260-00000c10",
    "privilege": "call,all",
    "timestamp": "2025-07-07T12:49:38",
    "type": "call_answered",
    "uniqueid": "1751880026.109085"
}

{
    "call_type": "internal",
    "caller_id_name": "260-SUP",
    "caller_id_num": "260",
    "cause": "16",
    "cause_description": "",
    "cause_txt": "",
    "channel": "SIP/260-00000c10",
    "connected_line_name": "523-SM3",
    "connected_line_num": "523",
    "direction": "in",
    "end_time": "2025-07-07T12:53:31",
    "extension_number": "260",
    "has_ringing": true,
    "linkedid": "1751880026.109082",
    "other_extension_number": "523",
    "raw_event": {
        "AccountCode": "",
        "CallerIDName": "260-SUP",
        "CallerIDNum": "260",
        "Cause": "16",
        "Cause-txt": "Normal Clearing",
        "Channel": "SIP/260-00000c10",
        "ChannelState": "6",
        "ChannelStateDesc": "Up",
        "ConnectedLineName": "523-SM3",
        "ConnectedLineNum": "523",
        "Context": "from-internal",
        "Event": "Hangup",
        "Exten": "",
        "Language": "pr2",
        "Linkedid": "1751880026.109082",
        "Priority": "1",
        "Privilege": "call,all",
        "Uniqueid": "1751880026.109085"
    },
    "start_time": "2025-07-07T12:49:38",
    "status": "answered",
    "timestamp": "2025-07-07T12:53:31",
    "type": "call_ended",
    "uniqueid": "1751880026.109085"
}

{
    "call_duration": 233,
    "call_type": "internal",
    "caller_id_name": "260-SUP",
    "caller_id_num": "260",
    "cause": "16",
    "cause_description": "",
    "cause_txt": "",
    "channel": "SIP/260-00000c10",
    "connected_line_name": "523-SM3",
    "connected_line_num": "523",
    "direction": "in",
    "end_time": "2025-07-07T12:53:31",
    "extension_number": "260",
    "has_ringing": true,
    "linkedid": "1751880026.109082",
    "other_extension_number": "523",
    "raw_event": {
        "AccountCode": "",
        "CallerIDName": "260-SUP",
        "CallerIDNum": "260",
        "Cause": "16",
        "Cause-txt": "Normal Clearing",
        "Channel": "SIP/260-00000c10",
        "ChannelState": "6",
        "ChannelStateDesc": "Up",
        "ConnectedLineName": "523-SM3",
        "ConnectedLineNum": "523",
        "Context": "from-internal",
        "Event": "Hangup",
        "Exten": "",
        "Language": "pr2",
        "Linkedid": "1751880026.109082",
        "Priority": "1",
        "Privilege": "call,all",
        "Uniqueid": "1751880026.109085"
    },
    "start_time": "2025-07-07T12:49:38",
    "status": "answered",
    "timestamp": "2025-07-07T12:53:31",
    "type": "call_summary",
    "uniqueid": "1751880026.109085"
}

{
    "call_type": "",
    "caller_id_name": "260-SUP",
    "caller_id_num": "260",
    "channel": "SIP/260-00000c4b",
    "connected_line_name": "<unknown>",
    "connected_line_num": "<unknown>",
    "direction": "",
    "end_time": "",
    "extension_number": "260",
    "has_ringing": false,
    "linkedid": "1751880399.109711",
    "other_extension_number": "",
    "start_time": "2025-07-07T12:55:46",
    "status": "initiated",
    "timestamp": "2025-07-07T12:55:46",
    "type": "call_started",
    "uniqueid": "1751880399.109711"
}

{
    "channel": "SIP/260-00000c4b",
    "privilege": "call,all",
    "timestamp": "2025-07-07T12:55:52",
    "type": "call_answered",
    "uniqueid": "1751880399.109711"
}

{
    "extension": "260",
    "privilege": "call,all",
    "timestamp": "2025-07-07T12:56:52",
    "type": "monitor_initialized"
}

{
    "extension": "260",
    "privilege": "call,all",
    "timestamp": "2025-07-07T12:59:37",
    "type": "monitor_initialized"
}

{
    "extension": "260",
    "privilege": "call,all",
    "timestamp": "2025-07-07T13:02:21",
    "type": "monitor_initialized"
}

{
    "call_type": "",
    "caller_id_name": "260-SUP",
    "caller_id_num": "260",
    "channel": "SIP/260-00000c99",
    "connected_line_name": "<unknown>",
    "connected_line_num": "<unknown>",
    "direction": "",
    "end_time": "",
    "extension_number": "260",
    "has_ringing": false,
    "linkedid": "1751880875.110640",
    "other_extension_number": "",
    "start_time": "2025-07-07T13:03:42",
    "status": "initiated",
    "timestamp": "2025-07-07T13:03:42",
    "type": "call_started",
    "uniqueid": "1751880875.110640"
}

{
    "call_type": "external",
    "caller_id_name": "<unknown>",
    "caller_id_num": "36944000",
    "cause": "16",
    "cause_description": "",
    "cause_txt": "",
    "channel": "SIP/260-00000c99",
    "connected_line_name": "CID:36944000",
    "connected_line_num": "09136644330",
    "direction": "out",
    "end_time": "2025-07-07T13:03:57",
    "extension_number": "260",
    "has_ringing": false,
    "linkedid": "1751880875.110640",
    "other_extension_number": "09136644330",
    "raw_event": {
        "AccountCode": "",
        "CallerIDName": "<unknown>",
        "CallerIDNum": "36944000",
        "Cause": "16",
        "Cause-txt": "Normal Clearing",
        "Channel": "SIP/260-00000c99",
        "ChannelState": "4",
        "ChannelStateDesc": "Ring",
        "ConnectedLineName": "CID:36944000",
        "ConnectedLineNum": "09136644330",
        "Context": "from-internal",
        "Event": "Hangup",
        "Exten": "h",
        "Language": "pr2",
        "Linkedid": "1751880875.110640",
        "Priority": "1",
        "Privilege": "call,all",
        "Uniqueid": "1751880875.110640"
    },
    "start_time": "2025-07-07T13:03:42",
    "status": "initiated",
    "timestamp": "2025-07-07T13:03:57",
    "type": "call_ended",
    "uniqueid": "1751880875.110640"
}

{
    "call_duration": 15,
    "call_type": "external",
    "caller_id_name": "<unknown>",
    "caller_id_num": "36944000",
    "cause": "16",
    "cause_description": "",
    "cause_txt": "",
    "channel": "SIP/260-00000c99",
    "connected_line_name": "CID:36944000",
    "connected_line_num": "09136644330",
    "direction": "out",
    "end_time": "2025-07-07T13:03:57",
    "extension_number": "260",
    "has_ringing": false,
    "linkedid": "1751880875.110640",
    "other_extension_number": "09136644330",
    "raw_event": {
        "AccountCode": "",
        "CallerIDName": "<unknown>",
        "CallerIDNum": "36944000",
        "Cause": "16",
        "Cause-txt": "Normal Clearing",
        "Channel": "SIP/260-00000c99",
        "ChannelState": "4",
        "ChannelStateDesc": "Ring",
        "ConnectedLineName": "CID:36944000",
        "ConnectedLineNum": "09136644330",
        "Context": "from-internal",
        "Event": "Hangup",
        "Exten": "h",
        "Language": "pr2",
        "Linkedid": "1751880875.110640",
        "Priority": "1",
        "Privilege": "call,all",
        "Uniqueid": "1751880875.110640"
    },
    "start_time": "2025-07-07T13:03:42",
    "status": "initiated",
    "timestamp": "2025-07-07T13:03:57",
    "type": "call_summary",
    "uniqueid": "1751880875.110640"
}

{
    "call_type": "",
    "caller_id_name": "260-SUP",
    "caller_id_num": "260",
    "channel": "SIP/260-00000c9e",
    "connected_line_name": "<unknown>",
    "connected_line_num": "<unknown>",
    "direction": "",
    "end_time": "",
    "extension_number": "260",
    "has_ringing": false,
    "linkedid": "1751880891.110680",
    "other_extension_number": "",
    "start_time": "2025-07-07T13:03:59",
    "status": "initiated",
    "timestamp": "2025-07-07T13:03:59",
    "type": "call_started",
    "uniqueid": "1751880891.110680"
}

{
    "call_type": "external",
    "caller_id_name": "<unknown>",
    "caller_id_num": "36944000",
    "cause": "16",
    "cause_description": "",
    "cause_txt": "",
    "channel": "SIP/260-00000c9e",
    "connected_line_name": "CID:36944000",
    "connected_line_num": "09136644330",
    "direction": "out",
    "end_time": "2025-07-07T13:04:10",
    "extension_number": "260",
    "has_ringing": false,
    "linkedid": "1751880891.110680",
    "other_extension_number": "09136644330",
    "raw_event": {
        "AccountCode": "",
        "CallerIDName": "<unknown>",
        "CallerIDNum": "36944000",
        "Cause": "16",
        "Cause-txt": "Normal Clearing",
        "Channel": "SIP/260-00000c9e",
        "ChannelState": "4",
        "ChannelStateDesc": "Ring",
        "ConnectedLineName": "CID:36944000",
        "ConnectedLineNum": "09136644330",
        "Context": "from-internal",
        "Event": "Hangup",
        "Exten": "h",
        "Language": "pr2",
        "Linkedid": "1751880891.110680",
        "Priority": "1",
        "Privilege": "call,all",
        "Uniqueid": "1751880891.110680"
    },
    "start_time": "2025-07-07T13:03:59",
    "status": "initiated",
    "timestamp": "2025-07-07T13:04:10",
    "type": "call_ended",
    "uniqueid": "1751880891.110680"
}

{
    "call_duration": 11,
    "call_type": "external",
    "caller_id_name": "<unknown>",
    "caller_id_num": "36944000",
    "cause": "16",
    "cause_description": "",
    "cause_txt": "",
    "channel": "SIP/260-00000c9e",
    "connected_line_name": "CID:36944000",
    "connected_line_num": "09136644330",
    "direction": "out",
    "end_time": "2025-07-07T13:04:10",
    "extension_number": "260",
    "has_ringing": false,
    "linkedid": "1751880891.110680",
    "other_extension_number": "09136644330",
    "raw_event": {
        "AccountCode": "",
        "CallerIDName": "<unknown>",
        "CallerIDNum": "36944000",
        "Cause": "16",
        "Cause-txt": "Normal Clearing",
        "Channel": "SIP/260-00000c9e",
        "ChannelState": "4",
        "ChannelStateDesc": "Ring",
        "ConnectedLineName": "CID:36944000",
        "ConnectedLineNum": "09136644330",
        "Context": "from-internal",
        "Event": "Hangup",
        "Exten": "h",
        "Language": "pr2",
        "Linkedid": "1751880891.110680",
        "Priority": "1",
        "Privilege": "call,all",
        "Uniqueid": "1751880891.110680"
    },
    "start_time": "2025-07-07T13:03:59",
    "status": "initiated",
    "timestamp": "2025-07-07T13:04:10",
    "type": "call_summary",
    "uniqueid": "1751880891.110680"
}

{
    "call_type": "",
    "caller_id_name": "260-SUP",
    "caller_id_num": "260",
    "channel": "SIP/260-00000caa",
    "connected_line_name": "<unknown>",
    "connected_line_num": "<unknown>",
    "direction": "",
    "end_time": "",
    "extension_number": "260",
    "has_ringing": false,
    "linkedid": "1751880914.110780",
    "other_extension_number": "",
    "start_time": "2025-07-07T13:04:21",
    "status": "initiated",
    "timestamp": "2025-07-07T13:04:21",
    "type": "call_started",
    "uniqueid": "1751880914.110780"
}

{
    "channel": "SIP/260-00000caa",
    "privilege": "call,all",
    "timestamp": "2025-07-07T13:04:34",
    "type": "call_answered",
    "uniqueid": "1751880914.110780"
}

{
    "call_type": "external",
    "caller_id_name": "<unknown>",
    "caller_id_num": "36944000",
    "cause": "16",
    "cause_description": "",
    "cause_txt": "",
    "channel": "SIP/260-00000caa",
    "connected_line_name": "CID:36944000",
    "connected_line_num": "09357724355",
    "direction": "out",
    "end_time": "2025-07-07T13:04:49",
    "extension_number": "260",
    "has_ringing": false,
    "linkedid": "1751880914.110780",
    "other_extension_number": "09357724355",
    "raw_event": {
        "AccountCode": "",
        "CallerIDName": "<unknown>",
        "CallerIDNum": "36944000",
        "Cause": "16",
        "Cause-txt": "Normal Clearing",
        "Channel": "SIP/260-00000caa",
        "ChannelState": "6",
        "ChannelStateDesc": "Up",
        "ConnectedLineName": "CID:36944000",
        "ConnectedLineNum": "09357724355",
        "Context": "from-internal",
        "Event": "Hangup",
        "Exten": "h",
        "Language": "pr2",
        "Linkedid": "1751880914.110780",
        "Priority": "1",
        "Privilege": "call,all",
        "Uniqueid": "1751880914.110780"
    },
    "start_time": "2025-07-07T13:04:34",
    "status": "answered",
    "timestamp": "2025-07-07T13:04:49",
    "type": "call_ended",
    "uniqueid": "1751880914.110780"
}

{
    "call_duration": 15,
    "call_type": "external",
    "caller_id_name": "<unknown>",
    "caller_id_num": "36944000",
    "cause": "16",
    "cause_description": "",
    "cause_txt": "",
    "channel": "SIP/260-00000caa",
    "connected_line_name": "CID:36944000",
    "connected_line_num": "09357724355",
    "direction": "out",
    "end_time": "2025-07-07T13:04:49",
    "extension_number": "260",
    "has_ringing": false,
    "linkedid": "1751880914.110780",
    "other_extension_number": "09357724355",
    "raw_event": {
        "AccountCode": "",
        "CallerIDName": "<unknown>",
        "CallerIDNum": "36944000",
        "Cause": "16",
        "Cause-txt": "Normal Clearing",
        "Channel": "SIP/260-00000caa",
        "ChannelState": "6",
        "ChannelStateDesc": "Up",
        "ConnectedLineName": "CID:36944000",
        "ConnectedLineNum": "09357724355",
        "Context": "from-internal",
        "Event": "Hangup",
        "Exten": "h",
        "Language": "pr2",
        "Linkedid": "1751880914.110780",
        "Priority": "1",
        "Privilege": "call,all",
        "Uniqueid": "1751880914.110780"
    },
    "start_time": "2025-07-07T13:04:34",
    "status": "answered",
    "timestamp": "2025-07-07T13:04:49",
    "type": "call_summary",
    "uniqueid": "1751880914.110780"
}

{
    "call_type": "",
    "caller_id_name": "260-SUP",
    "caller_id_num": "260",
    "channel": "SIP/260-00000cb6",
    "connected_line_name": "<unknown>",
    "connected_line_num": "<unknown>",
    "direction": "",
    "end_time": "",
    "extension_number": "260",
    "has_ringing": false,
    "linkedid": "1751880962.110917",
    "other_extension_number": "",
    "start_time": "2025-07-07T13:05:09",
    "status": "initiated",
    "timestamp": "2025-07-07T13:05:09",
    "type": "call_started",
    "uniqueid": "1751880962.110917"
}

{
    "extension": "260",
    "privilege": "call,all",
    "timestamp": "2025-07-07T13:29:36",
    "type": "monitor_initialized"
}

{
    "extension": "260",
    "privilege": "call,all",
    "timestamp": "2025-07-07T13:32:57",
    "type": "monitor_initialized"
}

{
    "extension": "260",
    "privilege": "call,all",
    "timestamp": "2025-07-07T13:36:38",
    "type": "monitor_initialized"
}

{
    "extension": "260",
    "privilege": "call,all",
    "timestamp": "2025-07-07T13:42:06",
    "type": "monitor_initialized"
}

{
    "extension": "260",
    "privilege": "call,all",
    "timestamp": "2025-07-07T13:54:51",
    "type": "monitor_initialized"
}

{
    "extension": "260",
    "privilege": "call,all",
    "timestamp": "2025-07-07T14:17:02",
    "type": "monitor_initialized"
}

{
    "extension": "260",
    "privilege": "call,all",
    "timestamp": "2025-07-07T14:23:57",
    "type": "monitor_initialized"
}

{
    "extension": "260",
    "privilege": "call,all",
    "timestamp": "2025-07-07T14:32:48",
    "type": "monitor_initialized"
}

{
    "extension": "260",
    "privilege": "call,all",
    "timestamp": "2025-07-07T14:36:31",
    "type": "monitor_initialized"
}

{
    "extension": "260",
    "privilege": "call,all",
    "timestamp": "2025-07-07T14:38:43",
    "type": "monitor_initialized"
}

{
    "extension": "260",
    "privilege": "call,all",
    "timestamp": "2025-07-07T14:50:12",
    "type": "monitor_initialized"
}

{
    "call_type": "",
    "caller_id_name": "260-SUP",
    "caller_id_num": "260",
    "channel": "SIP/260-00000f3d",
    "connected_line_name": "<unknown>",
    "connected_line_num": "<unknown>",
    "direction": "",
    "end_time": "",
    "extension_number": "260",
    "has_ringing": false,
    "linkedid": "1751887346.120751",
    "other_extension_number": "",
    "start_time": "2025-07-07T14:51:34",
    "status": "initiated",
    "timestamp": "2025-07-07T14:51:34",
    "type": "call_started",
    "uniqueid": "1751887346.120751"
}

{
    "call_type": "internal",
    "caller_id_name": "260-SUP",
    "caller_id_num": "260",
    "cause": "16",
    "cause_description": "",
    "cause_txt": "",
    "channel": "SIP/260-00000f3d",
    "connected_line_name": "211-HR1",
    "connected_line_num": "211",
    "direction": "out",
    "end_time": "2025-07-07T14:51:52",
    "extension_number": "260",
    "has_ringing": false,
    "linkedid": "1751887346.120751",
    "other_extension_number": "211",
    "raw_event": {
        "AccountCode": "",
        "CallerIDName": "260-SUP",
        "CallerIDNum": "260",
        "Cause": "16",
        "Cause-txt": "Normal Clearing",
        "Channel": "SIP/260-00000f3d",
        "ChannelState": "4",
        "ChannelStateDesc": "Ring",
        "ConnectedLineName": "211-HR1",
        "ConnectedLineNum": "211",
        "Context": "from-internal",
        "Event": "Hangup",
        "Exten": "h",
        "Language": "pr2",
        "Linkedid": "1751887346.120751",
        "Priority": "1",
        "Privilege": "call,all",
        "Uniqueid": "1751887346.120751"
    },
    "start_time": "2025-07-07T14:51:34",
    "status": "initiated",
    "timestamp": "2025-07-07T14:51:52",
    "type": "call_ended",
    "uniqueid": "1751887346.120751"
}

{
    "call_duration": 18,
    "call_type": "internal",
    "caller_id_name": "260-SUP",
    "caller_id_num": "260",
    "cause": "16",
    "cause_description": "",
    "cause_txt": "",
    "channel": "SIP/260-00000f3d",
    "connected_line_name": "211-HR1",
    "connected_line_num": "211",
    "direction": "out",
    "end_time": "2025-07-07T14:51:52",
    "extension_number": "260",
    "has_ringing": false,
    "linkedid": "1751887346.120751",
    "other_extension_number": "211",
    "raw_event": {
        "AccountCode": "",
        "CallerIDName": "260-SUP",
        "CallerIDNum": "260",
        "Cause": "16",
        "Cause-txt": "Normal Clearing",
        "Channel": "SIP/260-00000f3d",
        "ChannelState": "4",
        "ChannelStateDesc": "Ring",
        "ConnectedLineName": "211-HR1",
        "ConnectedLineNum": "211",
        "Context": "from-internal",
        "Event": "Hangup",
        "Exten": "h",
        "Language": "pr2",
        "Linkedid": "1751887346.120751",
        "Priority": "1",
        "Privilege": "call,all",
        "Uniqueid": "1751887346.120751"
    },
    "start_time": "2025-07-07T14:51:34",
    "status": "initiated",
    "timestamp": "2025-07-07T14:51:52",
    "type": "call_summary",
    "uniqueid": "1751887346.120751"
}

{
    "call_type": "",
    "caller_id_name": "260-SUP",
    "caller_id_num": "260",
    "channel": "SIP/260-00000f46",
    "connected_line_name": "<unknown>",
    "connected_line_num": "<unknown>",
    "direction": "",
    "end_time": "",
    "extension_number": "260",
    "has_ringing": false,
    "linkedid": "1751887398.120828",
    "other_extension_number": "",
    "start_time": "2025-07-07T14:52:25",
    "status": "initiated",
    "timestamp": "2025-07-07T14:52:25",
    "type": "call_started",
    "uniqueid": "1751887398.120831"
}

{
    "channel": "SIP/260-00000f46",
    "privilege": "call,all",
    "timestamp": "2025-07-07T14:52:25",
    "type": "call_ringing",
    "uniqueid": "1751887398.120831"
}

{
    "channel": "SIP/260-00000f46",
    "privilege": "call,all",
    "timestamp": "2025-07-07T14:52:31",
    "type": "call_answered",
    "uniqueid": "1751887398.120831"
}

{
    "extension": "260",
    "privilege": "call,all",
    "timestamp": "2025-07-07T14:54:02",
    "type": "monitor_initialized"
}

{
    "call_type": "",
    "caller_id_name": "260-SUP",
    "caller_id_num": "260",
    "channel": "SIP/260-00000f95",
    "connected_line_name": "<unknown>",
    "connected_line_num": "<unknown>",
    "direction": "",
    "end_time": "",
    "extension_number": "260",
    "has_ringing": false,
    "linkedid": "1751887855.121649",
    "other_extension_number": "",
    "start_time": "2025-07-07T15:01:17",
    "status": "initiated",
    "timestamp": "2025-07-07T15:01:17",
    "type": "call_started",
    "uniqueid": "1751887929.121753"
}

{
    "channel": "SIP/260-00000f95",
    "privilege": "call,all",
    "timestamp": "2025-07-07T15:01:17",
    "type": "call_ringing",
    "uniqueid": "1751887929.121753"
}

{
    "channel": "SIP/260-00000f95",
    "privilege": "call,all",
    "timestamp": "2025-07-07T15:01:29",
    "type": "call_answered",
    "uniqueid": "1751887929.121753"
}

{
    "call_type": "external",
    "caller_id_name": "260-SUP",
    "caller_id_num": "260",
    "cause": "16",
    "cause_description": "",
    "cause_txt": "",
    "channel": "SIP/260-00000f95",
    "connected_line_name": "CID:36944000",
    "connected_line_num": "09357724355",
    "direction": "in",
    "end_time": "2025-07-07T15:03:11",
    "extension_number": "260",
    "has_ringing": true,
    "linkedid": "1751887855.121649",
    "other_extension_number": "09357724355",
    "raw_event": {
        "AccountCode": "",
        "CallerIDName": "260-SUP",
        "CallerIDNum": "260",
        "Cause": "16",
        "Cause-txt": "Normal Clearing",
        "Channel": "SIP/260-00000f95",
        "ChannelState": "6",
        "ChannelStateDesc": "Up",
        "ConnectedLineName": "CID:36944000",
        "ConnectedLineNum": "09357724355",
        "Context": "from-internal",
        "Event": "Hangup",
        "Exten": "",
        "Language": "pr2",
        "Linkedid": "1751887855.121649",
        "Priority": "1",
        "Privilege": "call,all",
        "Uniqueid": "1751887929.121753"
    },
    "start_time": "2025-07-07T15:01:29",
    "status": "answered",
    "timestamp": "2025-07-07T15:03:11",
    "type": "call_ended",
    "uniqueid": "1751887929.121753"
}

{
    "call_duration": 101,
    "call_type": "external",
    "caller_id_name": "260-SUP",
    "caller_id_num": "260",
    "cause": "16",
    "cause_description": "",
    "cause_txt": "",
    "channel": "SIP/260-00000f95",
    "connected_line_name": "CID:36944000",
    "connected_line_num": "09357724355",
    "direction": "in",
    "end_time": "2025-07-07T15:03:11",
    "extension_number": "260",
    "has_ringing": true,
    "linkedid": "1751887855.121649",
    "other_extension_number": "09357724355",
    "raw_event": {
        "AccountCode": "",
        "CallerIDName": "260-SUP",
        "CallerIDNum": "260",
        "Cause": "16",
        "Cause-txt": "Normal Clearing",
        "Channel": "SIP/260-00000f95",
        "ChannelState": "6",
        "ChannelStateDesc": "Up",
        "ConnectedLineName": "CID:36944000",
        "ConnectedLineNum": "09357724355",
        "Context": "from-internal",
        "Event": "Hangup",
        "Exten": "",
        "Language": "pr2",
        "Linkedid": "1751887855.121649",
        "Priority": "1",
        "Privilege": "call,all",
        "Uniqueid": "1751887929.121753"
    },
    "start_time": "2025-07-07T15:01:29",
    "status": "answered",
    "timestamp": "2025-07-07T15:03:11",
    "type": "call_summary",
    "uniqueid": "1751887929.121753"
}

{
    "call_type": "",
    "caller_id_name": "260-SUP",
    "caller_id_num": "260",
    "channel": "SIP/260-00000fb2",
    "connected_line_name": "<unknown>",
    "connected_line_num": "<unknown>",
    "direction": "",
    "end_time": "",
    "extension_number": "260",
    "has_ringing": false,
    "linkedid": "1751888105.122016",
    "other_extension_number": "",
    "start_time": "2025-07-07T15:04:12",
    "status": "initiated",
    "timestamp": "2025-07-07T15:04:12",
    "type": "call_started",
    "uniqueid": "1751888105.122016"
}

{
    "call_type": "external",
    "caller_id_name": "<unknown>",
    "caller_id_num": "36944000",
    "cause": "16",
    "cause_description": "",
    "cause_txt": "",
    "channel": "SIP/260-00000fb2",
    "connected_line_name": "CID:36944000",
    "connected_line_num": "09357724355",
    "direction": "out",
    "end_time": "2025-07-07T15:04:17",
    "extension_number": "260",
    "has_ringing": false,
    "linkedid": "1751888105.122016",
    "other_extension_number": "09357724355",
    "raw_event": {
        "AccountCode": "",
        "CallerIDName": "<unknown>",
        "CallerIDNum": "36944000",
        "Cause": "16",
        "Cause-txt": "Normal Clearing",
        "Channel": "SIP/260-00000fb2",
        "ChannelState": "4",
        "ChannelStateDesc": "Ring",
        "ConnectedLineName": "CID:36944000",
        "ConnectedLineNum": "09357724355",
        "Context": "from-internal",
        "Event": "Hangup",
        "Exten": "h",
        "Language": "pr2",
        "Linkedid": "1751888105.122016",
        "Priority": "1",
        "Privilege": "call,all",
        "Uniqueid": "1751888105.122016"
    },
    "start_time": "2025-07-07T15:04:12",
    "status": "initiated",
    "timestamp": "2025-07-07T15:04:17",
    "type": "call_ended",
    "uniqueid": "1751888105.122016"
}

{
    "call_duration": 4,
    "call_type": "external",
    "caller_id_name": "<unknown>",
    "caller_id_num": "36944000",
    "cause": "16",
    "cause_description": "",
    "cause_txt": "",
    "channel": "SIP/260-00000fb2",
    "connected_line_name": "CID:36944000",
    "connected_line_num": "09357724355",
    "direction": "out",
    "end_time": "2025-07-07T15:04:17",
    "extension_number": "260",
    "has_ringing": false,
    "linkedid": "1751888105.122016",
    "other_extension_number": "09357724355",
    "raw_event": {
        "AccountCode": "",
        "CallerIDName": "<unknown>",
        "CallerIDNum": "36944000",
        "Cause": "16",
        "Cause-txt": "Normal Clearing",
        "Channel": "SIP/260-00000fb2",
        "ChannelState": "4",
        "ChannelStateDesc": "Ring",
        "ConnectedLineName": "CID:36944000",
        "ConnectedLineNum": "09357724355",
        "Context": "from-internal",
        "Event": "Hangup",
        "Exten": "h",
        "Language": "pr2",
        "Linkedid": "1751888105.122016",
        "Priority": "1",
        "Privilege": "call,all",
        "Uniqueid": "1751888105.122016"
    },
    "start_time": "2025-07-07T15:04:12",
    "status": "initiated",
    "timestamp": "2025-07-07T15:04:17",
    "type": "call_summary",
    "uniqueid": "1751888105.122016"
}

{
    "call_type": "",
    "caller_id_name": "260-SUP",
    "caller_id_num": "260",
    "channel": "SIP/260-00000fb7",
    "connected_line_name": "<unknown>",
    "connected_line_num": "<unknown>",
    "direction": "",
    "end_time": "",
    "extension_number": "260",
    "has_ringing": false,
    "linkedid": "1751888097.121978",
    "other_extension_number": "",
    "start_time": "2025-07-07T15:04:29",
    "status": "initiated",
    "timestamp": "2025-07-07T15:04:29",
    "type": "call_started",
    "uniqueid": "1751888121.122061"
}

{
    "channel": "SIP/260-00000fb7",
    "privilege": "call,all",
    "timestamp": "2025-07-07T15:04:29",
    "type": "call_ringing",
    "uniqueid": "1751888121.122061"
}

{
    "channel": "SIP/260-00000fb7",
    "privilege": "call,all",
    "timestamp": "2025-07-07T15:04:33",
    "type": "call_answered",
    "uniqueid": "1751888121.122061"
}

{
    "call_type": "external",
    "caller_id_name": "260-SUP",
    "caller_id_num": "260",
    "cause": "16",
    "cause_description": "",
    "cause_txt": "",
    "channel": "SIP/260-00000fb7",
    "connected_line_name": "9143949641",
    "connected_line_num": "9143949641",
    "direction": "in",
    "end_time": "2025-07-07T15:06:35",
    "extension_number": "260",
    "has_ringing": true,
    "linkedid": "1751888097.121978",
    "other_extension_number": "9143949641",
    "raw_event": {
        "AccountCode": "",
        "CallerIDName": "260-SUP",
        "CallerIDNum": "260",
        "Cause": "16",
        "Cause-txt": "Normal Clearing",
        "Channel": "SIP/260-00000fb7",
        "ChannelState": "6",
        "ChannelStateDesc": "Up",
        "ConnectedLineName": "9143949641",
        "ConnectedLineNum": "9143949641",
        "Context": "macro-dial-one",
        "Event": "Hangup",
        "Exten": "s",
        "Language": "pr2",
        "Linkedid": "1751888097.121978",
        "Priority": "1",
        "Privilege": "call,all",
        "Uniqueid": "1751888121.122061"
    },
    "start_time": "2025-07-07T15:04:33",
    "status": "answered",
    "timestamp": "2025-07-07T15:06:35",
    "type": "call_ended",
    "uniqueid": "1751888121.122061"
}

{
    "call_duration": 121,
    "call_type": "external",
    "caller_id_name": "260-SUP",
    "caller_id_num": "260",
    "cause": "16",
    "cause_description": "",
    "cause_txt": "",
    "channel": "SIP/260-00000fb7",
    "connected_line_name": "9143949641",
    "connected_line_num": "9143949641",
    "direction": "in",
    "end_time": "2025-07-07T15:06:35",
    "extension_number": "260",
    "has_ringing": true,
    "linkedid": "1751888097.121978",
    "other_extension_number": "9143949641",
    "raw_event": {
        "AccountCode": "",
        "CallerIDName": "260-SUP",
        "CallerIDNum": "260",
        "Cause": "16",
        "Cause-txt": "Normal Clearing",
        "Channel": "SIP/260-00000fb7",
        "ChannelState": "6",
        "ChannelStateDesc": "Up",
        "ConnectedLineName": "9143949641",
        "ConnectedLineNum": "9143949641",
        "Context": "macro-dial-one",
        "Event": "Hangup",
        "Exten": "s",
        "Language": "pr2",
        "Linkedid": "1751888097.121978",
        "Priority": "1",
        "Privilege": "call,all",
        "Uniqueid": "1751888121.122061"
    },
    "start_time": "2025-07-07T15:04:33",
    "status": "answered",
    "timestamp": "2025-07-07T15:06:35",
    "type": "call_summary",
    "uniqueid": "1751888121.122061"
}

{
    "extension": "260",
    "privilege": "call,all",
    "timestamp": "2025-07-07T15:10:16",
    "type": "monitor_initialized"
}

{
    "call_type": "",
    "caller_id_name": "260-SUP",
    "caller_id_num": "260",
    "channel": "SIP/260-0000103f",
    "connected_line_name": "<unknown>",
    "connected_line_num": "<unknown>",
    "direction": "",
    "end_time": "",
    "extension_number": "260",
    "has_ringing": false,
    "linkedid": "1751889340.123579",
    "other_extension_number": "",
    "start_time": "2025-07-07T15:24:49",
    "status": "initiated",
    "timestamp": "2025-07-07T15:24:49",
    "type": "call_started",
    "uniqueid": "1751889340.123582"
}

{
    "channel": "SIP/260-0000103f",
    "privilege": "call,all",
    "timestamp": "2025-07-07T15:24:49",
    "type": "call_ringing",
    "uniqueid": "1751889340.123582"
}

{
    "call_type": "internal",
    "caller_id_name": "260-SUP",
    "caller_id_num": "260",
    "cause": "16",
    "cause_description": "",
    "cause_txt": "",
    "channel": "SIP/260-0000103f",
    "connected_line_name": "270-SUP13",
    "connected_line_num": "270",
    "direction": "in",
    "end_time": "2025-07-07T15:24:55",
    "extension_number": "260",
    "has_ringing": true,
    "linkedid": "1751889340.123579",
    "other_extension_number": "270",
    "raw_event": {
        "AccountCode": "",
        "CallerIDName": "260-SUP",
        "CallerIDNum": "260",
        "Cause": "16",
        "Cause-txt": "Normal Clearing",
        "Channel": "SIP/260-0000103f",
        "ChannelState": "5",
        "ChannelStateDesc": "Ringing",
        "ConnectedLineName": "270-SUP13",
        "ConnectedLineNum": "270",
        "Context": "from-internal",
        "Event": "Hangup",
        "Exten": "260",
        "Language": "pr2",
        "Linkedid": "1751889340.123579",
        "Priority": "1",
        "Privilege": "call,all",
        "Uniqueid": "1751889340.123582"
    },
    "start_time": "2025-07-07T15:24:49",
    "status": "ringing",
    "timestamp": "2025-07-07T15:24:55",
    "type": "call_ended",
    "uniqueid": "1751889340.123582"
}

{
    "call_duration": 5,
    "call_type": "internal",
    "caller_id_name": "260-SUP",
    "caller_id_num": "260",
    "cause": "16",
    "cause_description": "",
    "cause_txt": "",
    "channel": "SIP/260-0000103f",
    "connected_line_name": "270-SUP13",
    "connected_line_num": "270",
    "direction": "in",
    "end_time": "2025-07-07T15:24:55",
    "extension_number": "260",
    "has_ringing": true,
    "linkedid": "1751889340.123579",
    "other_extension_number": "270",
    "raw_event": {
        "AccountCode": "",
        "CallerIDName": "260-SUP",
        "CallerIDNum": "260",
        "Cause": "16",
        "Cause-txt": "Normal Clearing",
        "Channel": "SIP/260-0000103f",
        "ChannelState": "5",
        "ChannelStateDesc": "Ringing",
        "ConnectedLineName": "270-SUP13",
        "ConnectedLineNum": "270",
        "Context": "from-internal",
        "Event": "Hangup",
        "Exten": "260",
        "Language": "pr2",
        "Linkedid": "1751889340.123579",
        "Priority": "1",
        "Privilege": "call,all",
        "Uniqueid": "1751889340.123582"
    },
    "start_time": "2025-07-07T15:24:49",
    "status": "ringing",
    "timestamp": "2025-07-07T15:24:55",
    "type": "call_summary",
    "uniqueid": "1751889340.123582"
}

{
    "call_type": "",
    "caller_id_name": "260-SUP",
    "caller_id_num": "260",
    "channel": "SIP/260-0000114b",
    "connected_line_name": "<unknown>",
    "connected_line_num": "<unknown>",
    "direction": "",
    "end_time": "",
    "extension_number": "260",
    "has_ringing": false,
    "linkedid": "1751891723.126333",
    "other_extension_number": "",
    "start_time": "2025-07-07T16:04:31",
    "status": "initiated",
    "timestamp": "2025-07-07T16:04:31",
    "type": "call_started",
    "uniqueid": "1751891723.126336"
}

{
    "channel": "SIP/260-0000114b",
    "privilege": "call,all",
    "timestamp": "2025-07-07T16:04:31",
    "type": "call_ringing",
    "uniqueid": "1751891723.126336"
}

{
    "channel": "SIP/260-0000114b",
    "privilege": "call,all",
    "timestamp": "2025-07-07T16:04:41",
    "type": "call_answered",
    "uniqueid": "1751891723.126336"
}

{
    "call_type": "internal",
    "caller_id_name": "260-SUP",
    "caller_id_num": "260",
    "cause": "16",
    "cause_description": "",
    "cause_txt": "",
    "channel": "SIP/260-0000114b",
    "connected_line_name": "160-SAL11",
    "connected_line_num": "160",
    "direction": "in",
    "end_time": "2025-07-07T16:15:31",
    "extension_number": "260",
    "has_ringing": true,
    "linkedid": "1751891723.126333",
    "other_extension_number": "160",
    "raw_event": {
        "AccountCode": "",
        "CallerIDName": "260-SUP",
        "CallerIDNum": "260",
        "Cause": "16",
        "Cause-txt": "Normal Clearing",
        "Channel": "SIP/260-0000114b",
        "ChannelState": "6",
        "ChannelStateDesc": "Up",
        "ConnectedLineName": "160-SAL11",
        "ConnectedLineNum": "160",
        "Context": "from-internal",
        "Event": "Hangup",
        "Exten": "",
        "Language": "pr2",
        "Linkedid": "1751891723.126333",
        "Priority": "1",
        "Privilege": "call,all",
        "Uniqueid": "1751891723.126336"
    },
    "start_time": "2025-07-07T16:04:41",
    "status": "answered",
    "timestamp": "2025-07-07T16:15:31",
    "type": "call_ended",
    "uniqueid": "1751891723.126336"
}

{
    "call_duration": 650,
    "call_type": "internal",
    "caller_id_name": "260-SUP",
    "caller_id_num": "260",
    "cause": "16",
    "cause_description": "",
    "cause_txt": "",
    "channel": "SIP/260-0000114b",
    "connected_line_name": "160-SAL11",
    "connected_line_num": "160",
    "direction": "in",
    "end_time": "2025-07-07T16:15:31",
    "extension_number": "260",
    "has_ringing": true,
    "linkedid": "1751891723.126333",
    "other_extension_number": "160",
    "raw_event": {
        "AccountCode": "",
        "CallerIDName": "260-SUP",
        "CallerIDNum": "260",
        "Cause": "16",
        "Cause-txt": "Normal Clearing",
        "Channel": "SIP/260-0000114b",
        "ChannelState": "6",
        "ChannelStateDesc": "Up",
        "ConnectedLineName": "160-SAL11",
        "ConnectedLineNum": "160",
        "Context": "from-internal",
        "Event": "Hangup",
        "Exten": "",
        "Language": "pr2",
        "Linkedid": "1751891723.126333",
        "Priority": "1",
        "Privilege": "call,all",
        "Uniqueid": "1751891723.126336"
    },
    "start_time": "2025-07-07T16:04:41",
    "status": "answered",
    "timestamp": "2025-07-07T16:15:31",
    "type": "call_summary",
    "uniqueid": "1751891723.126336"
}

{
    "call_type": "",
    "caller_id_name": "260-SUP",
    "caller_id_num": "260",
    "channel": "SIP/260-0000124c",
    "connected_line_name": "<unknown>",
    "connected_line_num": "<unknown>",
    "direction": "",
    "end_time": "",
    "extension_number": "260",
    "has_ringing": false,
    "linkedid": "1751893655.129095",
    "other_extension_number": "",
    "start_time": "2025-07-07T16:36:43",
    "status": "initiated",
    "timestamp": "2025-07-07T16:36:43",
    "type": "call_started",
    "uniqueid": "1751893655.129098"
}

{
    "channel": "SIP/260-0000124c",
    "privilege": "call,all",
    "timestamp": "2025-07-07T16:36:43",
    "type": "call_ringing",
    "uniqueid": "1751893655.129098"
}

{
    "call_type": "internal",
    "caller_id_name": "260-SUP",
    "caller_id_num": "260",
    "cause": "16",
    "cause_description": "",
    "cause_txt": "",
    "channel": "SIP/260-0000124c",
    "connected_line_name": "511-ICT",
    "connected_line_num": "511",
    "direction": "in",
    "end_time": "2025-07-07T16:37:02",
    "extension_number": "260",
    "has_ringing": true,
    "linkedid": "1751893655.129095",
    "other_extension_number": "511",
    "raw_event": {
        "AccountCode": "",
        "CallerIDName": "260-SUP",
        "CallerIDNum": "260",
        "Cause": "16",
        "Cause-txt": "Normal Clearing",
        "Channel": "SIP/260-0000124c",
        "ChannelState": "5",
        "ChannelStateDesc": "Ringing",
        "ConnectedLineName": "511-ICT",
        "ConnectedLineNum": "511",
        "Context": "from-internal",
        "Event": "Hangup",
        "Exten": "260",
        "Language": "pr2",
        "Linkedid": "1751893655.129095",
        "Priority": "1",
        "Privilege": "call,all",
        "Uniqueid": "1751893655.129098"
    },
    "start_time": "2025-07-07T16:36:43",
    "status": "ringing",
    "timestamp": "2025-07-07T16:37:02",
    "type": "call_ended",
    "uniqueid": "1751893655.129098"
}

{
    "call_duration": 19,
    "call_type": "internal",
    "caller_id_name": "260-SUP",
    "caller_id_num": "260",
    "cause": "16",
    "cause_description": "",
    "cause_txt": "",
    "channel": "SIP/260-0000124c",
    "connected_line_name": "511-ICT",
    "connected_line_num": "511",
    "direction": "in",
    "end_time": "2025-07-07T16:37:02",
    "extension_number": "260",
    "has_ringing": true,
    "linkedid": "1751893655.129095",
    "other_extension_number": "511",
    "raw_event": {
        "AccountCode": "",
        "CallerIDName": "260-SUP",
        "CallerIDNum": "260",
        "Cause": "16",
        "Cause-txt": "Normal Clearing",
        "Channel": "SIP/260-0000124c",
        "ChannelState": "5",
        "ChannelStateDesc": "Ringing",
        "ConnectedLineName": "511-ICT",
        "ConnectedLineNum": "511",
        "Context": "from-internal",
        "Event": "Hangup",
        "Exten": "260",
        "Language": "pr2",
        "Linkedid": "1751893655.129095",
        "Priority": "1",
        "Privilege": "call,all",
        "Uniqueid": "1751893655.129098"
    },
    "start_time": "2025-07-07T16:36:43",
    "status": "ringing",
    "timestamp": "2025-07-07T16:37:02",
    "type": "call_summary",
    "uniqueid": "1751893655.129098"
}

{
    "call_type": "",
    "caller_id_name": "260-SUP",
    "caller_id_num": "260",
    "channel": "SIP/260-0000124f",
    "connected_line_name": "<unknown>",
    "connected_line_num": "<unknown>",
    "direction": "",
    "end_time": "",
    "extension_number": "260",
    "has_ringing": false,
    "linkedid": "1751893679.129120",
    "other_extension_number": "",
    "start_time": "2025-07-07T16:37:06",
    "status": "initiated",
    "timestamp": "2025-07-07T16:37:06",
    "type": "call_started",
    "uniqueid": "1751893679.129120"
}

{
    "channel": "SIP/260-0000124f",
    "privilege": "call,all",
    "timestamp": "2025-07-07T16:37:10",
    "type": "call_answered",
    "uniqueid": "1751893679.129120"
}

{
    "call_type": "internal",
    "caller_id_name": "260-SUP",
    "caller_id_num": "260",
    "cause": "16",
    "cause_description": "",
    "cause_txt": "",
    "channel": "SIP/260-0000124f",
    "connected_line_name": "511-ICT",
    "connected_line_num": "511",
    "direction": "out",
    "end_time": "2025-07-07T16:38:59",
    "extension_number": "260",
    "has_ringing": false,
    "linkedid": "1751893679.129120",
    "other_extension_number": "511",
    "raw_event": {
        "AccountCode": "",
        "CallerIDName": "260-SUP",
        "CallerIDNum": "260",
        "Cause": "16",
        "Cause-txt": "Normal Clearing",
        "Channel": "SIP/260-0000124f",
        "ChannelState": "6",
        "ChannelStateDesc": "Up",
        "ConnectedLineName": "511-ICT",
        "ConnectedLineNum": "511",
        "Context": "from-internal",
        "Event": "Hangup",
        "Exten": "h",
        "Language": "pr2",
        "Linkedid": "1751893679.129120",
        "Priority": "1",
        "Privilege": "call,all",
        "Uniqueid": "1751893679.129120"
    },
    "start_time": "2025-07-07T16:37:10",
    "status": "answered",
    "timestamp": "2025-07-07T16:38:59",
    "type": "call_ended",
    "uniqueid": "1751893679.129120"
}

{
    "call_duration": 109,
    "call_type": "internal",
    "caller_id_name": "260-SUP",
    "caller_id_num": "260",
    "cause": "16",
    "cause_description": "",
    "cause_txt": "",
    "channel": "SIP/260-0000124f",
    "connected_line_name": "511-ICT",
    "connected_line_num": "511",
    "direction": "out",
    "end_time": "2025-07-07T16:38:59",
    "extension_number": "260",
    "has_ringing": false,
    "linkedid": "1751893679.129120",
    "other_extension_number": "511",
    "raw_event": {
        "AccountCode": "",
        "CallerIDName": "260-SUP",
        "CallerIDNum": "260",
        "Cause": "16",
        "Cause-txt": "Normal Clearing",
        "Channel": "SIP/260-0000124f",
        "ChannelState": "6",
        "ChannelStateDesc": "Up",
        "ConnectedLineName": "511-ICT",
        "ConnectedLineNum": "511",
        "Context": "from-internal",
        "Event": "Hangup",
        "Exten": "h",
        "Language": "pr2",
        "Linkedid": "1751893679.129120",
        "Priority": "1",
        "Privilege": "call,all",
        "Uniqueid": "1751893679.129120"
    },
    "start_time": "2025-07-07T16:37:10",
    "status": "answered",
    "timestamp": "2025-07-07T16:38:59",
    "type": "call_summary",
    "uniqueid": "1751893679.129120"
}

{
    "call_type": "",
    "caller_id_name": "260-SUP",
    "caller_id_num": "260",
    "channel": "SIP/260-0000128f",
    "connected_line_name": "<unknown>",
    "connected_line_num": "<unknown>",
    "direction": "",
    "end_time": "",
    "extension_number": "260",
    "has_ringing": false,
    "linkedid": "1751894088.129747",
    "other_extension_number": "",
    "start_time": "2025-07-07T16:43:56",
    "status": "initiated",
    "timestamp": "2025-07-07T16:43:56",
    "type": "call_started",
    "uniqueid": "1751894088.129750"
}

{
    "channel": "SIP/260-0000128f",
    "privilege": "call,all",
    "timestamp": "2025-07-07T16:43:56",
    "type": "call_ringing",
    "uniqueid": "1751894088.129750"
}

{
    "channel": "SIP/260-0000128f",
    "privilege": "call,all",
    "timestamp": "2025-07-07T16:43:59",
    "type": "call_answered",
    "uniqueid": "1751894088.129750"
}

{
    "call_type": "internal",
    "caller_id_name": "260-SUP",
    "caller_id_num": "260",
    "cause": "16",
    "cause_description": "",
    "cause_txt": "",
    "channel": "SIP/260-0000128f",
    "connected_line_name": "280-SUP",
    "connected_line_num": "280",
    "direction": "in",
    "end_time": "2025-07-07T16:44:33",
    "extension_number": "260",
    "has_ringing": true,
    "linkedid": "1751894088.129747",
    "other_extension_number": "280",
    "raw_event": {
        "AccountCode": "",
        "CallerIDName": "260-SUP",
        "CallerIDNum": "260",
        "Cause": "16",
        "Cause-txt": "Normal Clearing",
        "Channel": "SIP/260-0000128f",
        "ChannelState": "6",
        "ChannelStateDesc": "Up",
        "ConnectedLineName": "280-SUP",
        "ConnectedLineNum": "280",
        "Context": "from-internal",
        "Event": "Hangup",
        "Exten": "",
        "Language": "pr2",
        "Linkedid": "1751894088.129747",
        "Priority": "1",
        "Privilege": "call,all",
        "Uniqueid": "1751894088.129750"
    },
    "start_time": "2025-07-07T16:43:59",
    "status": "answered",
    "timestamp": "2025-07-07T16:44:33",
    "type": "call_ended",
    "uniqueid": "1751894088.129750"
}

{
    "call_duration": 33,
    "call_type": "internal",
    "caller_id_name": "260-SUP",
    "caller_id_num": "260",
    "cause": "16",
    "cause_description": "",
    "cause_txt": "",
    "channel": "SIP/260-0000128f",
    "connected_line_name": "280-SUP",
    "connected_line_num": "280",
    "direction": "in",
    "end_time": "2025-07-07T16:44:33",
    "extension_number": "260",
    "has_ringing": true,
    "linkedid": "1751894088.129747",
    "other_extension_number": "280",
    "raw_event": {
        "AccountCode": "",
        "CallerIDName": "260-SUP",
        "CallerIDNum": "260",
        "Cause": "16",
        "Cause-txt": "Normal Clearing",
        "Channel": "SIP/260-0000128f",
        "ChannelState": "6",
        "ChannelStateDesc": "Up",
        "ConnectedLineName": "280-SUP",
        "ConnectedLineNum": "280",
        "Context": "from-internal",
        "Event": "Hangup",
        "Exten": "",
        "Language": "pr2",
        "Linkedid": "1751894088.129747",
        "Priority": "1",
        "Privilege": "call,all",
        "Uniqueid": "1751894088.129750"
    },
    "start_time": "2025-07-07T16:43:59",
    "status": "answered",
    "timestamp": "2025-07-07T16:44:33",
    "type": "call_summary",
    "uniqueid": "1751894088.129750"
}

{
    "call_type": "",
    "caller_id_name": "260-SUP",
    "caller_id_num": "260",
    "channel": "SIP/260-0000129b",
    "connected_line_name": "<unknown>",
    "connected_line_num": "<unknown>",
    "direction": "",
    "end_time": "",
    "extension_number": "260",
    "has_ringing": false,
    "linkedid": "1751894200.129864",
    "other_extension_number": "",
    "start_time": "2025-07-07T16:45:48",
    "status": "initiated",
    "timestamp": "2025-07-07T16:45:48",
    "type": "call_started",
    "uniqueid": "1751894200.129867"
}

{
    "channel": "SIP/260-0000129b",
    "privilege": "call,all",
    "timestamp": "2025-07-07T16:45:48",
    "type": "call_ringing",
    "uniqueid": "1751894200.129867"
}

{
    "call_type": "internal",
    "caller_id_name": "260-SUP",
    "caller_id_num": "260",
    "cause": "16",
    "cause_description": "",
    "cause_txt": "",
    "channel": "SIP/260-0000129b",
    "connected_line_name": "323-WHS3",
    "connected_line_num": "323",
    "direction": "in",
    "end_time": "2025-07-07T16:46:07",
    "extension_number": "260",
    "has_ringing": true,
    "linkedid": "1751894200.129864",
    "other_extension_number": "323",
    "raw_event": {
        "AccountCode": "",
        "CallerIDName": "260-SUP",
        "CallerIDNum": "260",
        "Cause": "16",
        "Cause-txt": "Normal Clearing",
        "Channel": "SIP/260-0000129b",
        "ChannelState": "5",
        "ChannelStateDesc": "Ringing",
        "ConnectedLineName": "323-WHS3",
        "ConnectedLineNum": "323",
        "Context": "from-internal",
        "Event": "Hangup",
        "Exten": "260",
        "Language": "pr2",
        "Linkedid": "1751894200.129864",
        "Priority": "1",
        "Privilege": "call,all",
        "Uniqueid": "1751894200.129867"
    },
    "start_time": "2025-07-07T16:45:48",
    "status": "ringing",
    "timestamp": "2025-07-07T16:46:07",
    "type": "call_ended",
    "uniqueid": "1751894200.129867"
}

{
    "call_duration": 19,
    "call_type": "internal",
    "caller_id_name": "260-SUP",
    "caller_id_num": "260",
    "cause": "16",
    "cause_description": "",
    "cause_txt": "",
    "channel": "SIP/260-0000129b",
    "connected_line_name": "323-WHS3",
    "connected_line_num": "323",
    "direction": "in",
    "end_time": "2025-07-07T16:46:07",
    "extension_number": "260",
    "has_ringing": true,
    "linkedid": "1751894200.129864",
    "other_extension_number": "323",
    "raw_event": {
        "AccountCode": "",
        "CallerIDName": "260-SUP",
        "CallerIDNum": "260",
        "Cause": "16",
        "Cause-txt": "Normal Clearing",
        "Channel": "SIP/260-0000129b",
        "ChannelState": "5",
        "ChannelStateDesc": "Ringing",
        "ConnectedLineName": "323-WHS3",
        "ConnectedLineNum": "323",
        "Context": "from-internal",
        "Event": "Hangup",
        "Exten": "260",
        "Language": "pr2",
        "Linkedid": "1751894200.129864",
        "Priority": "1",
        "Privilege": "call,all",
        "Uniqueid": "1751894200.129867"
    },
    "start_time": "2025-07-07T16:45:48",
    "status": "ringing",
    "timestamp": "2025-07-07T16:46:07",
    "type": "call_summary",
    "uniqueid": "1751894200.129867"
}

{
    "call_type": "",
    "caller_id_name": "260-SUP",
    "caller_id_num": "260",
    "channel": "SIP/260-000012ad",
    "connected_line_name": "<unknown>",
    "connected_line_num": "<unknown>",
    "direction": "",
    "end_time": "",
    "extension_number": "260",
    "has_ringing": false,
    "linkedid": "1751894382.130075",
    "other_extension_number": "",
    "start_time": "2025-07-07T16:48:51",
    "status": "initiated",
    "timestamp": "2025-07-07T16:48:51",
    "type": "call_started",
    "uniqueid": "1751894382.130078"
}

{
    "channel": "SIP/260-000012ad",
    "privilege": "call,all",
    "timestamp": "2025-07-07T16:48:51",
    "type": "call_ringing",
    "uniqueid": "1751894382.130078"
}

{
    "call_type": "internal",
    "caller_id_name": "260-SUP",
    "caller_id_num": "260",
    "cause": "16",
    "cause_description": "",
    "cause_txt": "",
    "channel": "SIP/260-000012ad",
    "connected_line_name": "227-HR5",
    "connected_line_num": "227",
    "direction": "in",
    "end_time": "2025-07-07T16:48:59",
    "extension_number": "260",
    "has_ringing": true,
    "linkedid": "1751894382.130075",
    "other_extension_number": "227",
    "raw_event": {
        "AccountCode": "",
        "CallerIDName": "260-SUP",
        "CallerIDNum": "260",
        "Cause": "16",
        "Cause-txt": "Normal Clearing",
        "Channel": "SIP/260-000012ad",
        "ChannelState": "5",
        "ChannelStateDesc": "Ringing",
        "ConnectedLineName": "227-HR5",
        "ConnectedLineNum": "227",
        "Context": "from-internal",
        "Event": "Hangup",
        "Exten": "260",
        "Language": "pr2",
        "Linkedid": "1751894382.130075",
        "Priority": "1",
        "Privilege": "call,all",
        "Uniqueid": "1751894382.130078"
    },
    "start_time": "2025-07-07T16:48:51",
    "status": "ringing",
    "timestamp": "2025-07-07T16:48:59",
    "type": "call_ended",
    "uniqueid": "1751894382.130078"
}

{
    "call_duration": 7,
    "call_type": "internal",
    "caller_id_name": "260-SUP",
    "caller_id_num": "260",
    "cause": "16",
    "cause_description": "",
    "cause_txt": "",
    "channel": "SIP/260-000012ad",
    "connected_line_name": "227-HR5",
    "connected_line_num": "227",
    "direction": "in",
    "end_time": "2025-07-07T16:48:59",
    "extension_number": "260",
    "has_ringing": true,
    "linkedid": "1751894382.130075",
    "other_extension_number": "227",
    "raw_event": {
        "AccountCode": "",
        "CallerIDName": "260-SUP",
        "CallerIDNum": "260",
        "Cause": "16",
        "Cause-txt": "Normal Clearing",
        "Channel": "SIP/260-000012ad",
        "ChannelState": "5",
        "ChannelStateDesc": "Ringing",
        "ConnectedLineName": "227-HR5",
        "ConnectedLineNum": "227",
        "Context": "from-internal",
        "Event": "Hangup",
        "Exten": "260",
        "Language": "pr2",
        "Linkedid": "1751894382.130075",
        "Priority": "1",
        "Privilege": "call,all",
        "Uniqueid": "1751894382.130078"
    },
    "start_time": "2025-07-07T16:48:51",
    "status": "ringing",
    "timestamp": "2025-07-07T16:48:59",
    "type": "call_summary",
    "uniqueid": "1751894382.130078"
}

{
    "call_type": "",
    "caller_id_name": "260-SUP",
    "caller_id_num": "260",
    "channel": "SIP/260-000012b0",
    "connected_line_name": "<unknown>",
    "connected_line_num": "<unknown>",
    "direction": "",
    "end_time": "",
    "extension_number": "260",
    "has_ringing": false,
    "linkedid": "1751894403.130108",
    "other_extension_number": "",
    "start_time": "2025-07-07T16:49:10",
    "status": "initiated",
    "timestamp": "2025-07-07T16:49:10",
    "type": "call_started",
    "uniqueid": "1751894403.130108"
}

{
    "channel": "SIP/260-000012b0",
    "privilege": "call,all",
    "timestamp": "2025-07-07T16:49:11",
    "type": "call_answered",
    "uniqueid": "1751894403.130108"
}

{
    "call_type": "external",
    "caller_id_name": "260-SUP",
    "caller_id_num": "260",
    "cause": "0",
    "cause_description": "",
    "cause_txt": "",
    "channel": "SIP/260-000012b0",
    "connected_line_name": "<unknown>",
    "connected_line_num": "<unknown>",
    "direction": "out",
    "end_time": "2025-07-07T16:49:13",
    "extension_number": "260",
    "has_ringing": false,
    "linkedid": "1751894403.130108",
    "other_extension_number": "<unknown>",
    "raw_event": {
        "AccountCode": "",
        "CallerIDName": "260-SUP",
        "CallerIDNum": "260",
        "Cause": "0",
        "Cause-txt": "Unknown",
        "Channel": "SIP/260-000012b0",
        "ChannelState": "6",
        "ChannelStateDesc": "Up",
        "ConnectedLineName": "<unknown>",
        "ConnectedLineNum": "<unknown>",
        "Context": "app-announcement-2",
        "Event": "Hangup",
        "Exten": "s",
        "Language": "pr2",
        "Linkedid": "1751894403.130108",
        "Priority": "5",
        "Privilege": "call,all",
        "Uniqueid": "1751894403.130108"
    },
    "start_time": "2025-07-07T16:49:11",
    "status": "answered",
    "timestamp": "2025-07-07T16:49:13",
    "type": "call_ended",
    "uniqueid": "1751894403.130108"
}

{
    "call_duration": 2,
    "call_type": "external",
    "caller_id_name": "260-SUP",
    "caller_id_num": "260",
    "cause": "0",
    "cause_description": "",
    "cause_txt": "",
    "channel": "SIP/260-000012b0",
    "connected_line_name": "<unknown>",
    "connected_line_num": "<unknown>",
    "direction": "out",
    "end_time": "2025-07-07T16:49:13",
    "extension_number": "260",
    "has_ringing": false,
    "linkedid": "1751894403.130108",
    "other_extension_number": "<unknown>",
    "raw_event": {
        "AccountCode": "",
        "CallerIDName": "260-SUP",
        "CallerIDNum": "260",
        "Cause": "0",
        "Cause-txt": "Unknown",
        "Channel": "SIP/260-000012b0",
        "ChannelState": "6",
        "ChannelStateDesc": "Up",
        "ConnectedLineName": "<unknown>",
        "ConnectedLineNum": "<unknown>",
        "Context": "app-announcement-2",
        "Event": "Hangup",
        "Exten": "s",
        "Language": "pr2",
        "Linkedid": "1751894403.130108",
        "Priority": "5",
        "Privilege": "call,all",
        "Uniqueid": "1751894403.130108"
    },
    "start_time": "2025-07-07T16:49:11",
    "status": "answered",
    "timestamp": "2025-07-07T16:49:13",
    "type": "call_summary",
    "uniqueid": "1751894403.130108"
}

{
    "call_type": "",
    "caller_id_name": "260-SUP",
    "caller_id_num": "260",
    "channel": "SIP/260-000012b1",
    "connected_line_name": "<unknown>",
    "connected_line_num": "<unknown>",
    "direction": "",
    "end_time": "",
    "extension_number": "260",
    "has_ringing": false,
    "linkedid": "1751894408.130116",
    "other_extension_number": "",
    "start_time": "2025-07-07T16:49:15",
    "status": "initiated",
    "timestamp": "2025-07-07T16:49:15",
    "type": "call_started",
    "uniqueid": "1751894408.130116"
}

{
    "call_type": "internal",
    "caller_id_name": "260-SUP",
    "caller_id_num": "260",
    "cause": "16",
    "cause_description": "",
    "cause_txt": "",
    "channel": "SIP/260-000012b1",
    "connected_line_name": "323-WHS3",
    "connected_line_num": "323",
    "direction": "out",
    "end_time": "2025-07-07T16:49:26",
    "extension_number": "260",
    "has_ringing": false,
    "linkedid": "1751894408.130116",
    "other_extension_number": "323",
    "raw_event": {
        "AccountCode": "",
        "CallerIDName": "260-SUP",
        "CallerIDNum": "260",
        "Cause": "16",
        "Cause-txt": "Normal Clearing",
        "Channel": "SIP/260-000012b1",
        "ChannelState": "4",
        "ChannelStateDesc": "Ring",
        "ConnectedLineName": "323-WHS3",
        "ConnectedLineNum": "323",
        "Context": "from-internal",
        "Event": "Hangup",
        "Exten": "h",
        "Language": "pr2",
        "Linkedid": "1751894408.130116",
        "Priority": "1",
        "Privilege": "call,all",
        "Uniqueid": "1751894408.130116"
    },
    "start_time": "2025-07-07T16:49:15",
    "status": "initiated",
    "timestamp": "2025-07-07T16:49:26",
    "type": "call_ended",
    "uniqueid": "1751894408.130116"
}

{
    "call_duration": 11,
    "call_type": "internal",
    "caller_id_name": "260-SUP",
    "caller_id_num": "260",
    "cause": "16",
    "cause_description": "",
    "cause_txt": "",
    "channel": "SIP/260-000012b1",
    "connected_line_name": "323-WHS3",
    "connected_line_num": "323",
    "direction": "out",
    "end_time": "2025-07-07T16:49:26",
    "extension_number": "260",
    "has_ringing": false,
    "linkedid": "1751894408.130116",
    "other_extension_number": "323",
    "raw_event": {
        "AccountCode": "",
        "CallerIDName": "260-SUP",
        "CallerIDNum": "260",
        "Cause": "16",
        "Cause-txt": "Normal Clearing",
        "Channel": "SIP/260-000012b1",
        "ChannelState": "4",
        "ChannelStateDesc": "Ring",
        "ConnectedLineName": "323-WHS3",
        "ConnectedLineNum": "323",
        "Context": "from-internal",
        "Event": "Hangup",
        "Exten": "h",
        "Language": "pr2",
        "Linkedid": "1751894408.130116",
        "Priority": "1",
        "Privilege": "call,all",
        "Uniqueid": "1751894408.130116"
    },
    "start_time": "2025-07-07T16:49:15",
    "status": "initiated",
    "timestamp": "2025-07-07T16:49:26",
    "type": "call_summary",
    "uniqueid": "1751894408.130116"
}

{
    "call_type": "",
    "caller_id_name": "260-SUP",
    "caller_id_num": "260",
    "channel": "SIP/260-000012bd",
    "connected_line_name": "<unknown>",
    "connected_line_num": "<unknown>",
    "direction": "",
    "end_time": "",
    "extension_number": "260",
    "has_ringing": false,
    "linkedid": "1751894484.130208",
    "other_extension_number": "",
    "start_time": "2025-07-07T16:50:32",
    "status": "initiated",
    "timestamp": "2025-07-07T16:50:32",
    "type": "call_started",
    "uniqueid": "1751894484.130211"
}

{
    "channel": "SIP/260-000012bd",
    "privilege": "call,all",
    "timestamp": "2025-07-07T16:50:32",
    "type": "call_ringing",
    "uniqueid": "1751894484.130211"
}

{
    "call_type": "internal",
    "caller_id_name": "260-SUP",
    "caller_id_num": "260",
    "cause": "16",
    "cause_description": "",
    "cause_txt": "",
    "channel": "SIP/260-000012bd",
    "connected_line_name": "211-HR1",
    "connected_line_num": "211",
    "direction": "in",
    "end_time": "2025-07-07T16:50:51",
    "extension_number": "260",
    "has_ringing": true,
    "linkedid": "1751894484.130208",
    "other_extension_number": "211",
    "raw_event": {
        "AccountCode": "",
        "CallerIDName": "260-SUP",
        "CallerIDNum": "260",
        "Cause": "16",
        "Cause-txt": "Normal Clearing",
        "Channel": "SIP/260-000012bd",
        "ChannelState": "5",
        "ChannelStateDesc": "Ringing",
        "ConnectedLineName": "211-HR1",
        "ConnectedLineNum": "211",
        "Context": "from-internal",
        "Event": "Hangup",
        "Exten": "260",
        "Language": "pr2",
        "Linkedid": "1751894484.130208",
        "Priority": "1",
        "Privilege": "call,all",
        "Uniqueid": "1751894484.130211"
    },
    "start_time": "2025-07-07T16:50:32",
    "status": "ringing",
    "timestamp": "2025-07-07T16:50:51",
    "type": "call_ended",
    "uniqueid": "1751894484.130211"
}

{
    "call_duration": 18,
    "call_type": "internal",
    "caller_id_name": "260-SUP",
    "caller_id_num": "260",
    "cause": "16",
    "cause_description": "",
    "cause_txt": "",
    "channel": "SIP/260-000012bd",
    "connected_line_name": "211-HR1",
    "connected_line_num": "211",
    "direction": "in",
    "end_time": "2025-07-07T16:50:51",
    "extension_number": "260",
    "has_ringing": true,
    "linkedid": "1751894484.130208",
    "other_extension_number": "211",
    "raw_event": {
        "AccountCode": "",
        "CallerIDName": "260-SUP",
        "CallerIDNum": "260",
        "Cause": "16",
        "Cause-txt": "Normal Clearing",
        "Channel": "SIP/260-000012bd",
        "ChannelState": "5",
        "ChannelStateDesc": "Ringing",
        "ConnectedLineName": "211-HR1",
        "ConnectedLineNum": "211",
        "Context": "from-internal",
        "Event": "Hangup",
        "Exten": "260",
        "Language": "pr2",
        "Linkedid": "1751894484.130208",
        "Priority": "1",
        "Privilege": "call,all",
        "Uniqueid": "1751894484.130211"
    },
    "start_time": "2025-07-07T16:50:32",
    "status": "ringing",
    "timestamp": "2025-07-07T16:50:51",
    "type": "call_summary",
    "uniqueid": "1751894484.130211"
}

{
    "extension": "260",
    "privilege": "call,all",
    "timestamp": "2025-07-09T18:52:09",
    "type": "monitor_initialized"
}

{
    "extension": "260",
    "privilege": "call,all",
    "timestamp": "2025-07-09T18:54:21",
    "type": "monitor_initialized"
}

{
    "extension": "260",
    "privilege": "call,all",
    "timestamp": "2025-07-09T19:03:17",
    "type": "monitor_initialized"
}

{
    "extension": "260",
    "privilege": "call,all",
    "timestamp": "2025-07-20T19:00:01",
    "type": "monitor_initialized"
}

{
    "extension": "260",
    "privilege": "call,all",
    "timestamp": "2025-07-20T19:18:36",
    "type": "monitor_initialized"
}

{
    "extension": "260",
    "privilege": "call,all",
    "timestamp": "2025-07-29T22:39:18",
    "type": "monitor_initialized"
}

{
    "call_type": "",
    "caller_id_name": "260-SUP",
    "caller_id_num": "260",
    "channel": "SIP/260-0000c9b6",
    "connected_line_name": "<unknown>",
    "connected_line_num": "<unknown>",
    "direction": "",
    "end_time": "",
    "extension_number": "260",
    "has_ringing": false,
    "linkedid": "1753851156.826622",
    "other_extension_number": "",
    "start_time": "2025-07-30T08:21:43",
    "status": "initiated",
    "timestamp": "2025-07-30T08:21:43",
    "type": "call_started",
    "uniqueid": "1753851156.826622"
}

{
    "channel": "SIP/260-0000c9b6",
    "privilege": "call,all",
    "timestamp": "2025-07-30T08:21:48",
    "type": "call_answered",
    "uniqueid": "1753851156.826622"
}

{
    "call_type": "internal",
    "caller_id_name": "260-SUP",
    "caller_id_num": "260",
    "cause": "16",
    "cause_description": "",
    "cause_txt": "",
    "channel": "SIP/260-0000c9b6",
    "connected_line_name": "225-HR4",
    "connected_line_num": "225",
    "direction": "out",
    "end_time": "2025-07-30T08:22:17",
    "extension_number": "260",
    "has_ringing": false,
    "linkedid": "1753851156.826622",
    "other_extension_number": "225",
    "raw_event": {
        "AccountCode": "",
        "CallerIDName": "260-SUP",
        "CallerIDNum": "260",
        "Cause": "16",
        "Cause-txt": "Normal Clearing",
        "Channel": "SIP/260-0000c9b6",
        "ChannelState": "6",
        "ChannelStateDesc": "Up",
        "ConnectedLineName": "225-HR4",
        "ConnectedLineNum": "225",
        "Context": "from-internal",
        "Event": "Hangup",
        "Exten": "h",
        "Language": "pr2",
        "Linkedid": "1753851156.826622",
        "Priority": "1",
        "Privilege": "call,all",
        "Uniqueid": "1753851156.826622"
    },
    "start_time": "2025-07-30T08:21:48",
    "status": "answered",
    "timestamp": "2025-07-30T08:22:17",
    "type": "call_ended",
    "uniqueid": "1753851156.826622"
}

{
    "call_duration": 28,
    "call_type": "internal",
    "caller_id_name": "260-SUP",
    "caller_id_num": "260",
    "cause": "16",
    "cause_description": "",
    "cause_txt": "",
    "channel": "SIP/260-0000c9b6",
    "connected_line_name": "225-HR4",
    "connected_line_num": "225",
    "direction": "out",
    "end_time": "2025-07-30T08:22:17",
    "extension_number": "260",
    "has_ringing": false,
    "linkedid": "1753851156.826622",
    "other_extension_number": "225",
    "raw_event": {
        "AccountCode": "",
        "CallerIDName": "260-SUP",
        "CallerIDNum": "260",
        "Cause": "16",
        "Cause-txt": "Normal Clearing",
        "Channel": "SIP/260-0000c9b6",
        "ChannelState": "6",
        "ChannelStateDesc": "Up",
        "ConnectedLineName": "225-HR4",
        "ConnectedLineNum": "225",
        "Context": "from-internal",
        "Event": "Hangup",
        "Exten": "h",
        "Language": "pr2",
        "Linkedid": "1753851156.826622",
        "Priority": "1",
        "Privilege": "call,all",
        "Uniqueid": "1753851156.826622"
    },
    "start_time": "2025-07-30T08:21:48",
    "status": "answered",
    "timestamp": "2025-07-30T08:22:17",
    "type": "call_summary",
    "uniqueid": "1753851156.826622"
}

{
    "call_type": "",
    "caller_id_name": "260-SUP",
    "caller_id_num": "260",
    "channel": "SIP/260-0000c9c9",
    "connected_line_name": "<unknown>",
    "connected_line_num": "<unknown>",
    "direction": "",
    "end_time": "",
    "extension_number": "260",
    "has_ringing": false,
    "linkedid": "1753851299.826813",
    "other_extension_number": "",
    "start_time": "2025-07-30T08:24:07",
    "status": "initiated",
    "timestamp": "2025-07-30T08:24:07",
    "type": "call_started",
    "uniqueid": "1753851299.826816"
}

{
    "channel": "SIP/260-0000c9c9",
    "privilege": "call,all",
    "timestamp": "2025-07-30T08:24:07",
    "type": "call_ringing",
    "uniqueid": "1753851299.826816"
}

{
    "call_type": "internal",
    "caller_id_name": "260-SUP",
    "caller_id_num": "260",
    "cause": "16",
    "cause_description": "",
    "cause_txt": "",
    "channel": "SIP/260-0000c9c9",
    "connected_line_name": "513-ICT4",
    "connected_line_num": "513",
    "direction": "in",
    "end_time": "2025-07-30T08:24:25",
    "extension_number": "260",
    "has_ringing": true,
    "linkedid": "1753851299.826813",
    "other_extension_number": "513",
    "raw_event": {
        "AccountCode": "",
        "CallerIDName": "260-SUP",
        "CallerIDNum": "260",
        "Cause": "16",
        "Cause-txt": "Normal Clearing",
        "Channel": "SIP/260-0000c9c9",
        "ChannelState": "5",
        "ChannelStateDesc": "Ringing",
        "ConnectedLineName": "513-ICT4",
        "ConnectedLineNum": "513",
        "Context": "from-internal",
        "Event": "Hangup",
        "Exten": "260",
        "Language": "pr2",
        "Linkedid": "1753851299.826813",
        "Priority": "1",
        "Privilege": "call,all",
        "Uniqueid": "1753851299.826816"
    },
    "start_time": "2025-07-30T08:24:07",
    "status": "ringing",
    "timestamp": "2025-07-30T08:24:25",
    "type": "call_ended",
    "uniqueid": "1753851299.826816"
}

{
    "call_duration": 18,
    "call_type": "internal",
    "caller_id_name": "260-SUP",
    "caller_id_num": "260",
    "cause": "16",
    "cause_description": "",
    "cause_txt": "",
    "channel": "SIP/260-0000c9c9",
    "connected_line_name": "513-ICT4",
    "connected_line_num": "513",
    "direction": "in",
    "end_time": "2025-07-30T08:24:25",
    "extension_number": "260",
    "has_ringing": true,
    "linkedid": "1753851299.826813",
    "other_extension_number": "513",
    "raw_event": {
        "AccountCode": "",
        "CallerIDName": "260-SUP",
        "CallerIDNum": "260",
        "Cause": "16",
        "Cause-txt": "Normal Clearing",
        "Channel": "SIP/260-0000c9c9",
        "ChannelState": "5",
        "ChannelStateDesc": "Ringing",
        "ConnectedLineName": "513-ICT4",
        "ConnectedLineNum": "513",
        "Context": "from-internal",
        "Event": "Hangup",
        "Exten": "260",
        "Language": "pr2",
        "Linkedid": "1753851299.826813",
        "Priority": "1",
        "Privilege": "call,all",
        "Uniqueid": "1753851299.826816"
    },
    "start_time": "2025-07-30T08:24:07",
    "status": "ringing",
    "timestamp": "2025-07-30T08:24:25",
    "type": "call_summary",
    "uniqueid": "1753851299.826816"
}

{
    "call_type": "",
    "caller_id_name": "260-SUP",
    "caller_id_num": "260",
    "channel": "SIP/260-0000c9fc",
    "connected_line_name": "<unknown>",
    "connected_line_num": "<unknown>",
    "direction": "",
    "end_time": "",
    "extension_number": "260",
    "has_ringing": false,
    "linkedid": "1753851783.827375",
    "other_extension_number": "",
    "start_time": "2025-07-30T08:32:10",
    "status": "initiated",
    "timestamp": "2025-07-30T08:32:10",
    "type": "call_started",
    "uniqueid": "1753851783.827375"
}

{
    "channel": "SIP/260-0000c9fc",
    "privilege": "call,all",
    "timestamp": "2025-07-30T08:32:10",
    "type": "call_answered",
    "uniqueid": "1753851783.827375"
}

{
    "call_type": "external",
    "caller_id_name": "260-SUP",
    "caller_id_num": "260",
    "cause": "0",
    "cause_description": "",
    "cause_txt": "",
    "channel": "SIP/260-0000c9fc",
    "connected_line_name": "<unknown>",
    "connected_line_num": "<unknown>",
    "direction": "out",
    "end_time": "2025-07-30T08:32:12",
    "extension_number": "260",
    "has_ringing": false,
    "linkedid": "1753851783.827375",
    "other_extension_number": "<unknown>",
    "raw_event": {
        "AccountCode": "",
        "CallerIDName": "260-SUP",
        "CallerIDNum": "260",
        "Cause": "0",
        "Cause-txt": "Unknown",
        "Channel": "SIP/260-0000c9fc",
        "ChannelState": "6",
        "ChannelStateDesc": "Up",
        "ConnectedLineName": "<unknown>",
        "ConnectedLineNum": "<unknown>",
        "Context": "app-announcement-2",
        "Event": "Hangup",
        "Exten": "s",
        "Language": "pr2",
        "Linkedid": "1753851783.827375",
        "Priority": "5",
        "Privilege": "call,all",
        "Uniqueid": "1753851783.827375"
    },
    "start_time": "2025-07-30T08:32:10",
    "status": "answered",
    "timestamp": "2025-07-30T08:32:12",
    "type": "call_ended",
    "uniqueid": "1753851783.827375"
}

{
    "call_duration": 1,
    "call_type": "external",
    "caller_id_name": "260-SUP",
    "caller_id_num": "260",
    "cause": "0",
    "cause_description": "",
    "cause_txt": "",
    "channel": "SIP/260-0000c9fc",
    "connected_line_name": "<unknown>",
    "connected_line_num": "<unknown>",
    "direction": "out",
    "end_time": "2025-07-30T08:32:12",
    "extension_number": "260",
    "has_ringing": false,
    "linkedid": "1753851783.827375",
    "other_extension_number": "<unknown>",
    "raw_event": {
        "AccountCode": "",
        "CallerIDName": "260-SUP",
        "CallerIDNum": "260",
        "Cause": "0",
        "Cause-txt": "Unknown",
        "Channel": "SIP/260-0000c9fc",
        "ChannelState": "6",
        "ChannelStateDesc": "Up",
        "ConnectedLineName": "<unknown>",
        "ConnectedLineNum": "<unknown>",
        "Context": "app-announcement-2",
        "Event": "Hangup",
        "Exten": "s",
        "Language": "pr2",
        "Linkedid": "1753851783.827375",
        "Priority": "5",
        "Privilege": "call,all",
        "Uniqueid": "1753851783.827375"
    },
    "start_time": "2025-07-30T08:32:10",
    "status": "answered",
    "timestamp": "2025-07-30T08:32:12",
    "type": "call_summary",
    "uniqueid": "1753851783.827375"
}

{
    "call_type": "",
    "caller_id_name": "260-SUP",
    "caller_id_num": "260",
    "channel": "SIP/260-0000ca0f",
    "connected_line_name": "<unknown>",
    "connected_line_num": "<unknown>",
    "direction": "",
    "end_time": "",
    "extension_number": "260",
    "has_ringing": false,
    "linkedid": "1753851929.827563",
    "other_extension_number": "",
    "start_time": "2025-07-30T08:34:36",
    "status": "initiated",
    "timestamp": "2025-07-30T08:34:36",
    "type": "call_started",
    "uniqueid": "1753851929.827563"
}

{
    "channel": "SIP/260-0000ca0f",
    "privilege": "call,all",
    "timestamp": "2025-07-30T08:34:37",
    "type": "call_answered",
    "uniqueid": "1753851929.827563"
}

{
    "call_type": "external",
    "caller_id_name": "260-SUP",
    "caller_id_num": "260",
    "cause": "0",
    "cause_description": "",
    "cause_txt": "",
    "channel": "SIP/260-0000ca0f",
    "connected_line_name": "<unknown>",
    "connected_line_num": "<unknown>",
    "direction": "out",
    "end_time": "2025-07-30T08:34:38",
    "extension_number": "260",
    "has_ringing": false,
    "linkedid": "1753851929.827563",
    "other_extension_number": "<unknown>",
    "raw_event": {
        "AccountCode": "",
        "CallerIDName": "260-SUP",
        "CallerIDNum": "260",
        "Cause": "0",
        "Cause-txt": "Unknown",
        "Channel": "SIP/260-0000ca0f",
        "ChannelState": "6",
        "ChannelStateDesc": "Up",
        "ConnectedLineName": "<unknown>",
        "ConnectedLineNum": "<unknown>",
        "Context": "app-announcement-2",
        "Event": "Hangup",
        "Exten": "s",
        "Language": "pr2",
        "Linkedid": "1753851929.827563",
        "Priority": "5",
        "Privilege": "call,all",
        "Uniqueid": "1753851929.827563"
    },
    "start_time": "2025-07-30T08:34:37",
    "status": "answered",
    "timestamp": "2025-07-30T08:34:38",
    "type": "call_ended",
    "uniqueid": "1753851929.827563"
}

{
    "call_duration": 1,
    "call_type": "external",
    "caller_id_name": "260-SUP",
    "caller_id_num": "260",
    "cause": "0",
    "cause_description": "",
    "cause_txt": "",
    "channel": "SIP/260-0000ca0f",
    "connected_line_name": "<unknown>",
    "connected_line_num": "<unknown>",
    "direction": "out",
    "end_time": "2025-07-30T08:34:38",
    "extension_number": "260",
    "has_ringing": false,
    "linkedid": "1753851929.827563",
    "other_extension_number": "<unknown>",
    "raw_event": {
        "AccountCode": "",
        "CallerIDName": "260-SUP",
        "CallerIDNum": "260",
        "Cause": "0",
        "Cause-txt": "Unknown",
        "Channel": "SIP/260-0000ca0f",
        "ChannelState": "6",
        "ChannelStateDesc": "Up",
        "ConnectedLineName": "<unknown>",
        "ConnectedLineNum": "<unknown>",
        "Context": "app-announcement-2",
        "Event": "Hangup",
        "Exten": "s",
        "Language": "pr2",
        "Linkedid": "1753851929.827563",
        "Priority": "5",
        "Privilege": "call,all",
        "Uniqueid": "1753851929.827563"
    },
    "start_time": "2025-07-30T08:34:37",
    "status": "answered",
    "timestamp": "2025-07-30T08:34:38",
    "type": "call_summary",
    "uniqueid": "1753851929.827563"
}

{
    "call_type": "",
    "caller_id_name": "260-SUP",
    "caller_id_num": "260",
    "channel": "SIP/260-0000ca6f",
    "connected_line_name": "<unknown>",
    "connected_line_num": "<unknown>",
    "direction": "",
    "end_time": "",
    "extension_number": "260",
    "has_ringing": false,
    "linkedid": "1753852539.828561",
    "other_extension_number": "",
    "start_time": "2025-07-30T08:44:46",
    "status": "initiated",
    "timestamp": "2025-07-30T08:44:46",
    "type": "call_started",
    "uniqueid": "1753852539.828561"
}

{
    "channel": "SIP/260-0000ca6f",
    "privilege": "call,all",
    "timestamp": "2025-07-30T08:44:46",
    "type": "call_answered",
    "uniqueid": "1753852539.828561"
}

{
    "call_type": "external",
    "caller_id_name": "260-SUP",
    "caller_id_num": "260",
    "cause": "0",
    "cause_description": "",
    "cause_txt": "",
    "channel": "SIP/260-0000ca6f",
    "connected_line_name": "<unknown>",
    "connected_line_num": "<unknown>",
    "direction": "out",
    "end_time": "2025-07-30T08:44:49",
    "extension_number": "260",
    "has_ringing": false,
    "linkedid": "1753852539.828561",
    "other_extension_number": "<unknown>",
    "raw_event": {
        "AccountCode": "",
        "CallerIDName": "260-SUP",
        "CallerIDNum": "260",
        "Cause": "0",
        "Cause-txt": "Unknown",
        "Channel": "SIP/260-0000ca6f",
        "ChannelState": "6",
        "ChannelStateDesc": "Up",
        "ConnectedLineName": "<unknown>",
        "ConnectedLineNum": "<unknown>",
        "Context": "app-announcement-2",
        "Event": "Hangup",
        "Exten": "s",
        "Language": "pr2",
        "Linkedid": "1753852539.828561",
        "Priority": "5",
        "Privilege": "call,all",
        "Uniqueid": "1753852539.828561"
    },
    "start_time": "2025-07-30T08:44:46",
    "status": "answered",
    "timestamp": "2025-07-30T08:44:49",
    "type": "call_ended",
    "uniqueid": "1753852539.828561"
}

{
    "call_duration": 2,
    "call_type": "external",
    "caller_id_name": "260-SUP",
    "caller_id_num": "260",
    "cause": "0",
    "cause_description": "",
    "cause_txt": "",
    "channel": "SIP/260-0000ca6f",
    "connected_line_name": "<unknown>",
    "connected_line_num": "<unknown>",
    "direction": "out",
    "end_time": "2025-07-30T08:44:49",
    "extension_number": "260",
    "has_ringing": false,
    "linkedid": "1753852539.828561",
    "other_extension_number": "<unknown>",
    "raw_event": {
        "AccountCode": "",
        "CallerIDName": "260-SUP",
        "CallerIDNum": "260",
        "Cause": "0",
        "Cause-txt": "Unknown",
        "Channel": "SIP/260-0000ca6f",
        "ChannelState": "6",
        "ChannelStateDesc": "Up",
        "ConnectedLineName": "<unknown>",
        "ConnectedLineNum": "<unknown>",
        "Context": "app-announcement-2",
        "Event": "Hangup",
        "Exten": "s",
        "Language": "pr2",
        "Linkedid": "1753852539.828561",
        "Priority": "5",
        "Privilege": "call,all",
        "Uniqueid": "1753852539.828561"
    },
    "start_time": "2025-07-30T08:44:46",
    "status": "answered",
    "timestamp": "2025-07-30T08:44:49",
    "type": "call_summary",
    "uniqueid": "1753852539.828561"
}

{
    "call_type": "",
    "caller_id_name": "260-SUP",
    "caller_id_num": "260",
    "channel": "SIP/260-0000caf8",
    "connected_line_name": "<unknown>",
    "connected_line_num": "<unknown>",
    "direction": "",
    "end_time": "",
    "extension_number": "260",
    "has_ringing": false,
    "linkedid": "1753853599.830062",
    "other_extension_number": "",
    "start_time": "2025-07-30T09:02:26",
    "status": "initiated",
    "timestamp": "2025-07-30T09:02:26",
    "type": "call_started",
    "uniqueid": "1753853599.830062"
}

{
    "channel": "SIP/260-0000caf8",
    "privilege": "call,all",
    "timestamp": "2025-07-30T09:02:27",
    "type": "call_answered",
    "uniqueid": "1753853599.830062"
}

{
    "call_type": "external",
    "caller_id_name": "260-SUP",
    "caller_id_num": "260",
    "cause": "0",
    "cause_description": "",
    "cause_txt": "",
    "channel": "SIP/260-0000caf8",
    "connected_line_name": "<unknown>",
    "connected_line_num": "<unknown>",
    "direction": "out",
    "end_time": "2025-07-30T09:02:27",
    "extension_number": "260",
    "has_ringing": false,
    "linkedid": "1753853599.830062",
    "other_extension_number": "<unknown>",
    "raw_event": {
        "AccountCode": "",
        "CallerIDName": "260-SUP",
        "CallerIDNum": "260",
        "Cause": "0",
        "Cause-txt": "Unknown",
        "Channel": "SIP/260-0000caf8",
        "ChannelState": "6",
        "ChannelStateDesc": "Up",
        "ConnectedLineName": "<unknown>",
        "ConnectedLineNum": "<unknown>",
        "Context": "app-announcement-2",
        "Event": "Hangup",
        "Exten": "s",
        "Language": "pr2",
        "Linkedid": "1753853599.830062",
        "Priority": "3",
        "Privilege": "call,all",
        "Uniqueid": "1753853599.830062"
    },
    "start_time": "2025-07-30T09:02:27",
    "status": "answered",
    "timestamp": "2025-07-30T09:02:27",
    "type": "call_ended",
    "uniqueid": "1753853599.830062"
}

{
    "call_duration": 0,
    "call_type": "external",
    "caller_id_name": "260-SUP",
    "caller_id_num": "260",
    "cause": "0",
    "cause_description": "",
    "cause_txt": "",
    "channel": "SIP/260-0000caf8",
    "connected_line_name": "<unknown>",
    "connected_line_num": "<unknown>",
    "direction": "out",
    "end_time": "2025-07-30T09:02:27",
    "extension_number": "260",
    "has_ringing": false,
    "linkedid": "1753853599.830062",
    "other_extension_number": "<unknown>",
    "raw_event": {
        "AccountCode": "",
        "CallerIDName": "260-SUP",
        "CallerIDNum": "260",
        "Cause": "0",
        "Cause-txt": "Unknown",
        "Channel": "SIP/260-0000caf8",
        "ChannelState": "6",
        "ChannelStateDesc": "Up",
        "ConnectedLineName": "<unknown>",
        "ConnectedLineNum": "<unknown>",
        "Context": "app-announcement-2",
        "Event": "Hangup",
        "Exten": "s",
        "Language": "pr2",
        "Linkedid": "1753853599.830062",
        "Priority": "3",
        "Privilege": "call,all",
        "Uniqueid": "1753853599.830062"
    },
    "start_time": "2025-07-30T09:02:27",
    "status": "answered",
    "timestamp": "2025-07-30T09:02:27",
    "type": "call_summary",
    "uniqueid": "1753853599.830062"
}

{
    "call_type": "",
    "caller_id_name": "260-SUP",
    "caller_id_num": "260",
    "channel": "SIP/260-0000cb31",
    "connected_line_name": "<unknown>",
    "connected_line_num": "<unknown>",
    "direction": "",
    "end_time": "",
    "extension_number": "260",
    "has_ringing": false,
    "linkedid": "1753853856.830608",
    "other_extension_number": "",
    "start_time": "2025-07-30T09:06:43",
    "status": "initiated",
    "timestamp": "2025-07-30T09:06:43",
    "type": "call_started",
    "uniqueid": "1753853856.830608"
}

{
    "channel": "SIP/260-0000cb31",
    "privilege": "call,all",
    "timestamp": "2025-07-30T09:06:51",
    "type": "call_answered",
    "uniqueid": "1753853856.830608"
}

{
    "call_type": "internal",
    "caller_id_name": "260-SUP",
    "caller_id_num": "260",
    "cause": "16",
    "cause_description": "",
    "cause_txt": "",
    "channel": "SIP/260-0000cb31",
    "connected_line_name": "160-SAL11",
    "connected_line_num": "160",
    "direction": "out",
    "end_time": "2025-07-30T09:09:45",
    "extension_number": "260",
    "has_ringing": false,
    "linkedid": "1753853856.830608",
    "other_extension_number": "160",
    "raw_event": {
        "AccountCode": "",
        "CallerIDName": "260-SUP",
        "CallerIDNum": "260",
        "Cause": "16",
        "Cause-txt": "Normal Clearing",
        "Channel": "SIP/260-0000cb31",
        "ChannelState": "6",
        "ChannelStateDesc": "Up",
        "ConnectedLineName": "160-SAL11",
        "ConnectedLineNum": "160",
        "Context": "from-internal",
        "Event": "Hangup",
        "Exten": "h",
        "Language": "pr2",
        "Linkedid": "1753853856.830608",
        "Priority": "1",
        "Privilege": "call,all",
        "Uniqueid": "1753853856.830608"
    },
    "start_time": "2025-07-30T09:06:51",
    "status": "answered",
    "timestamp": "2025-07-30T09:09:45",
    "type": "call_ended",
    "uniqueid": "1753853856.830608"
}

{
    "call_duration": 173,
    "call_type": "internal",
    "caller_id_name": "260-SUP",
    "caller_id_num": "260",
    "cause": "16",
    "cause_description": "",
    "cause_txt": "",
    "channel": "SIP/260-0000cb31",
    "connected_line_name": "160-SAL11",
    "connected_line_num": "160",
    "direction": "out",
    "end_time": "2025-07-30T09:09:45",
    "extension_number": "260",
    "has_ringing": false,
    "linkedid": "1753853856.830608",
    "other_extension_number": "160",
    "raw_event": {
        "AccountCode": "",
        "CallerIDName": "260-SUP",
        "CallerIDNum": "260",
        "Cause": "16",
        "Cause-txt": "Normal Clearing",
        "Channel": "SIP/260-0000cb31",
        "ChannelState": "6",
        "ChannelStateDesc": "Up",
        "ConnectedLineName": "160-SAL11",
        "ConnectedLineNum": "160",
        "Context": "from-internal",
        "Event": "Hangup",
        "Exten": "h",
        "Language": "pr2",
        "Linkedid": "1753853856.830608",
        "Priority": "1",
        "Privilege": "call,all",
        "Uniqueid": "1753853856.830608"
    },
    "start_time": "2025-07-30T09:06:51",
    "status": "answered",
    "timestamp": "2025-07-30T09:09:45",
    "type": "call_summary",
    "uniqueid": "1753853856.830608"
}

{
    "call_type": "",
    "caller_id_name": "260-SUP",
    "caller_id_num": "260",
    "channel": "SIP/260-0000cb6b",
    "connected_line_name": "<unknown>",
    "connected_line_num": "<unknown>",
    "direction": "",
    "end_time": "",
    "extension_number": "260",
    "has_ringing": false,
    "linkedid": "1753854299.831341",
    "other_extension_number": "",
    "start_time": "2025-07-30T09:14:07",
    "status": "initiated",
    "timestamp": "2025-07-30T09:14:07",
    "type": "call_started",
    "uniqueid": "1753854299.831344"
}

{
    "channel": "SIP/260-0000cb6b",
    "privilege": "call,all",
    "timestamp": "2025-07-30T09:14:07",
    "type": "call_ringing",
    "uniqueid": "1753854299.831344"
}

{
    "call_type": "internal",
    "caller_id_name": "260-SUP",
    "caller_id_num": "260",
    "cause": "16",
    "cause_description": "",
    "cause_txt": "",
    "channel": "SIP/260-0000cb6b",
    "connected_line_name": "161-SAL12",
    "connected_line_num": "161",
    "direction": "in",
    "end_time": "2025-07-30T09:14:24",
    "extension_number": "260",
    "has_ringing": true,
    "linkedid": "1753854299.831341",
    "other_extension_number": "161",
    "raw_event": {
        "AccountCode": "",
        "CallerIDName": "260-SUP",
        "CallerIDNum": "260",
        "Cause": "16",
        "Cause-txt": "Normal Clearing",
        "Channel": "SIP/260-0000cb6b",
        "ChannelState": "5",
        "ChannelStateDesc": "Ringing",
        "ConnectedLineName": "161-SAL12",
        "ConnectedLineNum": "161",
        "Context": "from-internal",
        "Event": "Hangup",
        "Exten": "260",
        "Language": "pr2",
        "Linkedid": "1753854299.831341",
        "Priority": "1",
        "Privilege": "call,all",
        "Uniqueid": "1753854299.831344"
    },
    "start_time": "2025-07-30T09:14:07",
    "status": "ringing",
    "timestamp": "2025-07-30T09:14:24",
    "type": "call_ended",
    "uniqueid": "1753854299.831344"
}

{
    "call_duration": 17,
    "call_type": "internal",
    "caller_id_name": "260-SUP",
    "caller_id_num": "260",
    "cause": "16",
    "cause_description": "",
    "cause_txt": "",
    "channel": "SIP/260-0000cb6b",
    "connected_line_name": "161-SAL12",
    "connected_line_num": "161",
    "direction": "in",
    "end_time": "2025-07-30T09:14:24",
    "extension_number": "260",
    "has_ringing": true,
    "linkedid": "1753854299.831341",
    "other_extension_number": "161",
    "raw_event": {
        "AccountCode": "",
        "CallerIDName": "260-SUP",
        "CallerIDNum": "260",
        "Cause": "16",
        "Cause-txt": "Normal Clearing",
        "Channel": "SIP/260-0000cb6b",
        "ChannelState": "5",
        "ChannelStateDesc": "Ringing",
        "ConnectedLineName": "161-SAL12",
        "ConnectedLineNum": "161",
        "Context": "from-internal",
        "Event": "Hangup",
        "Exten": "260",
        "Language": "pr2",
        "Linkedid": "1753854299.831341",
        "Priority": "1",
        "Privilege": "call,all",
        "Uniqueid": "1753854299.831344"
    },
    "start_time": "2025-07-30T09:14:07",
    "status": "ringing",
    "timestamp": "2025-07-30T09:14:24",
    "type": "call_summary",
    "uniqueid": "1753854299.831344"
}

{
    "call_type": "",
    "caller_id_name": "260-SUP",
    "caller_id_num": "260",
    "channel": "SIP/260-0000cc11",
    "connected_line_name": "<unknown>",
    "connected_line_num": "<unknown>",
    "direction": "",
    "end_time": "",
    "extension_number": "260",
    "has_ringing": false,
    "linkedid": "1753855776.833228",
    "other_extension_number": "",
    "start_time": "2025-07-30T09:38:44",
    "status": "initiated",
    "timestamp": "2025-07-30T09:38:44",
    "type": "call_started",
    "uniqueid": "1753855776.833228"
}

{
    "call_type": "internal",
    "caller_id_name": "260-SUP",
    "caller_id_num": "260",
    "cause": "16",
    "cause_description": "",
    "cause_txt": "",
    "channel": "SIP/260-0000cc11",
    "connected_line_name": "161-SAL12",
    "connected_line_num": "161",
    "direction": "out",
    "end_time": "2025-07-30T09:39:00",
    "extension_number": "260",
    "has_ringing": false,
    "linkedid": "1753855776.833228",
    "other_extension_number": "161",
    "raw_event": {
        "AccountCode": "",
        "CallerIDName": "260-SUP",
        "CallerIDNum": "260",
        "Cause": "16",
        "Cause-txt": "Normal Clearing",
        "Channel": "SIP/260-0000cc11",
        "ChannelState": "4",
        "ChannelStateDesc": "Ring",
        "ConnectedLineName": "161-SAL12",
        "ConnectedLineNum": "161",
        "Context": "from-internal",
        "Event": "Hangup",
        "Exten": "h",
        "Language": "pr2",
        "Linkedid": "1753855776.833228",
        "Priority": "1",
        "Privilege": "call,all",
        "Uniqueid": "1753855776.833228"
    },
    "start_time": "2025-07-30T09:38:44",
    "status": "initiated",
    "timestamp": "2025-07-30T09:39:00",
    "type": "call_ended",
    "uniqueid": "1753855776.833228"
}

{
    "call_duration": 16,
    "call_type": "internal",
    "caller_id_name": "260-SUP",
    "caller_id_num": "260",
    "cause": "16",
    "cause_description": "",
    "cause_txt": "",
    "channel": "SIP/260-0000cc11",
    "connected_line_name": "161-SAL12",
    "connected_line_num": "161",
    "direction": "out",
    "end_time": "2025-07-30T09:39:00",
    "extension_number": "260",
    "has_ringing": false,
    "linkedid": "1753855776.833228",
    "other_extension_number": "161",
    "raw_event": {
        "AccountCode": "",
        "CallerIDName": "260-SUP",
        "CallerIDNum": "260",
        "Cause": "16",
        "Cause-txt": "Normal Clearing",
        "Channel": "SIP/260-0000cc11",
        "ChannelState": "4",
        "ChannelStateDesc": "Ring",
        "ConnectedLineName": "161-SAL12",
        "ConnectedLineNum": "161",
        "Context": "from-internal",
        "Event": "Hangup",
        "Exten": "h",
        "Language": "pr2",
        "Linkedid": "1753855776.833228",
        "Priority": "1",
        "Privilege": "call,all",
        "Uniqueid": "1753855776.833228"
    },
    "start_time": "2025-07-30T09:38:44",
    "status": "initiated",
    "timestamp": "2025-07-30T09:39:00",
    "type": "call_summary",
    "uniqueid": "1753855776.833228"
}

{
    "call_type": "",
    "caller_id_name": "260-SUP",
    "caller_id_num": "260",
    "channel": "SIP/260-0000cc13",
    "connected_line_name": "<unknown>",
    "connected_line_num": "<unknown>",
    "direction": "",
    "end_time": "",
    "extension_number": "260",
    "has_ringing": false,
    "linkedid": "1753855794.833245",
    "other_extension_number": "",
    "start_time": "2025-07-30T09:39:02",
    "status": "initiated",
    "timestamp": "2025-07-30T09:39:02",
    "type": "call_started",
    "uniqueid": "1753855794.833245"
}

{
    "call_type": "internal",
    "caller_id_name": "260-SUP",
    "caller_id_num": "260",
    "cause": "0",
    "cause_description": "",
    "cause_txt": "",
    "channel": "SIP/260-0000cc13",
    "connected_line_name": "513-ICT4",
    "connected_line_num": "513",
    "direction": "out",
    "end_time": "2025-07-30T09:39:18",
    "extension_number": "260",
    "has_ringing": false,
    "linkedid": "1753855794.833245",
    "other_extension_number": "513",
    "raw_event": {
        "AccountCode": "",
        "CallerIDName": "260-SUP",
        "CallerIDNum": "260",
        "Cause": "0",
        "Cause-txt": "Unknown",
        "Channel": "SIP/260-0000cc13",
        "ChannelState": "4",
        "ChannelStateDesc": "Ring",
        "ConnectedLineName": "513-ICT4",
        "ConnectedLineNum": "513",
        "Context": "ext-local",
        "Event": "Hangup",
        "Exten": "h",
        "Language": "pr2",
        "Linkedid": "1753855794.833245",
        "Priority": "1",
        "Privilege": "call,all",
        "Uniqueid": "1753855794.833245"
    },
    "start_time": "2025-07-30T09:39:02",
    "status": "initiated",
    "timestamp": "2025-07-30T09:39:18",
    "type": "call_ended",
    "uniqueid": "1753855794.833245"
}

{
    "call_duration": 16,
    "call_type": "internal",
    "caller_id_name": "260-SUP",
    "caller_id_num": "260",
    "cause": "0",
    "cause_description": "",
    "cause_txt": "",
    "channel": "SIP/260-0000cc13",
    "connected_line_name": "513-ICT4",
    "connected_line_num": "513",
    "direction": "out",
    "end_time": "2025-07-30T09:39:18",
    "extension_number": "260",
    "has_ringing": false,
    "linkedid": "1753855794.833245",
    "other_extension_number": "513",
    "raw_event": {
        "AccountCode": "",
        "CallerIDName": "260-SUP",
        "CallerIDNum": "260",
        "Cause": "0",
        "Cause-txt": "Unknown",
        "Channel": "SIP/260-0000cc13",
        "ChannelState": "4",
        "ChannelStateDesc": "Ring",
        "ConnectedLineName": "513-ICT4",
        "ConnectedLineNum": "513",
        "Context": "ext-local",
        "Event": "Hangup",
        "Exten": "h",
        "Language": "pr2",
        "Linkedid": "1753855794.833245",
        "Priority": "1",
        "Privilege": "call,all",
        "Uniqueid": "1753855794.833245"
    },
    "start_time": "2025-07-30T09:39:02",
    "status": "initiated",
    "timestamp": "2025-07-30T09:39:18",
    "type": "call_summary",
    "uniqueid": "1753855794.833245"
}

{
    "call_type": "",
    "caller_id_name": "260-SUP",
    "caller_id_num": "260",
    "channel": "SIP/260-0000cc1c",
    "connected_line_name": "<unknown>",
    "connected_line_num": "<unknown>",
    "direction": "",
    "end_time": "",
    "extension_number": "260",
    "has_ringing": false,
    "linkedid": "1753855857.833338",
    "other_extension_number": "",
    "start_time": "2025-07-30T09:40:05",
    "status": "initiated",
    "timestamp": "2025-07-30T09:40:05",
    "type": "call_started",
    "uniqueid": "1753855857.833338"
}

{
    "channel": "SIP/260-0000cc1c",
    "privilege": "call,all",
    "timestamp": "2025-07-30T09:40:10",
    "type": "call_answered",
    "uniqueid": "1753855857.833338"
}

{
    "call_type": "internal",
    "caller_id_name": "260-SUP",
    "caller_id_num": "260",
    "cause": "16",
    "cause_description": "",
    "cause_txt": "",
    "channel": "SIP/260-0000cc1c",
    "connected_line_name": "450-RD-EL",
    "connected_line_num": "450",
    "direction": "out",
    "end_time": "2025-07-30T09:40:33",
    "extension_number": "260",
    "has_ringing": false,
    "linkedid": "1753855857.833338",
    "other_extension_number": "450",
    "raw_event": {
        "AccountCode": "",
        "CallerIDName": "260-SUP",
        "CallerIDNum": "260",
        "Cause": "16",
        "Cause-txt": "Normal Clearing",
        "Channel": "SIP/260-0000cc1c",
        "ChannelState": "6",
        "ChannelStateDesc": "Up",
        "ConnectedLineName": "450-RD-EL",
        "ConnectedLineNum": "450",
        "Context": "from-internal",
        "Event": "Hangup",
        "Exten": "h",
        "Language": "pr2",
        "Linkedid": "1753855857.833338",
        "Priority": "1",
        "Privilege": "call,all",
        "Uniqueid": "1753855857.833338"
    },
    "start_time": "2025-07-30T09:40:10",
    "status": "answered",
    "timestamp": "2025-07-30T09:40:33",
    "type": "call_ended",
    "uniqueid": "1753855857.833338"
}

{
    "call_duration": 22,
    "call_type": "internal",
    "caller_id_name": "260-SUP",
    "caller_id_num": "260",
    "cause": "16",
    "cause_description": "",
    "cause_txt": "",
    "channel": "SIP/260-0000cc1c",
    "connected_line_name": "450-RD-EL",
    "connected_line_num": "450",
    "direction": "out",
    "end_time": "2025-07-30T09:40:33",
    "extension_number": "260",
    "has_ringing": false,
    "linkedid": "1753855857.833338",
    "other_extension_number": "450",
    "raw_event": {
        "AccountCode": "",
        "CallerIDName": "260-SUP",
        "CallerIDNum": "260",
        "Cause": "16",
        "Cause-txt": "Normal Clearing",
        "Channel": "SIP/260-0000cc1c",
        "ChannelState": "6",
        "ChannelStateDesc": "Up",
        "ConnectedLineName": "450-RD-EL",
        "ConnectedLineNum": "450",
        "Context": "from-internal",
        "Event": "Hangup",
        "Exten": "h",
        "Language": "pr2",
        "Linkedid": "1753855857.833338",
        "Priority": "1",
        "Privilege": "call,all",
        "Uniqueid": "1753855857.833338"
    },
    "start_time": "2025-07-30T09:40:10",
    "status": "answered",
    "timestamp": "2025-07-30T09:40:33",
    "type": "call_summary",
    "uniqueid": "1753855857.833338"
}

{
    "call_type": "",
    "caller_id_name": "260-SUP",
    "caller_id_num": "260",
    "channel": "SIP/260-0000cc35",
    "connected_line_name": "<unknown>",
    "connected_line_num": "<unknown>",
    "direction": "",
    "end_time": "",
    "extension_number": "260",
    "has_ringing": false,
    "linkedid": "1753856130.833706",
    "other_extension_number": "",
    "start_time": "2025-07-30T09:44:37",
    "status": "initiated",
    "timestamp": "2025-07-30T09:44:37",
    "type": "call_started",
    "uniqueid": "1753856130.833706"
}

{
    "channel": "SIP/260-0000cc35",
    "privilege": "call,all",
    "timestamp": "2025-07-30T09:44:37",
    "type": "call_answered",
    "uniqueid": "1753856130.833706"
}

{
    "call_type": "internal",
    "caller_id_name": "260-SUP",
    "caller_id_num": "260",
    "cause": "20",
    "cause_description": "",
    "cause_txt": "",
    "channel": "SIP/260-0000cc35",
    "connected_line_name": "250-SUP1",
    "connected_line_num": "250",
    "direction": "out",
    "end_time": "2025-07-30T09:44:40",
    "extension_number": "260",
    "has_ringing": false,
    "linkedid": "1753856130.833706",
    "other_extension_number": "250",
    "raw_event": {
        "AccountCode": "",
        "CallerIDName": "260-SUP",
        "CallerIDNum": "260",
        "Cause": "20",
        "Cause-txt": "Subscriber absent",
        "Channel": "SIP/260-0000cc35",
        "ChannelState": "6",
        "ChannelStateDesc": "Up",
        "ConnectedLineName": "250-SUP1",
        "ConnectedLineNum": "250",
        "Context": "app-announcement-4",
        "Event": "Hangup",
        "Exten": "s",
        "Language": "pr2",
        "Linkedid": "1753856130.833706",
        "Priority": "5",
        "Privilege": "call,all",
        "Uniqueid": "1753856130.833706"
    },
    "start_time": "2025-07-30T09:44:37",
    "status": "answered",
    "timestamp": "2025-07-30T09:44:40",
    "type": "call_ended",
    "uniqueid": "1753856130.833706"
}

{
    "call_duration": 2,
    "call_type": "internal",
    "caller_id_name": "260-SUP",
    "caller_id_num": "260",
    "cause": "20",
    "cause_description": "",
    "cause_txt": "",
    "channel": "SIP/260-0000cc35",
    "connected_line_name": "250-SUP1",
    "connected_line_num": "250",
    "direction": "out",
    "end_time": "2025-07-30T09:44:40",
    "extension_number": "260",
    "has_ringing": false,
    "linkedid": "1753856130.833706",
    "other_extension_number": "250",
    "raw_event": {
        "AccountCode": "",
        "CallerIDName": "260-SUP",
        "CallerIDNum": "260",
        "Cause": "20",
        "Cause-txt": "Subscriber absent",
        "Channel": "SIP/260-0000cc35",
        "ChannelState": "6",
        "ChannelStateDesc": "Up",
        "ConnectedLineName": "250-SUP1",
        "ConnectedLineNum": "250",
        "Context": "app-announcement-4",
        "Event": "Hangup",
        "Exten": "s",
        "Language": "pr2",
        "Linkedid": "1753856130.833706",
        "Priority": "5",
        "Privilege": "call,all",
        "Uniqueid": "1753856130.833706"
    },
    "start_time": "2025-07-30T09:44:37",
    "status": "answered",
    "timestamp": "2025-07-30T09:44:40",
    "type": "call_summary",
    "uniqueid": "1753856130.833706"
}

{
    "call_type": "",
    "caller_id_name": "260-SUP",
    "caller_id_num": "260",
    "channel": "SIP/260-0000cc37",
    "connected_line_name": "<unknown>",
    "connected_line_num": "<unknown>",
    "direction": "",
    "end_time": "",
    "extension_number": "260",
    "has_ringing": false,
    "linkedid": "1753856144.833740",
    "other_extension_number": "",
    "start_time": "2025-07-30T09:44:52",
    "status": "initiated",
    "timestamp": "2025-07-30T09:44:52",
    "type": "call_started",
    "uniqueid": "1753856144.833740"
}

{
    "channel": "SIP/260-0000cc37",
    "privilege": "call,all",
    "timestamp": "2025-07-30T09:44:52",
    "type": "call_answered",
    "uniqueid": "1753856144.833740"
}

{
    "call_type": "internal",
    "caller_id_name": "260-SUP",
    "caller_id_num": "260",
    "cause": "20",
    "cause_description": "",
    "cause_txt": "",
    "channel": "SIP/260-0000cc37",
    "connected_line_name": "250-SUP1",
    "connected_line_num": "250",
    "direction": "out",
    "end_time": "2025-07-30T09:44:52",
    "extension_number": "260",
    "has_ringing": false,
    "linkedid": "1753856144.833740",
    "other_extension_number": "250",
    "raw_event": {
        "AccountCode": "",
        "CallerIDName": "260-SUP",
        "CallerIDNum": "260",
        "Cause": "20",
        "Cause-txt": "Subscriber absent",
        "Channel": "SIP/260-0000cc37",
        "ChannelState": "6",
        "ChannelStateDesc": "Up",
        "ConnectedLineName": "250-SUP1",
        "ConnectedLineNum": "250",
        "Context": "app-announcement-4",
        "Event": "Hangup",
        "Exten": "s",
        "Language": "pr2",
        "Linkedid": "1753856144.833740",
        "Priority": "3",
        "Privilege": "call,all",
        "Uniqueid": "1753856144.833740"
    },
    "start_time": "2025-07-30T09:44:52",
    "status": "answered",
    "timestamp": "2025-07-30T09:44:52",
    "type": "call_ended",
    "uniqueid": "1753856144.833740"
}

{
    "call_duration": 0,
    "call_type": "internal",
    "caller_id_name": "260-SUP",
    "caller_id_num": "260",
    "cause": "20",
    "cause_description": "",
    "cause_txt": "",
    "channel": "SIP/260-0000cc37",
    "connected_line_name": "250-SUP1",
    "connected_line_num": "250",
    "direction": "out",
    "end_time": "2025-07-30T09:44:52",
    "extension_number": "260",
    "has_ringing": false,
    "linkedid": "1753856144.833740",
    "other_extension_number": "250",
    "raw_event": {
        "AccountCode": "",
        "CallerIDName": "260-SUP",
        "CallerIDNum": "260",
        "Cause": "20",
        "Cause-txt": "Subscriber absent",
        "Channel": "SIP/260-0000cc37",
        "ChannelState": "6",
        "ChannelStateDesc": "Up",
        "ConnectedLineName": "250-SUP1",
        "ConnectedLineNum": "250",
        "Context": "app-announcement-4",
        "Event": "Hangup",
        "Exten": "s",
        "Language": "pr2",
        "Linkedid": "1753856144.833740",
        "Priority": "3",
        "Privilege": "call,all",
        "Uniqueid": "1753856144.833740"
    },
    "start_time": "2025-07-30T09:44:52",
    "status": "answered",
    "timestamp": "2025-07-30T09:44:52",
    "type": "call_summary",
    "uniqueid": "1753856144.833740"
}

{
    "call_type": "",
    "caller_id_name": "260-SUP",
    "caller_id_num": "260",
    "channel": "SIP/260-0000cc3a",
    "connected_line_name": "<unknown>",
    "connected_line_num": "<unknown>",
    "direction": "",
    "end_time": "",
    "extension_number": "260",
    "has_ringing": false,
    "linkedid": "1753856162.833770",
    "other_extension_number": "",
    "start_time": "2025-07-30T09:45:10",
    "status": "initiated",
    "timestamp": "2025-07-30T09:45:10",
    "type": "call_started",
    "uniqueid": "1753856162.833770"
}

{
    "channel": "SIP/260-0000cc3a",
    "privilege": "call,all",
    "timestamp": "2025-07-30T09:45:10",
    "type": "call_answered",
    "uniqueid": "1753856162.833770"
}

{
    "call_type": "internal",
    "caller_id_name": "260-SUP",
    "caller_id_num": "260",
    "cause": "20",
    "cause_description": "",
    "cause_txt": "",
    "channel": "SIP/260-0000cc3a",
    "connected_line_name": "250-SUP1",
    "connected_line_num": "250",
    "direction": "out",
    "end_time": "2025-07-30T09:45:10",
    "extension_number": "260",
    "has_ringing": false,
    "linkedid": "1753856162.833770",
    "other_extension_number": "250",
    "raw_event": {
        "AccountCode": "",
        "CallerIDName": "260-SUP",
        "CallerIDNum": "260",
        "Cause": "20",
        "Cause-txt": "Subscriber absent",
        "Channel": "SIP/260-0000cc3a",
        "ChannelState": "6",
        "ChannelStateDesc": "Up",
        "ConnectedLineName": "250-SUP1",
        "ConnectedLineNum": "250",
        "Context": "app-announcement-4",
        "Event": "Hangup",
        "Exten": "s",
        "Language": "pr2",
        "Linkedid": "1753856162.833770",
        "Priority": "3",
        "Privilege": "call,all",
        "Uniqueid": "1753856162.833770"
    },
    "start_time": "2025-07-30T09:45:10",
    "status": "answered",
    "timestamp": "2025-07-30T09:45:10",
    "type": "call_ended",
    "uniqueid": "1753856162.833770"
}

{
    "call_duration": 0,
    "call_type": "internal",
    "caller_id_name": "260-SUP",
    "caller_id_num": "260",
    "cause": "20",
    "cause_description": "",
    "cause_txt": "",
    "channel": "SIP/260-0000cc3a",
    "connected_line_name": "250-SUP1",
    "connected_line_num": "250",
    "direction": "out",
    "end_time": "2025-07-30T09:45:10",
    "extension_number": "260",
    "has_ringing": false,
    "linkedid": "1753856162.833770",
    "other_extension_number": "250",
    "raw_event": {
        "AccountCode": "",
        "CallerIDName": "260-SUP",
        "CallerIDNum": "260",
        "Cause": "20",
        "Cause-txt": "Subscriber absent",
        "Channel": "SIP/260-0000cc3a",
        "ChannelState": "6",
        "ChannelStateDesc": "Up",
        "ConnectedLineName": "250-SUP1",
        "ConnectedLineNum": "250",
        "Context": "app-announcement-4",
        "Event": "Hangup",
        "Exten": "s",
        "Language": "pr2",
        "Linkedid": "1753856162.833770",
        "Priority": "3",
        "Privilege": "call,all",
        "Uniqueid": "1753856162.833770"
    },
    "start_time": "2025-07-30T09:45:10",
    "status": "answered",
    "timestamp": "2025-07-30T09:45:10",
    "type": "call_summary",
    "uniqueid": "1753856162.833770"
}

{
    "call_type": "",
    "caller_id_name": "260-SUP",
    "caller_id_num": "260",
    "channel": "SIP/260-0000cc40",
    "connected_line_name": "<unknown>",
    "connected_line_num": "<unknown>",
    "direction": "",
    "end_time": "",
    "extension_number": "260",
    "has_ringing": false,
    "linkedid": "1753856271.833850",
    "other_extension_number": "",
    "start_time": "2025-07-30T09:46:59",
    "status": "initiated",
    "timestamp": "2025-07-30T09:46:59",
    "type": "call_started",
    "uniqueid": "1753856271.833853"
}

{
    "channel": "SIP/260-0000cc40",
    "privilege": "call,all",
    "timestamp": "2025-07-30T09:46:59",
    "type": "call_ringing",
    "uniqueid": "1753856271.833853"
}

{
    "channel": "SIP/260-0000cc40",
    "privilege": "call,all",
    "timestamp": "2025-07-30T09:47:04",
    "type": "call_answered",
    "uniqueid": "1753856271.833853"
}

{
    "call_type": "internal",
    "caller_id_name": "260-SUP",
    "caller_id_num": "260",
    "cause": "16",
    "cause_description": "",
    "cause_txt": "",
    "channel": "SIP/260-0000cc40",
    "connected_line_name": "123-SAL11",
    "connected_line_num": "123",
    "direction": "in",
    "end_time": "2025-07-30T09:47:43",
    "extension_number": "260",
    "has_ringing": true,
    "linkedid": "1753856271.833850",
    "other_extension_number": "123",
    "raw_event": {
        "AccountCode": "",
        "CallerIDName": "260-SUP",
        "CallerIDNum": "260",
        "Cause": "16",
        "Cause-txt": "Normal Clearing",
        "Channel": "SIP/260-0000cc40",
        "ChannelState": "6",
        "ChannelStateDesc": "Up",
        "ConnectedLineName": "123-SAL11",
        "ConnectedLineNum": "123",
        "Context": "from-internal",
        "Event": "Hangup",
        "Exten": "",
        "Language": "pr2",
        "Linkedid": "1753856271.833850",
        "Priority": "1",
        "Privilege": "call,all",
        "Uniqueid": "1753856271.833853"
    },
    "start_time": "2025-07-30T09:47:04",
    "status": "answered",
    "timestamp": "2025-07-30T09:47:43",
    "type": "call_ended",
    "uniqueid": "1753856271.833853"
}

{
    "call_duration": 39,
    "call_type": "internal",
    "caller_id_name": "260-SUP",
    "caller_id_num": "260",
    "cause": "16",
    "cause_description": "",
    "cause_txt": "",
    "channel": "SIP/260-0000cc40",
    "connected_line_name": "123-SAL11",
    "connected_line_num": "123",
    "direction": "in",
    "end_time": "2025-07-30T09:47:43",
    "extension_number": "260",
    "has_ringing": true,
    "linkedid": "1753856271.833850",
    "other_extension_number": "123",
    "raw_event": {
        "AccountCode": "",
        "CallerIDName": "260-SUP",
        "CallerIDNum": "260",
        "Cause": "16",
        "Cause-txt": "Normal Clearing",
        "Channel": "SIP/260-0000cc40",
        "ChannelState": "6",
        "ChannelStateDesc": "Up",
        "ConnectedLineName": "123-SAL11",
        "ConnectedLineNum": "123",
        "Context": "from-internal",
        "Event": "Hangup",
        "Exten": "",
        "Language": "pr2",
        "Linkedid": "1753856271.833850",
        "Priority": "1",
        "Privilege": "call,all",
        "Uniqueid": "1753856271.833853"
    },
    "start_time": "2025-07-30T09:47:04",
    "status": "answered",
    "timestamp": "2025-07-30T09:47:43",
    "type": "call_summary",
    "uniqueid": "1753856271.833853"
}

{
    "call_type": "",
    "caller_id_name": "260-SUP",
    "caller_id_num": "260",
    "channel": "SIP/260-0000cc42",
    "connected_line_name": "<unknown>",
    "connected_line_num": "<unknown>",
    "direction": "",
    "end_time": "",
    "extension_number": "260",
    "has_ringing": false,
    "linkedid": "1753855860.833363",
    "other_extension_number": "",
    "start_time": "2025-07-30T09:47:58",
    "status": "initiated",
    "timestamp": "2025-07-30T09:47:58",
    "type": "call_started",
    "uniqueid": "1753856330.833892"
}

{
    "channel": "SIP/260-0000cc42",
    "privilege": "call,all",
    "timestamp": "2025-07-30T09:47:58",
    "type": "call_ringing",
    "uniqueid": "1753856330.833892"
}

{
    "call_type": "external",
    "caller_id_name": "260-SUP",
    "caller_id_num": "260",
    "cause": "26",
    "cause_description": "",
    "cause_txt": "",
    "channel": "SIP/260-0000cc42",
    "connected_line_name": "<unknown>",
    "connected_line_num": "9134144350",
    "direction": "in",
    "end_time": "2025-07-30T09:48:09",
    "extension_number": "260",
    "has_ringing": true,
    "linkedid": "1753855860.833363",
    "other_extension_number": "9134144350",
    "raw_event": {
        "AccountCode": "",
        "CallerIDName": "260-SUP",
        "CallerIDNum": "260",
        "Cause": "26",
        "Cause-txt": "Answered elsewhere",
        "Channel": "SIP/260-0000cc42",
        "ChannelState": "5",
        "ChannelStateDesc": "Ringing",
        "ConnectedLineName": "<unknown>",
        "ConnectedLineNum": "9134144350",
        "Context": "from-internal",
        "Event": "Hangup",
        "Exten": "*8",
        "Language": "pr2",
        "Linkedid": "1753855860.833363",
        "Priority": "1",
        "Privilege": "call,all",
        "Uniqueid": "1753856330.833892"
    },
    "start_time": "2025-07-30T09:47:58",
    "status": "ringing",
    "timestamp": "2025-07-30T09:48:09",
    "type": "call_ended",
    "uniqueid": "1753856330.833892"
}

{
    "call_duration": 10,
    "call_type": "external",
    "caller_id_name": "260-SUP",
    "caller_id_num": "260",
    "cause": "26",
    "cause_description": "",
    "cause_txt": "",
    "channel": "SIP/260-0000cc42",
    "connected_line_name": "<unknown>",
    "connected_line_num": "9134144350",
    "direction": "in",
    "end_time": "2025-07-30T09:48:09",
    "extension_number": "260",
    "has_ringing": true,
    "linkedid": "1753855860.833363",
    "other_extension_number": "9134144350",
    "raw_event": {
        "AccountCode": "",
        "CallerIDName": "260-SUP",
        "CallerIDNum": "260",
        "Cause": "26",
        "Cause-txt": "Answered elsewhere",
        "Channel": "SIP/260-0000cc42",
        "ChannelState": "5",
        "ChannelStateDesc": "Ringing",
        "ConnectedLineName": "<unknown>",
        "ConnectedLineNum": "9134144350",
        "Context": "from-internal",
        "Event": "Hangup",
        "Exten": "*8",
        "Language": "pr2",
        "Linkedid": "1753855860.833363",
        "Priority": "1",
        "Privilege": "call,all",
        "Uniqueid": "1753856330.833892"
    },
    "start_time": "2025-07-30T09:47:58",
    "status": "ringing",
    "timestamp": "2025-07-30T09:48:09",
    "type": "call_summary",
    "uniqueid": "1753856330.833892"
}

{
    "call_type": "",
    "caller_id_name": "260-SUP",
    "caller_id_num": "260",
    "channel": "SIP/260-0000cc7d",
    "connected_line_name": "<unknown>",
    "connected_line_num": "<unknown>",
    "direction": "",
    "end_time": "",
    "extension_number": "260",
    "has_ringing": false,
    "linkedid": "1753856780.834743",
    "other_extension_number": "",
    "start_time": "2025-07-30T09:55:27",
    "status": "initiated",
    "timestamp": "2025-07-30T09:55:27",
    "type": "call_started",
    "uniqueid": "1753856780.834743"
}

{
    "channel": "SIP/260-0000cc7d",
    "privilege": "call,all",
    "timestamp": "2025-07-30T09:55:28",
    "type": "call_answered",
    "uniqueid": "1753856780.834743"
}

{
    "call_type": "internal",
    "caller_id_name": "260-SUP",
    "caller_id_num": "260",
    "cause": "20",
    "cause_description": "",
    "cause_txt": "",
    "channel": "SIP/260-0000cc7d",
    "connected_line_name": "250-SUP1",
    "connected_line_num": "250",
    "direction": "out",
    "end_time": "2025-07-30T09:55:30",
    "extension_number": "260",
    "has_ringing": false,
    "linkedid": "1753856780.834743",
    "other_extension_number": "250",
    "raw_event": {
        "AccountCode": "",
        "CallerIDName": "260-SUP",
        "CallerIDNum": "260",
        "Cause": "20",
        "Cause-txt": "Subscriber absent",
        "Channel": "SIP/260-0000cc7d",
        "ChannelState": "6",
        "ChannelStateDesc": "Up",
        "ConnectedLineName": "250-SUP1",
        "ConnectedLineNum": "250",
        "Context": "app-announcement-4",
        "Event": "Hangup",
        "Exten": "s",
        "Language": "pr2",
        "Linkedid": "1753856780.834743",
        "Priority": "5",
        "Privilege": "call,all",
        "Uniqueid": "1753856780.834743"
    },
    "start_time": "2025-07-30T09:55:28",
    "status": "answered",
    "timestamp": "2025-07-30T09:55:30",
    "type": "call_ended",
    "uniqueid": "1753856780.834743"
}

{
    "call_duration": 1,
    "call_type": "internal",
    "caller_id_name": "260-SUP",
    "caller_id_num": "260",
    "cause": "20",
    "cause_description": "",
    "cause_txt": "",
    "channel": "SIP/260-0000cc7d",
    "connected_line_name": "250-SUP1",
    "connected_line_num": "250",
    "direction": "out",
    "end_time": "2025-07-30T09:55:30",
    "extension_number": "260",
    "has_ringing": false,
    "linkedid": "1753856780.834743",
    "other_extension_number": "250",
    "raw_event": {
        "AccountCode": "",
        "CallerIDName": "260-SUP",
        "CallerIDNum": "260",
        "Cause": "20",
        "Cause-txt": "Subscriber absent",
        "Channel": "SIP/260-0000cc7d",
        "ChannelState": "6",
        "ChannelStateDesc": "Up",
        "ConnectedLineName": "250-SUP1",
        "ConnectedLineNum": "250",
        "Context": "app-announcement-4",
        "Event": "Hangup",
        "Exten": "s",
        "Language": "pr2",
        "Linkedid": "1753856780.834743",
        "Priority": "5",
        "Privilege": "call,all",
        "Uniqueid": "1753856780.834743"
    },
    "start_time": "2025-07-30T09:55:28",
    "status": "answered",
    "timestamp": "2025-07-30T09:55:30",
    "type": "call_summary",
    "uniqueid": "1753856780.834743"
}

{
    "call_type": "",
    "caller_id_name": "260-SUP",
    "caller_id_num": "260",
    "channel": "SIP/260-0000cc81",
    "connected_line_name": "<unknown>",
    "connected_line_num": "<unknown>",
    "direction": "",
    "end_time": "",
    "extension_number": "260",
    "has_ringing": false,
    "linkedid": "1753856818.834806",
    "other_extension_number": "",
    "start_time": "2025-07-30T09:56:06",
    "status": "initiated",
    "timestamp": "2025-07-30T09:56:06",
    "type": "call_started",
    "uniqueid": "1753856819.834809"
}

{
    "channel": "SIP/260-0000cc81",
    "privilege": "call,all",
    "timestamp": "2025-07-30T09:56:06",
    "type": "call_ringing",
    "uniqueid": "1753856819.834809"
}

{
    "channel": "SIP/260-0000cc81",
    "privilege": "call,all",
    "timestamp": "2025-07-30T09:56:16",
    "type": "call_answered",
    "uniqueid": "1753856819.834809"
}

{
    "call_type": "internal",
    "caller_id_name": "260-SUP",
    "caller_id_num": "260",
    "cause": "16",
    "cause_description": "",
    "cause_txt": "",
    "channel": "SIP/260-0000cc81",
    "connected_line_name": "161-SAL12",
    "connected_line_num": "161",
    "direction": "in",
    "end_time": "2025-07-30T09:56:27",
    "extension_number": "260",
    "has_ringing": true,
    "linkedid": "1753856818.834806",
    "other_extension_number": "161",
    "raw_event": {
        "AccountCode": "",
        "CallerIDName": "260-SUP",
        "CallerIDNum": "260",
        "Cause": "16",
        "Cause-txt": "Normal Clearing",
        "Channel": "SIP/260-0000cc81",
        "ChannelState": "6",
        "ChannelStateDesc": "Up",
        "ConnectedLineName": "161-SAL12",
        "ConnectedLineNum": "161",
        "Context": "from-internal",
        "Event": "Hangup",
        "Exten": "",
        "Language": "pr2",
        "Linkedid": "1753856818.834806",
        "Priority": "1",
        "Privilege": "call,all",
        "Uniqueid": "1753856819.834809"
    },
    "start_time": "2025-07-30T09:56:16",
    "status": "answered",
    "timestamp": "2025-07-30T09:56:27",
    "type": "call_ended",
    "uniqueid": "1753856819.834809"
}

{
    "call_duration": 11,
    "call_type": "internal",
    "caller_id_name": "260-SUP",
    "caller_id_num": "260",
    "cause": "16",
    "cause_description": "",
    "cause_txt": "",
    "channel": "SIP/260-0000cc81",
    "connected_line_name": "161-SAL12",
    "connected_line_num": "161",
    "direction": "in",
    "end_time": "2025-07-30T09:56:27",
    "extension_number": "260",
    "has_ringing": true,
    "linkedid": "1753856818.834806",
    "other_extension_number": "161",
    "raw_event": {
        "AccountCode": "",
        "CallerIDName": "260-SUP",
        "CallerIDNum": "260",
        "Cause": "16",
        "Cause-txt": "Normal Clearing",
        "Channel": "SIP/260-0000cc81",
        "ChannelState": "6",
        "ChannelStateDesc": "Up",
        "ConnectedLineName": "161-SAL12",
        "ConnectedLineNum": "161",
        "Context": "from-internal",
        "Event": "Hangup",
        "Exten": "",
        "Language": "pr2",
        "Linkedid": "1753856818.834806",
        "Priority": "1",
        "Privilege": "call,all",
        "Uniqueid": "1753856819.834809"
    },
    "start_time": "2025-07-30T09:56:16",
    "status": "answered",
    "timestamp": "2025-07-30T09:56:27",
    "type": "call_summary",
    "uniqueid": "1753856819.834809"
}

{
    "call_type": "",
    "caller_id_name": "260-SUP",
    "caller_id_num": "260",
    "channel": "SIP/260-0000cca2",
    "connected_line_name": "<unknown>",
    "connected_line_num": "<unknown>",
    "direction": "",
    "end_time": "",
    "extension_number": "260",
    "has_ringing": false,
    "linkedid": "1753857221.835274",
    "other_extension_number": "",
    "start_time": "2025-07-30T10:02:48",
    "status": "initiated",
    "timestamp": "2025-07-30T10:02:48",
    "type": "call_started",
    "uniqueid": "1753857221.835274"
}

{
    "channel": "SIP/260-0000cca2",
    "privilege": "call,all",
    "timestamp": "2025-07-30T10:02:52",
    "type": "call_answered",
    "uniqueid": "1753857221.835274"
}

{
    "call_type": "internal",
    "caller_id_name": "260-SUP",
    "caller_id_num": "260",
    "cause": "16",
    "cause_description": "",
    "cause_txt": "",
    "channel": "SIP/260-0000cca2",
    "connected_line_name": "161-SAL12",
    "connected_line_num": "161",
    "direction": "out",
    "end_time": "2025-07-30T10:05:30",
    "extension_number": "260",
    "has_ringing": false,
    "linkedid": "1753857221.835274",
    "other_extension_number": "161",
    "raw_event": {
        "AccountCode": "",
        "CallerIDName": "260-SUP",
        "CallerIDNum": "260",
        "Cause": "16",
        "Cause-txt": "Normal Clearing",
        "Channel": "SIP/260-0000cca2",
        "ChannelState": "6",
        "ChannelStateDesc": "Up",
        "ConnectedLineName": "161-SAL12",
        "ConnectedLineNum": "161",
        "Context": "from-internal",
        "Event": "Hangup",
        "Exten": "h",
        "Language": "pr2",
        "Linkedid": "1753857221.835274",
        "Priority": "1",
        "Privilege": "call,all",
        "Uniqueid": "1753857221.835274"
    },
    "start_time": "2025-07-30T10:02:52",
    "status": "answered",
    "timestamp": "2025-07-30T10:05:30",
    "type": "call_ended",
    "uniqueid": "1753857221.835274"
}

{
    "call_duration": 158,
    "call_type": "internal",
    "caller_id_name": "260-SUP",
    "caller_id_num": "260",
    "cause": "16",
    "cause_description": "",
    "cause_txt": "",
    "channel": "SIP/260-0000cca2",
    "connected_line_name": "161-SAL12",
    "connected_line_num": "161",
    "direction": "out",
    "end_time": "2025-07-30T10:05:30",
    "extension_number": "260",
    "has_ringing": false,
    "linkedid": "1753857221.835274",
    "other_extension_number": "161",
    "raw_event": {
        "AccountCode": "",
        "CallerIDName": "260-SUP",
        "CallerIDNum": "260",
        "Cause": "16",
        "Cause-txt": "Normal Clearing",
        "Channel": "SIP/260-0000cca2",
        "ChannelState": "6",
        "ChannelStateDesc": "Up",
        "ConnectedLineName": "161-SAL12",
        "ConnectedLineNum": "161",
        "Context": "from-internal",
        "Event": "Hangup",
        "Exten": "h",
        "Language": "pr2",
        "Linkedid": "1753857221.835274",
        "Priority": "1",
        "Privilege": "call,all",
        "Uniqueid": "1753857221.835274"
    },
    "start_time": "2025-07-30T10:02:52",
    "status": "answered",
    "timestamp": "2025-07-30T10:05:30",
    "type": "call_summary",
    "uniqueid": "1753857221.835274"
}

{
    "call_type": "",
    "caller_id_name": "260-SUP",
    "caller_id_num": "260",
    "channel": "SIP/260-0000ccb0",
    "connected_line_name": "<unknown>",
    "connected_line_num": "<unknown>",
    "direction": "",
    "end_time": "",
    "extension_number": "260",
    "has_ringing": false,
    "linkedid": "1753857431.835447",
    "other_extension_number": "",
    "start_time": "2025-07-30T10:06:19",
    "status": "initiated",
    "timestamp": "2025-07-30T10:06:19",
    "type": "call_started",
    "uniqueid": "1753857432.835450"
}

{
    "channel": "SIP/260-0000ccb0",
    "privilege": "call,all",
    "timestamp": "2025-07-30T10:06:19",
    "type": "call_ringing",
    "uniqueid": "1753857432.835450"
}

{
    "channel": "SIP/260-0000ccb0",
    "privilege": "call,all",
    "timestamp": "2025-07-30T10:06:21",
    "type": "call_answered",
    "uniqueid": "1753857432.835450"
}

{
    "call_type": "internal",
    "caller_id_name": "260-SUP",
    "caller_id_num": "260",
    "cause": "16",
    "cause_description": "",
    "cause_txt": "",
    "channel": "SIP/260-0000ccb0",
    "connected_line_name": "161-SAL12",
    "connected_line_num": "161",
    "direction": "in",
    "end_time": "2025-07-30T10:06:30",
    "extension_number": "260",
    "has_ringing": true,
    "linkedid": "1753857431.835447",
    "other_extension_number": "161",
    "raw_event": {
        "AccountCode": "",
        "CallerIDName": "260-SUP",
        "CallerIDNum": "260",
        "Cause": "16",
        "Cause-txt": "Normal Clearing",
        "Channel": "SIP/260-0000ccb0",
        "ChannelState": "6",
        "ChannelStateDesc": "Up",
        "ConnectedLineName": "161-SAL12",
        "ConnectedLineNum": "161",
        "Context": "from-internal",
        "Event": "Hangup",
        "Exten": "",
        "Language": "pr2",
        "Linkedid": "1753857431.835447",
        "Priority": "1",
        "Privilege": "call,all",
        "Uniqueid": "1753857432.835450"
    },
    "start_time": "2025-07-30T10:06:21",
    "status": "answered",
    "timestamp": "2025-07-30T10:06:30",
    "type": "call_ended",
    "uniqueid": "1753857432.835450"
}

{
    "call_duration": 8,
    "call_type": "internal",
    "caller_id_name": "260-SUP",
    "caller_id_num": "260",
    "cause": "16",
    "cause_description": "",
    "cause_txt": "",
    "channel": "SIP/260-0000ccb0",
    "connected_line_name": "161-SAL12",
    "connected_line_num": "161",
    "direction": "in",
    "end_time": "2025-07-30T10:06:30",
    "extension_number": "260",
    "has_ringing": true,
    "linkedid": "1753857431.835447",
    "other_extension_number": "161",
    "raw_event": {
        "AccountCode": "",
        "CallerIDName": "260-SUP",
        "CallerIDNum": "260",
        "Cause": "16",
        "Cause-txt": "Normal Clearing",
        "Channel": "SIP/260-0000ccb0",
        "ChannelState": "6",
        "ChannelStateDesc": "Up",
        "ConnectedLineName": "161-SAL12",
        "ConnectedLineNum": "161",
        "Context": "from-internal",
        "Event": "Hangup",
        "Exten": "",
        "Language": "pr2",
        "Linkedid": "1753857431.835447",
        "Priority": "1",
        "Privilege": "call,all",
        "Uniqueid": "1753857432.835450"
    },
    "start_time": "2025-07-30T10:06:21",
    "status": "answered",
    "timestamp": "2025-07-30T10:06:30",
    "type": "call_summary",
    "uniqueid": "1753857432.835450"
}

{
    "call_type": "",
    "caller_id_name": "260-SUP",
    "caller_id_num": "260",
    "channel": "SIP/260-0000cdc0",
    "connected_line_name": "<unknown>",
    "connected_line_num": "<unknown>",
    "direction": "",
    "end_time": "",
    "extension_number": "260",
    "has_ringing": false,
    "linkedid": "1753859074.839226",
    "other_extension_number": "",
    "start_time": "2025-07-30T10:33:41",
    "status": "initiated",
    "timestamp": "2025-07-30T10:33:41",
    "type": "call_started",
    "uniqueid": "1753859074.839226"
}

{
    "call_type": "external",
    "caller_id_name": "<unknown>",
    "caller_id_num": "260",
    "cause": "20",
    "cause_description": "",
    "cause_txt": "",
    "channel": "SIP/260-0000cdc0",
    "connected_line_name": "CID:36944000",
    "connected_line_num": "2555",
    "direction": "out",
    "end_time": "2025-07-30T10:33:42",
    "extension_number": "260",
    "has_ringing": false,
    "linkedid": "1753859074.839226",
    "other_extension_number": "2555",
    "raw_event": {
        "AccountCode": "",
        "CallerIDName": "<unknown>",
        "CallerIDNum": "260",
        "Cause": "20",
        "Cause-txt": "Subscriber absent",
        "Channel": "SIP/260-0000cdc0",
        "ChannelState": "4",
        "ChannelStateDesc": "Ring",
        "ConnectedLineName": "CID:36944000",
        "ConnectedLineNum": "2555",
        "Context": "from-internal",
        "Event": "Hangup",
        "Exten": "h",
        "Language": "pr2",
        "Linkedid": "1753859074.839226",
        "Priority": "1",
        "Privilege": "call,all",
        "Uniqueid": "1753859074.839226"
    },
    "start_time": "2025-07-30T10:33:41",
    "status": "initiated",
    "timestamp": "2025-07-30T10:33:42",
    "type": "call_ended",
    "uniqueid": "1753859074.839226"
}

{
    "call_duration": 1,
    "call_type": "external",
    "caller_id_name": "<unknown>",
    "caller_id_num": "260",
    "cause": "20",
    "cause_description": "",
    "cause_txt": "",
    "channel": "SIP/260-0000cdc0",
    "connected_line_name": "CID:36944000",
    "connected_line_num": "2555",
    "direction": "out",
    "end_time": "2025-07-30T10:33:42",
    "extension_number": "260",
    "has_ringing": false,
    "linkedid": "1753859074.839226",
    "other_extension_number": "2555",
    "raw_event": {
        "AccountCode": "",
        "CallerIDName": "<unknown>",
        "CallerIDNum": "260",
        "Cause": "20",
        "Cause-txt": "Subscriber absent",
        "Channel": "SIP/260-0000cdc0",
        "ChannelState": "4",
        "ChannelStateDesc": "Ring",
        "ConnectedLineName": "CID:36944000",
        "ConnectedLineNum": "2555",
        "Context": "from-internal",
        "Event": "Hangup",
        "Exten": "h",
        "Language": "pr2",
        "Linkedid": "1753859074.839226",
        "Priority": "1",
        "Privilege": "call,all",
        "Uniqueid": "1753859074.839226"
    },
    "start_time": "2025-07-30T10:33:41",
    "status": "initiated",
    "timestamp": "2025-07-30T10:33:42",
    "type": "call_summary",
    "uniqueid": "1753859074.839226"
}

{
    "call_type": "",
    "caller_id_name": "260-SUP",
    "caller_id_num": "260",
    "channel": "SIP/260-0000cdc2",
    "connected_line_name": "<unknown>",
    "connected_line_num": "<unknown>",
    "direction": "",
    "end_time": "",
    "extension_number": "260",
    "has_ringing": false,
    "linkedid": "1753859076.839244",
    "other_extension_number": "",
    "start_time": "2025-07-30T10:33:43",
    "status": "initiated",
    "timestamp": "2025-07-30T10:33:43",
    "type": "call_started",
    "uniqueid": "1753859076.839244"
}

{
    "channel": "SIP/260-0000cdc2",
    "privilege": "call,all",
    "timestamp": "2025-07-30T10:33:48",
    "type": "call_answered",
    "uniqueid": "1753859076.839244"
}

{
    "call_type": "internal",
    "caller_id_name": "260-SUP",
    "caller_id_num": "260",
    "cause": "16",
    "cause_description": "",
    "cause_txt": "",
    "channel": "SIP/260-0000cdc2",
    "connected_line_name": "255-SUP5",
    "connected_line_num": "255",
    "direction": "out",
    "end_time": "2025-07-30T10:35:29",
    "extension_number": "260",
    "has_ringing": false,
    "linkedid": "1753859076.839244",
    "other_extension_number": "255",
    "raw_event": {
        "AccountCode": "",
        "CallerIDName": "260-SUP",
        "CallerIDNum": "260",
        "Cause": "16",
        "Cause-txt": "Normal Clearing",
        "Channel": "SIP/260-0000cdc2",
        "ChannelState": "6",
        "ChannelStateDesc": "Up",
        "ConnectedLineName": "255-SUP5",
        "ConnectedLineNum": "255",
        "Context": "from-internal",
        "Event": "Hangup",
        "Exten": "h",
        "Language": "pr2",
        "Linkedid": "1753859076.839244",
        "Priority": "1",
        "Privilege": "call,all",
        "Uniqueid": "1753859076.839244"
    },
    "start_time": "2025-07-30T10:33:48",
    "status": "answered",
    "timestamp": "2025-07-30T10:35:29",
    "type": "call_ended",
    "uniqueid": "1753859076.839244"
}

{
    "call_duration": 101,
    "call_type": "internal",
    "caller_id_name": "260-SUP",
    "caller_id_num": "260",
    "cause": "16",
    "cause_description": "",
    "cause_txt": "",
    "channel": "SIP/260-0000cdc2",
    "connected_line_name": "255-SUP5",
    "connected_line_num": "255",
    "direction": "out",
    "end_time": "2025-07-30T10:35:29",
    "extension_number": "260",
    "has_ringing": false,
    "linkedid": "1753859076.839244",
    "other_extension_number": "255",
    "raw_event": {
        "AccountCode": "",
        "CallerIDName": "260-SUP",
        "CallerIDNum": "260",
        "Cause": "16",
        "Cause-txt": "Normal Clearing",
        "Channel": "SIP/260-0000cdc2",
        "ChannelState": "6",
        "ChannelStateDesc": "Up",
        "ConnectedLineName": "255-SUP5",
        "ConnectedLineNum": "255",
        "Context": "from-internal",
        "Event": "Hangup",
        "Exten": "h",
        "Language": "pr2",
        "Linkedid": "1753859076.839244",
        "Priority": "1",
        "Privilege": "call,all",
        "Uniqueid": "1753859076.839244"
    },
    "start_time": "2025-07-30T10:33:48",
    "status": "answered",
    "timestamp": "2025-07-30T10:35:29",
    "type": "call_summary",
    "uniqueid": "1753859076.839244"
}

{
    "call_type": "",
    "caller_id_name": "260-SUP",
    "caller_id_num": "260",
    "channel": "SIP/260-0000ce29",
    "connected_line_name": "<unknown>",
    "connected_line_num": "<unknown>",
    "direction": "",
    "end_time": "",
    "extension_number": "260",
    "has_ringing": false,
    "linkedid": "1753859755.840458",
    "other_extension_number": "",
    "start_time": "2025-07-30T10:45:02",
    "status": "initiated",
    "timestamp": "2025-07-30T10:45:02",
    "type": "call_started",
    "uniqueid": "1753859755.840458"
}

{
    "channel": "SIP/260-0000ce29",
    "privilege": "call,all",
    "timestamp": "2025-07-30T10:45:06",
    "type": "call_answered",
    "uniqueid": "1753859755.840458"
}

{
    "call_type": "internal",
    "caller_id_name": "260-SUP",
    "caller_id_num": "260",
    "cause": "16",
    "cause_description": "",
    "cause_txt": "",
    "channel": "SIP/260-0000ce29",
    "connected_line_name": "206-CEO2",
    "connected_line_num": "206",
    "direction": "out",
    "end_time": "2025-07-30T10:49:34",
    "extension_number": "260",
    "has_ringing": false,
    "linkedid": "1753859755.840458",
    "other_extension_number": "206",
    "raw_event": {
        "AccountCode": "",
        "CallerIDName": "260-SUP",
        "CallerIDNum": "260",
        "Cause": "16",
        "Cause-txt": "Normal Clearing",
        "Channel": "SIP/260-0000ce29",
        "ChannelState": "6",
        "ChannelStateDesc": "Up",
        "ConnectedLineName": "206-CEO2",
        "ConnectedLineNum": "206",
        "Context": "from-internal",
        "Event": "Hangup",
        "Exten": "h",
        "Language": "pr2",
        "Linkedid": "1753859755.840458",
        "Priority": "1",
        "Privilege": "call,all",
        "Uniqueid": "1753859755.840458"
    },
    "start_time": "2025-07-30T10:45:06",
    "status": "answered",
    "timestamp": "2025-07-30T10:49:34",
    "type": "call_ended",
    "uniqueid": "1753859755.840458"
}

{
    "call_duration": 268,
    "call_type": "internal",
    "caller_id_name": "260-SUP",
    "caller_id_num": "260",
    "cause": "16",
    "cause_description": "",
    "cause_txt": "",
    "channel": "SIP/260-0000ce29",
    "connected_line_name": "206-CEO2",
    "connected_line_num": "206",
    "direction": "out",
    "end_time": "2025-07-30T10:49:34",
    "extension_number": "260",
    "has_ringing": false,
    "linkedid": "1753859755.840458",
    "other_extension_number": "206",
    "raw_event": {
        "AccountCode": "",
        "CallerIDName": "260-SUP",
        "CallerIDNum": "260",
        "Cause": "16",
        "Cause-txt": "Normal Clearing",
        "Channel": "SIP/260-0000ce29",
        "ChannelState": "6",
        "ChannelStateDesc": "Up",
        "ConnectedLineName": "206-CEO2",
        "ConnectedLineNum": "206",
        "Context": "from-internal",
        "Event": "Hangup",
        "Exten": "h",
        "Language": "pr2",
        "Linkedid": "1753859755.840458",
        "Priority": "1",
        "Privilege": "call,all",
        "Uniqueid": "1753859755.840458"
    },
    "start_time": "2025-07-30T10:45:06",
    "status": "answered",
    "timestamp": "2025-07-30T10:49:34",
    "type": "call_summary",
    "uniqueid": "1753859755.840458"
}

{
    "call_type": "",
    "caller_id_name": "260-SUP",
    "caller_id_num": "260",
    "channel": "SIP/260-0000ceb8",
    "connected_line_name": "<unknown>",
    "connected_line_num": "<unknown>",
    "direction": "",
    "end_time": "",
    "extension_number": "260",
    "has_ringing": false,
    "linkedid": "1753860666.841946",
    "other_extension_number": "",
    "start_time": "2025-07-30T11:00:14",
    "status": "initiated",
    "timestamp": "2025-07-30T11:00:14",
    "type": "call_started",
    "uniqueid": "1753860666.841946"
}

{
    "channel": "SIP/260-0000ceb8",
    "privilege": "call,all",
    "timestamp": "2025-07-30T11:00:14",
    "type": "call_answered",
    "uniqueid": "1753860666.841946"
}

{
    "call_type": "internal",
    "caller_id_name": "260-SUP",
    "caller_id_num": "260",
    "cause": "20",
    "cause_description": "",
    "cause_txt": "",
    "channel": "SIP/260-0000ceb8",
    "connected_line_name": "131-SAL4",
    "connected_line_num": "131",
    "direction": "out",
    "end_time": "2025-07-30T11:00:15",
    "extension_number": "260",
    "has_ringing": false,
    "linkedid": "1753860666.841946",
    "other_extension_number": "131",
    "raw_event": {
        "AccountCode": "",
        "CallerIDName": "260-SUP",
        "CallerIDNum": "260",
        "Cause": "20",
        "Cause-txt": "Subscriber absent",
        "Channel": "SIP/260-0000ceb8",
        "ChannelState": "6",
        "ChannelStateDesc": "Up",
        "ConnectedLineName": "131-SAL4",
        "ConnectedLineNum": "131",
        "Context": "app-announcement-4",
        "Event": "Hangup",
        "Exten": "s",
        "Language": "pr2",
        "Linkedid": "1753860666.841946",
        "Priority": "5",
        "Privilege": "call,all",
        "Uniqueid": "1753860666.841946"
    },
    "start_time": "2025-07-30T11:00:14",
    "status": "answered",
    "timestamp": "2025-07-30T11:00:15",
    "type": "call_ended",
    "uniqueid": "1753860666.841946"
}

{
    "call_duration": 0,
    "call_type": "internal",
    "caller_id_name": "260-SUP",
    "caller_id_num": "260",
    "cause": "20",
    "cause_description": "",
    "cause_txt": "",
    "channel": "SIP/260-0000ceb8",
    "connected_line_name": "131-SAL4",
    "connected_line_num": "131",
    "direction": "out",
    "end_time": "2025-07-30T11:00:15",
    "extension_number": "260",
    "has_ringing": false,
    "linkedid": "1753860666.841946",
    "other_extension_number": "131",
    "raw_event": {
        "AccountCode": "",
        "CallerIDName": "260-SUP",
        "CallerIDNum": "260",
        "Cause": "20",
        "Cause-txt": "Subscriber absent",
        "Channel": "SIP/260-0000ceb8",
        "ChannelState": "6",
        "ChannelStateDesc": "Up",
        "ConnectedLineName": "131-SAL4",
        "ConnectedLineNum": "131",
        "Context": "app-announcement-4",
        "Event": "Hangup",
        "Exten": "s",
        "Language": "pr2",
        "Linkedid": "1753860666.841946",
        "Priority": "5",
        "Privilege": "call,all",
        "Uniqueid": "1753860666.841946"
    },
    "start_time": "2025-07-30T11:00:14",
    "status": "answered",
    "timestamp": "2025-07-30T11:00:15",
    "type": "call_summary",
    "uniqueid": "1753860666.841946"
}

{
    "call_type": "",
    "caller_id_name": "260-SUP",
    "caller_id_num": "260",
    "channel": "SIP/260-0000cef6",
    "connected_line_name": "<unknown>",
    "connected_line_num": "<unknown>",
    "direction": "",
    "end_time": "",
    "extension_number": "260",
    "has_ringing": false,
    "linkedid": "1753861029.842683",
    "other_extension_number": "",
    "start_time": "2025-07-30T11:06:17",
    "status": "initiated",
    "timestamp": "2025-07-30T11:06:17",
    "type": "call_started",
    "uniqueid": "1753861029.842686"
}

{
    "channel": "SIP/260-0000cef6",
    "privilege": "call,all",
    "timestamp": "2025-07-30T11:06:17",
    "type": "call_ringing",
    "uniqueid": "1753861029.842686"
}

{
    "call_type": "internal",
    "caller_id_name": "260-SUP",
    "caller_id_num": "260",
    "cause": "16",
    "cause_description": "",
    "cause_txt": "",
    "channel": "SIP/260-0000cef6",
    "connected_line_name": "513-ICT4",
    "connected_line_num": "513",
    "direction": "in",
    "end_time": "2025-07-30T11:06:31",
    "extension_number": "260",
    "has_ringing": true,
    "linkedid": "1753861029.842683",
    "other_extension_number": "513",
    "raw_event": {
        "AccountCode": "",
        "CallerIDName": "260-SUP",
        "CallerIDNum": "260",
        "Cause": "16",
        "Cause-txt": "Normal Clearing",
        "Channel": "SIP/260-0000cef6",
        "ChannelState": "5",
        "ChannelStateDesc": "Ringing",
        "ConnectedLineName": "513-ICT4",
        "ConnectedLineNum": "513",
        "Context": "from-internal",
        "Event": "Hangup",
        "Exten": "260",
        "Language": "pr2",
        "Linkedid": "1753861029.842683",
        "Priority": "1",
        "Privilege": "call,all",
        "Uniqueid": "1753861029.842686"
    },
    "start_time": "2025-07-30T11:06:17",
    "status": "ringing",
    "timestamp": "2025-07-30T11:06:31",
    "type": "call_ended",
    "uniqueid": "1753861029.842686"
}

{
    "call_duration": 13,
    "call_type": "internal",
    "caller_id_name": "260-SUP",
    "caller_id_num": "260",
    "cause": "16",
    "cause_description": "",
    "cause_txt": "",
    "channel": "SIP/260-0000cef6",
    "connected_line_name": "513-ICT4",
    "connected_line_num": "513",
    "direction": "in",
    "end_time": "2025-07-30T11:06:31",
    "extension_number": "260",
    "has_ringing": true,
    "linkedid": "1753861029.842683",
    "other_extension_number": "513",
    "raw_event": {
        "AccountCode": "",
        "CallerIDName": "260-SUP",
        "CallerIDNum": "260",
        "Cause": "16",
        "Cause-txt": "Normal Clearing",
        "Channel": "SIP/260-0000cef6",
        "ChannelState": "5",
        "ChannelStateDesc": "Ringing",
        "ConnectedLineName": "513-ICT4",
        "ConnectedLineNum": "513",
        "Context": "from-internal",
        "Event": "Hangup",
        "Exten": "260",
        "Language": "pr2",
        "Linkedid": "1753861029.842683",
        "Priority": "1",
        "Privilege": "call,all",
        "Uniqueid": "1753861029.842686"
    },
    "start_time": "2025-07-30T11:06:17",
    "status": "ringing",
    "timestamp": "2025-07-30T11:06:31",
    "type": "call_summary",
    "uniqueid": "1753861029.842686"
}

{
    "call_type": "",
    "caller_id_name": "260-SUP",
    "caller_id_num": "260",
    "channel": "SIP/260-0000cf11",
    "connected_line_name": "<unknown>",
    "connected_line_num": "<unknown>",
    "direction": "",
    "end_time": "",
    "extension_number": "260",
    "has_ringing": false,
    "linkedid": "1753861202.842972",
    "other_extension_number": "",
    "start_time": "2025-07-30T11:09:09",
    "status": "initiated",
    "timestamp": "2025-07-30T11:09:09",
    "type": "call_started",
    "uniqueid": "1753861202.842972"
}

{
    "channel": "SIP/260-0000cf11",
    "privilege": "call,all",
    "timestamp": "2025-07-30T11:09:10",
    "type": "call_answered",
    "uniqueid": "1753861202.842972"
}

{
    "call_type": "external",
    "caller_id_name": "260-SUP",
    "caller_id_num": "260",
    "cause": "0",
    "cause_description": "",
    "cause_txt": "",
    "channel": "SIP/260-0000cf11",
    "connected_line_name": "<unknown>",
    "connected_line_num": "<unknown>",
    "direction": "out",
    "end_time": "2025-07-30T11:09:11",
    "extension_number": "260",
    "has_ringing": false,
    "linkedid": "1753861202.842972",
    "other_extension_number": "<unknown>",
    "raw_event": {
        "AccountCode": "",
        "CallerIDName": "260-SUP",
        "CallerIDNum": "260",
        "Cause": "0",
        "Cause-txt": "Unknown",
        "Channel": "SIP/260-0000cf11",
        "ChannelState": "6",
        "ChannelStateDesc": "Up",
        "ConnectedLineName": "<unknown>",
        "ConnectedLineNum": "<unknown>",
        "Context": "app-announcement-2",
        "Event": "Hangup",
        "Exten": "s",
        "Language": "pr2",
        "Linkedid": "1753861202.842972",
        "Priority": "5",
        "Privilege": "call,all",
        "Uniqueid": "1753861202.842972"
    },
    "start_time": "2025-07-30T11:09:10",
    "status": "answered",
    "timestamp": "2025-07-30T11:09:11",
    "type": "call_ended",
    "uniqueid": "1753861202.842972"
}

{
    "call_duration": 1,
    "call_type": "external",
    "caller_id_name": "260-SUP",
    "caller_id_num": "260",
    "cause": "0",
    "cause_description": "",
    "cause_txt": "",
    "channel": "SIP/260-0000cf11",
    "connected_line_name": "<unknown>",
    "connected_line_num": "<unknown>",
    "direction": "out",
    "end_time": "2025-07-30T11:09:11",
    "extension_number": "260",
    "has_ringing": false,
    "linkedid": "1753861202.842972",
    "other_extension_number": "<unknown>",
    "raw_event": {
        "AccountCode": "",
        "CallerIDName": "260-SUP",
        "CallerIDNum": "260",
        "Cause": "0",
        "Cause-txt": "Unknown",
        "Channel": "SIP/260-0000cf11",
        "ChannelState": "6",
        "ChannelStateDesc": "Up",
        "ConnectedLineName": "<unknown>",
        "ConnectedLineNum": "<unknown>",
        "Context": "app-announcement-2",
        "Event": "Hangup",
        "Exten": "s",
        "Language": "pr2",
        "Linkedid": "1753861202.842972",
        "Priority": "5",
        "Privilege": "call,all",
        "Uniqueid": "1753861202.842972"
    },
    "start_time": "2025-07-30T11:09:10",
    "status": "answered",
    "timestamp": "2025-07-30T11:09:11",
    "type": "call_summary",
    "uniqueid": "1753861202.842972"
}

{
    "call_type": "",
    "caller_id_name": "260-SUP",
    "caller_id_num": "260",
    "channel": "SIP/260-0000cf16",
    "connected_line_name": "<unknown>",
    "connected_line_num": "<unknown>",
    "direction": "",
    "end_time": "",
    "extension_number": "260",
    "has_ringing": false,
    "linkedid": "1753861219.843012",
    "other_extension_number": "",
    "start_time": "2025-07-30T11:09:27",
    "status": "initiated",
    "timestamp": "2025-07-30T11:09:27",
    "type": "call_started",
    "uniqueid": "1753861219.843012"
}

{
    "channel": "SIP/260-0000cf16",
    "privilege": "call,all",
    "timestamp": "2025-07-30T11:09:27",
    "type": "call_answered",
    "uniqueid": "1753861219.843012"
}

{
    "call_type": "external",
    "caller_id_name": "260-SUP",
    "caller_id_num": "260",
    "cause": "0",
    "cause_description": "",
    "cause_txt": "",
    "channel": "SIP/260-0000cf16",
    "connected_line_name": "<unknown>",
    "connected_line_num": "<unknown>",
    "direction": "out",
    "end_time": "2025-07-30T11:09:27",
    "extension_number": "260",
    "has_ringing": false,
    "linkedid": "1753861219.843012",
    "other_extension_number": "<unknown>",
    "raw_event": {
        "AccountCode": "",
        "CallerIDName": "260-SUP",
        "CallerIDNum": "260",
        "Cause": "0",
        "Cause-txt": "Unknown",
        "Channel": "SIP/260-0000cf16",
        "ChannelState": "6",
        "ChannelStateDesc": "Up",
        "ConnectedLineName": "<unknown>",
        "ConnectedLineNum": "<unknown>",
        "Context": "app-announcement-2",
        "Event": "Hangup",
        "Exten": "s",
        "Language": "pr2",
        "Linkedid": "1753861219.843012",
        "Priority": "3",
        "Privilege": "call,all",
        "Uniqueid": "1753861219.843012"
    },
    "start_time": "2025-07-30T11:09:27",
    "status": "answered",
    "timestamp": "2025-07-30T11:09:27",
    "type": "call_ended",
    "uniqueid": "1753861219.843012"
}

{
    "call_duration": 0,
    "call_type": "external",
    "caller_id_name": "260-SUP",
    "caller_id_num": "260",
    "cause": "0",
    "cause_description": "",
    "cause_txt": "",
    "channel": "SIP/260-0000cf16",
    "connected_line_name": "<unknown>",
    "connected_line_num": "<unknown>",
    "direction": "out",
    "end_time": "2025-07-30T11:09:27",
    "extension_number": "260",
    "has_ringing": false,
    "linkedid": "1753861219.843012",
    "other_extension_number": "<unknown>",
    "raw_event": {
        "AccountCode": "",
        "CallerIDName": "260-SUP",
        "CallerIDNum": "260",
        "Cause": "0",
        "Cause-txt": "Unknown",
        "Channel": "SIP/260-0000cf16",
        "ChannelState": "6",
        "ChannelStateDesc": "Up",
        "ConnectedLineName": "<unknown>",
        "ConnectedLineNum": "<unknown>",
        "Context": "app-announcement-2",
        "Event": "Hangup",
        "Exten": "s",
        "Language": "pr2",
        "Linkedid": "1753861219.843012",
        "Priority": "3",
        "Privilege": "call,all",
        "Uniqueid": "1753861219.843012"
    },
    "start_time": "2025-07-30T11:09:27",
    "status": "answered",
    "timestamp": "2025-07-30T11:09:27",
    "type": "call_summary",
    "uniqueid": "1753861219.843012"
}

{
    "call_type": "",
    "caller_id_name": "260-SUP",
    "caller_id_num": "260",
    "channel": "SIP/260-0000cf30",
    "connected_line_name": "<unknown>",
    "connected_line_num": "<unknown>",
    "direction": "",
    "end_time": "",
    "extension_number": "260",
    "has_ringing": false,
    "linkedid": "1753861336.843287",
    "other_extension_number": "",
    "start_time": "2025-07-30T11:11:24",
    "status": "initiated",
    "timestamp": "2025-07-30T11:11:24",
    "type": "call_started",
    "uniqueid": "1753861336.843290"
}

{
    "channel": "SIP/260-0000cf30",
    "privilege": "call,all",
    "timestamp": "2025-07-30T11:11:24",
    "type": "call_ringing",
    "uniqueid": "1753861336.843290"
}

{
    "channel": "SIP/260-0000cf30",
    "privilege": "call,all",
    "timestamp": "2025-07-30T11:11:33",
    "type": "call_answered",
    "uniqueid": "1753861336.843290"
}

{
    "call_type": "internal",
    "caller_id_name": "260-SUP",
    "caller_id_num": "260",
    "cause": "16",
    "cause_description": "",
    "cause_txt": "",
    "channel": "SIP/260-0000cf30",
    "connected_line_name": "323-WHS3",
    "connected_line_num": "323",
    "direction": "in",
    "end_time": "2025-07-30T11:13:22",
    "extension_number": "260",
    "has_ringing": true,
    "linkedid": "1753861336.843287",
    "other_extension_number": "323",
    "raw_event": {
        "AccountCode": "",
        "CallerIDName": "260-SUP",
        "CallerIDNum": "260",
        "Cause": "16",
        "Cause-txt": "Normal Clearing",
        "Channel": "SIP/260-0000cf30",
        "ChannelState": "6",
        "ChannelStateDesc": "Up",
        "ConnectedLineName": "323-WHS3",
        "ConnectedLineNum": "323",
        "Context": "from-internal",
        "Event": "Hangup",
        "Exten": "",
        "Language": "pr2",
        "Linkedid": "1753861336.843287",
        "Priority": "1",
        "Privilege": "call,all",
        "Uniqueid": "1753861336.843290"
    },
    "start_time": "2025-07-30T11:11:33",
    "status": "answered",
    "timestamp": "2025-07-30T11:13:22",
    "type": "call_ended",
    "uniqueid": "1753861336.843290"
}

{
    "call_duration": 109,
    "call_type": "internal",
    "caller_id_name": "260-SUP",
    "caller_id_num": "260",
    "cause": "16",
    "cause_description": "",
    "cause_txt": "",
    "channel": "SIP/260-0000cf30",
    "connected_line_name": "323-WHS3",
    "connected_line_num": "323",
    "direction": "in",
    "end_time": "2025-07-30T11:13:22",
    "extension_number": "260",
    "has_ringing": true,
    "linkedid": "1753861336.843287",
    "other_extension_number": "323",
    "raw_event": {
        "AccountCode": "",
        "CallerIDName": "260-SUP",
        "CallerIDNum": "260",
        "Cause": "16",
        "Cause-txt": "Normal Clearing",
        "Channel": "SIP/260-0000cf30",
        "ChannelState": "6",
        "ChannelStateDesc": "Up",
        "ConnectedLineName": "323-WHS3",
        "ConnectedLineNum": "323",
        "Context": "from-internal",
        "Event": "Hangup",
        "Exten": "",
        "Language": "pr2",
        "Linkedid": "1753861336.843287",
        "Priority": "1",
        "Privilege": "call,all",
        "Uniqueid": "1753861336.843290"
    },
    "start_time": "2025-07-30T11:11:33",
    "status": "answered",
    "timestamp": "2025-07-30T11:13:22",
    "type": "call_summary",
    "uniqueid": "1753861336.843290"
}

{
    "call_type": "",
    "caller_id_name": "260-SUP",
    "caller_id_num": "260",
    "channel": "SIP/260-0000cf40",
    "connected_line_name": "<unknown>",
    "connected_line_num": "<unknown>",
    "direction": "",
    "end_time": "",
    "extension_number": "260",
    "has_ringing": false,
    "linkedid": "1753861465.843536",
    "other_extension_number": "",
    "start_time": "2025-07-30T11:13:33",
    "status": "initiated",
    "timestamp": "2025-07-30T11:13:33",
    "type": "call_started",
    "uniqueid": "1753861465.843536"
}

{
    "channel": "SIP/260-0000cf40",
    "privilege": "call,all",
    "timestamp": "2025-07-30T11:13:53",
    "type": "call_answered",
    "uniqueid": "1753861465.843536"
}

{
    "call_type": "internal",
    "caller_id_name": "260-SUP",
    "caller_id_num": "260",
    "cause": "0",
    "cause_description": "",
    "cause_txt": "",
    "channel": "SIP/260-0000cf40",
    "connected_line_name": "155-SAL10",
    "connected_line_num": "155",
    "direction": "out",
    "end_time": "2025-07-30T11:13:56",
    "extension_number": "260",
    "has_ringing": false,
    "linkedid": "1753861465.843536",
    "other_extension_number": "155",
    "raw_event": {
        "AccountCode": "",
        "CallerIDName": "260-SUP",
        "CallerIDNum": "260",
        "Cause": "0",
        "Cause-txt": "Unknown",
        "Channel": "SIP/260-0000cf40",
        "ChannelState": "6",
        "ChannelStateDesc": "Up",
        "ConnectedLineName": "155-SAL10",
        "ConnectedLineNum": "155",
        "Context": "app-announcement-4",
        "Event": "Hangup",
        "Exten": "s",
        "Language": "pr2",
        "Linkedid": "1753861465.843536",
        "Priority": "5",
        "Privilege": "call,all",
        "Uniqueid": "1753861465.843536"
    },
    "start_time": "2025-07-30T11:13:53",
    "status": "answered",
    "timestamp": "2025-07-30T11:13:56",
    "type": "call_ended",
    "uniqueid": "1753861465.843536"
}

{
    "call_duration": 3,
    "call_type": "internal",
    "caller_id_name": "260-SUP",
    "caller_id_num": "260",
    "cause": "0",
    "cause_description": "",
    "cause_txt": "",
    "channel": "SIP/260-0000cf40",
    "connected_line_name": "155-SAL10",
    "connected_line_num": "155",
    "direction": "out",
    "end_time": "2025-07-30T11:13:56",
    "extension_number": "260",
    "has_ringing": false,
    "linkedid": "1753861465.843536",
    "other_extension_number": "155",
    "raw_event": {
        "AccountCode": "",
        "CallerIDName": "260-SUP",
        "CallerIDNum": "260",
        "Cause": "0",
        "Cause-txt": "Unknown",
        "Channel": "SIP/260-0000cf40",
        "ChannelState": "6",
        "ChannelStateDesc": "Up",
        "ConnectedLineName": "155-SAL10",
        "ConnectedLineNum": "155",
        "Context": "app-announcement-4",
        "Event": "Hangup",
        "Exten": "s",
        "Language": "pr2",
        "Linkedid": "1753861465.843536",
        "Priority": "5",
        "Privilege": "call,all",
        "Uniqueid": "1753861465.843536"
    },
    "start_time": "2025-07-30T11:13:53",
    "status": "answered",
    "timestamp": "2025-07-30T11:13:56",
    "type": "call_summary",
    "uniqueid": "1753861465.843536"
}

{
    "call_type": "",
    "caller_id_name": "260-SUP",
    "caller_id_num": "260",
    "channel": "SIP/260-0000cf46",
    "connected_line_name": "<unknown>",
    "connected_line_num": "<unknown>",
    "direction": "",
    "end_time": "",
    "extension_number": "260",
    "has_ringing": false,
    "linkedid": "1753861490.843606",
    "other_extension_number": "",
    "start_time": "2025-07-30T11:13:58",
    "status": "initiated",
    "timestamp": "2025-07-30T11:13:58",
    "type": "call_started",
    "uniqueid": "1753861490.843606"
}

{
    "call_type": "internal",
    "caller_id_name": "260-SUP",
    "caller_id_num": "260",
    "cause": "0",
    "cause_description": "",
    "cause_txt": "",
    "channel": "SIP/260-0000cf46",
    "connected_line_name": "513-ICT4",
    "connected_line_num": "513",
    "direction": "out",
    "end_time": "2025-07-30T11:14:11",
    "extension_number": "260",
    "has_ringing": false,
    "linkedid": "1753861490.843606",
    "other_extension_number": "513",
    "raw_event": {
        "AccountCode": "",
        "CallerIDName": "260-SUP",
        "CallerIDNum": "260",
        "Cause": "0",
        "Cause-txt": "Unknown",
        "Channel": "SIP/260-0000cf46",
        "ChannelState": "4",
        "ChannelStateDesc": "Ring",
        "ConnectedLineName": "513-ICT4",
        "ConnectedLineNum": "513",
        "Context": "ext-local",
        "Event": "Hangup",
        "Exten": "h",
        "Language": "pr2",
        "Linkedid": "1753861490.843606",
        "Priority": "1",
        "Privilege": "call,all",
        "Uniqueid": "1753861490.843606"
    },
    "start_time": "2025-07-30T11:13:58",
    "status": "initiated",
    "timestamp": "2025-07-30T11:14:11",
    "type": "call_ended",
    "uniqueid": "1753861490.843606"
}

{
    "call_duration": 13,
    "call_type": "internal",
    "caller_id_name": "260-SUP",
    "caller_id_num": "260",
    "cause": "0",
    "cause_description": "",
    "cause_txt": "",
    "channel": "SIP/260-0000cf46",
    "connected_line_name": "513-ICT4",
    "connected_line_num": "513",
    "direction": "out",
    "end_time": "2025-07-30T11:14:11",
    "extension_number": "260",
    "has_ringing": false,
    "linkedid": "1753861490.843606",
    "other_extension_number": "513",
    "raw_event": {
        "AccountCode": "",
        "CallerIDName": "260-SUP",
        "CallerIDNum": "260",
        "Cause": "0",
        "Cause-txt": "Unknown",
        "Channel": "SIP/260-0000cf46",
        "ChannelState": "4",
        "ChannelStateDesc": "Ring",
        "ConnectedLineName": "513-ICT4",
        "ConnectedLineNum": "513",
        "Context": "ext-local",
        "Event": "Hangup",
        "Exten": "h",
        "Language": "pr2",
        "Linkedid": "1753861490.843606",
        "Priority": "1",
        "Privilege": "call,all",
        "Uniqueid": "1753861490.843606"
    },
    "start_time": "2025-07-30T11:13:58",
    "status": "initiated",
    "timestamp": "2025-07-30T11:14:11",
    "type": "call_summary",
    "uniqueid": "1753861490.843606"
}

{
    "call_type": "",
    "caller_id_name": "260-SUP",
    "caller_id_num": "260",
    "channel": "SIP/260-0000cf4d",
    "connected_line_name": "<unknown>",
    "connected_line_num": "<unknown>",
    "direction": "",
    "end_time": "",
    "extension_number": "260",
    "has_ringing": false,
    "linkedid": "1753861533.843729",
    "other_extension_number": "",
    "start_time": "2025-07-30T11:14:40",
    "status": "initiated",
    "timestamp": "2025-07-30T11:14:40",
    "type": "call_started",
    "uniqueid": "1753861533.843729"
}

{
    "call_type": "internal",
    "caller_id_name": "260-SUP",
    "caller_id_num": "260",
    "cause": "16",
    "cause_description": "",
    "cause_txt": "",
    "channel": "SIP/260-0000cf4d",
    "connected_line_name": "155-SAL10",
    "connected_line_num": "155",
    "direction": "out",
    "end_time": "2025-07-30T11:14:53",
    "extension_number": "260",
    "has_ringing": false,
    "linkedid": "1753861533.843729",
    "other_extension_number": "155",
    "raw_event": {
        "AccountCode": "",
        "CallerIDName": "260-SUP",
        "CallerIDNum": "260",
        "Cause": "16",
        "Cause-txt": "Normal Clearing",
        "Channel": "SIP/260-0000cf4d",
        "ChannelState": "4",
        "ChannelStateDesc": "Ring",
        "ConnectedLineName": "155-SAL10",
        "ConnectedLineNum": "155",
        "Context": "from-internal",
        "Event": "Hangup",
        "Exten": "h",
        "Language": "pr2",
        "Linkedid": "1753861533.843729",
        "Priority": "1",
        "Privilege": "call,all",
        "Uniqueid": "1753861533.843729"
    },
    "start_time": "2025-07-30T11:14:40",
    "status": "initiated",
    "timestamp": "2025-07-30T11:14:53",
    "type": "call_ended",
    "uniqueid": "1753861533.843729"
}

{
    "call_duration": 12,
    "call_type": "internal",
    "caller_id_name": "260-SUP",
    "caller_id_num": "260",
    "cause": "16",
    "cause_description": "",
    "cause_txt": "",
    "channel": "SIP/260-0000cf4d",
    "connected_line_name": "155-SAL10",
    "connected_line_num": "155",
    "direction": "out",
    "end_time": "2025-07-30T11:14:53",
    "extension_number": "260",
    "has_ringing": false,
    "linkedid": "1753861533.843729",
    "other_extension_number": "155",
    "raw_event": {
        "AccountCode": "",
        "CallerIDName": "260-SUP",
        "CallerIDNum": "260",
        "Cause": "16",
        "Cause-txt": "Normal Clearing",
        "Channel": "SIP/260-0000cf4d",
        "ChannelState": "4",
        "ChannelStateDesc": "Ring",
        "ConnectedLineName": "155-SAL10",
        "ConnectedLineNum": "155",
        "Context": "from-internal",
        "Event": "Hangup",
        "Exten": "h",
        "Language": "pr2",
        "Linkedid": "1753861533.843729",
        "Priority": "1",
        "Privilege": "call,all",
        "Uniqueid": "1753861533.843729"
    },
    "start_time": "2025-07-30T11:14:40",
    "status": "initiated",
    "timestamp": "2025-07-30T11:14:53",
    "type": "call_summary",
    "uniqueid": "1753861533.843729"
}

{
    "call_type": "",
    "caller_id_name": "260-SUP",
    "caller_id_num": "260",
    "channel": "SIP/260-0000cf61",
    "connected_line_name": "<unknown>",
    "connected_line_num": "<unknown>",
    "direction": "",
    "end_time": "",
    "extension_number": "260",
    "has_ringing": false,
    "linkedid": "1753861605.843968",
    "other_extension_number": "",
    "start_time": "2025-07-30T11:15:52",
    "status": "initiated",
    "timestamp": "2025-07-30T11:15:52",
    "type": "call_started",
    "uniqueid": "1753861605.843968"
}

{
    "call_type": "external",
    "caller_id_name": "<unknown>",
    "caller_id_num": "36944000",
    "cause": "16",
    "cause_description": "",
    "cause_txt": "",
    "channel": "SIP/260-0000cf61",
    "connected_line_name": "CID:36944000",
    "connected_line_num": "09108723",
    "direction": "out",
    "end_time": "2025-07-30T11:15:52",
    "extension_number": "260",
    "has_ringing": false,
    "linkedid": "1753861605.843968",
    "other_extension_number": "09108723",
    "raw_event": {
        "AccountCode": "",
        "CallerIDName": "<unknown>",
        "CallerIDNum": "36944000",
        "Cause": "16",
        "Cause-txt": "Normal Clearing",
        "Channel": "SIP/260-0000cf61",
        "ChannelState": "4",
        "ChannelStateDesc": "Ring",
        "ConnectedLineName": "CID:36944000",
        "ConnectedLineNum": "09108723",
        "Context": "from-internal",
        "Event": "Hangup",
        "Exten": "h",
        "Language": "pr2",
        "Linkedid": "1753861605.843968",
        "Priority": "1",
        "Privilege": "call,all",
        "Uniqueid": "1753861605.843968"
    },
    "start_time": "2025-07-30T11:15:52",
    "status": "initiated",
    "timestamp": "2025-07-30T11:15:52",
    "type": "call_ended",
    "uniqueid": "1753861605.843968"
}

{
    "call_duration": 0,
    "call_type": "external",
    "caller_id_name": "<unknown>",
    "caller_id_num": "36944000",
    "cause": "16",
    "cause_description": "",
    "cause_txt": "",
    "channel": "SIP/260-0000cf61",
    "connected_line_name": "CID:36944000",
    "connected_line_num": "09108723",
    "direction": "out",
    "end_time": "2025-07-30T11:15:52",
    "extension_number": "260",
    "has_ringing": false,
    "linkedid": "1753861605.843968",
    "other_extension_number": "09108723",
    "raw_event": {
        "AccountCode": "",
        "CallerIDName": "<unknown>",
        "CallerIDNum": "36944000",
        "Cause": "16",
        "Cause-txt": "Normal Clearing",
        "Channel": "SIP/260-0000cf61",
        "ChannelState": "4",
        "ChannelStateDesc": "Ring",
        "ConnectedLineName": "CID:36944000",
        "ConnectedLineNum": "09108723",
        "Context": "from-internal",
        "Event": "Hangup",
        "Exten": "h",
        "Language": "pr2",
        "Linkedid": "1753861605.843968",
        "Priority": "1",
        "Privilege": "call,all",
        "Uniqueid": "1753861605.843968"
    },
    "start_time": "2025-07-30T11:15:52",
    "status": "initiated",
    "timestamp": "2025-07-30T11:15:52",
    "type": "call_summary",
    "uniqueid": "1753861605.843968"
}

{
    "call_type": "",
    "caller_id_name": "260-SUP",
    "caller_id_num": "260",
    "channel": "SIP/260-0000cf66",
    "connected_line_name": "<unknown>",
    "connected_line_num": "<unknown>",
    "direction": "",
    "end_time": "",
    "extension_number": "260",
    "has_ringing": false,
    "linkedid": "1753861615.844002",
    "other_extension_number": "",
    "start_time": "2025-07-30T11:16:02",
    "status": "initiated",
    "timestamp": "2025-07-30T11:16:02",
    "type": "call_started",
    "uniqueid": "1753861615.844002"
}

{
    "call_type": "external",
    "caller_id_name": "260-SUP",
    "caller_id_num": "260",
    "cause": "0",
    "cause_description": "",
    "cause_txt": "",
    "channel": "SIP/260-0000cf66",
    "connected_line_name": "<unknown>",
    "connected_line_num": "<unknown>",
    "direction": "out",
    "end_time": "2025-07-30T11:16:02",
    "extension_number": "260",
    "has_ringing": false,
    "linkedid": "1753861615.844002",
    "other_extension_number": "<unknown>",
    "raw_event": {
        "AccountCode": "",
        "CallerIDName": "260-SUP",
        "CallerIDNum": "260",
        "Cause": "0",
        "Cause-txt": "Unknown",
        "Channel": "SIP/260-0000cf66",
        "ChannelState": "4",
        "ChannelStateDesc": "Ring",
        "ConnectedLineName": "<unknown>",
        "ConnectedLineNum": "<unknown>",
        "Context": "sub-record-check",
        "Event": "Hangup",
        "Exten": "record",
        "Language": "pr2",
        "Linkedid": "1753861615.844002",
        "Priority": "3",
        "Privilege": "call,all",
        "Uniqueid": "1753861615.844002"
    },
    "start_time": "2025-07-30T11:16:02",
    "status": "initiated",
    "timestamp": "2025-07-30T11:16:02",
    "type": "call_ended",
    "uniqueid": "1753861615.844002"
}

{
    "call_duration": 0,
    "call_type": "external",
    "caller_id_name": "260-SUP",
    "caller_id_num": "260",
    "cause": "0",
    "cause_description": "",
    "cause_txt": "",
    "channel": "SIP/260-0000cf66",
    "connected_line_name": "<unknown>",
    "connected_line_num": "<unknown>",
    "direction": "out",
    "end_time": "2025-07-30T11:16:02",
    "extension_number": "260",
    "has_ringing": false,
    "linkedid": "1753861615.844002",
    "other_extension_number": "<unknown>",
    "raw_event": {
        "AccountCode": "",
        "CallerIDName": "260-SUP",
        "CallerIDNum": "260",
        "Cause": "0",
        "Cause-txt": "Unknown",
        "Channel": "SIP/260-0000cf66",
        "ChannelState": "4",
        "ChannelStateDesc": "Ring",
        "ConnectedLineName": "<unknown>",
        "ConnectedLineNum": "<unknown>",
        "Context": "sub-record-check",
        "Event": "Hangup",
        "Exten": "record",
        "Language": "pr2",
        "Linkedid": "1753861615.844002",
        "Priority": "3",
        "Privilege": "call,all",
        "Uniqueid": "1753861615.844002"
    },
    "start_time": "2025-07-30T11:16:02",
    "status": "initiated",
    "timestamp": "2025-07-30T11:16:02",
    "type": "call_summary",
    "uniqueid": "1753861615.844002"
}

{
    "call_type": "",
    "caller_id_name": "260-SUP",
    "caller_id_num": "260",
    "channel": "SIP/260-0000cf67",
    "connected_line_name": "<unknown>",
    "connected_line_num": "<unknown>",
    "direction": "",
    "end_time": "",
    "extension_number": "260",
    "has_ringing": false,
    "linkedid": "1753861636.844065",
    "other_extension_number": "",
    "start_time": "2025-07-30T11:16:24",
    "status": "initiated",
    "timestamp": "2025-07-30T11:16:24",
    "type": "call_started",
    "uniqueid": "1753861636.844065"
}

{
    "channel": "SIP/260-0000cf67",
    "privilege": "call,all",
    "timestamp": "2025-07-30T11:16:31",
    "type": "call_answered",
    "uniqueid": "1753861636.844065"
}

{
    "call_type": "external",
    "caller_id_name": "<unknown>",
    "caller_id_num": "36944000",
    "cause": "16",
    "cause_description": "",
    "cause_txt": "",
    "channel": "SIP/260-0000cf67",
    "connected_line_name": "CID:36944000",
    "connected_line_num": "09108723144",
    "direction": "out",
    "end_time": "2025-07-30T11:17:41",
    "extension_number": "260",
    "has_ringing": false,
    "linkedid": "1753861636.844065",
    "other_extension_number": "09108723144",
    "raw_event": {
        "AccountCode": "",
        "CallerIDName": "<unknown>",
        "CallerIDNum": "36944000",
        "Cause": "16",
        "Cause-txt": "Normal Clearing",
        "Channel": "SIP/260-0000cf67",
        "ChannelState": "6",
        "ChannelStateDesc": "Up",
        "ConnectedLineName": "CID:36944000",
        "ConnectedLineNum": "09108723144",
        "Context": "from-internal",
        "Event": "Hangup",
        "Exten": "h",
        "Language": "pr2",
        "Linkedid": "1753861636.844065",
        "Priority": "1",
        "Privilege": "call,all",
        "Uniqueid": "1753861636.844065"
    },
    "start_time": "2025-07-30T11:16:31",
    "status": "answered",
    "timestamp": "2025-07-30T11:17:41",
    "type": "call_ended",
    "uniqueid": "1753861636.844065"
}

{
    "call_duration": 69,
    "call_type": "external",
    "caller_id_name": "<unknown>",
    "caller_id_num": "36944000",
    "cause": "16",
    "cause_description": "",
    "cause_txt": "",
    "channel": "SIP/260-0000cf67",
    "connected_line_name": "CID:36944000",
    "connected_line_num": "09108723144",
    "direction": "out",
    "end_time": "2025-07-30T11:17:41",
    "extension_number": "260",
    "has_ringing": false,
    "linkedid": "1753861636.844065",
    "other_extension_number": "09108723144",
    "raw_event": {
        "AccountCode": "",
        "CallerIDName": "<unknown>",
        "CallerIDNum": "36944000",
        "Cause": "16",
        "Cause-txt": "Normal Clearing",
        "Channel": "SIP/260-0000cf67",
        "ChannelState": "6",
        "ChannelStateDesc": "Up",
        "ConnectedLineName": "CID:36944000",
        "ConnectedLineNum": "09108723144",
        "Context": "from-internal",
        "Event": "Hangup",
        "Exten": "h",
        "Language": "pr2",
        "Linkedid": "1753861636.844065",
        "Priority": "1",
        "Privilege": "call,all",
        "Uniqueid": "1753861636.844065"
    },
    "start_time": "2025-07-30T11:16:31",
    "status": "answered",
    "timestamp": "2025-07-30T11:17:41",
    "type": "call_summary",
    "uniqueid": "1753861636.844065"
}

{
    "call_type": "",
    "caller_id_name": "260-SUP",
    "caller_id_num": "260",
    "channel": "SIP/260-0000cf83",
    "connected_line_name": "<unknown>",
    "connected_line_num": "<unknown>",
    "direction": "",
    "end_time": "",
    "extension_number": "260",
    "has_ringing": false,
    "linkedid": "1753861863.844344",
    "other_extension_number": "",
    "start_time": "2025-07-30T11:20:11",
    "status": "initiated",
    "timestamp": "2025-07-30T11:20:11",
    "type": "call_started",
    "uniqueid": "1753861863.844347"
}

{
    "channel": "SIP/260-0000cf83",
    "privilege": "call,all",
    "timestamp": "2025-07-30T11:20:11",
    "type": "call_ringing",
    "uniqueid": "1753861863.844347"
}

{
    "channel": "SIP/260-0000cf83",
    "privilege": "call,all",
    "timestamp": "2025-07-30T11:20:18",
    "type": "call_answered",
    "uniqueid": "1753861863.844347"
}

{
    "call_type": "internal",
    "caller_id_name": "260-SUP",
    "caller_id_num": "260",
    "cause": "16",
    "cause_description": "",
    "cause_txt": "",
    "channel": "SIP/260-0000cf83",
    "connected_line_name": "513-ICT4",
    "connected_line_num": "513",
    "direction": "in",
    "end_time": "2025-07-30T11:22:24",
    "extension_number": "260",
    "has_ringing": true,
    "linkedid": "1753861863.844344",
    "other_extension_number": "513",
    "raw_event": {
        "AccountCode": "",
        "CallerIDName": "260-SUP",
        "CallerIDNum": "260",
        "Cause": "16",
        "Cause-txt": "Normal Clearing",
        "Channel": "SIP/260-0000cf83",
        "ChannelState": "6",
        "ChannelStateDesc": "Up",
        "ConnectedLineName": "513-ICT4",
        "ConnectedLineNum": "513",
        "Context": "from-internal",
        "Event": "Hangup",
        "Exten": "",
        "Language": "pr2",
        "Linkedid": "1753861863.844344",
        "Priority": "1",
        "Privilege": "call,all",
        "Uniqueid": "1753861863.844347"
    },
    "start_time": "2025-07-30T11:20:18",
    "status": "answered",
    "timestamp": "2025-07-30T11:22:24",
    "type": "call_ended",
    "uniqueid": "1753861863.844347"
}

{
    "call_duration": 125,
    "call_type": "internal",
    "caller_id_name": "260-SUP",
    "caller_id_num": "260",
    "cause": "16",
    "cause_description": "",
    "cause_txt": "",
    "channel": "SIP/260-0000cf83",
    "connected_line_name": "513-ICT4",
    "connected_line_num": "513",
    "direction": "in",
    "end_time": "2025-07-30T11:22:24",
    "extension_number": "260",
    "has_ringing": true,
    "linkedid": "1753861863.844344",
    "other_extension_number": "513",
    "raw_event": {
        "AccountCode": "",
        "CallerIDName": "260-SUP",
        "CallerIDNum": "260",
        "Cause": "16",
        "Cause-txt": "Normal Clearing",
        "Channel": "SIP/260-0000cf83",
        "ChannelState": "6",
        "ChannelStateDesc": "Up",
        "ConnectedLineName": "513-ICT4",
        "ConnectedLineNum": "513",
        "Context": "from-internal",
        "Event": "Hangup",
        "Exten": "",
        "Language": "pr2",
        "Linkedid": "1753861863.844344",
        "Priority": "1",
        "Privilege": "call,all",
        "Uniqueid": "1753861863.844347"
    },
    "start_time": "2025-07-30T11:20:18",
    "status": "answered",
    "timestamp": "2025-07-30T11:22:24",
    "type": "call_summary",
    "uniqueid": "1753861863.844347"
}

{
    "call_type": "",
    "caller_id_name": "260-SUP",
    "caller_id_num": "260",
    "channel": "SIP/260-0000cfc3",
    "connected_line_name": "<unknown>",
    "connected_line_num": "<unknown>",
    "direction": "",
    "end_time": "",
    "extension_number": "260",
    "has_ringing": false,
    "linkedid": "1753862330.844998",
    "other_extension_number": "",
    "start_time": "2025-07-30T11:27:57",
    "status": "initiated",
    "timestamp": "2025-07-30T11:27:57",
    "type": "call_started",
    "uniqueid": "1753862330.844998"
}

{
    "call_type": "internal",
    "caller_id_name": "260-SUP",
    "caller_id_num": "260",
    "cause": "0",
    "cause_description": "",
    "cause_txt": "",
    "channel": "SIP/260-0000cfc3",
    "connected_line_name": "513-ICT4",
    "connected_line_num": "513",
    "direction": "out",
    "end_time": "2025-07-30T11:27:59",
    "extension_number": "260",
    "has_ringing": false,
    "linkedid": "1753862330.844998",
    "other_extension_number": "513",
    "raw_event": {
        "AccountCode": "",
        "CallerIDName": "260-SUP",
        "CallerIDNum": "260",
        "Cause": "0",
        "Cause-txt": "Unknown",
        "Channel": "SIP/260-0000cfc3",
        "ChannelState": "4",
        "ChannelStateDesc": "Ring",
        "ConnectedLineName": "513-ICT4",
        "ConnectedLineNum": "513",
        "Context": "ext-local",
        "Event": "Hangup",
        "Exten": "h",
        "Language": "pr2",
        "Linkedid": "1753862330.844998",
        "Priority": "1",
        "Privilege": "call,all",
        "Uniqueid": "1753862330.844998"
    },
    "start_time": "2025-07-30T11:27:57",
    "status": "initiated",
    "timestamp": "2025-07-30T11:27:59",
    "type": "call_ended",
    "uniqueid": "1753862330.844998"
}

{
    "call_duration": 1,
    "call_type": "internal",
    "caller_id_name": "260-SUP",
    "caller_id_num": "260",
    "cause": "0",
    "cause_description": "",
    "cause_txt": "",
    "channel": "SIP/260-0000cfc3",
    "connected_line_name": "513-ICT4",
    "connected_line_num": "513",
    "direction": "out",
    "end_time": "2025-07-30T11:27:59",
    "extension_number": "260",
    "has_ringing": false,
    "linkedid": "1753862330.844998",
    "other_extension_number": "513",
    "raw_event": {
        "AccountCode": "",
        "CallerIDName": "260-SUP",
        "CallerIDNum": "260",
        "Cause": "0",
        "Cause-txt": "Unknown",
        "Channel": "SIP/260-0000cfc3",
        "ChannelState": "4",
        "ChannelStateDesc": "Ring",
        "ConnectedLineName": "513-ICT4",
        "ConnectedLineNum": "513",
        "Context": "ext-local",
        "Event": "Hangup",
        "Exten": "h",
        "Language": "pr2",
        "Linkedid": "1753862330.844998",
        "Priority": "1",
        "Privilege": "call,all",
        "Uniqueid": "1753862330.844998"
    },
    "start_time": "2025-07-30T11:27:57",
    "status": "initiated",
    "timestamp": "2025-07-30T11:27:59",
    "type": "call_summary",
    "uniqueid": "1753862330.844998"
}

{
    "call_type": "",
    "caller_id_name": "260-SUP",
    "caller_id_num": "260",
    "channel": "SIP/260-0000cfc5",
    "connected_line_name": "<unknown>",
    "connected_line_num": "<unknown>",
    "direction": "",
    "end_time": "",
    "extension_number": "260",
    "has_ringing": false,
    "linkedid": "1753862334.845033",
    "other_extension_number": "",
    "start_time": "2025-07-30T11:28:02",
    "status": "initiated",
    "timestamp": "2025-07-30T11:28:02",
    "type": "call_started",
    "uniqueid": "1753862334.845033"
}

{
    "channel": "SIP/260-0000cfc5",
    "privilege": "call,all",
    "timestamp": "2025-07-30T11:28:07",
    "type": "call_answered",
    "uniqueid": "1753862334.845033"
}

{
    "call_type": "external",
    "caller_id_name": "<unknown>",
    "caller_id_num": "36944000",
    "cause": "16",
    "cause_description": "",
    "cause_txt": "",
    "channel": "SIP/260-0000cfc5",
    "connected_line_name": "CID:36944000",
    "connected_line_num": "09108723144",
    "direction": "out",
    "end_time": "2025-07-30T11:30:43",
    "extension_number": "260",
    "has_ringing": false,
    "linkedid": "1753862334.845033",
    "other_extension_number": "09108723144",
    "raw_event": {
        "AccountCode": "",
        "CallerIDName": "<unknown>",
        "CallerIDNum": "36944000",
        "Cause": "16",
        "Cause-txt": "Normal Clearing",
        "Channel": "SIP/260-0000cfc5",
        "ChannelState": "6",
        "ChannelStateDesc": "Up",
        "ConnectedLineName": "CID:36944000",
        "ConnectedLineNum": "09108723144",
        "Context": "from-internal",
        "Event": "Hangup",
        "Exten": "h",
        "Language": "pr2",
        "Linkedid": "1753862334.845033",
        "Priority": "1",
        "Privilege": "call,all",
        "Uniqueid": "1753862334.845033"
    },
    "start_time": "2025-07-30T11:28:07",
    "status": "answered",
    "timestamp": "2025-07-30T11:30:43",
    "type": "call_ended",
    "uniqueid": "1753862334.845033"
}

{
    "call_duration": 156,
    "call_type": "external",
    "caller_id_name": "<unknown>",
    "caller_id_num": "36944000",
    "cause": "16",
    "cause_description": "",
    "cause_txt": "",
    "channel": "SIP/260-0000cfc5",
    "connected_line_name": "CID:36944000",
    "connected_line_num": "09108723144",
    "direction": "out",
    "end_time": "2025-07-30T11:30:43",
    "extension_number": "260",
    "has_ringing": false,
    "linkedid": "1753862334.845033",
    "other_extension_number": "09108723144",
    "raw_event": {
        "AccountCode": "",
        "CallerIDName": "<unknown>",
        "CallerIDNum": "36944000",
        "Cause": "16",
        "Cause-txt": "Normal Clearing",
        "Channel": "SIP/260-0000cfc5",
        "ChannelState": "6",
        "ChannelStateDesc": "Up",
        "ConnectedLineName": "CID:36944000",
        "ConnectedLineNum": "09108723144",
        "Context": "from-internal",
        "Event": "Hangup",
        "Exten": "h",
        "Language": "pr2",
        "Linkedid": "1753862334.845033",
        "Priority": "1",
        "Privilege": "call,all",
        "Uniqueid": "1753862334.845033"
    },
    "start_time": "2025-07-30T11:28:07",
    "status": "answered",
    "timestamp": "2025-07-30T11:30:43",
    "type": "call_summary",
    "uniqueid": "1753862334.845033"
}

{
    "call_type": "",
    "caller_id_name": "260-SUP",
    "caller_id_num": "260",
    "channel": "SIP/260-0000cff5",
    "connected_line_name": "<unknown>",
    "connected_line_num": "<unknown>",
    "direction": "",
    "end_time": "",
    "extension_number": "260",
    "has_ringing": false,
    "linkedid": "1753862635.845558",
    "other_extension_number": "",
    "start_time": "2025-07-30T11:33:02",
    "status": "initiated",
    "timestamp": "2025-07-30T11:33:02",
    "type": "call_started",
    "uniqueid": "1753862635.845558"
}

{
    "call_type": "internal",
    "caller_id_name": "260-SUP",
    "caller_id_num": "260",
    "cause": "16",
    "cause_description": "",
    "cause_txt": "",
    "channel": "SIP/260-0000cff5",
    "connected_line_name": "155-SAL10",
    "connected_line_num": "155",
    "direction": "out",
    "end_time": "2025-07-30T11:33:16",
    "extension_number": "260",
    "has_ringing": false,
    "linkedid": "1753862635.845558",
    "other_extension_number": "155",
    "raw_event": {
        "AccountCode": "",
        "CallerIDName": "260-SUP",
        "CallerIDNum": "260",
        "Cause": "16",
        "Cause-txt": "Normal Clearing",
        "Channel": "SIP/260-0000cff5",
        "ChannelState": "4",
        "ChannelStateDesc": "Ring",
        "ConnectedLineName": "155-SAL10",
        "ConnectedLineNum": "155",
        "Context": "from-internal",
        "Event": "Hangup",
        "Exten": "h",
        "Language": "pr2",
        "Linkedid": "1753862635.845558",
        "Priority": "1",
        "Privilege": "call,all",
        "Uniqueid": "1753862635.845558"
    },
    "start_time": "2025-07-30T11:33:02",
    "status": "initiated",
    "timestamp": "2025-07-30T11:33:16",
    "type": "call_ended",
    "uniqueid": "1753862635.845558"
}

{
    "call_duration": 14,
    "call_type": "internal",
    "caller_id_name": "260-SUP",
    "caller_id_num": "260",
    "cause": "16",
    "cause_description": "",
    "cause_txt": "",
    "channel": "SIP/260-0000cff5",
    "connected_line_name": "155-SAL10",
    "connected_line_num": "155",
    "direction": "out",
    "end_time": "2025-07-30T11:33:16",
    "extension_number": "260",
    "has_ringing": false,
    "linkedid": "1753862635.845558",
    "other_extension_number": "155",
    "raw_event": {
        "AccountCode": "",
        "CallerIDName": "260-SUP",
        "CallerIDNum": "260",
        "Cause": "16",
        "Cause-txt": "Normal Clearing",
        "Channel": "SIP/260-0000cff5",
        "ChannelState": "4",
        "ChannelStateDesc": "Ring",
        "ConnectedLineName": "155-SAL10",
        "ConnectedLineNum": "155",
        "Context": "from-internal",
        "Event": "Hangup",
        "Exten": "h",
        "Language": "pr2",
        "Linkedid": "1753862635.845558",
        "Priority": "1",
        "Privilege": "call,all",
        "Uniqueid": "1753862635.845558"
    },
    "start_time": "2025-07-30T11:33:02",
    "status": "initiated",
    "timestamp": "2025-07-30T11:33:16",
    "type": "call_summary",
    "uniqueid": "1753862635.845558"
}

{
    "call_type": "",
    "caller_id_name": "260-SUP",
    "caller_id_num": "260",
    "channel": "SIP/260-0000cffe",
    "connected_line_name": "<unknown>",
    "connected_line_num": "<unknown>",
    "direction": "",
    "end_time": "",
    "extension_number": "260",
    "has_ringing": false,
    "linkedid": "1753862651.845614",
    "other_extension_number": "",
    "start_time": "2025-07-30T11:33:18",
    "status": "initiated",
    "timestamp": "2025-07-30T11:33:18",
    "type": "call_started",
    "uniqueid": "1753862651.845614"
}

{
    "channel": "SIP/260-0000cffe",
    "privilege": "call,all",
    "timestamp": "2025-07-30T11:33:21",
    "type": "call_answered",
    "uniqueid": "1753862651.845614"
}

{
    "call_type": "internal",
    "caller_id_name": "260-SUP",
    "caller_id_num": "260",
    "cause": "16",
    "cause_description": "",
    "cause_txt": "",
    "channel": "SIP/260-0000cffe",
    "connected_line_name": "150-SAL8",
    "connected_line_num": "150",
    "direction": "out",
    "end_time": "2025-07-30T11:33:43",
    "extension_number": "260",
    "has_ringing": false,
    "linkedid": "1753862651.845614",
    "other_extension_number": "150",
    "raw_event": {
        "AccountCode": "",
        "CallerIDName": "260-SUP",
        "CallerIDNum": "260",
        "Cause": "16",
        "Cause-txt": "Normal Clearing",
        "Channel": "SIP/260-0000cffe",
        "ChannelState": "6",
        "ChannelStateDesc": "Up",
        "ConnectedLineName": "150-SAL8",
        "ConnectedLineNum": "150",
        "Context": "from-internal",
        "Event": "Hangup",
        "Exten": "h",
        "Language": "pr2",
        "Linkedid": "1753862651.845614",
        "Priority": "1",
        "Privilege": "call,all",
        "Uniqueid": "1753862651.845614"
    },
    "start_time": "2025-07-30T11:33:21",
    "status": "answered",
    "timestamp": "2025-07-30T11:33:43",
    "type": "call_ended",
    "uniqueid": "1753862651.845614"
}

{
    "call_duration": 22,
    "call_type": "internal",
    "caller_id_name": "260-SUP",
    "caller_id_num": "260",
    "cause": "16",
    "cause_description": "",
    "cause_txt": "",
    "channel": "SIP/260-0000cffe",
    "connected_line_name": "150-SAL8",
    "connected_line_num": "150",
    "direction": "out",
    "end_time": "2025-07-30T11:33:43",
    "extension_number": "260",
    "has_ringing": false,
    "linkedid": "1753862651.845614",
    "other_extension_number": "150",
    "raw_event": {
        "AccountCode": "",
        "CallerIDName": "260-SUP",
        "CallerIDNum": "260",
        "Cause": "16",
        "Cause-txt": "Normal Clearing",
        "Channel": "SIP/260-0000cffe",
        "ChannelState": "6",
        "ChannelStateDesc": "Up",
        "ConnectedLineName": "150-SAL8",
        "ConnectedLineNum": "150",
        "Context": "from-internal",
        "Event": "Hangup",
        "Exten": "h",
        "Language": "pr2",
        "Linkedid": "1753862651.845614",
        "Priority": "1",
        "Privilege": "call,all",
        "Uniqueid": "1753862651.845614"
    },
    "start_time": "2025-07-30T11:33:21",
    "status": "answered",
    "timestamp": "2025-07-30T11:33:43",
    "type": "call_summary",
    "uniqueid": "1753862651.845614"
}

{
    "extension": "260",
    "privilege": "call,all",
    "timestamp": "2025-07-30T11:38:07",
    "type": "monitor_initialized"
}

